Product_Code,Product_Name,Category,Cost_Price,Selling_Price
SKU-10001,Smart Mini Cable - Blue,Electronic accessories,58.3,77.6
SKU-10002,Pulse Mini Headphones - White,Electronic accessories,121.82,152.49
SKU-10003,Classic Stainless Steel Candle - Grey,Home and lifestyle,15.3,19.64
SKU-10004,Nature's Salted Pasta - 500ml,Food and beverages,17.74,21.32
SKU-10005,Modern Cotton Wall Clock - White,Home and lifestyle,27.6,38.59
SKU-10006,Summit Compact Sleeping Bag - Grey,Sports and travel,10.67,13.4
SKU-10007,Summit Durable Yoga Mat - Orange,Sports and travel,59.6,81.7
SKU-10008,Chic Silk Gloves - Navy,Fashion accessories,12.34,19.33
SKU-10009,Elite Cotton Wallet - Silver,Fashion accessories,65.64,101.29
SKU-10010,FarmFresh Roasted Cookies - 250g,Food and beverages,10.99,12.78
SKU-10011,Aura Organic Perfume - 150g,Health and beauty,17.11,23.21
SKU-10012,Nature's Vegan Coffee Beans - 250g,Food and beverages,19.69,23.68
SKU-10013,Vogue Silk Gloves - Black,Fashion accessories,70.74,98.81
SKU-10014,Nova Slim Webcam - Red,Electronic accessories,44.62,61.64
SKU-10015,Daily Crunchy Olive Oil - 500ml,Food and beverages,7.64,8.97
SKU-10016,Premium Spicy Pasta - 250g,Food and beverages,16.79,20.77
SKU-10017,Clear Vitamin C Perfume - 200ml,Health and beauty,67.2,106.82
SKU-10018,Elite Leather Watch - Rose Gold,Fashion accessories,16.92,21.85
SKU-10019,Premium Roasted Pasta - 500ml,Food and beverages,14.29,18.55
SKU-10020,HomeStyle Glass Bed Sheets - Beige,Home and lifestyle,29.51,40.41
SKU-10021,Peak Durable Resistance Bands - Grey,Sports and travel,76.57,118.45
SKU-10022,Premium Gluten-Free Honey - 500g,Food and beverages,6.87,8.35
SKU-10023,Aura Oil-Free Perfume - 150g,Health and beauty,52.84,72.06
SKU-10024,EcoLiving Cotton Vase - White,Home and lifestyle,55.53,86.69
SKU-10025,Pulse Heavy Duty Headphones - Red,Electronic accessories,106.05,140.43
SKU-10026,LuxeHome Cotton Cushion - Beige,Home and lifestyle,67.98,88.96
SKU-10027,Eco Heavy Duty Keyboard - Black,Electronic accessories,45.07,64.8
SKU-10028,Clear Vitamin C Sunscreen - 200ml,Health and beauty,7.53,10.4
SKU-10029,EcoLiving Stainless Steel Table Lamp - White,Home and lifestyle,28.98,39.66
SKU-10030,Luxe Silk Backpack - Rose Gold,Fashion accessories,73.85,112.95
SKU-10031,Vital Oil-Free Deodorant - Travel Size,Health and beauty,74.43,107.44
SKU-10032,Velocity Compact Dumbbells - Red,Sports and travel,27.02,38.32
SKU-10033,Ultra Slim Headphones - White,Electronic accessories,81.93,118.03
SKU-10034,FarmFresh Gluten-Free Olive Oil - 1Kg,Food and beverages,13.75,17.04
SKU-10035,Urban Ceramic Bed Sheets - Grey,Home and lifestyle,27.14,42.6
SKU-10036,Velocity Ergonomic Resistance Bands - Red,Sports and travel,31.65,47.99
SKU-10037,Zen Rustic Cushion - Clear,Home and lifestyle,20.93,33.32
SKU-10038,Modern Ceramic Towel Set - Oak,Home and lifestyle,45.98,71.48
SKU-10039,Nature's Sweet Cereal - 1L,Food and beverages,4.37,5.26
SKU-10040,Motion Ergonomic Gym Bag - Blue,Sports and travel,40.72,53.01
SKU-10041,FarmFresh Gluten-Free Pasta - 1Kg,Food and beverages,3.66,4.65
SKU-10042,Cozy Minimalist Bed Sheets - Oak,Home and lifestyle,28.05,43.67
SKU-10043,Aero Durable Travel Pillow - Orange,Sports and travel,49.85,66.51
SKU-10044,Motion Heavy-Duty Travel Pillow - Neon Green,Sports and travel,21.35,33.35
SKU-10045,Clear Organic Sunscreen - 200ml,Health and beauty,70.55,93.28
SKU-10046,EcoLiving Ceramic Towel Set - Beige,Home and lifestyle,37.21,51.47
SKU-10047,Clear Vitamin C Body Lotion - 100ml,Health and beauty,9.81,15.48
SKU-10048,Classic Minimalist Candle - Oak,Home and lifestyle,18.95,25.65
SKU-10049,Essence Hydrating Sunscreen - 150g,Health and beauty,29.49,39.32
SKU-10050,Trek Waterproof Yoga Mat - Grey,Sports and travel,64.39,91.66
SKU-10051,Classic Cotton Scarf - Black,Fashion accessories,11.88,14.96
SKU-10052,Cyber Mini Speaker - White,Electronic accessories,115.63,158.29
SKU-10053,Vogue Leather Tie - Rose Gold,Fashion accessories,43.2,63.58
SKU-10054,Aura Anti-Aging Serum - Pack of 2,Health and beauty,25.8,36.07
SKU-10055,LuxeHome Wooden Wall Clock - Clear,Home and lifestyle,39.08,52.77
SKU-10056,Zen Ceramic Coffee Mug - Black,Home and lifestyle,50.89,75.14
SKU-10057,Urban Denim Watch - Brown,Fashion accessories,5.41,8.07
SKU-10058,Eco Mini Adapter - Blue,Electronic accessories,104.6,152.2
SKU-10059,EcoLiving Wooden Candle - Black,Home and lifestyle,45.55,57.39
SKU-10060,Peak Lightweight Dumbbells - Red,Sports and travel,31.29,42.7
SKU-10061,Active Breathable Jump Rope - Black,Sports and travel,61.3,89.31
SKU-10062,ProFit Breathable Backpack - Neon Green,Sports and travel,40.43,57.5
SKU-10063,Chic Polarized Gloves - Silver,Fashion accessories,56.59,88.51
SKU-10064,HomeStyle Rustic Vase - Clear,Home and lifestyle,75.38,111.57
SKU-10065,Classic Minimalist Picture Frame - Black,Home and lifestyle,43.75,68.28
SKU-10066,Golden Salted Chocolate - 500g,Food and beverages,10.35,13.07
SKU-10067,ProFit Durable Tent - Blue,Sports and travel,12.13,15.25
SKU-10068,LuxeHome Cotton Wall Clock - Black,Home and lifestyle,19.97,30.74
SKU-10069,Retro Polarized Wallet - Navy,Fashion accessories,14.47,20.41
SKU-10070,Essence Anti-Aging Body Wash - 50ml,Health and beauty,16.18,23.34
SKU-10071,Premium Vegan Pasta - 1L,Food and beverages,19.35,24.29
SKU-10072,Eco Fast-Charging Speaker - Red,Electronic accessories,100.44,127.99
SKU-10073,Daily Gluten-Free Olive Oil - 1L,Food and beverages,5.04,6.52
SKU-10074,Cyber Portable Webcam - White,Electronic accessories,29.42,37.97
SKU-10075,Pulse Slim Power Bank - Grey,Electronic accessories,127.16,156.38
SKU-10076,Pure Soothing Body Wash - 150g,Health and beauty,58.98,76.93
SKU-10077,Chic Leather Scarf - Silver,Fashion accessories,58.3,76.71
SKU-10078,Luxe Cotton Handbag - Rose Gold,Fashion accessories,78.11,108.14
SKU-10079,Peak Ergonomic Dumbbells - Neon Green,Sports and travel,36.56,57.22
SKU-10080,Retro Leather Scarf - Silver,Fashion accessories,38.12,53.05
SKU-10081,Clear Anti-Aging Serum - 200ml,Health and beauty,6.28,7.87
SKU-10082,Pure Anti-Aging Conditioner - 50ml,Health and beauty,54.79,86.8
SKU-10083,Urban Stainless Steel Coffee Mug - Oak,Home and lifestyle,52.94,71.47
SKU-10084,Eco Mini Power Bank - Blue,Electronic accessories,28.86,38.36
SKU-10085,TechPro Heavy Duty Power Bank - Silver,Electronic accessories,31.1,41.46
SKU-10086,Luxe Polarized Sunglasses - Navy,Fashion accessories,70.82,111.44
SKU-10087,Daily Gluten-Free Green Tea - Pack of 6,Food and beverages,1.46,1.88
SKU-10088,Radiant Natural Deodorant - Travel Size,Health and beauty,36.02,54.6
SKU-10089,EcoLiving Stainless Steel Bed Sheets - White,Home and lifestyle,79.68,102.03
SKU-10090,Classic Glass Towel Set - Grey,Home and lifestyle,78.32,106.7
SKU-10091,Pure Oil-Free Serum - 200ml,Health and beauty,69.39,92.03
SKU-10092,Classic Glass Vase - White,Home and lifestyle,77.27,100.7
SKU-10093,Nova Wireless Headphones - Red,Electronic accessories,43.06,60.16
SKU-10094,Active Waterproof Tent - Black,Sports and travel,18.1,26.47
SKU-10095,ProFit Compact Travel Pillow - Red,Sports and travel,14.72,23.22
SKU-10096,Glow Oil-Free Deodorant - 200ml,Health and beauty,17.64,22.15
SKU-10097,Retro Vintage Hat - Silver,Fashion accessories,77.99,112.07
SKU-10098,Luxe Silk Belt - Black,Fashion accessories,52.6,70.61
SKU-10099,Luxe Denim Backpack - Brown,Fashion accessories,42.99,57.45
SKU-10100,Classic Canvas Gloves - Black,Fashion accessories,62.12,95.5
SKU-10101,Derma Soothing Perfume - 100ml,Health and beauty,21.09,32.3
SKU-10102,Radiant Oil-Free Serum - 50ml,Health and beauty,12.13,18.09
SKU-10103,FarmFresh Sweet Almonds - 250g,Food and beverages,9.52,11.05
SKU-10104,Clear Vitamin C Conditioner - Pack of 2,Health and beauty,21.42,33.42
SKU-10105,Clear Natural Perfume - Pack of 2,Health and beauty,79.23,99.52
SKU-10106,Glow Natural Deodorant - Travel Size,Health and beauty,43.98,60.54
SKU-10107,TechPro Wireless Keyboard - Blue,Electronic accessories,117.55,171.55
SKU-10108,Zen Stainless Steel Towel Set - Oak,Home and lifestyle,36.28,55.43
SKU-10109,Pure Anti-Aging Serum - Pack of 2,Health and beauty,12.2,18.17
SKU-10110,Peak Ergonomic Jump Rope - Neon Green,Sports and travel,22.2,29.16
SKU-10111,TechPro Bluetooth Power Bank - White,Electronic accessories,43.85,65.72
SKU-10112,Trendy Vintage Scarf - Silver,Fashion accessories,17.14,24.26
SKU-10113,Elite Canvas Watch - Brown,Fashion accessories,26.8,34.62
SKU-10114,Trek Waterproof Backpack - Orange,Sports and travel,65.92,97.89
SKU-10115,Pulse Bluetooth Headphones - Silver,Electronic accessories,125.71,183.47
SKU-10116,Glow Vitamin C Body Wash - Pack of 2,Health and beauty,13.7,18.29
SKU-10117,Peak Heavy-Duty Water Bottle - Black,Sports and travel,62.67,98.64
SKU-10118,Motion Ergonomic Sleeping Bag - Red,Sports and travel,8.8,11.12
SKU-10119,Glow Anti-Aging Shampoo - 200ml,Health and beauty,31.99,44.27
SKU-10120,Retro Vintage Sunglasses - Rose Gold,Fashion accessories,61.12,92.4
SKU-10121,Organic Salted Chocolate - Pack of 6,Food and beverages,14.66,17.46
SKU-10122,Vogue Cotton Gloves - Navy,Fashion accessories,77.76,100.5
SKU-10123,HomeStyle Rustic Storage Box - Black,Home and lifestyle,57.72,86.77
SKU-10124,Luxe Polarized Backpack - Navy,Fashion accessories,70.62,112.88
SKU-10125,Cozy Glass Bed Sheets - Grey,Home and lifestyle,9.69,12.28
SKU-10126,Elite Polarized Wallet - Black,Fashion accessories,79.37,119.85
SKU-10127,Cozy Ceramic Cushion - Clear,Home and lifestyle,67.32,89.57
SKU-10128,Cyber Slim Power Bank - Black,Electronic accessories,57.1,72.3
SKU-10129,Pure Vegan Almonds - Pack of 6,Food and beverages,12.8,16.58
SKU-10130,HomeStyle Rustic Towel Set - Clear,Home and lifestyle,19.88,29.3
SKU-10131,Luxe Silk Handbag - Gold,Fashion accessories,26.68,36.89
SKU-10132,Clear Hydrating Body Wash - Travel Size,Health and beauty,67.34,92.4
SKU-10133,Zen Minimalist Wall Clock - Clear,Home and lifestyle,44.2,69.34
SKU-10134,Cozy Wooden Towel Set - Clear,Home and lifestyle,60.33,87.09
SKU-10135,Velocity Lightweight Dumbbells - Grey,Sports and travel,37.16,53.66
SKU-10136,Ultra Fast-Charging Headphones - White,Electronic accessories,28.11,35.49
SKU-10137,Summit Compact Dumbbells - Red,Sports and travel,14.43,22.24
SKU-10138,Pulse Heavy Duty Speaker - White,Electronic accessories,107.01,137.53
SKU-10139,Eco Slim Power Bank - Blue,Electronic accessories,95.37,130.26
SKU-10140,Cozy Glass Cushion - Grey,Home and lifestyle,60.79,85.23
SKU-10141,Luxe Canvas Sunglasses - Rose Gold,Fashion accessories,22.54,30.57
SKU-10142,FarmFresh Sweet Honey - 1L,Food and beverages,7.69,9.8
SKU-10143,Pulse Mini Cable - White,Electronic accessories,111.87,152.58
SKU-10144,Essence Vitamin C Serum - 150g,Health and beauty,66.92,96.41
SKU-10145,EcoLiving Minimalist Coffee Mug - Black,Home and lifestyle,56.83,81.91
SKU-10146,EcoLiving Ceramic Bed Sheets - Oak,Home and lifestyle,30.05,42.19
SKU-10147,Summit Ergonomic Travel Pillow - Orange,Sports and travel,78.01,102.33
SKU-10148,Vogue Canvas Scarf - Rose Gold,Fashion accessories,10.94,13.71
SKU-10149,Eco Heavy Duty Charger - Grey,Electronic accessories,69.55,91.28
SKU-10150,Golden Spicy Olive Oil - 1Kg,Food and beverages,12.11,15.48
SKU-10151,Aura Oil-Free Body Lotion - Pack of 2,Health and beauty,73.75,104.21
SKU-10152,Luxe Cotton Hat - Black,Fashion accessories,56.46,84.99
SKU-10153,Cyber Mini Earbuds - Black,Electronic accessories,145.06,198.06
SKU-10154,Nova Heavy Duty Charger - White,Electronic accessories,97.46,129.51
SKU-10155,Peak Lightweight Yoga Mat - Neon Green,Sports and travel,32.97,51.36
SKU-10156,TechPro Slim Charger - Red,Electronic accessories,37.09,49.36
SKU-10157,Ultra Bluetooth Adapter - Silver,Electronic accessories,33.99,47.38
SKU-10158,Tasty Spicy Green Tea - 1Kg,Food and beverages,5.68,7.17
SKU-10159,Classic Wooden Cushion - White,Home and lifestyle,43.84,63.83
SKU-10160,Radiant Organic Serum - 200ml,Health and beauty,14.17,20.58
SKU-10161,Aero Breathable Backpack - Black,Sports and travel,72.89,105.2
SKU-10162,Cozy Minimalist Coffee Mug - Beige,Home and lifestyle,70.99,106.81
SKU-10163,Cyber Fast-Charging Mouse - Black,Electronic accessories,44.73,63.28
SKU-10164,Derma Hydrating Deodorant - Pack of 2,Health and beauty,20.0,26.24
SKU-10165,Cyber Bluetooth Charger - White,Electronic accessories,32.5,44.06
SKU-10166,Velocity Breathable Sleeping Bag - Orange,Sports and travel,72.46,102.27
SKU-10167,Classic Cotton Tie - Silver,Fashion accessories,47.73,61.71
SKU-10168,Ultra Heavy Duty Speaker - Black,Electronic accessories,110.03,156.81
SKU-10169,Giga Mini Charger - Silver,Electronic accessories,57.2,78.76
SKU-10170,Tasty Spicy Chocolate - 250g,Food and beverages,15.77,19.87
SKU-10171,Daily Spicy Chocolate - 1L,Food and beverages,6.92,8.03
SKU-10172,Retro Silk Belt - Silver,Fashion accessories,31.89,46.24
SKU-10173,Aura Oil-Free Body Lotion - 150g,Health and beauty,8.33,11.9
SKU-10174,Cyber Slim Headphones - Silver,Electronic accessories,108.38,148.7
SKU-10175,Tasty Salted Coffee Beans - 500g,Food and beverages,2.88,3.33
SKU-10176,Daily Crunchy Green Tea - 1Kg,Food and beverages,15.43,19.67
SKU-10177,Retro Leather Backpack - Rose Gold,Fashion accessories,44.28,56.9
SKU-10178,Trek Ergonomic Resistance Bands - Blue,Sports and travel,57.78,90.32
SKU-10179,Luxe Leather Scarf - Navy,Fashion accessories,56.94,88.09
SKU-10180,Pure Anti-Aging Face Cream - Pack of 2,Health and beauty,19.74,26.89
SKU-10181,EcoLiving Minimalist Table Lamp - Oak,Home and lifestyle,22.39,29.25
SKU-10182,Smart Bluetooth Webcam - White,Electronic accessories,33.76,43.45
SKU-10183,Tasty Vegan Coffee Beans - 1Kg,Food and beverages,1.6,1.9
SKU-10184,LuxeHome Stainless Steel Bed Sheets - Oak,Home and lifestyle,12.47,18.83
SKU-10185,Modern Stainless Steel Wall Clock - White,Home and lifestyle,15.72,22.45
SKU-10186,TechPro Fast-Charging Speaker - Blue,Electronic accessories,32.6,47.52
SKU-10187,Trek Durable Water Bottle - Neon Green,Sports and travel,61.17,94.17
SKU-10188,Aero Heavy-Duty Yoga Mat - Red,Sports and travel,42.32,62.27
SKU-10189,Modern Ceramic Vase - White,Home and lifestyle,25.0,34.06
SKU-10190,Luxe Denim Handbag - Silver,Fashion accessories,75.06,101.83
SKU-10191,EcoLiving Cotton Picture Frame - Black,Home and lifestyle,24.75,32.08
SKU-10192,ProFit Breathable Gym Bag - Blue,Sports and travel,67.08,100.72
SKU-10193,Nature's Crunchy Chocolate - 500ml,Food and beverages,17.09,20.67
SKU-10194,Motion Heavy-Duty Gym Bag - Blue,Sports and travel,43.81,62.13
SKU-10195,Cyber Bluetooth Cable - Silver,Electronic accessories,81.64,107.08
SKU-10196,Modern Rustic Towel Set - Grey,Home and lifestyle,33.26,47.03
SKU-10197,Urban Cotton Hat - Black,Fashion accessories,35.96,51.85
SKU-10198,Active Compact Tent - Orange,Sports and travel,60.7,76.01
SKU-10199,Aero Breathable Yoga Mat - Red,Sports and travel,51.79,70.32
SKU-10200,Cozy Ceramic Candle - Grey,Home and lifestyle,68.34,92.77
SKU-10201,Motion Ergonomic Sleeping Bag - Neon Green,Sports and travel,19.44,29.05
SKU-10202,Giga Wireless Speaker - Silver,Electronic accessories,86.08,125.93
SKU-10203,EcoLiving Stainless Steel Cushion - Black,Home and lifestyle,73.63,96.33
SKU-10204,ProFit Lightweight Sleeping Bag - Blue,Sports and travel,79.54,104.78
SKU-10205,Pure Salted Honey - 500g,Food and beverages,10.96,13.94
SKU-10206,Summit Breathable Jump Rope - Orange,Sports and travel,50.95,72.94
SKU-10207,Smart Wireless Charger - Red,Electronic accessories,131.25,188.42
SKU-10208,Peak Ergonomic Water Bottle - Grey,Sports and travel,76.13,118.14
SKU-10209,ProFit Breathable Jump Rope - Grey,Sports and travel,26.03,38.87
SKU-10210,Daily Gluten-Free Green Tea - Pack of 6 (V85),Food and beverages,14.11,16.59
SKU-10211,Trek Heavy-Duty Dumbbells - Orange,Sports and travel,24.56,30.82
SKU-10212,Summit Lightweight Dumbbells - Grey,Sports and travel,52.4,80.52
SKU-10213,Peak Heavy-Duty Tent - Blue,Sports and travel,70.61,89.57
SKU-10214,Glow Soothing Perfume - 200ml,Health and beauty,74.65,101.07
SKU-10215,FarmFresh Gluten-Free Honey - 1L,Food and beverages,19.61,24.53
SKU-10216,Pure Salted Green Tea - 1L,Food and beverages,7.28,8.54
SKU-10217,Essence Vitamin C Perfume - 100ml,Health and beauty,33.96,46.88
SKU-10218,Zen Rustic Vase - Grey,Home and lifestyle,27.46,43.59
SKU-10219,Nature's Salted Olive Oil - 1Kg,Food and beverages,5.51,7.07
SKU-10220,Cyber Mini Keyboard - Black,Electronic accessories,117.7,174.7
SKU-10221,Modern Glass Candle - Black,Home and lifestyle,35.54,45.44
SKU-10222,Nova Slim Speaker - Silver,Electronic accessories,142.43,171.58
SKU-10223,Premium Crunchy Chocolate - 1L,Food and beverages,1.55,1.82
SKU-10224,Essence Hydrating Body Lotion - 100ml,Health and beauty,30.1,43.16
SKU-10225,Eco Fast-Charging Power Bank - White,Electronic accessories,92.86,112.06
SKU-10226,Luxe Denim Belt - Brown,Fashion accessories,69.45,96.11
SKU-10227,Velocity Compact Travel Pillow - Red,Sports and travel,18.63,25.46
SKU-10228,Trendy Cotton Gloves - Brown,Fashion accessories,13.66,18.99
SKU-10229,HomeStyle Wooden Vase - Beige,Home and lifestyle,42.0,60.91
SKU-10230,Eco Mini Power Bank - Blue (V67),Electronic accessories,35.58,52.95
SKU-10231,Luxe Polarized Gloves - Rose Gold,Fashion accessories,61.68,87.04
SKU-10232,Giga Wireless Speaker - Silver (V72),Electronic accessories,132.46,163.33
SKU-10233,Trek Breathable Yoga Mat - Blue,Sports and travel,8.26,12.95
SKU-10234,Cozy Glass Towel Set - Oak,Home and lifestyle,34.09,43.67
SKU-10235,Smart Slim Keyboard - Blue,Electronic accessories,146.45,214.8
SKU-10236,Urban Wooden Vase - Grey,Home and lifestyle,78.21,107.56
SKU-10237,Daily Spicy Chocolate - 250g,Food and beverages,10.21,12.33
SKU-10238,FarmFresh Gluten-Free Green Tea - 500ml,Food and beverages,3.63,4.35
SKU-10239,Summit Lightweight Sleeping Bag - Blue,Sports and travel,51.67,74.77
SKU-10240,Modern Cotton Bed Sheets - Oak,Home and lifestyle,53.41,83.84
SKU-10241,Smart Heavy Duty Adapter - White,Electronic accessories,109.99,134.84
SKU-10242,ProFit Durable Tent - Orange,Sports and travel,56.76,83.81
SKU-10243,Chic Denim Handbag - Rose Gold,Fashion accessories,74.93,115.51
SKU-10244,Pure Spicy Olive Oil - 1L,Food and beverages,9.51,11.87
SKU-10245,Ultra Slim Speaker - Red,Electronic accessories,134.52,194.11
SKU-10246,Essence Vitamin C Serum - 150g (V26),Health and beauty,14.58,22.15
SKU-10247,Essence Hydrating Perfume - 150g,Health and beauty,12.39,17.04
SKU-10248,Derma Vitamin C Perfume - Travel Size,Health and beauty,33.86,49.35
SKU-10249,Eco Mini Headphones - Silver,Electronic accessories,120.7,171.69
SKU-10250,Organic Roasted Almonds - 500ml,Food and beverages,2.35,3.03
SKU-10251,Trendy Silk Belt - Gold,Fashion accessories,54.77,83.83
SKU-10252,Classic Canvas Gloves - Navy,Fashion accessories,36.55,49.79
SKU-10253,Pure Crunchy Honey - 1L,Food and beverages,1.74,2.25
SKU-10254,Classic Rustic Towel Set - White,Home and lifestyle,51.98,72.73
SKU-10255,Smart Fast-Charging Mouse - Grey,Electronic accessories,50.13,70.42
SKU-10256,Pulse Slim Speaker - Silver,Electronic accessories,138.41,174.88
SKU-10257,Ultra Mini Speaker - White,Electronic accessories,113.87,149.73
SKU-10258,Retro Vintage Sunglasses - Black,Fashion accessories,50.64,79.24
SKU-10259,Velocity Waterproof Dumbbells - Orange,Sports and travel,51.33,80.8
SKU-10260,Clear Organic Shampoo - Pack of 2,Health and beauty,46.11,64.02
SKU-10261,Luxe Silk Backpack - Gold,Fashion accessories,63.91,81.99
SKU-10262,Summit Heavy-Duty Dumbbells - Black,Sports and travel,64.35,88.01
SKU-10263,Glow Soothing Deodorant - Pack of 2,Health and beauty,32.77,44.84
SKU-10264,Premium Gluten-Free Cookies - 1Kg,Food and beverages,18.37,23.86
SKU-10265,Nova Portable Speaker - Grey,Electronic accessories,63.24,81.22
SKU-10266,Trek Breathable Resistance Bands - Grey,Sports and travel,67.39,91.01
SKU-10267,Ultra Wireless Adapter - Red,Electronic accessories,120.85,178.89
SKU-10268,Nature's Roasted Honey - 1Kg,Food and beverages,19.54,24.98
SKU-10269,Elite Leather Watch - Gold,Fashion accessories,25.13,33.34
SKU-10270,Luxe Vintage Belt - Navy,Fashion accessories,71.09,93.58
SKU-10271,Pulse Slim Charger - Black,Electronic accessories,149.61,190.33
SKU-10272,TechPro Heavy Duty Power Bank - Silver (V10),Electronic accessories,78.99,107.44
SKU-10273,Clear Organic Body Wash - 100ml,Health and beauty,67.16,88.9
SKU-10274,Peak Compact Backpack - Red,Sports and travel,34.02,46.47
SKU-10275,Smart Heavy Duty Headphones - White,Electronic accessories,81.33,105.06
SKU-10276,Golden Salted Cookies - 500g,Food and beverages,18.71,21.75
SKU-10277,Cozy Cotton Picture Frame - Clear,Home and lifestyle,30.69,46.22
SKU-10278,Daily Roasted Pasta - 1Kg,Food and beverages,10.81,13.91
SKU-10279,Classic Rustic Coffee Mug - Black,Home and lifestyle,77.83,100.09
SKU-10280,Elite Cotton Belt - Gold,Fashion accessories,58.72,74.31
SKU-10281,Tasty Sweet Chocolate - 500ml,Food and beverages,6.34,7.62
SKU-10282,Pure Roasted Olive Oil - 1L,Food and beverages,10.01,12.4
SKU-10283,Clear Organic Sunscreen - 200ml (V16),Health and beauty,27.3,41.45
SKU-10284,Peak Breathable Backpack - Neon Green,Sports and travel,5.62,7.22
SKU-10285,Luxe Denim Sunglasses - Black,Fashion accessories,64.79,85.47
SKU-10286,Cyber Fast-Charging Mouse - Grey,Electronic accessories,122.0,165.59
SKU-10287,Eco Mini Headphones - Silver (V75),Electronic accessories,91.87,114.66
SKU-10288,Classic Leather Wallet - Gold,Fashion accessories,34.07,51.77
SKU-10289,Motion Durable Dumbbells - Blue,Sports and travel,38.52,58.4
SKU-10290,Trek Lightweight Travel Pillow - Red,Sports and travel,68.34,96.26
SKU-10291,Ultra Fast-Charging Headphones - White (V80),Electronic accessories,63.34,92.61
SKU-10292,Smart Heavy Duty Adapter - Red,Electronic accessories,114.85,170.05
SKU-10293,Vogue Silk Belt - Gold,Fashion accessories,54.34,83.72
SKU-10294,Cozy Wooden Table Lamp - Grey,Home and lifestyle,72.44,107.84
SKU-10295,HomeStyle Cotton Candle - White,Home and lifestyle,12.58,19.45
SKU-10296,ProFit Breathable Gym Bag - Black,Sports and travel,20.28,29.1
SKU-10297,Vogue Vintage Handbag - Gold,Fashion accessories,11.46,14.43
SKU-10298,Ultra Bluetooth Cable - Grey,Electronic accessories,20.76,27.95
SKU-10299,Trek Lightweight Water Bottle - Orange,Sports and travel,22.28,34.48
SKU-10300,Modern Glass Table Lamp - Black,Home and lifestyle,75.77,104.76
SKU-10301,Classic Canvas Belt - Brown,Fashion accessories,5.91,9.42
SKU-10302,Smart Fast-Charging Keyboard - Blue,Electronic accessories,127.5,159.91
SKU-10303,Zen Ceramic Storage Box - Grey,Home and lifestyle,25.63,36.85
SKU-10304,Summit Breathable Dumbbells - Grey,Sports and travel,12.44,15.8
SKU-10305,Ultra Heavy Duty Charger - Blue,Electronic accessories,64.52,92.32
SKU-10306,Classic Glass Candle - Beige,Home and lifestyle,12.96,18.13
SKU-10307,Tasty Roasted Cookies - Pack of 6,Food and beverages,1.31,1.58
SKU-10308,Tasty Crunchy Honey - 250g,Food and beverages,12.49,14.91
SKU-10309,Vital Organic Lip Balm - 100ml,Health and beauty,35.52,45.29
SKU-10310,Motion Durable Gym Bag - Grey,Sports and travel,13.56,16.96
SKU-10311,Pure Oil-Free Body Wash - 50ml,Health and beauty,37.57,47.76
SKU-10312,Pure Salted Olive Oil - 250g,Food and beverages,14.22,18.03
SKU-10313,Organic Sweet Coffee Beans - 1L,Food and beverages,18.29,23.42
SKU-10314,Pulse Mini Keyboard - Grey,Electronic accessories,118.02,152.9
SKU-10315,Retro Vintage Watch - Rose Gold,Fashion accessories,35.06,51.91
SKU-10316,Trendy Silk Tie - Silver,Fashion accessories,66.49,84.65
SKU-10317,Pulse Bluetooth Webcam - Blue,Electronic accessories,71.95,102.45
SKU-10318,Giga Wireless Webcam - Red,Electronic accessories,90.77,125.62
SKU-10319,Chic Canvas Sunglasses - Brown,Fashion accessories,54.73,69.23
SKU-10320,Zen Rustic Cushion - Beige,Home and lifestyle,51.6,68.68
SKU-10321,Radiant Organic Face Cream - 50ml,Health and beauty,36.36,54.74
SKU-10322,Luxe Leather Scarf - Silver,Fashion accessories,50.36,68.26
SKU-10323,Trek Compact Travel Pillow - Blue,Sports and travel,11.98,15.64
SKU-10324,Aero Durable Water Bottle - Black,Sports and travel,27.3,41.36
SKU-10325,HomeStyle Stainless Steel Vase - Beige,Home and lifestyle,26.68,34.94
SKU-10326,Trendy Cotton Hat - Rose Gold,Fashion accessories,27.56,34.84
SKU-10327,Premium Spicy Pasta - Pack of 6,Food and beverages,18.21,21.99
SKU-10328,Classic Stainless Steel Coffee Mug - White,Home and lifestyle,19.74,25.52
SKU-10329,Pure Sweet Pasta - Pack of 6,Food and beverages,3.31,3.9
SKU-10330,LuxeHome Glass Table Lamp - Black,Home and lifestyle,41.77,61.26
SKU-10331,Cyber Portable Adapter - Silver,Electronic accessories,45.78,55.12
SKU-10332,Nova Portable Mouse - Blue,Electronic accessories,142.37,204.3
SKU-10333,Trek Ergonomic Travel Pillow - Grey,Sports and travel,37.34,50.53
SKU-10334,Trek Lightweight Travel Pillow - Blue,Sports and travel,11.87,17.23
SKU-10335,TechPro Wireless Charger - Grey,Electronic accessories,69.51,86.52
SKU-10336,HomeStyle Minimalist Wall Clock - Black,Home and lifestyle,60.08,75.74
SKU-10337,Trek Lightweight Travel Pillow - Grey,Sports and travel,19.23,29.85
SKU-10338,Golden Roasted Cereal - Pack of 6,Food and beverages,6.84,8.3
SKU-10339,Chic Canvas Gloves - Black,Fashion accessories,54.39,72.28
SKU-10340,Giga Portable Mouse - Black,Electronic accessories,23.27,31.67
SKU-10341,Urban Leather Wallet - Black,Fashion accessories,32.77,42.84
SKU-10342,Elite Canvas Watch - Rose Gold,Fashion accessories,54.26,76.83
SKU-10343,EcoLiving Glass Candle - Oak,Home and lifestyle,59.19,85.34
SKU-10344,Zen Cotton Bed Sheets - Grey,Home and lifestyle,73.8,98.97
SKU-10345,Peak Compact Dumbbells - Orange,Sports and travel,28.27,39.02
SKU-10346,Aura Oil-Free Conditioner - 100ml,Health and beauty,73.79,112.14
SKU-10347,Essence Anti-Aging Sunscreen - 150g,Health and beauty,48.9,74.81
SKU-10348,Clear Soothing Shampoo - 100ml,Health and beauty,66.23,93.92
SKU-10349,Clear Hydrating Lip Balm - 100ml,Health and beauty,69.84,111.34
SKU-10350,Nova Heavy Duty Keyboard - Blue,Electronic accessories,119.35,147.14
SKU-10351,Giga Fast-Charging Charger - White,Electronic accessories,142.59,188.43
SKU-10352,Classic Stainless Steel Candle - Oak,Home and lifestyle,38.01,55.12
SKU-10353,Derma Anti-Aging Sunscreen - 100ml,Health and beauty,29.81,45.38
SKU-10354,Aero Breathable Dumbbells - Orange,Sports and travel,21.06,27.68
SKU-10355,Classic Vintage Belt - Silver,Fashion accessories,27.69,43.53
SKU-10356,Clear Soothing Perfume - Travel Size,Health and beauty,34.03,47.81
SKU-10357,Radiant Anti-Aging Body Wash - 200ml,Health and beauty,7.54,11.74
SKU-10358,Radiant Natural Serum - 50ml,Health and beauty,69.96,89.65
SKU-10359,TechPro Wireless Earbuds - Blue,Electronic accessories,51.3,63.1
SKU-10360,Zen Rustic Candle - Oak,Home and lifestyle,38.21,57.95
SKU-10361,Summit Durable Water Bottle - Black,Sports and travel,6.82,9.2
SKU-10362,Clear Oil-Free Lip Balm - Pack of 2,Health and beauty,76.27,115.15
SKU-10363,Eco Slim Webcam - Black,Electronic accessories,10.31,12.88
SKU-10364,Chic Denim Backpack - Gold,Fashion accessories,40.21,53.53
SKU-10365,Cyber Mini Keyboard - White,Electronic accessories,98.36,144.24
SKU-10366,Giga Fast-Charging Keyboard - Grey,Electronic accessories,59.16,83.01
SKU-10367,Velocity Breathable Resistance Bands - Black,Sports and travel,27.55,35.61
SKU-10368,Clear Oil-Free Body Lotion - 100ml,Health and beauty,66.64,103.09
SKU-10369,TechPro Bluetooth Earbuds - Silver,Electronic accessories,136.32,194.07
SKU-10370,HomeStyle Glass Wall Clock - Oak,Home and lifestyle,45.11,59.47
SKU-10371,Classic Cotton Coffee Mug - White,Home and lifestyle,54.23,67.83
SKU-10372,Cozy Cotton Candle - Black,Home and lifestyle,60.67,84.77
SKU-10373,Pure Organic Serum - Travel Size,Health and beauty,38.55,52.88
SKU-10374,Pure Oil-Free Sunscreen - Pack of 2,Health and beauty,69.28,94.38
SKU-10375,Cyber Fast-Charging Charger - Grey,Electronic accessories,46.37,56.81
SKU-10376,FarmFresh Sweet Pasta - 1Kg,Food and beverages,2.24,2.9
SKU-10377,TechPro Bluetooth Headphones - Black,Electronic accessories,55.86,77.73
SKU-10378,Pulse Wireless Cable - Black,Electronic accessories,43.04,52.15
SKU-10379,Eco Fast-Charging Power Bank - Silver,Electronic accessories,70.41,87.88
SKU-10380,Trek Lightweight Sleeping Bag - Red,Sports and travel,8.25,13.18
SKU-10381,Pure Organic Body Lotion - Pack of 2,Health and beauty,71.0,90.4
SKU-10382,Motion Waterproof Sleeping Bag - Orange,Sports and travel,70.01,105.62
SKU-10383,Ultra Portable Earbuds - White,Electronic accessories,78.79,101.42
SKU-10384,Clear Vitamin C Body Lotion - 150g,Health and beauty,55.96,76.2
SKU-10385,Tasty Gluten-Free Cookies - 1L,Food and beverages,16.25,21.04
SKU-10386,Urban Minimalist Bed Sheets - Black,Home and lifestyle,28.21,38.6
SKU-10387,FarmFresh Gluten-Free Olive Oil - Pack of 6,Food and beverages,15.56,18.24
SKU-10388,Tasty Roasted Olive Oil - 500g,Food and beverages,9.87,11.4
SKU-10389,Classic Ceramic Candle - Beige,Home and lifestyle,28.48,42.2
SKU-10390,Nature's Spicy Almonds - Pack of 6,Food and beverages,9.16,11.38
SKU-10391,Essence Natural Face Cream - 200ml,Health and beauty,76.15,106.47
SKU-10392,Organic Vegan Chocolate - 500ml,Food and beverages,10.13,12.88
SKU-10393,Motion Durable Tent - Orange,Sports and travel,74.88,102.52
SKU-10394,Cyber Portable Adapter - Grey,Electronic accessories,113.23,165.23
SKU-10395,Pure Crunchy Pasta - Pack of 6,Food and beverages,10.64,13.79
SKU-10396,Glow Vitamin C Deodorant - 100ml,Health and beauty,20.24,32.14
SKU-10397,Peak Compact Yoga Mat - Orange,Sports and travel,78.95,103.51
SKU-10398,HomeStyle Cotton Picture Frame - Beige,Home and lifestyle,48.51,65.91
SKU-10399,Clear Oil-Free Face Cream - 200ml,Health and beauty,49.94,77.81
SKU-10400,Trendy Silk Sunglasses - Silver,Fashion accessories,59.07,74.95
SKU-10401,Chic Leather Tie - Brown,Fashion accessories,73.6,105.69
SKU-10402,Cozy Cotton Candle - Beige,Home and lifestyle,28.73,42.89
SKU-10403,EcoLiving Stainless Steel Picture Frame - Grey,Home and lifestyle,28.61,42.07
SKU-10404,Trek Lightweight Backpack - Black,Sports and travel,21.09,32.67
SKU-10405,Vital Hydrating Face Cream - 100ml,Health and beauty,67.15,106.01
SKU-10406,Essence Organic Serum - 200ml,Health and beauty,70.68,112.42
SKU-10407,Clear Vitamin C Deodorant - 150g,Health and beauty,21.96,29.58
SKU-10408,Clear Oil-Free Lip Balm - 200ml,Health and beauty,70.56,103.02
SKU-10409,Elite Denim Watch - Brown,Fashion accessories,14.36,18.7
SKU-10410,HomeStyle Stainless Steel Coffee Mug - White,Home and lifestyle,48.54,71.07
SKU-10411,Clear Vitamin C Deodorant - Travel Size,Health and beauty,56.1,80.11
SKU-10412,Pure Vitamin C Sunscreen - Pack of 2,Health and beauty,24.19,33.72
SKU-10413,Active Compact Gym Bag - Neon Green,Sports and travel,56.99,75.91
SKU-10414,FarmFresh Spicy Honey - 500g,Food and beverages,14.98,18.88
SKU-10415,Peak Durable Water Bottle - Blue,Sports and travel,23.88,36.49
SKU-10416,Urban Silk Handbag - Silver,Fashion accessories,79.86,124.06
SKU-10417,Giga Bluetooth Headphones - Silver,Electronic accessories,51.92,75.7
SKU-10418,TechPro Heavy Duty Speaker - Grey,Electronic accessories,46.27,68.9
SKU-10419,Classic Wooden Bed Sheets - Grey,Home and lifestyle,8.48,11.72
SKU-10420,Summit Compact Water Bottle - Orange,Sports and travel,74.66,103.47
SKU-10421,Pure Sweet Chocolate - 500g,Food and beverages,11.22,13.83
SKU-10422,HomeStyle Cotton Table Lamp - Oak,Home and lifestyle,49.46,69.96
SKU-10423,Organic Sweet Almonds - 250g,Food and beverages,9.16,10.78
SKU-10424,Cyber Heavy Duty Keyboard - White,Electronic accessories,106.82,148.15
SKU-10425,Luxe Denim Wallet - Silver,Fashion accessories,28.4,44.06
SKU-10426,Derma Hydrating Sunscreen - 100ml,Health and beauty,52.11,74.01
SKU-10427,Retro Denim Gloves - Gold,Fashion accessories,43.33,62.28
SKU-10428,LuxeHome Glass Candle - Clear,Home and lifestyle,39.85,56.54
SKU-10429,Pure Oil-Free Body Wash - 100ml,Health and beauty,74.73,97.98
SKU-10430,Classic Canvas Backpack - Brown,Fashion accessories,73.78,98.75
SKU-10431,Urban Vintage Handbag - Silver,Fashion accessories,53.54,67.5
SKU-10432,Derma Anti-Aging Serum - 200ml,Health and beauty,52.21,81.03
SKU-10433,HomeStyle Wooden Wall Clock - White,Home and lifestyle,61.97,87.6
SKU-10434,Nature's Gluten-Free Juice - 500ml,Food and beverages,4.3,5.16
SKU-10435,Urban Glass Table Lamp - Oak,Home and lifestyle,38.5,53.69
SKU-10436,Giga Bluetooth Power Bank - White,Electronic accessories,65.43,79.08
SKU-10437,Trek Heavy-Duty Yoga Mat - Orange,Sports and travel,53.45,83.01
SKU-10438,Elite Denim Hat - Rose Gold,Fashion accessories,53.59,68.74
SKU-10439,Vital Natural Body Lotion - 50ml,Health and beauty,66.3,106.0
SKU-10440,Urban Minimalist Wall Clock - Grey,Home and lifestyle,12.5,19.03
SKU-10441,EcoLiving Minimalist Candle - White,Home and lifestyle,66.12,101.2
SKU-10442,Urban Polarized Hat - Brown,Fashion accessories,72.71,98.7
SKU-10443,Daily Sweet Honey - 500ml,Food and beverages,17.75,20.83
SKU-10444,Urban Canvas Hat - Silver,Fashion accessories,25.01,33.74
SKU-10445,Pure Oil-Free Deodorant - 50ml,Health and beauty,67.64,98.63
SKU-10446,ProFit Breathable Yoga Mat - Grey,Sports and travel,8.97,11.22
SKU-10447,Summit Lightweight Water Bottle - Black,Sports and travel,17.03,21.65
SKU-10448,Aero Ergonomic Travel Pillow - Grey,Sports and travel,24.89,37.41
SKU-10449,Golden Crunchy Olive Oil - 500g,Food and beverages,13.08,15.81
SKU-10450,Pulse Slim Speaker - Silver (V52),Electronic accessories,122.93,165.38
SKU-10451,Elite Canvas Scarf - Black,Fashion accessories,63.23,89.4
SKU-10452,Daily Sweet Juice - 1L,Food and beverages,7.24,8.42
SKU-10453,Elite Canvas Hat - Gold,Fashion accessories,32.45,45.21
SKU-10454,Premium Salted Chocolate - Pack of 6,Food and beverages,19.44,22.46
SKU-10455,Organic Gluten-Free Juice - 500g,Food and beverages,7.18,8.72
SKU-10456,HomeStyle Cotton Storage Box - Black,Home and lifestyle,26.93,39.12
SKU-10457,Essence Oil-Free Face Cream - Travel Size,Health and beauty,36.01,55.38
SKU-10458,EcoLiving Rustic Candle - Oak,Home and lifestyle,12.58,17.39
SKU-10459,Trek Breathable Travel Pillow - Black,Sports and travel,23.53,29.68
SKU-10460,HomeStyle Wooden Table Lamp - Clear,Home and lifestyle,10.64,13.32
SKU-10461,Trek Durable Dumbbells - Neon Green,Sports and travel,22.13,29.42
SKU-10462,Cyber Bluetooth Webcam - Grey,Electronic accessories,79.23,115.64
SKU-10463,Pure Organic Perfume - 50ml,Health and beauty,7.63,12.04
SKU-10464,Urban Vintage Sunglasses - Navy,Fashion accessories,48.41,64.54
SKU-10465,Pulse Slim Power Bank - Red,Electronic accessories,39.36,53.68
SKU-10466,Aura Hydrating Body Wash - 100ml,Health and beauty,69.51,98.6
SKU-10467,ProFit Ergonomic Yoga Mat - Orange,Sports and travel,74.52,107.67
SKU-10468,Vogue Canvas Sunglasses - Brown,Fashion accessories,17.13,23.76
SKU-10469,Golden Salted Coffee Beans - 500g,Food and beverages,11.67,13.84
SKU-10470,Zen Stainless Steel Cushion - Black,Home and lifestyle,78.97,122.09
SKU-10471,EcoLiving Cotton Bed Sheets - Grey,Home and lifestyle,65.95,88.86
SKU-10472,Summit Lightweight Gym Bag - Neon Green,Sports and travel,38.1,48.05
SKU-10473,Trek Ergonomic Dumbbells - Red,Sports and travel,38.53,55.61
SKU-10474,Classic Cotton Wall Clock - Clear,Home and lifestyle,61.28,85.45
SKU-10475,Pulse Slim Mouse - Red,Electronic accessories,45.52,64.07
SKU-10476,Summit Heavy-Duty Resistance Bands - Orange,Sports and travel,24.65,39.35
SKU-10477,Trek Waterproof Backpack - Orange (V51),Sports and travel,43.35,59.01
SKU-10478,Vital Soothing Shampoo - Travel Size,Health and beauty,50.68,80.5
SKU-10479,Nova Mini Mouse - Red,Electronic accessories,117.63,161.76
SKU-10480,Glow Soothing Perfume - 100ml,Health and beauty,51.39,78.91
SKU-10481,Zen Cotton Storage Box - Grey,Home and lifestyle,43.3,58.8
SKU-10482,Pure Salted Honey - 1L,Food and beverages,2.2,2.74
SKU-10483,Radiant Vitamin C Sunscreen - Pack of 2,Health and beauty,63.71,101.27
SKU-10484,Trendy Polarized Backpack - Gold,Fashion accessories,71.24,98.22
SKU-10485,Nature's Spicy Juice - 250g,Food and beverages,10.82,13.95
SKU-10486,Ultra Slim Charger - Grey,Electronic accessories,81.66,119.61
SKU-10487,LuxeHome Cotton Wall Clock - Grey,Home and lifestyle,65.23,89.89
SKU-10488,Vital Natural Serum - 150g,Health and beauty,45.65,67.38
SKU-10489,Trek Lightweight Tent - Red,Sports and travel,14.63,22.04
SKU-10490,Elite Silk Backpack - Black,Fashion accessories,69.41,90.14
SKU-10491,Vital Soothing Shampoo - 100ml,Health and beauty,48.91,75.27
SKU-10492,Vital Vitamin C Face Cream - 50ml,Health and beauty,50.34,64.79
SKU-10493,Eco Wireless Keyboard - White,Electronic accessories,56.46,71.58
SKU-10494,Summit Ergonomic Gym Bag - Blue,Sports and travel,34.07,43.6
SKU-10495,Pure Spicy Honey - Pack of 6,Food and beverages,10.64,13.45
SKU-10496,Trek Compact Resistance Bands - Black,Sports and travel,77.64,113.13
SKU-10497,Pure Natural Body Wash - 200ml,Health and beauty,71.89,104.97
SKU-10498,Cyber Portable Power Bank - White,Electronic accessories,127.48,184.96
SKU-10499,TechPro Heavy Duty Adapter - White,Electronic accessories,96.94,144.02
SKU-10500,Radiant Anti-Aging Face Cream - Travel Size,Health and beauty,75.04,114.02
SKU-10501,Elite Vintage Hat - Silver,Fashion accessories,65.38,103.1
SKU-10502,TechPro Slim Webcam - White,Electronic accessories,113.55,169.08
SKU-10503,TechPro Heavy Duty Keyboard - White,Electronic accessories,73.78,99.94
SKU-10504,Modern Stainless Steel Candle - Grey,Home and lifestyle,58.24,74.54
SKU-10505,Vogue Canvas Watch - Navy,Fashion accessories,66.8,93.41
SKU-10506,Golden Crunchy Almonds - 1Kg,Food and beverages,11.26,13.5
SKU-10507,Ultra Heavy Duty Adapter - Blue,Electronic accessories,43.32,60.9
SKU-10508,Trek Compact Water Bottle - Grey,Sports and travel,6.72,9.74
SKU-10509,Chic Cotton Sunglasses - Black,Fashion accessories,41.15,63.41
SKU-10510,LuxeHome Wooden Towel Set - Clear,Home and lifestyle,74.46,107.28
SKU-10511,Classic Canvas Sunglasses - Navy,Fashion accessories,23.27,36.48
SKU-10512,Zen Wooden Picture Frame - Clear,Home and lifestyle,45.62,72.31
SKU-10513,FarmFresh Gluten-Free Pasta - 500ml,Food and beverages,16.7,21.15
SKU-10514,Trendy Polarized Handbag - Silver,Fashion accessories,67.89,103.05
SKU-10515,Vogue Cotton Backpack - Brown,Fashion accessories,79.29,123.17
SKU-10516,FarmFresh Spicy Cookies - 500g,Food and beverages,17.27,20.58
SKU-10517,Ultra Bluetooth Earbuds - Grey,Electronic accessories,72.29,95.82
SKU-10518,Aura Oil-Free Sunscreen - Travel Size,Health and beauty,38.27,60.14
SKU-10519,Clear Vitamin C Deodorant - 200ml,Health and beauty,5.9,7.74
SKU-10520,Cozy Ceramic Towel Set - Beige,Home and lifestyle,17.97,25.39
SKU-10521,Smart Mini Power Bank - Black,Electronic accessories,96.9,129.58
SKU-10522,Nature's Crunchy Cookies - 500g,Food and beverages,16.19,20.74
SKU-10523,ProFit Waterproof Dumbbells - Grey,Sports and travel,49.5,65.27
SKU-10524,Daily Crunchy Chocolate - 500ml,Food and beverages,3.84,4.42
SKU-10525,LuxeHome Stainless Steel Vase - Oak,Home and lifestyle,40.62,59.48
SKU-10526,Modern Rustic Wall Clock - Black,Home and lifestyle,12.67,18.86
SKU-10527,Nova Fast-Charging Charger - Blue,Electronic accessories,17.82,24.36
SKU-10528,Zen Minimalist Cushion - Beige,Home and lifestyle,52.86,78.44
SKU-10529,Vital Organic Body Lotion - 50ml,Health and beauty,77.97,112.04
SKU-10530,Smart Slim Headphones - Red,Electronic accessories,68.24,85.93
SKU-10531,Motion Waterproof Backpack - Neon Green,Sports and travel,72.71,92.96
SKU-10532,TechPro Fast-Charging Charger - White,Electronic accessories,64.77,80.61
SKU-10533,Organic Crunchy Pasta - 1L,Food and beverages,1.1,1.4
SKU-10534,Nova Portable Cable - Black,Electronic accessories,33.41,45.23
SKU-10535,LuxeHome Ceramic Table Lamp - Grey,Home and lifestyle,57.6,79.1
SKU-10536,Ultra Slim Mouse - Black,Electronic accessories,87.09,110.59
SKU-10537,Cozy Wooden Cushion - Beige,Home and lifestyle,29.93,46.84
SKU-10538,Aero Breathable Jump Rope - Grey,Sports and travel,31.16,41.56
SKU-10539,Urban Silk Gloves - Brown,Fashion accessories,22.63,30.29
SKU-10540,Chic Cotton Wallet - Silver,Fashion accessories,46.92,62.06
SKU-10541,Pure Soothing Body Wash - Pack of 2,Health and beauty,5.93,9.34
SKU-10542,Derma Anti-Aging Conditioner - 150g,Health and beauty,65.57,100.26
SKU-10543,Luxe Canvas Wallet - Navy,Fashion accessories,14.58,18.53
SKU-10544,Essence Soothing Face Cream - Travel Size,Health and beauty,65.49,87.38
SKU-10545,Aura Soothing Lip Balm - 100ml,Health and beauty,25.23,36.15
SKU-10546,Organic Gluten-Free Coffee Beans - Pack of 6,Food and beverages,13.63,16.13
SKU-10547,Active Ergonomic Backpack - Blue,Sports and travel,76.17,110.3
SKU-10548,Golden Spicy Cookies - 1Kg,Food and beverages,5.5,7.02
SKU-10549,Peak Durable Jump Rope - Neon Green,Sports and travel,48.24,61.53
SKU-10550,Glow Soothing Face Cream - 200ml,Health and beauty,26.98,40.71
SKU-10551,Daily Roasted Olive Oil - Pack of 6,Food and beverages,5.7,6.81
SKU-10552,Vital Organic Conditioner - 150g,Health and beauty,55.92,72.38
SKU-10553,Ultra Portable Mouse - Grey,Electronic accessories,95.04,123.11
SKU-10554,Nature's Crunchy Chocolate - 250g,Food and beverages,15.3,18.43
SKU-10555,Trek Ergonomic Sleeping Bag - Grey,Sports and travel,34.27,50.0
SKU-10556,Cyber Wireless Power Bank - Grey,Electronic accessories,74.26,105.77
SKU-10557,Summit Compact Jump Rope - Grey,Sports and travel,57.14,73.17
SKU-10558,Essence Anti-Aging Perfume - 150g,Health and beauty,10.03,12.95
SKU-10559,Pulse Slim Speaker - White,Electronic accessories,107.05,132.65
SKU-10560,Cyber Wireless Speaker - Black,Electronic accessories,119.52,173.49
SKU-10561,Classic Polarized Scarf - Navy,Fashion accessories,68.5,94.35
SKU-10562,TechPro Mini Power Bank - Grey,Electronic accessories,55.4,69.44
SKU-10563,Essence Organic Lip Balm - Travel Size,Health and beauty,36.82,55.8
SKU-10564,Retro Denim Sunglasses - Navy,Fashion accessories,72.68,105.06
SKU-10565,HomeStyle Cotton Storage Box - Clear,Home and lifestyle,6.82,10.03
SKU-10566,Clear Vitamin C Deodorant - 150g (V42),Health and beauty,77.29,121.5
SKU-10567,Glow Hydrating Body Wash - 50ml,Health and beauty,60.78,86.44
SKU-10568,Modern Stainless Steel Vase - Black,Home and lifestyle,29.59,40.65
SKU-10569,Radiant Oil-Free Deodorant - 100ml,Health and beauty,79.77,108.13
SKU-10570,Nature's Gluten-Free Green Tea - 1L,Food and beverages,11.97,14.76
SKU-10571,Aero Waterproof Jump Rope - Blue,Sports and travel,23.26,34.02
SKU-10572,Essence Hydrating Body Lotion - 100ml (V70),Health and beauty,30.84,47.89
SKU-10573,Daily Salted Cookies - 1L,Food and beverages,6.37,7.56
SKU-10574,Golden Vegan Pasta - 500ml,Food and beverages,7.62,9.09
SKU-10575,Golden Roasted Juice - 1Kg,Food and beverages,7.8,8.99
SKU-10576,Radiant Organic Body Lotion - 150g,Health and beauty,27.84,42.33
SKU-10577,Vital Natural Body Lotion - 150g,Health and beauty,68.92,103.44
SKU-10578,Aero Compact Dumbbells - Orange,Sports and travel,62.61,81.75
SKU-10579,Nature's Sweet Green Tea - 500g,Food and beverages,7.51,9.53
SKU-10580,Eco Heavy Duty Adapter - White,Electronic accessories,34.16,49.24
SKU-10581,Golden Gluten-Free Chocolate - 1Kg,Food and beverages,10.81,12.57
SKU-10582,FarmFresh Crunchy Juice - Pack of 6,Food and beverages,11.72,14.33
SKU-10583,Derma Soothing Body Lotion - 50ml,Health and beauty,45.11,70.38
SKU-10584,Vogue Polarized Backpack - Navy,Fashion accessories,12.49,19.46
SKU-10585,LuxeHome Stainless Steel Coffee Mug - White,Home and lifestyle,40.04,50.7
SKU-10586,Clear Vitamin C Face Cream - 50ml,Health and beauty,69.77,107.58
SKU-10587,Trek Ergonomic Resistance Bands - Red,Sports and travel,31.63,40.28
SKU-10588,Derma Anti-Aging Lip Balm - 100ml,Health and beauty,41.78,64.49
SKU-10589,Aero Compact Sleeping Bag - Grey,Sports and travel,40.25,60.72
SKU-10590,Retro Denim Belt - Rose Gold,Fashion accessories,8.55,13.29
SKU-10591,Trendy Canvas Watch - Gold,Fashion accessories,16.13,25.37
SKU-10592,Active Lightweight Travel Pillow - Neon Green,Sports and travel,48.57,64.81
SKU-10593,Pure Hydrating Perfume - 200ml,Health and beauty,17.24,22.29
SKU-10594,Urban Wooden Picture Frame - Beige,Home and lifestyle,72.59,104.53
SKU-10595,Chic Cotton Gloves - Brown,Fashion accessories,7.76,12.22
SKU-10596,Vogue Leather Scarf - Black,Fashion accessories,39.12,50.39
SKU-10597,Pure Vitamin C Conditioner - Travel Size,Health and beauty,7.05,9.61
SKU-10598,ProFit Breathable Jump Rope - Black,Sports and travel,61.84,89.26
SKU-10599,Smart Wireless Webcam - Silver,Electronic accessories,28.69,40.26
SKU-10600,Classic Cotton Picture Frame - Beige,Home and lifestyle,18.24,28.49
SKU-10601,Smart Mini Keyboard - Silver,Electronic accessories,60.82,88.59
SKU-10602,FarmFresh Gluten-Free Juice - 250g,Food and beverages,6.31,7.4
SKU-10603,FarmFresh Crunchy Green Tea - 1Kg,Food and beverages,2.35,2.83
SKU-10604,Radiant Anti-Aging Deodorant - 150g,Health and beauty,16.69,21.61
SKU-10605,Trendy Polarized Sunglasses - Brown,Fashion accessories,70.02,100.95
SKU-10606,Luxe Vintage Handbag - Silver,Fashion accessories,59.1,77.98
SKU-10607,Cyber Portable Headphones - White,Electronic accessories,37.11,49.65
SKU-10608,Chic Silk Tie - Silver,Fashion accessories,78.3,109.56
SKU-10609,Ultra Wireless Earbuds - Blue,Electronic accessories,94.24,137.45
SKU-10610,FarmFresh Sweet Green Tea - 1Kg,Food and beverages,18.92,21.94
SKU-10611,Active Durable Jump Rope - Orange,Sports and travel,68.08,99.58
SKU-10612,TechPro Bluetooth Headphones - Grey,Electronic accessories,55.5,67.72
SKU-10613,Pulse Wireless Power Bank - Black,Electronic accessories,80.12,113.36
SKU-10614,Trek Breathable Resistance Bands - Blue,Sports and travel,70.63,109.88
SKU-10615,Nature's Sweet Almonds - 250g,Food and beverages,6.26,8.04
SKU-10616,Retro Silk Gloves - Black,Fashion accessories,40.58,53.13
SKU-10617,Luxe Canvas Backpack - Gold,Fashion accessories,75.86,101.07
SKU-10618,LuxeHome Ceramic Table Lamp - Beige,Home and lifestyle,29.42,45.18
SKU-10619,Tasty Crunchy Cereal - 500ml,Food and beverages,14.1,17.85
SKU-10620,Trek Ergonomic Dumbbells - Black,Sports and travel,47.58,75.62
SKU-10621,Trendy Silk Tie - Navy,Fashion accessories,41.99,54.7
SKU-10622,Giga Slim Keyboard - Silver,Electronic accessories,30.31,37.09
SKU-10623,Trendy Leather Sunglasses - Brown,Fashion accessories,66.66,85.64
SKU-10624,Classic Vintage Hat - Rose Gold,Fashion accessories,42.43,57.24
SKU-10625,Derma Natural Deodorant - Travel Size,Health and beauty,68.32,91.92
SKU-10626,Chic Denim Belt - Navy,Fashion accessories,57.03,73.92
SKU-10627,Zen Glass Wall Clock - White,Home and lifestyle,38.09,54.84
SKU-10628,Derma Hydrating Serum - 100ml,Health and beauty,43.01,61.6
SKU-10629,ProFit Ergonomic Backpack - Grey,Sports and travel,54.3,75.36
SKU-10630,Smart Slim Adapter - Black,Electronic accessories,147.01,206.85
SKU-10631,Essence Anti-Aging Shampoo - Pack of 2,Health and beauty,27.72,36.01
SKU-10632,Daily Vegan Juice - 250g,Food and beverages,16.03,18.83
SKU-10633,Zen Rustic Wall Clock - Beige,Home and lifestyle,17.79,24.45
SKU-10634,FarmFresh Gluten-Free Olive Oil - 1Kg (V58),Food and beverages,8.71,10.73
SKU-10635,Daily Roasted Chocolate - 250g,Food and beverages,19.06,24.16
SKU-10636,Classic Glass Picture Frame - White,Home and lifestyle,11.96,16.92
SKU-10637,Pulse Fast-Charging Power Bank - Blue,Electronic accessories,90.41,115.03
SKU-10638,Peak Heavy-Duty Tent - Orange,Sports and travel,70.16,105.76
SKU-10639,Essence Oil-Free Deodorant - 100ml,Health and beauty,54.78,87.08
SKU-10640,HomeStyle Rustic Coffee Mug - Black,Home and lifestyle,65.79,90.1
SKU-10641,Aero Durable Water Bottle - Orange,Sports and travel,61.11,97.36
SKU-10642,Cyber Heavy Duty Webcam - Black,Electronic accessories,60.96,87.78
SKU-10643,Daily Crunchy Olive Oil - 1L,Food and beverages,13.97,17.78
SKU-10644,Derma Natural Sunscreen - 50ml,Health and beauty,67.31,103.1
SKU-10645,Summit Waterproof Jump Rope - Black,Sports and travel,72.97,115.27
SKU-10646,Derma Natural Conditioner - Pack of 2,Health and beauty,73.32,113.95
SKU-10647,HomeStyle Glass Vase - Beige,Home and lifestyle,56.9,78.96
SKU-10648,Motion Heavy-Duty Water Bottle - Black,Sports and travel,36.41,50.99
SKU-10649,Vogue Silk Belt - Gold (V48),Fashion accessories,8.96,12.52
SKU-10650,Pure Spicy Coffee Beans - Pack of 6,Food and beverages,11.69,15.05
SKU-10651,Luxe Polarized Handbag - Gold,Fashion accessories,79.77,120.39
SKU-10652,EcoLiving Glass Bed Sheets - Grey,Home and lifestyle,34.19,42.75
SKU-10653,Derma Oil-Free Body Wash - Pack of 2,Health and beauty,73.82,106.71
SKU-10654,Classic Wooden Wall Clock - Grey,Home and lifestyle,57.05,75.41
SKU-10655,Smart Portable Cable - Silver,Electronic accessories,21.74,31.78
SKU-10656,TechPro Slim Earbuds - Grey,Electronic accessories,94.66,136.76
SKU-10657,Trek Waterproof Travel Pillow - Neon Green,Sports and travel,17.16,23.64
SKU-10658,Pure Anti-Aging Conditioner - Pack of 2,Health and beauty,54.89,72.46
SKU-10659,Derma Vitamin C Serum - 50ml,Health and beauty,30.26,45.65
SKU-10660,Nova Bluetooth Power Bank - Red,Electronic accessories,96.69,141.37
SKU-10661,Elite Canvas Belt - Rose Gold,Fashion accessories,77.72,101.77
SKU-10662,Trek Lightweight Travel Pillow - Orange,Sports and travel,60.37,84.3
SKU-10663,Cozy Glass Candle - Black,Home and lifestyle,73.76,97.5
SKU-10664,Smart Heavy Duty Speaker - White,Electronic accessories,86.9,125.98
SKU-10665,Nature's Crunchy Green Tea - 1L,Food and beverages,1.48,1.79
SKU-10666,Derma Natural Sunscreen - 150g,Health and beauty,17.17,27.46
SKU-10667,Retro Vintage Scarf - Rose Gold,Fashion accessories,68.12,86.71
SKU-10668,Nova Wireless Adapter - Red,Electronic accessories,59.93,72.97
SKU-10669,Motion Breathable Yoga Mat - Orange,Sports and travel,27.33,37.11
SKU-10670,Golden Gluten-Free Juice - 500g,Food and beverages,4.2,5.45
SKU-10671,Smart Bluetooth Headphones - Blue,Electronic accessories,126.96,166.84
SKU-10672,Aura Hydrating Conditioner - Travel Size,Health and beauty,42.54,68.03
SKU-10673,Pure Soothing Conditioner - 200ml,Health and beauty,69.88,111.04
SKU-10674,Clear Oil-Free Serum - 200ml,Health and beauty,11.1,14.06
SKU-10675,Derma Soothing Lip Balm - 100ml,Health and beauty,36.99,48.67
SKU-10676,Nova Wireless Power Bank - Blue,Electronic accessories,75.64,99.61
SKU-10677,Nova Portable Speaker - Red,Electronic accessories,139.77,207.2
SKU-10678,Glow Anti-Aging Lip Balm - 200ml,Health and beauty,37.13,49.96
SKU-10679,Luxe Vintage Sunglasses - Black,Fashion accessories,40.59,58.17
SKU-10680,Retro Silk Belt - Navy,Fashion accessories,69.65,111.03
SKU-10681,Nature's Vegan Juice - 250g,Food and beverages,11.29,13.1
SKU-10682,Daily Salted Almonds - 250g,Food and beverages,8.69,10.76
SKU-10683,Retro Silk Tie - Gold,Fashion accessories,6.48,9.1
SKU-10684,Classic Glass Bed Sheets - Beige,Home and lifestyle,30.93,49.06
SKU-10685,Radiant Hydrating Lip Balm - 100ml,Health and beauty,10.77,16.98
SKU-10686,Classic Stainless Steel Towel Set - Clear,Home and lifestyle,74.35,114.2
SKU-10687,Essence Vitamin C Body Lotion - 200ml,Health and beauty,7.55,11.38
SKU-10688,Glow Vitamin C Shampoo - 150g,Health and beauty,71.84,100.65
SKU-10689,Giga Bluetooth Earbuds - Blue,Electronic accessories,137.13,190.28
SKU-10690,Peak Ergonomic Gym Bag - Orange,Sports and travel,71.95,94.16
SKU-10691,Urban Canvas Handbag - Brown,Fashion accessories,51.67,69.14
SKU-10692,Urban Ceramic Towel Set - Oak,Home and lifestyle,32.32,48.64
SKU-10693,Retro Silk Gloves - Silver,Fashion accessories,66.51,88.28
SKU-10694,Modern Wooden Vase - Grey,Home and lifestyle,22.49,29.79
SKU-10695,Smart Bluetooth Speaker - Blue,Electronic accessories,145.88,194.22
SKU-10696,Luxe Silk Sunglasses - Black,Fashion accessories,58.45,93.3
SKU-10697,Pure Natural Body Wash - Travel Size,Health and beauty,30.21,42.59
SKU-10698,Radiant Vitamin C Deodorant - 200ml,Health and beauty,75.8,102.66
SKU-10699,FarmFresh Spicy Green Tea - 500g,Food and beverages,1.94,2.23
SKU-10700,Trek Heavy-Duty Water Bottle - Black,Sports and travel,77.57,109.58
SKU-10701,Elite Vintage Hat - Brown,Fashion accessories,65.0,89.69
SKU-10702,Vital Vitamin C Lip Balm - Travel Size,Health and beauty,32.63,48.15
SKU-10703,Essence Oil-Free Deodorant - 50ml,Health and beauty,58.87,87.61
SKU-10704,Nature's Roasted Pasta - Pack of 6,Food and beverages,8.26,10.52
SKU-10705,Clear Oil-Free Body Wash - Travel Size,Health and beauty,20.2,29.91
SKU-10706,Classic Cotton Handbag - Brown,Fashion accessories,70.25,106.68
SKU-10707,Glow Natural Deodorant - 100ml,Health and beauty,22.29,30.68
SKU-10708,Radiant Anti-Aging Lip Balm - 200ml,Health and beauty,27.93,42.41
SKU-10709,TechPro Bluetooth Power Bank - Blue,Electronic accessories,27.61,35.43
SKU-10710,Vital Organic Sunscreen - 200ml,Health and beauty,9.16,13.75
SKU-10711,Zen Cotton Cushion - Clear,Home and lifestyle,27.75,43.44
SKU-10712,Motion Lightweight Backpack - Black,Sports and travel,50.62,68.74
SKU-10713,Velocity Breathable Resistance Bands - Orange,Sports and travel,7.5,10.94
SKU-10714,Classic Canvas Hat - Brown,Fashion accessories,77.57,100.77
SKU-10715,Pure Anti-Aging Body Lotion - 200ml,Health and beauty,38.07,49.67
SKU-10716,Radiant Anti-Aging Deodorant - 50ml,Health and beauty,35.41,51.23
SKU-10717,Pure Oil-Free Serum - 150g,Health and beauty,76.89,110.38
SKU-10718,Modern Ceramic Towel Set - White,Home and lifestyle,32.12,48.72
SKU-10719,Classic Rustic Bed Sheets - Clear,Home and lifestyle,78.29,124.11
SKU-10720,FarmFresh Crunchy Honey - 500g,Food and beverages,17.43,21.44
SKU-10721,Urban Denim Hat - Rose Gold,Fashion accessories,57.18,83.97
SKU-10722,Aura Anti-Aging Conditioner - Pack of 2,Health and beauty,12.46,17.18
SKU-10723,Peak Lightweight Resistance Bands - Grey,Sports and travel,63.82,93.35
SKU-10724,Nature's Roasted Almonds - Pack of 6,Food and beverages,1.88,2.27
SKU-10725,HomeStyle Wooden Picture Frame - Black,Home and lifestyle,34.51,43.77
SKU-10726,Motion Ergonomic Tent - Grey,Sports and travel,51.19,76.84
SKU-10727,Classic Minimalist Picture Frame - White,Home and lifestyle,74.9,100.11
SKU-10728,HomeStyle Minimalist Coffee Mug - Grey,Home and lifestyle,28.4,35.8
SKU-10729,Luxe Vintage Gloves - Navy,Fashion accessories,43.43,66.98
SKU-10730,TechPro Slim Headphones - Blue,Electronic accessories,107.54,160.99
SKU-10731,Trek Ergonomic Yoga Mat - Grey,Sports and travel,49.6,73.18
SKU-10732,Nova Portable Power Bank - Grey,Electronic accessories,121.18,155.79
SKU-10733,Retro Cotton Belt - Silver,Fashion accessories,41.92,56.56
SKU-10734,Essence Organic Conditioner - 200ml,Health and beauty,53.45,68.11
SKU-10735,Peak Waterproof Jump Rope - Blue,Sports and travel,44.77,65.47
SKU-10736,Pulse Portable Headphones - Blue,Electronic accessories,78.91,104.83
SKU-10737,EcoLiving Rustic Storage Box - Grey,Home and lifestyle,33.77,53.92
SKU-10738,Premium Sweet Cookies - 500ml,Food and beverages,15.5,18.89
SKU-10739,Classic Vintage Belt - Silver (V85),Fashion accessories,13.78,20.09
SKU-10740,HomeStyle Cotton Bed Sheets - Beige,Home and lifestyle,12.9,19.27
SKU-10741,Essence Oil-Free Conditioner - 50ml,Health and beauty,14.42,19.25
SKU-10742,Urban Denim Watch - Navy,Fashion accessories,22.24,33.85
SKU-10743,Nova Fast-Charging Adapter - Silver,Electronic accessories,59.58,71.93
SKU-10744,Chic Silk Handbag - Black,Fashion accessories,69.69,106.43
SKU-10745,Vital Natural Sunscreen - Travel Size,Health and beauty,8.13,11.97
SKU-10746,Pure Vegan Olive Oil - 500ml,Food and beverages,11.61,13.64
SKU-10747,Velocity Heavy-Duty Travel Pillow - Black,Sports and travel,74.75,106.98
SKU-10748,LuxeHome Stainless Steel Cushion - Black,Home and lifestyle,31.62,48.68
SKU-10749,Organic Crunchy Pasta - 1Kg,Food and beverages,10.61,13.11
SKU-10750,Giga Portable Earbuds - Silver,Electronic accessories,66.78,92.37
SKU-10751,Cyber Portable Cable - Grey,Electronic accessories,40.87,52.14
SKU-10752,Pure Hydrating Lip Balm - 100ml,Health and beauty,6.99,8.75
SKU-10753,Smart Bluetooth Power Bank - White,Electronic accessories,123.06,149.97
SKU-10754,FarmFresh Roasted Honey - Pack of 6,Food and beverages,3.98,4.7
SKU-10755,LuxeHome Minimalist Coffee Mug - Beige,Home and lifestyle,22.93,33.15
SKU-10756,Cyber Heavy Duty Headphones - Grey,Electronic accessories,48.07,65.39
SKU-10757,Tasty Salted Green Tea - 1Kg,Food and beverages,10.97,14.11
SKU-10758,Trendy Silk Scarf - Rose Gold,Fashion accessories,15.86,20.21
SKU-10759,Premium Gluten-Free Coffee Beans - 250g,Food and beverages,9.07,11.08
SKU-10760,Smart Heavy Duty Power Bank - Black,Electronic accessories,140.31,185.32
SKU-10761,Aura Organic Perfume - 200ml,Health and beauty,53.11,75.45
SKU-10762,Elite Leather Backpack - Black,Fashion accessories,60.08,91.43
SKU-10763,Cyber Slim Webcam - Blue,Electronic accessories,83.81,120.4
SKU-10764,Nova Heavy Duty Adapter - Silver,Electronic accessories,100.78,140.88
SKU-10765,Vital Natural Sunscreen - 200ml,Health and beauty,15.81,23.84
SKU-10766,Zen Minimalist Table Lamp - Oak,Home and lifestyle,67.95,92.75
SKU-10767,Glow Soothing Serum - 100ml,Health and beauty,72.58,101.55
SKU-10768,Giga Slim Webcam - White,Electronic accessories,134.04,164.5
SKU-10769,Cyber Fast-Charging Keyboard - Grey,Electronic accessories,97.35,119.13
SKU-10770,Aero Waterproof Dumbbells - Grey,Sports and travel,16.24,21.73
SKU-10771,Clear Oil-Free Deodorant - 50ml,Health and beauty,22.03,29.54
SKU-10772,Modern Cotton Candle - White,Home and lifestyle,70.81,97.29
SKU-10773,Pure Soothing Serum - 50ml,Health and beauty,40.31,52.72
SKU-10774,Summit Durable Travel Pillow - Neon Green,Sports and travel,16.24,20.95
SKU-10775,Derma Hydrating Body Lotion - 200ml,Health and beauty,54.26,82.52
SKU-10776,Aura Soothing Serum - Pack of 2,Health and beauty,34.31,50.77
SKU-10777,Luxe Vintage Belt - Silver,Fashion accessories,56.15,73.66
SKU-10778,Ultra Wireless Adapter - White,Electronic accessories,137.88,198.38
SKU-10779,Clear Oil-Free Face Cream - Travel Size,Health and beauty,51.31,67.67
SKU-10780,ProFit Durable Water Bottle - Orange,Sports and travel,51.75,76.03
SKU-10781,Urban Glass Towel Set - Clear,Home and lifestyle,72.9,100.68
SKU-10782,Tasty Roasted Green Tea - 1Kg,Food and beverages,15.2,19.67
SKU-10783,Essence Anti-Aging Serum - 100ml,Health and beauty,20.79,32.51
SKU-10784,FarmFresh Gluten-Free Cereal - 1Kg,Food and beverages,9.1,11.51
SKU-10785,Vogue Cotton Backpack - Navy,Fashion accessories,68.43,108.47
SKU-10786,Nova Slim Charger - Blue,Electronic accessories,53.64,64.71
SKU-10787,Cyber Wireless Mouse - Red,Electronic accessories,20.65,30.68
SKU-10788,Tasty Roasted Pasta - 500ml,Food and beverages,10.25,12.13
SKU-10789,Radiant Natural Shampoo - Pack of 2,Health and beauty,69.75,91.91
SKU-10790,Urban Denim Scarf - Rose Gold,Fashion accessories,5.52,8.8
SKU-10791,Urban Minimalist Towel Set - Grey,Home and lifestyle,19.19,28.84
SKU-10792,Cyber Fast-Charging Earbuds - Grey,Electronic accessories,43.34,55.45
SKU-10793,TechPro Wireless Keyboard - White,Electronic accessories,45.83,66.77
SKU-10794,Aura Organic Body Lotion - Travel Size,Health and beauty,50.27,71.2
SKU-10795,Derma Oil-Free Body Lotion - Travel Size,Health and beauty,9.04,11.36
SKU-10796,Active Durable Yoga Mat - Black,Sports and travel,69.68,87.86
SKU-10797,Elite Canvas Watch - Silver,Fashion accessories,63.27,92.87
SKU-10798,Vogue Vintage Tie - Brown,Fashion accessories,15.6,20.73
SKU-10799,Velocity Ergonomic Dumbbells - Orange,Sports and travel,75.19,111.01
SKU-10800,Cyber Mini Headphones - White,Electronic accessories,50.42,65.81
SKU-10801,Retro Polarized Scarf - Gold,Fashion accessories,15.42,21.6
SKU-10802,Nature's Crunchy Green Tea - Pack of 6,Food and beverages,17.24,22.0
SKU-10803,Organic Roasted Olive Oil - 500g,Food and beverages,2.96,3.46
SKU-10804,FarmFresh Sweet Almonds - 1L,Food and beverages,12.5,14.81
SKU-10805,Essence Vitamin C Face Cream - 50ml,Health and beauty,32.85,47.76
SKU-10806,Zen Wooden Vase - Beige,Home and lifestyle,40.57,58.92
SKU-10807,Classic Denim Gloves - Black,Fashion accessories,26.32,41.73
SKU-10808,Classic Canvas Wallet - Silver,Fashion accessories,66.24,92.37
SKU-10809,Chic Cotton Belt - Black,Fashion accessories,17.71,23.55
SKU-10810,Cyber Wireless Charger - Grey,Electronic accessories,48.28,71.58
SKU-10811,Trek Waterproof Yoga Mat - Red,Sports and travel,44.46,59.14
SKU-10812,Smart Wireless Power Bank - Black,Electronic accessories,113.95,141.23
SKU-10813,Derma Oil-Free Face Cream - 50ml,Health and beauty,54.01,75.64
SKU-10814,TechPro Heavy Duty Charger - Blue,Electronic accessories,82.81,108.25
SKU-10815,Vogue Silk Tie - Navy,Fashion accessories,22.44,31.94
SKU-10816,Nature's Salted Pasta - 1Kg,Food and beverages,5.94,7.39
SKU-10817,Peak Ergonomic Jump Rope - Red,Sports and travel,24.26,31.64
SKU-10818,Clear Natural Face Cream - Travel Size,Health and beauty,36.95,51.08
SKU-10819,Daily Sweet Pasta - Pack of 6,Food and beverages,11.57,14.63
SKU-10820,Tasty Roasted Chocolate - Pack of 6,Food and beverages,8.58,10.53
SKU-10821,Elite Canvas Belt - Brown,Fashion accessories,71.61,95.7
SKU-10822,Classic Polarized Gloves - Navy,Fashion accessories,50.36,70.21
SKU-10823,Modern Wooden Candle - Clear,Home and lifestyle,15.6,23.59
SKU-10824,Essence Anti-Aging Sunscreen - Travel Size,Health and beauty,57.58,74.55
SKU-10825,Glow Vitamin C Body Lotion - 100ml,Health and beauty,17.0,27.04
SKU-10826,Radiant Soothing Lip Balm - 200ml,Health and beauty,20.57,32.91
SKU-10827,Glow Organic Perfume - 150g,Health and beauty,40.54,57.11
SKU-10828,Glow Organic Perfume - 150g (V79),Health and beauty,6.36,8.96
SKU-10829,Clear Soothing Body Lotion - 150g,Health and beauty,40.14,62.01
SKU-10830,Trendy Polarized Tie - Silver,Fashion accessories,56.46,75.67
SKU-10831,Velocity Breathable Tent - Neon Green,Sports and travel,18.28,24.68
SKU-10832,Essence Organic Perfume - 150g,Health and beauty,26.02,36.41
SKU-10833,Modern Ceramic Storage Box - Clear,Home and lifestyle,68.53,107.85
SKU-10834,Essence Anti-Aging Body Lotion - 200ml,Health and beauty,23.6,33.35
SKU-10835,Trek Compact Sleeping Bag - Neon Green,Sports and travel,8.58,11.35
SKU-10836,Peak Durable Dumbbells - Grey,Sports and travel,77.14,108.49
SKU-10837,Pulse Slim Earbuds - Silver,Electronic accessories,54.48,75.05
SKU-10838,Modern Ceramic Towel Set - Oak (V97),Home and lifestyle,57.12,76.9
SKU-10839,Trek Waterproof Backpack - Neon Green,Sports and travel,72.64,102.02
SKU-10840,Essence Anti-Aging Lip Balm - Pack of 2,Health and beauty,51.72,73.61
SKU-10841,Velocity Waterproof Dumbbells - Grey,Sports and travel,58.12,74.4
SKU-10842,Pulse Heavy Duty Mouse - Red,Electronic accessories,69.87,84.58
SKU-10843,Clear Organic Conditioner - 100ml,Health and beauty,71.61,92.19
SKU-10844,Clear Oil-Free Face Cream - 150g,Health and beauty,25.52,33.36
SKU-10845,Motion Ergonomic Jump Rope - Blue,Sports and travel,17.04,22.78
SKU-10846,Cyber Heavy Duty Cable - Grey,Electronic accessories,30.43,40.78
SKU-10847,Pulse Mini Headphones - Silver,Electronic accessories,25.62,35.93
SKU-10848,Nova Fast-Charging Headphones - Red,Electronic accessories,142.19,210.9
SKU-10849,Elite Cotton Handbag - Navy,Fashion accessories,19.59,25.04
SKU-10850,Ultra Heavy Duty Charger - Grey,Electronic accessories,148.74,206.26
SKU-10851,TechPro Mini Power Bank - Red,Electronic accessories,41.71,53.7
SKU-10852,Nature's Vegan Pasta - 250g,Food and beverages,19.19,22.1
SKU-10853,Premium Salted Coffee Beans - 1Kg,Food and beverages,8.32,9.71
SKU-10854,Active Heavy-Duty Water Bottle - Blue,Sports and travel,38.35,48.0
SKU-10855,FarmFresh Sweet Chocolate - 500ml,Food and beverages,3.94,5.03
SKU-10856,Ultra Wireless Keyboard - Grey,Electronic accessories,99.1,136.07
SKU-10857,Urban Polarized Wallet - Black,Fashion accessories,77.81,99.98
SKU-10858,EcoLiving Stainless Steel Towel Set - Black,Home and lifestyle,41.37,60.16
SKU-10859,Eco Bluetooth Earbuds - Red,Electronic accessories,75.34,95.13
SKU-10860,Essence Organic Deodorant - 200ml,Health and beauty,76.48,99.26
SKU-10861,Chic Cotton Handbag - Gold,Fashion accessories,8.97,11.32
SKU-10862,Retro Silk Sunglasses - Navy,Fashion accessories,9.97,15.63
SKU-10863,Classic Minimalist Storage Box - White,Home and lifestyle,72.26,100.36
SKU-10864,Vogue Canvas Belt - Black,Fashion accessories,56.27,79.76
SKU-10865,Ultra Slim Mouse - White,Electronic accessories,24.06,34.06
SKU-10866,Velocity Breathable Resistance Bands - Black (V43),Sports and travel,42.54,57.42
SKU-10867,Derma Anti-Aging Face Cream - Pack of 2,Health and beauty,73.46,106.05
SKU-10868,Urban Stainless Steel Picture Frame - Grey,Home and lifestyle,62.97,82.55
SKU-10869,Zen Cotton Bed Sheets - Grey (V60),Home and lifestyle,48.02,73.21
SKU-10870,Peak Ergonomic Gym Bag - Blue,Sports and travel,54.91,68.86
SKU-10871,Velocity Breathable Gym Bag - Orange,Sports and travel,34.58,48.48
SKU-10872,Daily Spicy Juice - 500ml,Food and beverages,9.41,12.14
SKU-10873,Aero Compact Jump Rope - Red,Sports and travel,21.69,30.84
SKU-10874,Trendy Cotton Hat - Brown,Fashion accessories,34.61,45.39
SKU-10875,Urban Stainless Steel Storage Box - Beige,Home and lifestyle,19.25,25.78
SKU-10876,ProFit Durable Yoga Mat - Grey,Sports and travel,34.58,45.14
SKU-10877,Derma Organic Shampoo - 50ml,Health and beauty,67.78,85.8
SKU-10878,Organic Sweet Almonds - 500ml,Food and beverages,4.69,5.86
SKU-10879,Urban Cotton Bed Sheets - Clear,Home and lifestyle,7.09,10.91
SKU-10880,Clear Anti-Aging Body Lotion - Travel Size,Health and beauty,14.53,22.07
SKU-10881,Pulse Bluetooth Mouse - Red,Electronic accessories,84.55,114.06
SKU-10882,TechPro Mini Adapter - Grey,Electronic accessories,31.5,43.47
SKU-10883,Elite Canvas Wallet - Silver,Fashion accessories,45.31,57.26
SKU-10884,Summit Compact Resistance Bands - Red,Sports and travel,68.65,96.9
SKU-10885,Pulse Mini Keyboard - Silver,Electronic accessories,125.52,169.69
SKU-10886,TechPro Fast-Charging Earbuds - Grey,Electronic accessories,60.63,90.66
SKU-10887,Cyber Slim Speaker - Red,Electronic accessories,49.0,65.82
SKU-10888,Modern Rustic Bed Sheets - Beige,Home and lifestyle,24.73,32.73
SKU-10889,ProFit Heavy-Duty Yoga Mat - Black,Sports and travel,58.18,73.35
SKU-10890,Golden Sweet Juice - 500ml,Food and beverages,14.14,16.8
SKU-10891,Daily Spicy Almonds - Pack of 6,Food and beverages,6.78,7.9
SKU-10892,Motion Ergonomic Gym Bag - Grey,Sports and travel,5.96,7.85
SKU-10893,Classic Cotton Scarf - Rose Gold,Fashion accessories,22.94,34.99
SKU-10894,Vogue Leather Belt - Black,Fashion accessories,70.86,95.28
SKU-10895,Aura Hydrating Lip Balm - Travel Size,Health and beauty,70.08,93.73
SKU-10896,LuxeHome Glass Storage Box - Clear,Home and lifestyle,49.48,63.06
SKU-10897,TechPro Mini Webcam - Red,Electronic accessories,71.78,91.5
SKU-10898,Vital Natural Sunscreen - 150g,Health and beauty,8.53,13.01
SKU-10899,HomeStyle Wooden Towel Set - Clear,Home and lifestyle,32.69,41.23
SKU-10900,Motion Durable Water Bottle - Blue,Sports and travel,27.58,43.0
SKU-10901,Clear Anti-Aging Shampoo - Pack of 2,Health and beauty,53.13,71.66
SKU-10902,Glow Soothing Face Cream - 150g,Health and beauty,53.56,75.95
SKU-10903,Nature's Crunchy Almonds - 500ml,Food and beverages,19.14,24.81
SKU-10904,Urban Leather Hat - Brown,Fashion accessories,74.3,93.52
SKU-10905,LuxeHome Minimalist Picture Frame - Grey,Home and lifestyle,21.0,33.22
SKU-10906,Peak Waterproof Travel Pillow - Red,Sports and travel,29.62,44.52
SKU-10907,FarmFresh Spicy Pasta - 250g,Food and beverages,3.03,3.8
SKU-10908,Urban Ceramic Vase - Black,Home and lifestyle,77.85,119.86
SKU-10909,Retro Vintage Wallet - Gold,Fashion accessories,78.01,123.99
SKU-10910,Premium Spicy Almonds - 250g,Food and beverages,15.66,18.16
SKU-10911,Glow Soothing Perfume - 150g,Health and beauty,30.92,41.48
SKU-10912,Trek Waterproof Tent - Orange,Sports and travel,29.45,38.37
SKU-10913,Chic Denim Handbag - Navy,Fashion accessories,63.92,90.54
SKU-10914,TechPro Bluetooth Power Bank - Black,Electronic accessories,112.19,143.53
SKU-10915,EcoLiving Cotton Cushion - Oak,Home and lifestyle,32.19,48.08
SKU-10916,FarmFresh Sweet Cookies - 500g,Food and beverages,17.04,19.9
SKU-10917,Trendy Polarized Sunglasses - Brown (V23),Fashion accessories,27.43,38.76
SKU-10918,Classic Canvas Gloves - Brown,Fashion accessories,54.52,72.46
SKU-10919,Essence Organic Perfume - 50ml,Health and beauty,71.52,102.96
SKU-10920,Motion Ergonomic Yoga Mat - Orange,Sports and travel,75.22,98.31
SKU-10921,Classic Vintage Watch - Navy,Fashion accessories,34.38,51.8
SKU-10922,Ultra Fast-Charging Charger - Blue,Electronic accessories,45.63,63.03
SKU-10923,ProFit Ergonomic Water Bottle - Blue,Sports and travel,18.3,24.93
SKU-10924,Smart Portable Cable - Silver (V81),Electronic accessories,130.1,173.34
SKU-10925,Velocity Waterproof Jump Rope - Grey,Sports and travel,77.98,119.47
SKU-10926,Vogue Canvas Backpack - Black,Fashion accessories,39.45,58.33
SKU-10927,Organic Sweet Coffee Beans - 250g,Food and beverages,6.5,8.39
SKU-10928,Zen Stainless Steel Table Lamp - Black,Home and lifestyle,52.02,76.13
SKU-10929,Derma Hydrating Deodorant - Pack of 2 (V17),Health and beauty,70.13,105.57
SKU-10930,Active Ergonomic Dumbbells - Red,Sports and travel,6.54,10.19
SKU-10931,Organic Salted Honey - 1Kg,Food and beverages,10.44,13.17
SKU-10932,Classic Minimalist Candle - Beige,Home and lifestyle,61.02,94.51
SKU-10933,Urban Leather Hat - Navy,Fashion accessories,61.29,77.12
SKU-10934,Nova Wireless Webcam - Grey,Electronic accessories,110.49,157.38
SKU-10935,Cyber Mini Earbuds - White,Electronic accessories,126.24,157.18
SKU-10936,Nova Bluetooth Adapter - Silver,Electronic accessories,21.68,26.78
SKU-10937,Glow Soothing Body Wash - 50ml,Health and beauty,24.71,32.83
SKU-10938,TechPro Portable Keyboard - White,Electronic accessories,80.59,102.23
SKU-10939,Trek Waterproof Sleeping Bag - Blue,Sports and travel,29.11,43.15
SKU-10940,Radiant Soothing Face Cream - Pack of 2,Health and beauty,35.91,52.1
SKU-10941,Zen Cotton Storage Box - White,Home and lifestyle,60.52,77.71
SKU-10942,Glow Anti-Aging Shampoo - Travel Size,Health and beauty,31.13,41.11
SKU-10943,Eco Wireless Webcam - White,Electronic accessories,144.58,212.06
SKU-10944,Glow Soothing Lip Balm - 150g,Health and beauty,50.71,77.38
SKU-10945,Pure Vegan Cookies - Pack of 6,Food and beverages,8.64,10.65
SKU-10946,Modern Wooden Cushion - Black,Home and lifestyle,15.67,22.05
SKU-10947,Urban Polarized Sunglasses - Silver,Fashion accessories,35.18,53.64
SKU-10948,Pulse Fast-Charging Power Bank - Black,Electronic accessories,137.61,172.24
SKU-10949,Pulse Heavy Duty Mouse - Grey,Electronic accessories,22.28,31.75
SKU-10950,Urban Canvas Hat - Rose Gold,Fashion accessories,79.16,100.31
SKU-10951,Luxe Vintage Backpack - Gold,Fashion accessories,39.02,62.15
SKU-10952,Eco Heavy Duty Keyboard - Silver,Electronic accessories,66.44,84.17
SKU-10953,Derma Soothing Body Wash - 200ml,Health and beauty,44.27,57.12
SKU-10954,Cyber Bluetooth Adapter - Blue,Electronic accessories,25.3,37.12
SKU-10955,Pure Soothing Deodorant - Travel Size,Health and beauty,34.21,44.33
SKU-10956,Velocity Breathable Water Bottle - Grey,Sports and travel,54.42,76.33
SKU-10957,Ultra Slim Adapter - Grey,Electronic accessories,111.67,155.53
SKU-10958,Peak Lightweight Travel Pillow - Orange,Sports and travel,37.87,51.23
SKU-10959,Golden Roasted Green Tea - 1L,Food and beverages,6.96,8.63
SKU-10960,Active Compact Water Bottle - Orange,Sports and travel,16.01,20.16
SKU-10961,Smart Bluetooth Cable - Blue,Electronic accessories,48.01,59.8
SKU-10962,Luxe Denim Scarf - Brown,Fashion accessories,67.69,95.81
SKU-10963,Chic Leather Wallet - Black,Fashion accessories,12.31,18.18
SKU-10964,Pulse Slim Keyboard - Silver,Electronic accessories,77.52,113.43
SKU-10965,HomeStyle Rustic Towel Set - Beige,Home and lifestyle,53.47,83.2
SKU-10966,Radiant Hydrating Conditioner - Pack of 2,Health and beauty,66.32,102.8
SKU-10967,Luxe Leather Belt - Navy,Fashion accessories,33.92,44.69
SKU-10968,Essence Vitamin C Serum - 100ml,Health and beauty,38.46,51.43
SKU-10969,Trek Durable Travel Pillow - Blue,Sports and travel,21.14,27.44
SKU-10970,Clear Natural Shampoo - 150g,Health and beauty,23.02,33.56
SKU-10971,Aero Ergonomic Dumbbells - Orange,Sports and travel,73.43,109.78
SKU-10972,Vital Natural Body Wash - Travel Size,Health and beauty,76.0,102.24
SKU-10973,Ultra Fast-Charging Headphones - Black,Electronic accessories,66.12,80.9
SKU-10974,Aura Vitamin C Serum - 200ml,Health and beauty,15.87,25.36
SKU-10975,Retro Denim Watch - Navy,Fashion accessories,30.51,40.54
SKU-10976,Essence Organic Face Cream - 50ml,Health and beauty,51.58,65.81
SKU-10977,Modern Stainless Steel Towel Set - Grey,Home and lifestyle,77.93,118.67
SKU-10978,Urban Stainless Steel Bed Sheets - Black,Home and lifestyle,72.7,99.28
SKU-10979,Nature's Roasted Cereal - 500ml,Food and beverages,3.43,4.29
SKU-10980,Chic Cotton Sunglasses - Black (V52),Fashion accessories,61.65,88.5
SKU-10981,Derma Hydrating Face Cream - Pack of 2,Health and beauty,14.13,17.83
SKU-10982,Urban Vintage Sunglasses - Gold,Fashion accessories,70.84,95.0
SKU-10983,Elite Canvas Tie - Rose Gold,Fashion accessories,63.74,83.84
SKU-10984,Urban Ceramic Table Lamp - Oak,Home and lifestyle,9.25,12.8
SKU-10985,Aero Breathable Water Bottle - Neon Green,Sports and travel,79.87,111.87
SKU-10986,Urban Polarized Scarf - Navy,Fashion accessories,38.63,57.49
SKU-10987,Velocity Waterproof Tent - Red,Sports and travel,45.09,59.96
SKU-10988,Clear Oil-Free Perfume - Travel Size,Health and beauty,18.08,27.31
SKU-10989,Ultra Heavy Duty Cable - Silver,Electronic accessories,75.74,108.57
SKU-10990,Peak Heavy-Duty Backpack - Red,Sports and travel,13.82,18.63
SKU-10991,LuxeHome Cotton Candle - White,Home and lifestyle,16.24,25.19
SKU-10992,Radiant Vitamin C Serum - Travel Size,Health and beauty,13.21,18.52
SKU-10993,Urban Cotton Cushion - Grey,Home and lifestyle,58.0,78.84
SKU-10994,Eco Wireless Power Bank - Blue,Electronic accessories,29.9,40.71
SKU-10995,Golden Sweet Olive Oil - 1L,Food and beverages,14.28,18.19
SKU-10996,Giga Slim Speaker - Red,Electronic accessories,86.8,104.66
SKU-10997,Nova Bluetooth Charger - Blue,Electronic accessories,59.21,76.6
SKU-10998,LuxeHome Minimalist Cushion - White,Home and lifestyle,41.62,53.54
SKU-10999,Tasty Vegan Pasta - 250g,Food and beverages,16.85,19.78
SKU-11000,Aero Durable Dumbbells - Neon Green,Sports and travel,18.62,23.55
SKU-11001,Pulse Fast-Charging Headphones - Silver,Electronic accessories,89.2,118.79
SKU-11002,Classic Vintage Handbag - Silver,Fashion accessories,20.16,25.36
SKU-11003,Ultra Slim Earbuds - Grey,Electronic accessories,136.93,199.2
SKU-11004,Urban Wooden Cushion - Oak,Home and lifestyle,20.76,31.55
SKU-11005,Urban Ceramic Wall Clock - Black,Home and lifestyle,43.84,65.83
SKU-11006,Trendy Leather Handbag - Gold,Fashion accessories,13.13,19.32
SKU-11007,Vital Anti-Aging Sunscreen - 150g,Health and beauty,39.86,53.58
SKU-11008,Daily Vegan Chocolate - 1Kg,Food and beverages,10.48,12.31
SKU-11009,Motion Ergonomic Tent - Neon Green,Sports and travel,56.38,80.34
SKU-11010,Elite Vintage Gloves - Gold,Fashion accessories,40.57,56.55
SKU-11011,Motion Breathable Sleeping Bag - Neon Green,Sports and travel,79.91,119.48
SKU-11012,Chic Vintage Handbag - Brown,Fashion accessories,50.25,72.96
SKU-11013,Motion Compact Gym Bag - Black,Sports and travel,39.39,50.84
SKU-11014,Smart Slim Speaker - Silver,Electronic accessories,30.61,37.76
SKU-11015,Nova Mini Charger - Grey,Electronic accessories,79.19,99.02
SKU-11016,Pulse Mini Webcam - Silver,Electronic accessories,92.67,114.37
SKU-11017,ProFit Waterproof Backpack - Black,Sports and travel,23.98,30.69
SKU-11018,Zen Ceramic Picture Frame - Beige,Home and lifestyle,54.51,81.05
SKU-11019,Giga Bluetooth Webcam - Black,Electronic accessories,69.96,101.98
SKU-11020,LuxeHome Stainless Steel Storage Box - Beige,Home and lifestyle,34.94,45.02
SKU-11021,Cyber Heavy Duty Adapter - Grey,Electronic accessories,31.08,41.93
SKU-11022,Motion Heavy-Duty Resistance Bands - Grey,Sports and travel,29.47,39.69
SKU-11023,ProFit Durable Water Bottle - Black,Sports and travel,16.81,24.05
SKU-11024,HomeStyle Rustic Vase - Oak,Home and lifestyle,70.7,107.99
SKU-11025,Clear Soothing Face Cream - Pack of 2,Health and beauty,43.97,65.52
SKU-11026,Vital Natural Body Wash - 200ml,Health and beauty,13.82,22.07
SKU-11027,Chic Canvas Wallet - Rose Gold,Fashion accessories,66.06,85.01
SKU-11028,Smart Bluetooth Keyboard - White,Electronic accessories,81.19,110.03
SKU-11029,Smart Mini Power Bank - Black (V87),Electronic accessories,87.91,122.41
SKU-11030,Elite Polarized Watch - Brown,Fashion accessories,12.2,15.29
SKU-11031,Summit Ergonomic Tent - Grey,Sports and travel,14.23,18.41
SKU-11032,Peak Heavy-Duty Backpack - Black,Sports and travel,72.2,101.12
SKU-11033,EcoLiving Rustic Storage Box - Black,Home and lifestyle,20.32,29.59
SKU-11034,Vital Hydrating Sunscreen - 100ml,Health and beauty,50.26,78.91
SKU-11035,Cozy Ceramic Coffee Mug - Beige,Home and lifestyle,51.92,70.36
SKU-11036,Cozy Cotton Candle - Black (V56),Home and lifestyle,59.87,86.68
SKU-11037,Modern Ceramic Towel Set - Clear,Home and lifestyle,59.19,77.59
SKU-11038,Glow Organic Shampoo - 200ml,Health and beauty,74.16,100.37
SKU-11039,Organic Gluten-Free Chocolate - 250g,Food and beverages,12.31,15.59
SKU-11040,Urban Vintage Watch - Brown,Fashion accessories,61.35,78.79
SKU-11041,Trendy Canvas Scarf - Black,Fashion accessories,27.38,36.77
SKU-11042,Tasty Sweet Coffee Beans - 1L,Food and beverages,16.17,20.78
SKU-11043,Elite Polarized Tie - Rose Gold,Fashion accessories,48.71,62.97
SKU-11044,Luxe Polarized Tie - Silver,Fashion accessories,70.02,94.36
SKU-11045,Vital Vitamin C Body Wash - 100ml,Health and beauty,72.39,94.01
SKU-11046,Clear Vitamin C Conditioner - 50ml,Health and beauty,40.42,56.82
SKU-11047,Essence Anti-Aging Deodorant - 50ml,Health and beauty,19.73,28.98
SKU-11048,Active Durable Gym Bag - Orange,Sports and travel,34.45,46.0
SKU-11049,Glow Oil-Free Deodorant - 50ml,Health and beauty,71.88,111.05
SKU-11050,Trendy Polarized Scarf - Brown,Fashion accessories,41.68,63.39
SKU-11051,Velocity Heavy-Duty Backpack - Orange,Sports and travel,73.99,115.0
SKU-11052,Pure Hydrating Face Cream - 50ml,Health and beauty,61.32,81.23
SKU-11053,Retro Leather Backpack - Black,Fashion accessories,18.89,29.16
SKU-11054,Daily Crunchy Green Tea - 500ml,Food and beverages,12.3,14.35
SKU-11055,Vogue Silk Watch - Brown,Fashion accessories,7.64,10.43
SKU-11056,Peak Durable Dumbbells - Red,Sports and travel,49.03,76.9
SKU-11057,Chic Polarized Backpack - Navy,Fashion accessories,52.39,78.8
SKU-11058,Pulse Slim Webcam - Black,Electronic accessories,68.82,96.56
SKU-11059,TechPro Portable Headphones - White,Electronic accessories,90.5,115.34
SKU-11060,Trek Waterproof Jump Rope - Grey,Sports and travel,66.62,85.16
SKU-11061,Trek Heavy-Duty Gym Bag - Grey,Sports and travel,37.05,51.69
SKU-11062,Daily Gluten-Free Cookies - 500g,Food and beverages,9.29,11.71
SKU-11063,Classic Ceramic Cushion - White,Home and lifestyle,26.99,42.32
SKU-11064,Radiant Soothing Body Wash - Travel Size,Health and beauty,52.05,81.57
SKU-11065,Derma Vitamin C Perfume - 150g,Health and beauty,33.57,47.58
SKU-11066,Smart Fast-Charging Keyboard - Grey,Electronic accessories,43.11,58.46
SKU-11067,Retro Denim Gloves - Gold (V64),Fashion accessories,43.93,65.0
SKU-11068,Pulse Portable Earbuds - Black,Electronic accessories,10.83,15.22
SKU-11069,FarmFresh Gluten-Free Juice - 500ml,Food and beverages,15.66,18.42
SKU-11070,Motion Waterproof Resistance Bands - Red,Sports and travel,64.34,86.35
SKU-11071,Cozy Ceramic Wall Clock - Black,Home and lifestyle,71.38,98.57
SKU-11072,Radiant Anti-Aging Perfume - 200ml,Health and beauty,69.32,109.45
SKU-11073,Tasty Vegan Juice - 1L,Food and beverages,13.71,15.86
SKU-11074,Aero Waterproof Gym Bag - Grey,Sports and travel,29.66,40.67
SKU-11075,Golden Gluten-Free Almonds - 1L,Food and beverages,11.25,13.51
SKU-11076,Radiant Soothing Lip Balm - 150g,Health and beauty,7.84,11.55
SKU-11077,Golden Gluten-Free Olive Oil - 1L,Food and beverages,13.14,16.67
SKU-11078,Daily Salted Cookies - Pack of 6,Food and beverages,8.0,9.59
SKU-11079,Peak Durable Sleeping Bag - Red,Sports and travel,78.77,125.32
SKU-11080,Zen Glass Table Lamp - Grey,Home and lifestyle,57.54,72.3
SKU-11081,Modern Stainless Steel Bed Sheets - Beige,Home and lifestyle,42.65,62.39
SKU-11082,Cozy Stainless Steel Bed Sheets - Oak,Home and lifestyle,30.83,43.2
SKU-11083,Trek Lightweight Yoga Mat - Red,Sports and travel,21.04,33.35
SKU-11084,Essence Natural Deodorant - Pack of 2,Health and beauty,63.23,91.28
SKU-11085,Organic Sweet Almonds - Pack of 6,Food and beverages,3.4,4.11
SKU-11086,Pure Oil-Free Perfume - Travel Size,Health and beauty,28.92,42.31
SKU-11087,Smart Wireless Cable - Silver,Electronic accessories,110.13,138.79
SKU-11088,Pure Hydrating Face Cream - Travel Size,Health and beauty,31.0,45.88
SKU-11089,Summit Durable Water Bottle - Black (V16),Sports and travel,59.94,90.71
SKU-11090,Aero Compact Water Bottle - Grey,Sports and travel,20.57,27.59
SKU-11091,Derma Oil-Free Perfume - Pack of 2,Health and beauty,50.69,78.88
SKU-11092,Retro Vintage Watch - Rose Gold (V57),Fashion accessories,47.99,74.0
SKU-11093,Zen Stainless Steel Storage Box - Oak,Home and lifestyle,75.77,108.38
SKU-11094,Vital Oil-Free Body Wash - 150g,Health and beauty,69.88,104.27
SKU-11095,Golden Salted Juice - 500ml,Food and beverages,6.29,7.43
SKU-11096,Peak Waterproof Travel Pillow - Orange,Sports and travel,19.91,26.28
SKU-11097,Motion Breathable Backpack - Blue,Sports and travel,62.42,93.67
SKU-11098,Tasty Roasted Cookies - 500ml,Food and beverages,7.0,8.96
SKU-11099,Premium Crunchy Coffee Beans - 1Kg,Food and beverages,11.84,15.1
SKU-11100,Retro Silk Watch - Gold,Fashion accessories,39.77,58.59
SKU-11101,LuxeHome Cotton Wall Clock - Clear,Home and lifestyle,54.01,69.21
SKU-11102,EcoLiving Glass Candle - Grey,Home and lifestyle,28.49,40.17
SKU-11103,Retro Polarized Watch - Black,Fashion accessories,67.77,105.38
SKU-11104,Glow Organic Deodorant - 50ml,Health and beauty,58.31,87.1
SKU-11105,Retro Leather Sunglasses - Black,Fashion accessories,24.2,33.31
SKU-11106,Giga Mini Earbuds - Silver,Electronic accessories,29.75,41.18
SKU-11107,TechPro Portable Speaker - Grey,Electronic accessories,70.96,89.48
SKU-11108,Classic Cotton Gloves - Rose Gold,Fashion accessories,21.61,27.71
SKU-11109,TechPro Portable Webcam - Blue,Electronic accessories,84.19,103.55
SKU-11110,Trendy Polarized Gloves - Black,Fashion accessories,77.25,103.87
SKU-11111,Smart Bluetooth Keyboard - Silver,Electronic accessories,115.8,147.48
SKU-11112,Modern Stainless Steel Coffee Mug - White,Home and lifestyle,54.76,73.69
SKU-11113,Elite Leather Hat - Rose Gold,Fashion accessories,52.19,73.06
SKU-11114,Cozy Wooden Coffee Mug - Clear,Home and lifestyle,38.66,56.71
SKU-11115,Elite Silk Belt - Rose Gold,Fashion accessories,20.43,29.53
SKU-11116,Premium Crunchy Olive Oil - 500g,Food and beverages,2.29,2.89
SKU-11117,Trendy Canvas Belt - Navy,Fashion accessories,49.94,67.33
SKU-11118,Eco Heavy Duty Cable - White,Electronic accessories,13.61,20.24
SKU-11119,Eco Heavy Duty Earbuds - White,Electronic accessories,25.68,35.53
SKU-11120,HomeStyle Rustic Table Lamp - Oak,Home and lifestyle,32.11,41.75
SKU-11121,Elite Leather Hat - Black,Fashion accessories,62.88,84.8
SKU-11122,Urban Polarized Backpack - Rose Gold,Fashion accessories,20.52,31.15
SKU-11123,Vital Natural Deodorant - Travel Size,Health and beauty,11.37,14.92
SKU-11124,Daily Sweet Honey - 500g,Food and beverages,4.38,5.14
SKU-11125,Elite Cotton Handbag - Brown,Fashion accessories,18.99,25.56
SKU-11126,Clear Vitamin C Lip Balm - 100ml,Health and beauty,64.24,88.85
SKU-11127,Trek Ergonomic Resistance Bands - Blue (V73),Sports and travel,43.47,68.25
SKU-11128,Velocity Compact Water Bottle - Blue,Sports and travel,46.17,58.18
SKU-11129,HomeStyle Minimalist Wall Clock - Beige,Home and lifestyle,40.82,62.17
SKU-11130,Tasty Salted Olive Oil - 500g,Food and beverages,3.6,4.64
SKU-11131,Summit Waterproof Dumbbells - Grey,Sports and travel,9.11,13.76
SKU-11132,Vital Soothing Body Lotion - Travel Size,Health and beauty,22.53,32.0
SKU-11133,Aero Compact Water Bottle - Black,Sports and travel,36.52,55.34
SKU-11134,Summit Lightweight Backpack - Neon Green,Sports and travel,32.76,41.13
SKU-11135,Nova Slim Power Bank - Grey,Electronic accessories,79.42,98.97
SKU-11136,Modern Cotton Coffee Mug - Clear,Home and lifestyle,23.39,30.01
SKU-11137,LuxeHome Stainless Steel Table Lamp - Clear,Home and lifestyle,57.2,75.85
SKU-11138,Essence Hydrating Conditioner - Pack of 2,Health and beauty,40.5,56.09
SKU-11139,Daily Crunchy Olive Oil - 500g,Food and beverages,19.63,25.17
SKU-11140,Pulse Bluetooth Power Bank - Grey,Electronic accessories,82.81,120.53
SKU-11141,Aura Soothing Perfume - 200ml,Health and beauty,50.73,75.02
SKU-11142,Trek Waterproof Travel Pillow - Black,Sports and travel,31.64,42.55
SKU-11143,Aura Soothing Shampoo - 100ml,Health and beauty,62.94,97.2
SKU-11144,Trendy Cotton Belt - Gold,Fashion accessories,59.65,93.76
SKU-11145,Classic Leather Scarf - Brown,Fashion accessories,9.06,13.69
SKU-11146,Motion Breathable Sleeping Bag - Black,Sports and travel,68.91,105.63
SKU-11147,Tasty Salted Honey - 1L,Food and beverages,8.72,11.0
SKU-11148,Organic Crunchy Pasta - 1Kg (V62),Food and beverages,14.08,16.32
SKU-11149,Aero Ergonomic Tent - Red,Sports and travel,55.07,87.53
SKU-11150,Elite Vintage Wallet - Silver,Fashion accessories,61.07,77.56
SKU-11151,Urban Polarized Belt - Gold,Fashion accessories,22.31,34.74
SKU-11152,Tasty Spicy Cookies - 500g,Food and beverages,9.01,10.77
SKU-11153,Luxe Vintage Sunglasses - Rose Gold,Fashion accessories,11.96,16.35
SKU-11154,Ultra Heavy Duty Cable - Grey,Electronic accessories,22.73,27.34
SKU-11155,ProFit Durable Tent - Orange (V72),Sports and travel,13.0,18.08
SKU-11156,Aura Natural Lip Balm - 200ml,Health and beauty,65.16,87.94
SKU-11157,Peak Compact Sleeping Bag - Red,Sports and travel,72.58,104.63
SKU-11158,Urban Wooden Candle - Clear,Home and lifestyle,6.21,9.43
SKU-11159,Radiant Anti-Aging Lip Balm - Travel Size,Health and beauty,14.75,18.83
SKU-11160,EcoLiving Wooden Table Lamp - Oak,Home and lifestyle,16.5,25.59
SKU-11161,Nature's Roasted Juice - 1Kg,Food and beverages,18.98,23.61
SKU-11162,Daily Salted Chocolate - 500g,Food and beverages,11.48,13.61
SKU-11163,Chic Leather Gloves - Brown,Fashion accessories,5.42,7.23
SKU-11164,LuxeHome Minimalist Candle - Oak,Home and lifestyle,22.62,31.13
SKU-11165,Luxe Silk Scarf - Navy,Fashion accessories,22.26,31.45
SKU-11166,Daily Crunchy Juice - 250g,Food and beverages,19.49,23.06
SKU-11167,Retro Silk Backpack - Black,Fashion accessories,64.76,93.79
SKU-11168,Eco Bluetooth Earbuds - White,Electronic accessories,39.06,51.55
SKU-11169,Aura Hydrating Body Wash - 150g,Health and beauty,72.76,100.05
SKU-11170,Motion Compact Yoga Mat - Neon Green,Sports and travel,37.85,48.45
SKU-11171,Aero Heavy-Duty Dumbbells - Blue,Sports and travel,57.04,79.6
SKU-11172,Vogue Silk Sunglasses - Gold,Fashion accessories,12.89,19.79
SKU-11173,Derma Soothing Serum - Pack of 2,Health and beauty,19.01,29.71
SKU-11174,Daily Sweet Olive Oil - 250g,Food and beverages,5.38,6.33
SKU-11175,Daily Salted Cereal - 1Kg,Food and beverages,19.5,23.68
SKU-11176,Active Waterproof Dumbbells - Red,Sports and travel,46.38,63.95
SKU-11177,Aero Ergonomic Resistance Bands - Black,Sports and travel,77.21,118.8
SKU-11178,Tasty Spicy Coffee Beans - 500ml,Food and beverages,3.96,5.12
SKU-11179,Daily Crunchy Coffee Beans - 1Kg,Food and beverages,12.15,15.55
SKU-11180,Premium Roasted Juice - Pack of 6,Food and beverages,12.19,15.09
SKU-11181,Aura Oil-Free Perfume - 50ml,Health and beauty,78.74,109.97
SKU-11182,Pure Crunchy Cereal - 500g,Food and beverages,10.57,12.24
SKU-11183,HomeStyle Rustic Picture Frame - White,Home and lifestyle,71.92,108.12
SKU-11184,Eco Heavy Duty Webcam - Blue,Electronic accessories,81.18,113.8
SKU-11185,Glow Natural Conditioner - 100ml,Health and beauty,37.64,47.07
SKU-11186,Peak Durable Water Bottle - Orange,Sports and travel,79.22,117.05
SKU-11187,Vital Soothing Body Lotion - Travel Size (V67),Health and beauty,28.75,37.61
SKU-11188,Radiant Soothing Conditioner - 50ml,Health and beauty,61.52,82.88
SKU-11189,Active Heavy-Duty Backpack - Neon Green,Sports and travel,52.43,72.64
SKU-11190,Cyber Wireless Webcam - White,Electronic accessories,75.57,94.53
SKU-11191,Pure Salted Coffee Beans - 1L,Food and beverages,8.67,11.14
SKU-11192,Active Waterproof Resistance Bands - Black,Sports and travel,27.97,42.57
SKU-11193,Golden Spicy Olive Oil - 250g,Food and beverages,19.41,23.01
SKU-11194,Elite Canvas Belt - Gold,Fashion accessories,79.94,113.81
SKU-11195,Eco Wireless Webcam - Red,Electronic accessories,148.54,179.86
SKU-11196,Urban Leather Sunglasses - Brown,Fashion accessories,25.99,41.39
SKU-11197,Trek Durable Tent - Neon Green,Sports and travel,71.51,110.78
SKU-11198,Urban Polarized Handbag - Brown,Fashion accessories,51.72,66.82
SKU-11199,Vogue Canvas Scarf - Black,Fashion accessories,16.7,22.55
SKU-11200,Essence Anti-Aging Deodorant - Pack of 2,Health and beauty,27.7,41.2
SKU-11201,Pure Hydrating Sunscreen - 200ml,Health and beauty,8.8,13.75
SKU-11202,Chic Silk Tie - Silver (V89),Fashion accessories,50.33,65.28
SKU-11203,Cyber Mini Keyboard - Grey,Electronic accessories,30.17,45.19
SKU-11204,Vital Oil-Free Shampoo - 100ml,Health and beauty,18.93,26.72
SKU-11205,Radiant Anti-Aging Face Cream - 50ml,Health and beauty,70.11,111.75
SKU-11206,Derma Soothing Body Wash - 150g,Health and beauty,64.14,82.43
SKU-11207,Glow Natural Body Wash - 100ml,Health and beauty,76.49,102.91
SKU-11208,Trek Breathable Jump Rope - Red,Sports and travel,62.51,78.65
SKU-11209,Active Heavy-Duty Tent - Blue,Sports and travel,63.57,80.42
SKU-11210,Aura Oil-Free Deodorant - Pack of 2,Health and beauty,17.91,23.9
SKU-11211,Urban Rustic Bed Sheets - Oak,Home and lifestyle,52.05,71.43
SKU-11212,Essence Anti-Aging Deodorant - 200ml,Health and beauty,72.29,112.25
SKU-11213,Organic Salted Cereal - 1L,Food and beverages,8.37,10.69
SKU-11214,Summit Heavy-Duty Dumbbells - Blue,Sports and travel,25.99,36.72
SKU-11215,Pure Vitamin C Perfume - 50ml,Health and beauty,25.14,38.69
SKU-11216,Essence Vitamin C Serum - 200ml,Health and beauty,16.36,22.58
SKU-11217,Nature's Gluten-Free Coffee Beans - 500g,Food and beverages,10.73,13.26
SKU-11218,Pulse Wireless Earbuds - White,Electronic accessories,88.58,115.92
SKU-11219,HomeStyle Stainless Steel Candle - Beige,Home and lifestyle,16.2,22.65
SKU-11220,Urban Leather Tie - Brown,Fashion accessories,61.04,88.54
SKU-11221,FarmFresh Salted Cereal - 1Kg,Food and beverages,18.43,23.74
SKU-11222,Daily Gluten-Free Olive Oil - 1L (V46),Food and beverages,18.15,21.68
SKU-11223,TechPro Wireless Speaker - Grey,Electronic accessories,73.74,95.72
SKU-11224,Retro Polarized Scarf - Brown,Fashion accessories,38.51,59.6
SKU-11225,Smart Portable Keyboard - Black,Electronic accessories,64.29,95.41
SKU-11226,ProFit Ergonomic Travel Pillow - Neon Green,Sports and travel,15.19,19.67
SKU-11227,Radiant Vitamin C Body Wash - 150g,Health and beauty,22.53,31.82
SKU-11228,Pure Oil-Free Serum - 200ml (V45),Health and beauty,79.44,125.97
SKU-11229,Elite Canvas Backpack - Navy,Fashion accessories,63.15,97.52
SKU-11230,TechPro Slim Earbuds - Black,Electronic accessories,29.81,41.94
SKU-11231,Vital Natural Deodorant - 150g,Health and beauty,36.31,54.47
SKU-11232,HomeStyle Stainless Steel Coffee Mug - White (V52),Home and lifestyle,37.0,47.02
SKU-11233,Classic Stainless Steel Cushion - Clear,Home and lifestyle,75.45,101.41
SKU-11234,FarmFresh Vegan Pasta - 1Kg,Food and beverages,2.42,2.88
SKU-11235,ProFit Ergonomic Travel Pillow - Blue,Sports and travel,76.21,106.36
SKU-11236,Classic Wooden Cushion - Grey,Home and lifestyle,17.27,22.72
SKU-11237,TechPro Heavy Duty Charger - Silver,Electronic accessories,65.66,79.33
SKU-11238,Cozy Minimalist Storage Box - Grey,Home and lifestyle,22.32,28.23
SKU-11239,Vital Anti-Aging Body Lotion - 50ml,Health and beauty,14.01,17.85
SKU-11240,Radiant Anti-Aging Face Cream - 150g,Health and beauty,18.69,25.39
SKU-11241,Clear Organic Serum - 200ml,Health and beauty,67.98,98.73
SKU-11242,Classic Wooden Bed Sheets - Beige,Home and lifestyle,35.63,51.32
SKU-11243,Premium Gluten-Free Olive Oil - 1Kg,Food and beverages,9.86,12.49
SKU-11244,HomeStyle Stainless Steel Coffee Mug - White (V95),Home and lifestyle,78.76,101.08
SKU-11245,Organic Gluten-Free Green Tea - 500ml,Food and beverages,3.39,4.14
SKU-11246,Derma Vitamin C Body Lotion - 100ml,Health and beauty,7.1,10.01
SKU-11247,Golden Salted Olive Oil - 500ml,Food and beverages,10.73,13.84
SKU-11248,Organic Crunchy Almonds - 500ml,Food and beverages,15.73,19.46
SKU-11249,Clear Natural Deodorant - 200ml,Health and beauty,65.84,100.98
SKU-11250,Motion Durable Tent - Orange (V45),Sports and travel,10.42,13.72
SKU-11251,Velocity Lightweight Jump Rope - Neon Green,Sports and travel,69.03,98.14
SKU-11252,Zen Glass Vase - Grey,Home and lifestyle,49.51,70.73
SKU-11253,Glow Soothing Perfume - 200ml (V35),Health and beauty,46.96,74.17
SKU-11254,Ultra Wireless Keyboard - Grey (V69),Electronic accessories,52.61,66.72
SKU-11255,ProFit Heavy-Duty Water Bottle - Grey,Sports and travel,7.79,11.41
SKU-11256,Glow Anti-Aging Sunscreen - 200ml,Health and beauty,9.25,14.52
SKU-11257,HomeStyle Glass Cushion - White,Home and lifestyle,60.39,93.27
SKU-11258,Golden Salted Pasta - 500g,Food and beverages,19.65,24.46
SKU-11259,FarmFresh Spicy Almonds - 500g,Food and beverages,18.46,23.18
SKU-11260,Daily Spicy Cookies - 1L,Food and beverages,12.15,14.0
SKU-11261,Daily Sweet Honey - 1Kg,Food and beverages,8.7,10.55
SKU-11262,Luxe Cotton Sunglasses - Silver,Fashion accessories,42.28,60.84
SKU-11263,Motion Lightweight Water Bottle - Black,Sports and travel,33.02,46.97
SKU-11264,Trek Heavy-Duty Dumbbells - Orange (V93),Sports and travel,67.43,92.58
SKU-11265,Glow Oil-Free Sunscreen - Pack of 2,Health and beauty,65.43,99.41
SKU-11266,Peak Heavy-Duty Resistance Bands - Blue,Sports and travel,55.03,77.5
SKU-11267,Giga Mini Power Bank - Grey,Electronic accessories,139.53,173.35
SKU-11268,Giga Bluetooth Webcam - Grey,Electronic accessories,84.29,117.25
SKU-11269,Classic Canvas Belt - Brown (V74),Fashion accessories,6.89,9.04
SKU-11270,Derma Soothing Deodorant - 100ml,Health and beauty,25.35,33.21
SKU-11271,Radiant Vitamin C Body Wash - 50ml,Health and beauty,34.47,51.31
SKU-11272,Summit Breathable Jump Rope - Grey,Sports and travel,41.56,59.8
SKU-11273,Elite Vintage Backpack - Silver,Fashion accessories,9.21,13.0
SKU-11274,Nova Mini Adapter - Silver,Electronic accessories,62.75,81.1
SKU-11275,Essence Vitamin C Body Wash - Pack of 2,Health and beauty,8.42,11.18
SKU-11276,Radiant Soothing Deodorant - 200ml,Health and beauty,59.33,92.36
SKU-11277,Radiant Oil-Free Serum - 200ml,Health and beauty,75.88,96.71
SKU-11278,FarmFresh Vegan Chocolate - 500ml,Food and beverages,10.62,13.69
SKU-11279,TechPro Wireless Webcam - Black,Electronic accessories,79.05,95.36
SKU-11280,Nova Fast-Charging Speaker - Silver,Electronic accessories,11.14,16.52
SKU-11281,Active Compact Tent - Red,Sports and travel,21.82,28.23
SKU-11282,Glow Oil-Free Shampoo - 100ml,Health and beauty,43.98,59.31
SKU-11283,Ultra Mini Speaker - Silver,Electronic accessories,145.07,201.57
SKU-11284,Nature's Crunchy Chocolate - 250g (V32),Food and beverages,11.19,13.12
SKU-11285,Premium Sweet Juice - 500g,Food and beverages,1.54,1.97
SKU-11286,Urban Glass Table Lamp - White,Home and lifestyle,64.59,92.35
SKU-11287,Velocity Ergonomic Backpack - Red,Sports and travel,79.65,123.91
SKU-11288,EcoLiving Stainless Steel Candle - White,Home and lifestyle,74.68,106.38
SKU-11289,Nature's Salted Green Tea - 500g,Food and beverages,11.77,14.01
SKU-11290,Aura Anti-Aging Deodorant - 100ml,Health and beauty,40.63,56.62
SKU-11291,Pulse Portable Speaker - Black,Electronic accessories,11.98,15.21
SKU-11292,Modern Glass Bed Sheets - White,Home and lifestyle,58.45,74.25
SKU-11293,Tasty Spicy Cookies - 500g (V73),Food and beverages,7.71,9.77
SKU-11294,Pure Organic Face Cream - 50ml,Health and beauty,32.99,48.14
SKU-11295,Essence Anti-Aging Lip Balm - 150g,Health and beauty,51.66,81.84
SKU-11296,Derma Organic Sunscreen - 100ml,Health and beauty,55.19,72.06
SKU-11297,Summit Ergonomic Jump Rope - Black,Sports and travel,65.26,100.37
SKU-11298,Pure Spicy Olive Oil - 1L (V52),Food and beverages,14.68,17.66
SKU-11299,Luxe Polarized Belt - Black,Fashion accessories,13.84,18.93
SKU-11300,Organic Roasted Olive Oil - 250g,Food and beverages,1.98,2.3
SKU-11301,Elite Polarized Gloves - Silver,Fashion accessories,34.57,54.6
SKU-11302,Classic Minimalist Wall Clock - Beige,Home and lifestyle,39.88,55.47
SKU-11303,Cozy Stainless Steel Cushion - Beige,Home and lifestyle,28.29,42.63
SKU-11304,Smart Slim Keyboard - Blue (V25),Electronic accessories,34.2,45.16
SKU-11305,Zen Minimalist Vase - Beige,Home and lifestyle,12.46,18.19
SKU-11306,Vital Organic Shampoo - 100ml,Health and beauty,79.79,106.66
SKU-11307,Luxe Vintage Backpack - Rose Gold,Fashion accessories,65.09,83.36
SKU-11308,EcoLiving Ceramic Coffee Mug - Grey,Home and lifestyle,17.65,23.32
SKU-11309,Glow Anti-Aging Conditioner - Travel Size,Health and beauty,17.84,23.12
SKU-11310,Motion Compact Sleeping Bag - Black,Sports and travel,5.6,8.09
SKU-11311,Clear Anti-Aging Conditioner - 50ml,Health and beauty,40.0,62.14
SKU-11312,Cyber Portable Adapter - White,Electronic accessories,92.3,122.11
SKU-11313,Vogue Canvas Backpack - Brown,Fashion accessories,35.02,51.36
SKU-11314,Peak Waterproof Yoga Mat - Grey,Sports and travel,64.84,101.92
SKU-11315,Vital Natural Lip Balm - 150g,Health and beauty,44.47,58.75
SKU-11316,ProFit Lightweight Backpack - Grey,Sports and travel,31.23,47.14
SKU-11317,Vogue Cotton Hat - Navy,Fashion accessories,49.62,62.65
SKU-11318,Velocity Lightweight Yoga Mat - Orange,Sports and travel,49.57,76.33
SKU-11319,Aura Hydrating Serum - 50ml,Health and beauty,29.88,40.96
SKU-11320,Pure Spicy Coffee Beans - Pack of 6 (V27),Food and beverages,3.81,4.49
SKU-11321,Trek Heavy-Duty Gym Bag - Red,Sports and travel,59.25,92.34
SKU-11322,Velocity Lightweight Sleeping Bag - Black,Sports and travel,74.83,116.09
SKU-11323,Glow Organic Body Lotion - Pack of 2,Health and beauty,26.72,42.51
SKU-11324,Classic Vintage Gloves - Black,Fashion accessories,44.75,56.38
SKU-11325,Daily Roasted Olive Oil - 250g,Food and beverages,16.09,19.7
SKU-11326,Essence Oil-Free Shampoo - 100ml,Health and beauty,73.56,104.35
SKU-11327,Pure Anti-Aging Deodorant - Travel Size,Health and beauty,75.55,119.13
SKU-11328,Aero Waterproof Tent - Orange,Sports and travel,43.44,59.54
SKU-11329,Urban Vintage Scarf - Black,Fashion accessories,26.02,39.07
SKU-11330,LuxeHome Ceramic Bed Sheets - White,Home and lifestyle,19.48,29.53
SKU-11331,Active Compact Resistance Bands - Grey,Sports and travel,58.55,92.66
SKU-11332,Radiant Oil-Free Deodorant - 100ml (V92),Health and beauty,45.14,59.02
SKU-11333,Active Breathable Yoga Mat - Grey,Sports and travel,51.09,75.06
SKU-11334,Luxe Denim Tie - Silver,Fashion accessories,28.77,39.22
SKU-11335,Pure Spicy Pasta - 250g,Food and beverages,18.62,22.75
SKU-11336,Derma Oil-Free Lip Balm - 150g,Health and beauty,51.66,66.96
SKU-11337,Pure Vitamin C Perfume - Travel Size,Health and beauty,78.74,104.5
SKU-11338,Cozy Ceramic Bed Sheets - Beige,Home and lifestyle,21.5,30.42
SKU-11339,Derma Natural Face Cream - Pack of 2,Health and beauty,59.02,79.34
SKU-11340,Radiant Organic Conditioner - 50ml,Health and beauty,11.57,17.17
SKU-11341,Zen Minimalist Storage Box - Beige,Home and lifestyle,65.82,96.8
SKU-11342,Retro Silk Wallet - Silver,Fashion accessories,71.81,113.01
SKU-11343,Chic Denim Wallet - Gold,Fashion accessories,41.35,65.41
SKU-11344,Peak Compact Tent - Grey,Sports and travel,41.65,66.03
SKU-11345,Velocity Ergonomic Jump Rope - Orange,Sports and travel,36.61,58.55
SKU-11346,Aero Durable Backpack - Neon Green,Sports and travel,14.58,19.33
SKU-11347,Glow Organic Lip Balm - Pack of 2,Health and beauty,71.48,98.18
SKU-11348,Retro Silk Tie - Brown,Fashion accessories,42.8,57.03
SKU-11349,Cyber Portable Mouse - Blue,Electronic accessories,116.93,169.57
SKU-11350,Active Waterproof Backpack - Neon Green,Sports and travel,59.67,79.66
SKU-11351,TechPro Wireless Cable - White,Electronic accessories,105.79,132.04
SKU-11352,HomeStyle Ceramic Picture Frame - Oak,Home and lifestyle,29.07,41.64
SKU-11353,Vogue Canvas Handbag - Rose Gold,Fashion accessories,77.97,103.84
SKU-11354,Cyber Wireless Earbuds - Blue,Electronic accessories,109.43,142.18
SKU-11355,Urban Leather Scarf - Black,Fashion accessories,27.6,41.82
SKU-11356,Golden Roasted Green Tea - Pack of 6,Food and beverages,4.79,6.04
SKU-11357,Urban Polarized Wallet - Gold,Fashion accessories,21.87,28.41
SKU-11358,Vital Hydrating Perfume - Pack of 2,Health and beauty,38.12,54.23
SKU-11359,Radiant Oil-Free Shampoo - Travel Size,Health and beauty,20.07,31.69
SKU-11360,Tasty Sweet Green Tea - 500ml,Food and beverages,11.95,15.0
SKU-11361,Pulse Mini Power Bank - Red,Electronic accessories,93.03,114.4
SKU-11362,Daily Salted Honey - 500ml,Food and beverages,18.97,22.96
SKU-11363,Pulse Wireless Speaker - Black,Electronic accessories,20.27,29.08
SKU-11364,Peak Waterproof Sleeping Bag - Blue,Sports and travel,16.08,21.56
SKU-11365,Organic Roasted Chocolate - 1Kg,Food and beverages,11.89,14.73
SKU-11366,Vital Natural Sunscreen - 50ml,Health and beauty,26.4,36.85
SKU-11367,Motion Waterproof Sleeping Bag - Neon Green,Sports and travel,76.47,100.38
SKU-11368,Tasty Vegan Almonds - 500ml,Food and beverages,18.05,22.09
SKU-11369,Organic Sweet Coffee Beans - 1L (V30),Food and beverages,6.07,7.7
SKU-11370,Giga Heavy Duty Charger - Silver,Electronic accessories,86.69,127.54
SKU-11371,Clear Vitamin C Lip Balm - 200ml,Health and beauty,49.36,69.17
SKU-11372,Organic Vegan Cereal - Pack of 6,Food and beverages,17.06,20.32
SKU-11373,TechPro Wireless Speaker - Blue,Electronic accessories,132.93,186.86
SKU-11374,Modern Ceramic Candle - Grey,Home and lifestyle,64.03,86.37
SKU-11375,Cozy Stainless Steel Wall Clock - Beige,Home and lifestyle,75.76,98.22
SKU-11376,Trendy Silk Scarf - Black,Fashion accessories,17.83,25.23
SKU-11377,Summit Durable Gym Bag - Blue,Sports and travel,79.19,103.78
SKU-11378,Motion Compact Tent - Orange,Sports and travel,26.72,37.42
SKU-11379,Glow Anti-Aging Serum - Pack of 2,Health and beauty,21.53,30.96
SKU-11380,Velocity Waterproof Backpack - Grey,Sports and travel,34.39,43.72
SKU-11381,Giga Heavy Duty Speaker - Grey,Electronic accessories,85.22,117.0
SKU-11382,Ultra Bluetooth Webcam - Blue,Electronic accessories,16.91,24.35
SKU-11383,HomeStyle Stainless Steel Table Lamp - Oak,Home and lifestyle,47.63,60.44
SKU-11384,Daily Sweet Green Tea - 250g,Food and beverages,15.07,18.69
SKU-11385,Trendy Denim Hat - Navy,Fashion accessories,57.75,73.15
SKU-11386,Nova Fast-Charging Earbuds - Blue,Electronic accessories,74.04,95.75
SKU-11387,Smart Bluetooth Earbuds - Blue,Electronic accessories,52.53,66.86
SKU-11388,Giga Slim Earbuds - Grey,Electronic accessories,137.97,205.96
SKU-11389,Urban Denim Handbag - Rose Gold,Fashion accessories,44.07,65.2
SKU-11390,Vogue Vintage Gloves - Navy,Fashion accessories,48.32,74.9
SKU-11391,Giga Portable Adapter - Blue,Electronic accessories,140.47,195.78
SKU-11392,HomeStyle Rustic Table Lamp - Beige,Home and lifestyle,29.59,39.58
SKU-11393,TechPro Heavy Duty Power Bank - Blue,Electronic accessories,100.67,122.98
SKU-11394,ProFit Durable Jump Rope - Orange,Sports and travel,78.72,117.54
SKU-11395,Pulse Portable Earbuds - Grey,Electronic accessories,92.64,115.62
SKU-11396,Zen Wooden Wall Clock - Oak,Home and lifestyle,42.14,66.82
SKU-11397,Active Lightweight Dumbbells - Black,Sports and travel,40.35,56.87
SKU-11398,Premium Sweet Green Tea - 1L,Food and beverages,5.33,6.77
SKU-11399,Trendy Vintage Gloves - Black,Fashion accessories,43.17,57.0
SKU-11400,Peak Ergonomic Jump Rope - Blue,Sports and travel,62.81,85.49
SKU-11401,Eco Mini Webcam - White,Electronic accessories,75.63,110.1
SKU-11402,FarmFresh Roasted Juice - 250g,Food and beverages,17.53,21.36
SKU-11403,Pulse Fast-Charging Speaker - Grey,Electronic accessories,12.2,17.16
SKU-11404,Ultra Heavy Duty Speaker - Blue,Electronic accessories,127.85,181.59
SKU-11405,Derma Natural Lip Balm - 50ml,Health and beauty,28.96,44.13
SKU-11406,Urban Ceramic Picture Frame - Grey,Home and lifestyle,10.54,16.85
SKU-11407,TechPro Portable Adapter - Blue,Electronic accessories,136.82,181.81
SKU-11408,Aero Lightweight Sleeping Bag - Grey,Sports and travel,22.7,32.46
SKU-11409,Pulse Portable Charger - White,Electronic accessories,53.69,68.64
SKU-11410,Cyber Bluetooth Headphones - Silver,Electronic accessories,36.71,51.72
SKU-11411,Eco Mini Keyboard - Silver,Electronic accessories,54.4,71.23
SKU-11412,Derma Hydrating Shampoo - 150g,Health and beauty,74.13,97.95
SKU-11413,Aura Oil-Free Face Cream - Pack of 2,Health and beauty,24.99,32.76
SKU-11414,FarmFresh Roasted Pasta - 500g,Food and beverages,11.13,13.84
SKU-11415,Elite Polarized Watch - Silver,Fashion accessories,38.95,52.93
SKU-11416,Velocity Durable Travel Pillow - Black,Sports and travel,77.64,101.83
SKU-11417,Clear Soothing Face Cream - Travel Size,Health and beauty,18.02,24.35
SKU-11418,Modern Ceramic Bed Sheets - Oak,Home and lifestyle,52.85,76.48
SKU-11419,Chic Denim Tie - Gold,Fashion accessories,39.41,49.92
SKU-11420,Smart Mini Headphones - Grey,Electronic accessories,19.61,24.24
SKU-11421,Radiant Vitamin C Face Cream - Travel Size,Health and beauty,59.44,78.81
SKU-11422,Ultra Slim Keyboard - Blue,Electronic accessories,145.78,217.39
SKU-11423,Vital Hydrating Serum - 100ml,Health and beauty,27.87,40.88
SKU-11424,Nova Slim Keyboard - Silver,Electronic accessories,119.76,178.53
SKU-11425,Tasty Roasted Almonds - 500ml,Food and beverages,14.51,17.63
SKU-11426,Trendy Canvas Belt - Gold,Fashion accessories,64.11,81.17
SKU-11427,Chic Vintage Handbag - Gold,Fashion accessories,7.67,10.58
SKU-11428,Motion Durable Dumbbells - Red,Sports and travel,33.61,53.0
SKU-11429,Clear Soothing Deodorant - Pack of 2,Health and beauty,74.44,118.82
SKU-11430,Glow Soothing Body Lotion - 100ml,Health and beauty,52.66,68.9
SKU-11431,Classic Canvas Gloves - Gold,Fashion accessories,7.13,9.99
SKU-11432,EcoLiving Rustic Towel Set - Clear,Home and lifestyle,32.12,44.52
SKU-11433,Cyber Slim Adapter - Silver,Electronic accessories,87.48,111.34
SKU-11434,Elite Cotton Hat - Navy,Fashion accessories,77.09,106.24
SKU-11435,Cyber Slim Speaker - Black,Electronic accessories,63.26,81.61
SKU-11436,HomeStyle Glass Table Lamp - Beige,Home and lifestyle,10.25,15.34
SKU-11437,Retro Denim Tie - Silver,Fashion accessories,37.77,53.24
SKU-11438,Eco Wireless Webcam - Grey,Electronic accessories,19.31,23.32
SKU-11439,Peak Compact Water Bottle - Blue,Sports and travel,76.55,97.38
SKU-11440,Urban Leather Handbag - Black,Fashion accessories,47.28,73.87
SKU-11441,Derma Organic Serum - 200ml,Health and beauty,9.73,14.13
SKU-11442,Retro Leather Belt - Navy,Fashion accessories,27.27,38.36
SKU-11443,Nature's Salted Cookies - 500ml,Food and beverages,12.03,14.88
SKU-11444,Vital Oil-Free Conditioner - 150g,Health and beauty,37.85,56.38
SKU-11445,Golden Spicy Coffee Beans - 250g,Food and beverages,9.92,11.89
SKU-11446,Peak Heavy-Duty Backpack - Grey,Sports and travel,34.48,54.68
SKU-11447,Retro Vintage Sunglasses - Brown,Fashion accessories,46.89,60.48
SKU-11448,Modern Glass Towel Set - Clear,Home and lifestyle,14.99,23.02
SKU-11449,Pulse Bluetooth Earbuds - Black,Electronic accessories,116.4,155.32
SKU-11450,Eco Portable Keyboard - Black,Electronic accessories,118.25,168.6
SKU-11451,Retro Cotton Gloves - Gold,Fashion accessories,79.39,124.88
SKU-11452,Modern Ceramic Picture Frame - Oak,Home and lifestyle,64.34,81.03
SKU-11453,Peak Breathable Dumbbells - Black,Sports and travel,37.12,52.49
SKU-11454,Nature's Crunchy Pasta - 500ml,Food and beverages,1.96,2.54
SKU-11455,Nature's Vegan Cereal - 250g,Food and beverages,1.59,2.0
SKU-11456,Peak Durable Water Bottle - Neon Green,Sports and travel,48.17,76.73
SKU-11457,HomeStyle Ceramic Vase - Black,Home and lifestyle,65.88,83.21
SKU-11458,Active Ergonomic Gym Bag - Orange,Sports and travel,58.0,87.13
SKU-11459,Clear Natural Deodorant - 200ml (V60),Health and beauty,50.01,65.88
SKU-11460,Golden Sweet Cereal - 1L,Food and beverages,18.28,22.4
SKU-11461,Trek Heavy-Duty Jump Rope - Neon Green,Sports and travel,52.91,70.25
SKU-11462,Aura Organic Sunscreen - 150g,Health and beauty,45.93,59.11
SKU-11463,Organic Roasted Green Tea - 500g,Food and beverages,8.73,11.04
SKU-11464,TechPro Portable Webcam - Grey,Electronic accessories,21.82,29.29
SKU-11465,Classic Polarized Sunglasses - Navy,Fashion accessories,41.76,63.23
SKU-11466,Smart Wireless Charger - Grey,Electronic accessories,71.21,95.37
SKU-11467,Trek Waterproof Gym Bag - Blue,Sports and travel,48.26,68.81
SKU-11468,Nova Wireless Keyboard - Black,Electronic accessories,124.16,178.27
SKU-11469,Urban Silk Tie - Rose Gold,Fashion accessories,32.25,45.77
SKU-11470,Retro Silk Wallet - Brown,Fashion accessories,10.56,16.87
SKU-11471,Tasty Spicy Cookies - 250g,Food and beverages,10.8,13.47
SKU-11472,Giga Heavy Duty Keyboard - Blue,Electronic accessories,134.64,174.12
SKU-11473,Velocity Durable Resistance Bands - Red,Sports and travel,24.57,34.12
SKU-11474,Trendy Silk Watch - Rose Gold,Fashion accessories,15.08,19.45
SKU-11475,Aura Anti-Aging Shampoo - Pack of 2,Health and beauty,55.49,87.4
SKU-11476,LuxeHome Stainless Steel Table Lamp - Clear (V42),Home and lifestyle,60.58,91.74
SKU-11477,Premium Gluten-Free Cereal - 500g,Food and beverages,7.12,9.22
SKU-11478,EcoLiving Rustic Table Lamp - Grey,Home and lifestyle,36.34,54.48
SKU-11479,Retro Denim Belt - Gold,Fashion accessories,38.25,49.89
SKU-11480,Nova Bluetooth Headphones - Black,Electronic accessories,79.93,99.64
SKU-11481,FarmFresh Gluten-Free Cookies - 1Kg,Food and beverages,1.42,1.84
SKU-11482,Pure Oil-Free Sunscreen - 150g,Health and beauty,39.18,54.26
SKU-11483,Nova Mini Webcam - Grey,Electronic accessories,43.62,60.92
SKU-11484,Cyber Bluetooth Headphones - Grey,Electronic accessories,67.94,85.89
SKU-11485,Urban Wooden Towel Set - Black,Home and lifestyle,44.6,69.48
SKU-11486,Active Waterproof Dumbbells - Grey,Sports and travel,70.45,96.66
SKU-11487,Glow Anti-Aging Lip Balm - 150g,Health and beauty,37.59,51.84
SKU-11488,Luxe Cotton Gloves - Rose Gold,Fashion accessories,12.98,16.7
SKU-11489,Trek Compact Water Bottle - Orange,Sports and travel,39.47,58.16
SKU-11490,Trek Heavy-Duty Gym Bag - Blue,Sports and travel,34.01,52.06
SKU-11491,Nature's Gluten-Free Cookies - 500g,Food and beverages,2.36,2.97
SKU-11492,Derma Anti-Aging Body Wash - 150g,Health and beauty,16.01,25.44
SKU-11493,Peak Breathable Resistance Bands - Blue,Sports and travel,71.49,92.96
SKU-11494,Giga Bluetooth Headphones - Silver (V62),Electronic accessories,147.58,214.42
SKU-11495,Tasty Spicy Honey - 1L,Food and beverages,19.37,22.86
SKU-11496,Trendy Denim Hat - Rose Gold,Fashion accessories,39.63,54.05
SKU-11497,Giga Slim Power Bank - Red,Electronic accessories,13.57,19.52
SKU-11498,Daily Crunchy Olive Oil - 500g (V41),Food and beverages,1.21,1.43
SKU-11499,Pulse Slim Earbuds - Blue,Electronic accessories,45.0,65.94
SKU-11500,Tasty Roasted Honey - Pack of 6,Food and beverages,17.59,22.36
SKU-11501,Classic Polarized Handbag - Gold,Fashion accessories,37.78,52.87
SKU-11502,Active Waterproof Travel Pillow - Blue,Sports and travel,34.63,55.25
SKU-11503,Trendy Polarized Backpack - Rose Gold,Fashion accessories,29.44,44.5
SKU-11504,Organic Salted Honey - Pack of 6,Food and beverages,17.85,21.45
SKU-11505,Pulse Portable Headphones - Grey,Electronic accessories,114.32,143.42
SKU-11506,Radiant Hydrating Conditioner - 200ml,Health and beauty,21.22,29.19
SKU-11507,Organic Spicy Almonds - 1Kg,Food and beverages,18.37,21.4
SKU-11508,Classic Silk Gloves - Gold,Fashion accessories,23.16,36.67
SKU-11509,Smart Heavy Duty Headphones - Grey,Electronic accessories,145.37,207.02
SKU-11510,Elite Vintage Watch - Gold,Fashion accessories,44.83,69.34
SKU-11511,Trek Breathable Yoga Mat - Black,Sports and travel,67.89,101.41
SKU-11512,Vogue Canvas Handbag - Silver,Fashion accessories,40.0,55.42
SKU-11513,Ultra Portable Power Bank - Silver,Electronic accessories,23.26,29.71
SKU-11514,Trendy Canvas Wallet - Silver,Fashion accessories,28.22,37.45
SKU-11515,Essence Oil-Free Face Cream - 150g,Health and beauty,45.02,67.77
SKU-11516,Urban Rustic Picture Frame - White,Home and lifestyle,52.12,67.89
SKU-11517,Radiant Natural Perfume - Travel Size,Health and beauty,47.58,62.99
SKU-11518,EcoLiving Wooden Bed Sheets - Beige,Home and lifestyle,76.25,120.85
SKU-11519,Pulse Wireless Webcam - White,Electronic accessories,106.64,153.32
SKU-11520,Giga Bluetooth Charger - Grey,Electronic accessories,114.96,166.07
SKU-11521,Essence Natural Deodorant - 100ml,Health and beauty,38.36,60.01
SKU-11522,Golden Gluten-Free Chocolate - 1Kg (V73),Food and beverages,6.86,8.27
SKU-11523,HomeStyle Stainless Steel Cushion - White,Home and lifestyle,56.07,89.07
SKU-11524,Elite Canvas Tie - Rose Gold (V23),Fashion accessories,5.09,7.62
SKU-11525,Summit Heavy-Duty Water Bottle - Blue,Sports and travel,75.43,98.77
SKU-11526,Vogue Leather Belt - Rose Gold,Fashion accessories,14.82,23.62
SKU-11527,Zen Rustic Wall Clock - Clear,Home and lifestyle,40.88,52.52
SKU-11528,Vital Oil-Free Deodorant - 100ml,Health and beauty,17.54,23.09
SKU-11529,Glow Hydrating Body Wash - 50ml (V42),Health and beauty,48.61,65.52
SKU-11530,Cyber Wireless Webcam - Silver,Electronic accessories,15.82,21.22
SKU-11531,Tasty Roasted Pasta - 500g,Food and beverages,2.52,3.02
SKU-11532,Motion Waterproof Tent - Neon Green,Sports and travel,27.58,40.54
SKU-11533,Summit Heavy-Duty Sleeping Bag - Orange,Sports and travel,33.88,49.08
SKU-11534,Pure Spicy Pasta - 500ml,Food and beverages,9.08,11.38
SKU-11535,Golden Roasted Chocolate - Pack of 6,Food and beverages,3.74,4.84
SKU-11536,Peak Lightweight Travel Pillow - Blue,Sports and travel,68.68,88.26
SKU-11537,TechPro Bluetooth Earbuds - Black,Electronic accessories,62.64,87.88
SKU-11538,Derma Oil-Free Serum - 200ml,Health and beauty,33.56,50.62
SKU-11539,Urban Ceramic Bed Sheets - Grey (V72),Home and lifestyle,63.71,90.68
SKU-11540,Essence Oil-Free Face Cream - Travel Size (V32),Health and beauty,18.47,26.76
SKU-11541,Summit Durable Tent - Blue,Sports and travel,77.18,121.66
SKU-11542,Derma Natural Lip Balm - Pack of 2,Health and beauty,70.28,104.25
SKU-11543,Elite Canvas Watch - Brown (V18),Fashion accessories,29.85,44.1
SKU-11544,HomeStyle Rustic Candle - Grey,Home and lifestyle,23.28,34.27
SKU-11545,LuxeHome Glass Table Lamp - Grey,Home and lifestyle,63.84,90.99
SKU-11546,Zen Stainless Steel Towel Set - Grey,Home and lifestyle,33.13,52.77
SKU-11547,TechPro Portable Webcam - Grey (V58),Electronic accessories,81.41,109.21
SKU-11548,TechPro Wireless Adapter - Red,Electronic accessories,17.85,25.55
SKU-11549,Pulse Portable Headphones - Black,Electronic accessories,121.63,171.45
SKU-11550,Essence Vitamin C Body Lotion - 200ml (V61),Health and beauty,75.94,102.93
SKU-11551,Elite Polarized Belt - Rose Gold,Fashion accessories,8.79,13.6
SKU-11552,Cyber Heavy Duty Mouse - Black,Electronic accessories,81.53,120.08
SKU-11553,Retro Leather Tie - Silver,Fashion accessories,66.14,100.03
SKU-11554,Trek Ergonomic Yoga Mat - Neon Green,Sports and travel,60.53,95.82
SKU-11555,Aura Vitamin C Face Cream - 100ml,Health and beauty,22.42,28.31
SKU-11556,Vogue Vintage Hat - Brown,Fashion accessories,6.43,8.76
SKU-11557,Organic Spicy Cereal - 1Kg,Food and beverages,13.54,16.32
SKU-11558,HomeStyle Minimalist Picture Frame - Beige,Home and lifestyle,27.09,40.32
SKU-11559,Giga Heavy Duty Keyboard - Blue (V18),Electronic accessories,73.73,96.31
SKU-11560,Modern Rustic Vase - Beige,Home and lifestyle,37.23,53.41
SKU-11561,Modern Glass Coffee Mug - Clear,Home and lifestyle,70.33,110.5
SKU-11562,Pure Spicy Honey - 500ml,Food and beverages,8.8,10.93
SKU-11563,Ultra Wireless Adapter - Grey,Electronic accessories,38.29,53.95
SKU-11564,Tasty Sweet Olive Oil - 500ml,Food and beverages,18.45,22.25
SKU-11565,Classic Polarized Tie - Brown,Fashion accessories,71.24,109.81
SKU-11566,Pure Oil-Free Lip Balm - 150g,Health and beauty,60.22,82.84
SKU-11567,Classic Stainless Steel Bed Sheets - Clear,Home and lifestyle,46.99,59.68
SKU-11568,Motion Heavy-Duty Resistance Bands - Black,Sports and travel,68.15,87.36
SKU-11569,FarmFresh Roasted Juice - 1L,Food and beverages,19.23,23.5
SKU-11570,Clear Vitamin C Body Wash - 50ml,Health and beauty,40.44,55.49
SKU-11571,FarmFresh Spicy Juice - 500ml,Food and beverages,7.23,9.18
SKU-11572,Pulse Mini Webcam - Silver (V75),Electronic accessories,85.18,115.22
SKU-11573,HomeStyle Glass Cushion - Clear,Home and lifestyle,27.61,42.76
SKU-11574,Organic Vegan Chocolate - 500g,Food and beverages,4.74,6.09
SKU-11575,Aura Natural Conditioner - 150g,Health and beauty,75.34,100.31
SKU-11576,Pure Natural Deodorant - 100ml,Health and beauty,25.89,39.67
SKU-11577,HomeStyle Wooden Vase - Black,Home and lifestyle,65.45,104.45
SKU-11578,Motion Lightweight Water Bottle - Red,Sports and travel,33.64,50.92
SKU-11579,Trendy Silk Backpack - Brown,Fashion accessories,77.46,123.32
SKU-11580,Classic Wooden Vase - Black,Home and lifestyle,21.06,31.72
SKU-11581,Aura Natural Body Wash - 200ml,Health and beauty,44.49,69.21
SKU-11582,Organic Sweet Cookies - 1Kg,Food and beverages,17.22,21.36
SKU-11583,Clear Soothing Face Cream - 50ml,Health and beauty,71.28,107.86
SKU-11584,Trek Lightweight Jump Rope - Black,Sports and travel,47.86,63.54
SKU-11585,Urban Cotton Bed Sheets - Clear (V87),Home and lifestyle,58.52,86.11
SKU-11586,Nova Portable Charger - Red,Electronic accessories,133.17,189.77
SKU-11587,Cozy Glass Coffee Mug - Beige,Home and lifestyle,36.43,47.2
SKU-11588,LuxeHome Minimalist Table Lamp - Beige,Home and lifestyle,73.85,106.83
SKU-11589,Eco Heavy Duty Adapter - Black,Electronic accessories,43.24,63.64
SKU-11590,Classic Cotton Table Lamp - Clear,Home and lifestyle,27.6,42.88
SKU-11591,Organic Roasted Almonds - 500ml (V59),Food and beverages,13.91,16.14
SKU-11592,Organic Gluten-Free Almonds - Pack of 6,Food and beverages,12.47,15.05
SKU-11593,Organic Sweet Almonds - 500g,Food and beverages,12.62,16.3
SKU-11594,Aura Anti-Aging Conditioner - Pack of 2 (V28),Health and beauty,25.34,34.61
SKU-11595,Luxe Denim Sunglasses - Silver,Fashion accessories,16.86,21.85
SKU-11596,Essence Anti-Aging Lip Balm - 150g (V72),Health and beauty,45.41,58.84
SKU-11597,Glow Vitamin C Perfume - 100ml,Health and beauty,67.51,85.72
SKU-11598,Nova Bluetooth Speaker - Grey,Electronic accessories,33.0,41.81
SKU-11599,Nova Wireless Headphones - Red (V27),Electronic accessories,106.9,142.76
SKU-11600,Elite Leather Wallet - Gold,Fashion accessories,76.06,100.08
SKU-11601,Derma Organic Conditioner - 100ml,Health and beauty,35.21,50.35
SKU-11602,LuxeHome Ceramic Picture Frame - Clear,Home and lifestyle,73.77,105.85
SKU-11603,Classic Cotton Watch - Brown,Fashion accessories,25.53,31.97
SKU-11604,Classic Silk Gloves - Brown,Fashion accessories,79.99,112.0
SKU-11605,Classic Glass Table Lamp - Black,Home and lifestyle,79.78,118.92
SKU-11606,Golden Salted Olive Oil - 250g,Food and beverages,19.43,23.11
SKU-11607,Urban Wooden Vase - Black,Home and lifestyle,18.08,28.5
SKU-11608,Modern Rustic Vase - Beige (V97),Home and lifestyle,69.99,109.11
SKU-11609,Derma Hydrating Serum - 100ml (V99),Health and beauty,63.24,83.34
SKU-11610,Urban Leather Backpack - Navy,Fashion accessories,48.54,67.36
SKU-11611,Clear Vitamin C Deodorant - 150g (V33),Health and beauty,53.62,78.64
SKU-11612,Radiant Anti-Aging Perfume - 100ml,Health and beauty,45.45,72.39
SKU-11613,Derma Oil-Free Shampoo - 150g,Health and beauty,16.34,22.92
SKU-11614,Classic Wooden Storage Box - Oak,Home and lifestyle,29.63,43.18
SKU-11615,Pure Vitamin C Lip Balm - 150g,Health and beauty,57.3,84.12
SKU-11616,Trendy Cotton Backpack - Rose Gold,Fashion accessories,75.82,115.81
SKU-11617,Retro Leather Backpack - Navy,Fashion accessories,16.95,25.84
SKU-11618,Modern Glass Coffee Mug - Beige,Home and lifestyle,10.53,14.36
SKU-11619,Peak Lightweight Tent - Blue,Sports and travel,7.75,10.09
SKU-11620,Giga Heavy Duty Earbuds - Blue,Electronic accessories,141.17,203.71
SKU-11621,Modern Wooden Vase - Beige,Home and lifestyle,63.24,100.76
SKU-11622,Vogue Vintage Backpack - Rose Gold,Fashion accessories,54.05,74.82
SKU-11623,FarmFresh Crunchy Cookies - Pack of 6,Food and beverages,10.42,12.34
SKU-11624,Active Heavy-Duty Backpack - Red,Sports and travel,76.89,118.51
SKU-11625,ProFit Heavy-Duty Yoga Mat - Neon Green,Sports and travel,54.64,79.43
SKU-11626,Giga Portable Headphones - Silver,Electronic accessories,27.63,34.15
SKU-11627,Cozy Stainless Steel Bed Sheets - Beige,Home and lifestyle,41.24,64.07
SKU-11628,Cozy Minimalist Towel Set - White,Home and lifestyle,69.42,109.47
SKU-11629,Aero Compact Resistance Bands - Red,Sports and travel,28.07,35.81
SKU-11630,Premium Roasted Honey - 500ml,Food and beverages,1.88,2.18
SKU-11631,Trendy Denim Handbag - Brown,Fashion accessories,11.28,16.8
SKU-11632,Classic Wooden Coffee Mug - Grey,Home and lifestyle,72.25,105.25
SKU-11633,Pure Natural Body Wash - Pack of 2,Health and beauty,6.92,10.09
SKU-11634,ProFit Durable Backpack - Blue,Sports and travel,29.72,43.32
SKU-11635,Daily Salted Cereal - 500ml,Food and beverages,14.33,18.36
SKU-11636,ProFit Waterproof Tent - Neon Green,Sports and travel,69.85,100.65
SKU-11637,Velocity Ergonomic Jump Rope - Black,Sports and travel,15.75,21.44
SKU-11638,Motion Compact Sleeping Bag - Orange,Sports and travel,44.17,55.22
SKU-11639,Active Ergonomic Sleeping Bag - Grey,Sports and travel,23.63,29.75
SKU-11640,Smart Fast-Charging Power Bank - White,Electronic accessories,132.37,174.41
SKU-11641,Pulse Fast-Charging Speaker - Red,Electronic accessories,87.49,118.37
SKU-11642,Classic Wooden Coffee Mug - Clear,Home and lifestyle,65.81,92.66
SKU-11643,Derma Oil-Free Perfume - 150g,Health and beauty,63.36,82.56
SKU-11644,Urban Cotton Picture Frame - Beige,Home and lifestyle,60.05,76.93
SKU-11645,Glow Anti-Aging Conditioner - 150g,Health and beauty,24.29,37.95
SKU-11646,Velocity Waterproof Yoga Mat - Orange,Sports and travel,36.87,54.61
SKU-11647,LuxeHome Glass Bed Sheets - White,Home and lifestyle,11.08,14.36
SKU-11648,Trek Heavy-Duty Water Bottle - Blue,Sports and travel,6.43,8.05
SKU-11649,Summit Ergonomic Resistance Bands - Orange,Sports and travel,53.5,83.7
SKU-11650,Ultra Wireless Adapter - Black,Electronic accessories,44.79,63.21
SKU-11651,Luxe Cotton Backpack - Black,Fashion accessories,27.69,41.43
SKU-11652,Retro Denim Tie - Navy,Fashion accessories,66.87,94.85
SKU-11653,Classic Stainless Steel Wall Clock - Beige,Home and lifestyle,46.08,69.74
SKU-11654,Golden Spicy Honey - 250g,Food and beverages,1.14,1.48
SKU-11655,Trendy Polarized Hat - Brown,Fashion accessories,46.9,68.76
SKU-11656,ProFit Waterproof Jump Rope - Blue,Sports and travel,43.3,59.04
SKU-11657,Tasty Roasted Almonds - 500ml (V44),Food and beverages,1.68,2.01
SKU-11658,EcoLiving Minimalist Bed Sheets - White,Home and lifestyle,8.55,13.41
SKU-11659,Motion Heavy-Duty Jump Rope - Blue,Sports and travel,34.6,50.63
SKU-11660,Glow Hydrating Perfume - Pack of 2,Health and beauty,11.94,15.8
SKU-11661,Vital Anti-Aging Perfume - 150g,Health and beauty,62.47,82.1
SKU-11662,Urban Silk Tie - Black,Fashion accessories,33.87,50.86
SKU-11663,TechPro Mini Headphones - White,Electronic accessories,15.13,21.78
SKU-11664,Daily Roasted Almonds - 1Kg,Food and beverages,2.05,2.66
SKU-11665,Trendy Silk Handbag - Navy,Fashion accessories,8.28,12.31
SKU-11666,Premium Crunchy Cereal - 250g,Food and beverages,8.3,10.37
SKU-11667,Aero Compact Gym Bag - Red,Sports and travel,66.79,88.85
SKU-11668,Radiant Hydrating Body Wash - Pack of 2,Health and beauty,26.53,39.68
SKU-11669,Tasty Vegan Cereal - 500ml,Food and beverages,4.09,4.75
SKU-11670,Cozy Cotton Table Lamp - White,Home and lifestyle,29.62,39.3
SKU-11671,Glow Natural Body Lotion - 100ml,Health and beauty,35.75,53.16
SKU-11672,LuxeHome Cotton Picture Frame - White,Home and lifestyle,15.9,21.78
SKU-11673,Organic Salted Pasta - 1L,Food and beverages,10.45,13.4
SKU-11674,Giga Mini Speaker - Silver,Electronic accessories,41.42,50.83
SKU-11675,Giga Fast-Charging Earbuds - Red,Electronic accessories,56.29,74.34
SKU-11676,Organic Vegan Coffee Beans - 1Kg,Food and beverages,10.07,11.85
SKU-11677,Cozy Rustic Storage Box - Black,Home and lifestyle,31.09,45.8
SKU-11678,Eco Mini Charger - White,Electronic accessories,76.28,102.25
SKU-11679,Vital Natural Body Wash - Travel Size (V10),Health and beauty,26.84,37.99
SKU-11680,Eco Slim Charger - White,Electronic accessories,33.11,43.59
SKU-11681,Retro Silk Handbag - Rose Gold,Fashion accessories,58.42,73.43
SKU-11682,Classic Vintage Sunglasses - Rose Gold,Fashion accessories,39.34,61.43
SKU-11683,Glow Vitamin C Body Wash - Travel Size,Health and beauty,26.19,33.56
SKU-11684,HomeStyle Cotton Towel Set - Oak,Home and lifestyle,57.33,86.86
SKU-11685,Vital Vitamin C Body Wash - Travel Size,Health and beauty,20.51,32.55
SKU-11686,ProFit Lightweight Travel Pillow - Black,Sports and travel,16.52,22.54
SKU-11687,Giga Mini Webcam - Black,Electronic accessories,121.55,178.35
SKU-11688,Velocity Ergonomic Dumbbells - Neon Green,Sports and travel,36.31,49.62
SKU-11689,Trek Breathable Travel Pillow - Red,Sports and travel,26.16,33.1
SKU-11690,EcoLiving Cotton Vase - White (V83),Home and lifestyle,17.64,28.2
SKU-11691,Cozy Minimalist Coffee Mug - Beige (V3),Home and lifestyle,54.52,79.53
SKU-11692,Tasty Salted Almonds - 500g,Food and beverages,19.39,24.06
SKU-11693,Essence Hydrating Lip Balm - Travel Size,Health and beauty,31.62,49.09
SKU-11694,Zen Glass Coffee Mug - Clear,Home and lifestyle,56.68,75.55
SKU-11695,Urban Canvas Wallet - Brown,Fashion accessories,53.76,77.25
SKU-11696,Eco Bluetooth Charger - White,Electronic accessories,33.76,40.92
SKU-11697,Tasty Vegan Chocolate - Pack of 6,Food and beverages,11.92,15.34
SKU-11698,Golden Spicy Coffee Beans - 1Kg,Food and beverages,17.99,20.84
SKU-11699,Nature's Gluten-Free Chocolate - 1L,Food and beverages,8.72,10.65
SKU-11700,Ultra Slim Earbuds - Grey (V75),Electronic accessories,149.3,192.24
SKU-11701,Peak Waterproof Travel Pillow - Orange (V29),Sports and travel,42.71,65.21
SKU-11702,EcoLiving Stainless Steel Table Lamp - Clear,Home and lifestyle,55.96,83.63
SKU-11703,ProFit Lightweight Tent - Black,Sports and travel,5.73,7.42
SKU-11704,Derma Anti-Aging Body Wash - Pack of 2,Health and beauty,53.44,74.0
SKU-11705,Modern Ceramic Wall Clock - Oak,Home and lifestyle,61.02,96.42
SKU-11706,Urban Polarized Backpack - Brown,Fashion accessories,39.67,56.01
SKU-11707,Clear Oil-Free Face Cream - Pack of 2,Health and beauty,57.5,91.07
SKU-11708,Radiant Oil-Free Body Wash - Travel Size,Health and beauty,15.78,23.28
SKU-11709,Aura Anti-Aging Sunscreen - Travel Size,Health and beauty,67.46,103.08
SKU-11710,Retro Denim Handbag - Gold,Fashion accessories,33.15,46.4
SKU-11711,Summit Waterproof Yoga Mat - Grey,Sports and travel,50.83,69.88
SKU-11712,Golden Spicy Coffee Beans - 1Kg (V92),Food and beverages,19.47,24.05
SKU-11713,Chic Polarized Backpack - Rose Gold,Fashion accessories,27.01,34.91
SKU-11714,Motion Durable Tent - Grey,Sports and travel,7.6,10.77
SKU-11715,Derma Anti-Aging Body Lotion - Travel Size,Health and beauty,20.01,29.88
SKU-11716,Classic Vintage Watch - Rose Gold,Fashion accessories,10.19,15.71
SKU-11717,Pure Hydrating Conditioner - 50ml,Health and beauty,77.7,109.65
SKU-11718,Zen Stainless Steel Table Lamp - Black (V72),Home and lifestyle,30.93,41.18
SKU-11719,ProFit Compact Water Bottle - Red,Sports and travel,54.93,79.8
SKU-11720,Zen Rustic Towel Set - Clear,Home and lifestyle,65.42,92.99
SKU-11721,Cozy Stainless Steel Candle - Beige,Home and lifestyle,49.09,63.42
SKU-11722,Clear Vitamin C Shampoo - 50ml,Health and beauty,32.61,51.5
SKU-11723,Peak Ergonomic Dumbbells - Orange,Sports and travel,16.09,23.49
SKU-11724,Nature's Crunchy Chocolate - 1Kg,Food and beverages,5.51,6.86
SKU-11725,Tasty Crunchy Cereal - 1Kg,Food and beverages,4.12,5.22
SKU-11726,LuxeHome Rustic Picture Frame - Oak,Home and lifestyle,34.8,54.86
SKU-11727,HomeStyle Minimalist Picture Frame - Grey,Home and lifestyle,61.46,84.04
SKU-11728,Vital Soothing Face Cream - 100ml,Health and beauty,11.41,14.89
SKU-11729,Tasty Vegan Olive Oil - 500ml,Food and beverages,14.83,17.87
SKU-11730,Daily Roasted Honey - 1Kg,Food and beverages,8.42,10.36
SKU-11731,Tasty Salted Pasta - Pack of 6,Food and beverages,3.55,4.39
SKU-11732,Glow Soothing Body Wash - 50ml (V70),Health and beauty,46.26,64.2
SKU-11733,Summit Lightweight Dumbbells - Neon Green,Sports and travel,62.43,95.78
SKU-11734,Chic Silk Sunglasses - Brown,Fashion accessories,63.35,88.35
SKU-11735,EcoLiving Cotton Coffee Mug - Grey,Home and lifestyle,25.37,37.7
SKU-11736,Pulse Slim Webcam - Red,Electronic accessories,105.73,136.58
SKU-11737,Trendy Silk Backpack - Gold,Fashion accessories,16.45,20.75
SKU-11738,Essence Anti-Aging Deodorant - 100ml,Health and beauty,62.0,94.09
SKU-11739,Zen Wooden Table Lamp - Grey,Home and lifestyle,38.21,49.38
SKU-11740,Smart Heavy Duty Earbuds - White,Electronic accessories,47.63,66.76
SKU-11741,Glow Vitamin C Body Wash - 50ml,Health and beauty,67.53,94.86
SKU-11742,Ultra Fast-Charging Headphones - Blue,Electronic accessories,65.16,89.0
SKU-11743,Modern Cotton Wall Clock - Oak,Home and lifestyle,43.61,55.26
SKU-11744,Peak Lightweight Sleeping Bag - Neon Green,Sports and travel,5.22,8.16
SKU-11745,Derma Hydrating Body Lotion - 100ml,Health and beauty,16.95,26.21
SKU-11746,Trek Compact Water Bottle - Black,Sports and travel,57.37,82.91
SKU-11747,Active Breathable Resistance Bands - Blue,Sports and travel,55.13,80.05
SKU-11748,Radiant Soothing Sunscreen - 200ml,Health and beauty,40.84,51.85
SKU-11749,Aero Ergonomic Backpack - Grey,Sports and travel,22.53,29.82
SKU-11750,Active Breathable Yoga Mat - Grey (V98),Sports and travel,24.37,38.95
SKU-11751,HomeStyle Ceramic Table Lamp - White,Home and lifestyle,35.43,47.99
SKU-11752,Trek Breathable Backpack - Blue,Sports and travel,11.02,14.56
SKU-11753,ProFit Durable Travel Pillow - Grey,Sports and travel,73.29,110.51
SKU-11754,Urban Glass Bed Sheets - Oak,Home and lifestyle,72.24,115.1
SKU-11755,Nova Wireless Power Bank - White,Electronic accessories,122.84,147.58
SKU-11756,Luxe Silk Belt - Brown,Fashion accessories,77.47,123.72
SKU-11757,Pure Sweet Chocolate - 500g (V11),Food and beverages,9.31,11.06
SKU-11758,Pure Anti-Aging Perfume - 50ml,Health and beauty,51.62,76.83
SKU-11759,LuxeHome Glass Bed Sheets - Beige,Home and lifestyle,40.46,58.21
SKU-11760,Summit Heavy-Duty Backpack - Black,Sports and travel,54.19,71.83
SKU-11761,Retro Polarized Watch - Silver,Fashion accessories,54.28,80.84
SKU-11762,Active Heavy-Duty Water Bottle - Blue (V99),Sports and travel,29.02,38.38
SKU-11763,EcoLiving Cotton Cushion - Black,Home and lifestyle,72.14,106.64
SKU-11764,Vital Organic Conditioner - 50ml,Health and beauty,19.87,26.56
SKU-11765,Cozy Minimalist Candle - Clear,Home and lifestyle,71.32,110.51
SKU-11766,Classic Wooden Towel Set - Clear,Home and lifestyle,47.39,64.91
SKU-11767,Luxe Polarized Watch - Navy,Fashion accessories,65.72,86.01
SKU-11768,Aero Breathable Travel Pillow - Blue,Sports and travel,20.33,27.91
SKU-11769,Nature's Roasted Pasta - 250g,Food and beverages,14.45,18.19
SKU-11770,Smart Bluetooth Charger - Blue,Electronic accessories,111.33,141.62
SKU-11771,Urban Glass Vase - Beige,Home and lifestyle,33.6,50.17
SKU-11772,Daily Vegan Green Tea - 500ml,Food and beverages,7.38,9.17
SKU-11773,Urban Minimalist Picture Frame - Grey,Home and lifestyle,10.43,15.48
SKU-11774,Cozy Cotton Storage Box - Grey,Home and lifestyle,24.11,35.36
SKU-11775,Vogue Silk Tie - Silver,Fashion accessories,15.97,22.9
SKU-11776,Radiant Hydrating Deodorant - 200ml,Health and beauty,67.16,93.36
SKU-11777,FarmFresh Vegan Almonds - 250g,Food and beverages,15.96,18.79
SKU-11778,Luxe Denim Backpack - Silver,Fashion accessories,58.69,85.84
SKU-11779,Urban Leather Tie - Rose Gold,Fashion accessories,24.41,32.16
SKU-11780,Chic Denim Handbag - Silver,Fashion accessories,76.04,110.08
SKU-11781,Nova Bluetooth Earbuds - Red,Electronic accessories,106.09,129.48
SKU-11782,Velocity Waterproof Dumbbells - Red,Sports and travel,5.77,7.74
SKU-11783,LuxeHome Rustic Table Lamp - Grey,Home and lifestyle,25.46,38.2
SKU-11784,Clear Hydrating Serum - 50ml,Health and beauty,34.9,48.1
SKU-11785,Nature's Salted Honey - 1L,Food and beverages,7.99,9.31
SKU-11786,Clear Vitamin C Body Lotion - Travel Size,Health and beauty,47.56,73.51
SKU-11787,Glow Organic Serum - 100ml,Health and beauty,52.24,73.82
SKU-11788,Cozy Rustic Storage Box - Grey,Home and lifestyle,74.48,114.59
SKU-11789,Pure Soothing Body Wash - 200ml,Health and beauty,52.76,82.47
SKU-11790,Nova Mini Keyboard - Red,Electronic accessories,75.66,95.23
SKU-11791,Organic Gluten-Free Cookies - 250g,Food and beverages,16.29,20.43
SKU-11792,Chic Polarized Tie - Silver,Fashion accessories,62.31,99.36
SKU-11793,Organic Gluten-Free Cookies - 250g (V84),Food and beverages,13.9,17.92
SKU-11794,Classic Denim Hat - Rose Gold,Fashion accessories,39.96,58.57
SKU-11795,Peak Durable Jump Rope - Red,Sports and travel,13.98,21.87
SKU-11796,Summit Heavy-Duty Dumbbells - Black (V35),Sports and travel,10.81,15.52
SKU-11797,Vital Anti-Aging Conditioner - Travel Size,Health and beauty,54.96,82.71
SKU-11798,Summit Durable Sleeping Bag - Grey,Sports and travel,16.02,24.71
SKU-11799,Urban Silk Gloves - Navy,Fashion accessories,65.87,104.09
SKU-11800,LuxeHome Cotton Wall Clock - Oak,Home and lifestyle,46.85,60.38
SKU-11801,Premium Crunchy Green Tea - 1Kg,Food and beverages,19.04,24.16
SKU-11802,Tasty Salted Almonds - 250g,Food and beverages,7.75,9.19
SKU-11803,Vogue Polarized Gloves - Silver,Fashion accessories,10.08,13.02
SKU-11804,Tasty Vegan Coffee Beans - Pack of 6,Food and beverages,3.75,4.65
SKU-11805,HomeStyle Glass Vase - Oak,Home and lifestyle,41.73,53.6
SKU-11806,FarmFresh Roasted Chocolate - Pack of 6,Food and beverages,11.89,13.68
SKU-11807,Daily Sweet Olive Oil - 500ml,Food and beverages,8.85,11.5
SKU-11808,Vital Anti-Aging Sunscreen - 50ml,Health and beauty,39.49,54.69
SKU-11809,Vital Anti-Aging Deodorant - 50ml,Health and beauty,74.48,106.3
SKU-11810,Derma Vitamin C Deodorant - 150g,Health and beauty,42.05,64.1
SKU-11811,Zen Cotton Cushion - White,Home and lifestyle,25.3,32.76
SKU-11812,Classic Wooden Vase - Black (V59),Home and lifestyle,48.01,66.91
SKU-11813,Peak Durable Jump Rope - Blue,Sports and travel,41.87,59.5
SKU-11814,Aero Compact Water Bottle - Blue,Sports and travel,65.31,92.75
SKU-11815,Modern Glass Wall Clock - Black,Home and lifestyle,76.14,116.03
SKU-11816,Peak Compact Yoga Mat - Orange (V58),Sports and travel,66.04,98.91
SKU-11817,Velocity Heavy-Duty Tent - Black,Sports and travel,65.0,94.54
SKU-11818,Golden Salted Honey - 1L,Food and beverages,17.89,22.29
SKU-11819,Golden Spicy Olive Oil - 1Kg (V77),Food and beverages,8.05,9.92
SKU-11820,Nova Bluetooth Adapter - Silver (V32),Electronic accessories,34.77,50.75
SKU-11821,Trendy Cotton Backpack - Silver,Fashion accessories,16.7,23.63
SKU-11822,Active Waterproof Travel Pillow - Orange,Sports and travel,15.21,19.17
SKU-11823,Motion Waterproof Backpack - Neon Green (V98),Sports and travel,12.66,16.63
SKU-11824,Eco Portable Cable - Blue,Electronic accessories,10.66,13.93
SKU-11825,Summit Lightweight Backpack - Black,Sports and travel,68.0,90.27
SKU-11826,Active Compact Sleeping Bag - Neon Green,Sports and travel,47.55,65.24
SKU-11827,Elite Silk Backpack - Black (V13),Fashion accessories,33.48,46.32
SKU-11828,Cyber Portable Headphones - White (V31),Electronic accessories,39.71,52.62
SKU-11829,Urban Cotton Candle - Grey,Home and lifestyle,45.44,71.18
SKU-11830,Retro Vintage Backpack - Brown,Fashion accessories,32.63,49.08
SKU-11831,LuxeHome Wooden Coffee Mug - Beige,Home and lifestyle,28.73,36.36
SKU-11832,Retro Silk Tie - Brown (V87),Fashion accessories,47.06,67.16
SKU-11833,LuxeHome Rustic Cushion - Grey,Home and lifestyle,41.33,52.95
SKU-11834,Classic Glass Cushion - Beige,Home and lifestyle,68.93,91.79
SKU-11835,ProFit Breathable Travel Pillow - Orange,Sports and travel,55.07,74.59
SKU-11836,Classic Leather Tie - Brown,Fashion accessories,60.05,79.72
SKU-11837,Daily Salted Cereal - 500g,Food and beverages,2.06,2.43
SKU-11838,Aero Heavy-Duty Travel Pillow - Neon Green,Sports and travel,55.78,75.7
SKU-11839,Smart Wireless Speaker - Blue,Electronic accessories,126.06,174.69
SKU-11840,Velocity Breathable Water Bottle - Grey (V79),Sports and travel,8.62,13.58
SKU-11841,Giga Mini Keyboard - Black,Electronic accessories,124.47,175.18
SKU-11842,Zen Rustic Storage Box - Oak,Home and lifestyle,17.68,23.22
SKU-11843,HomeStyle Rustic Cushion - Grey,Home and lifestyle,66.19,85.44
SKU-11844,Vital Natural Lip Balm - 200ml,Health and beauty,7.72,10.82
SKU-11845,Chic Canvas Scarf - Black,Fashion accessories,18.83,23.57
SKU-11846,Pure Soothing Conditioner - 100ml,Health and beauty,49.69,66.74
SKU-11847,TechPro Slim Webcam - Grey,Electronic accessories,98.25,122.43
SKU-11848,Eco Heavy Duty Earbuds - Red,Electronic accessories,79.47,111.03
SKU-11849,Pure Natural Deodorant - 150g,Health and beauty,41.63,52.79
SKU-11850,Zen Minimalist Cushion - Oak,Home and lifestyle,20.21,25.86
SKU-11851,FarmFresh Salted Almonds - 1L,Food and beverages,7.38,9.41
SKU-11852,Zen Cotton Storage Box - Grey (V58),Home and lifestyle,19.28,25.99
SKU-11853,Nova Heavy Duty Earbuds - Black,Electronic accessories,114.39,171.02
SKU-11854,Radiant Soothing Lip Balm - 100ml,Health and beauty,72.22,93.63
SKU-11855,HomeStyle Cotton Candle - White (V85),Home and lifestyle,68.62,87.3
SKU-11856,Tasty Crunchy Juice - 1Kg,Food and beverages,1.89,2.21
SKU-11857,Essence Hydrating Body Lotion - 50ml,Health and beauty,52.68,82.82
SKU-11858,Urban Rustic Picture Frame - Oak,Home and lifestyle,5.52,7.01
SKU-11859,Vital Soothing Shampoo - Travel Size (V38),Health and beauty,71.45,113.32
SKU-11860,Radiant Anti-Aging Serum - Pack of 2,Health and beauty,42.43,61.96
SKU-11861,Tasty Crunchy Honey - 500ml,Food and beverages,18.99,23.39
SKU-11862,Trek Lightweight Gym Bag - Grey,Sports and travel,29.37,39.76
SKU-11863,ProFit Breathable Resistance Bands - Grey,Sports and travel,33.22,52.86
SKU-11864,Classic Stainless Steel Storage Box - Oak,Home and lifestyle,16.58,21.34
SKU-11865,LuxeHome Minimalist Storage Box - Oak,Home and lifestyle,33.25,50.46
SKU-11866,EcoLiving Cotton Storage Box - Clear,Home and lifestyle,54.75,77.36
SKU-11867,Nature's Roasted Honey - 500ml,Food and beverages,5.87,7.63
SKU-11868,Derma Hydrating Serum - 200ml,Health and beauty,32.74,52.09
SKU-11869,Urban Minimalist Picture Frame - White,Home and lifestyle,11.83,18.42
SKU-11870,Nova Bluetooth Keyboard - Blue,Electronic accessories,143.6,213.43
SKU-11871,Essence Anti-Aging Serum - 50ml,Health and beauty,58.02,85.61
SKU-11872,Cyber Wireless Headphones - Red,Electronic accessories,74.8,95.29
SKU-11873,Chic Vintage Tie - Rose Gold,Fashion accessories,53.17,81.48
SKU-11874,Organic Gluten-Free Honey - 500ml,Food and beverages,12.09,15.36
SKU-11875,Vogue Leather Hat - Rose Gold,Fashion accessories,57.2,87.75
SKU-11876,Urban Leather Scarf - Gold,Fashion accessories,10.84,15.03
SKU-11877,Golden Vegan Green Tea - 250g,Food and beverages,13.2,16.4
SKU-11878,Pure Organic Perfume - Travel Size,Health and beauty,32.53,43.67
SKU-11879,Vogue Leather Tie - Gold,Fashion accessories,41.04,65.57
SKU-11880,Luxe Silk Hat - Brown,Fashion accessories,12.55,17.27
SKU-11881,Urban Leather Handbag - Black (V69),Fashion accessories,11.6,16.71
SKU-11882,Pulse Portable Keyboard - Blue,Electronic accessories,65.1,80.85
SKU-11883,Active Heavy-Duty Yoga Mat - Black,Sports and travel,73.32,113.98
SKU-11884,Urban Wooden Coffee Mug - White,Home and lifestyle,43.21,65.91
SKU-11885,Peak Waterproof Travel Pillow - Orange (V61),Sports and travel,48.95,69.71
SKU-11886,Pure Roasted Cereal - Pack of 6,Food and beverages,5.58,7.18
SKU-11887,Classic Vintage Tie - Rose Gold,Fashion accessories,78.84,108.22
SKU-11888,ProFit Waterproof Resistance Bands - Grey,Sports and travel,24.83,37.56
SKU-11889,Urban Glass Storage Box - Oak,Home and lifestyle,23.89,35.11
SKU-11890,Cyber Slim Headphones - Grey,Electronic accessories,86.89,130.26
SKU-11891,Trek Compact Tent - Grey,Sports and travel,41.79,66.21
SKU-11892,Velocity Heavy-Duty Jump Rope - Orange,Sports and travel,17.11,24.98
SKU-11893,Retro Vintage Backpack - Black,Fashion accessories,14.5,23.17
SKU-11894,Daily Gluten-Free Honey - Pack of 6,Food and beverages,13.11,16.07
SKU-11895,Essence Oil-Free Perfume - Pack of 2,Health and beauty,58.05,83.4
SKU-11896,Classic Cotton Storage Box - Beige,Home and lifestyle,42.79,67.24
SKU-11897,Trek Breathable Backpack - Orange,Sports and travel,54.72,79.94
SKU-11898,Modern Wooden Picture Frame - Beige,Home and lifestyle,7.12,10.95
SKU-11899,Daily Vegan Pasta - 1Kg,Food and beverages,15.93,18.96
SKU-11900,Summit Compact Dumbbells - Red (V33),Sports and travel,77.91,112.17
SKU-11901,Pulse Mini Headphones - Silver (V73),Electronic accessories,53.05,77.8
SKU-11902,Eco Slim Adapter - Black,Electronic accessories,97.39,130.47
SKU-11903,Eco Bluetooth Power Bank - White,Electronic accessories,74.47,90.56
SKU-11904,Nova Fast-Charging Headphones - Red (V86),Electronic accessories,87.19,106.96
SKU-11905,Nature's Crunchy Almonds - 500ml (V74),Food and beverages,6.92,8.42
SKU-11906,TechPro Mini Earbuds - Red,Electronic accessories,72.33,93.21
SKU-11907,Glow Soothing Shampoo - 200ml,Health and beauty,14.07,18.09
SKU-11908,HomeStyle Cotton Cushion - Black,Home and lifestyle,30.82,48.24
SKU-11909,Smart Fast-Charging Speaker - Blue,Electronic accessories,24.3,36.08
SKU-11910,Giga Bluetooth Earbuds - Red,Electronic accessories,74.49,89.51
SKU-11911,Trendy Leather Handbag - Rose Gold,Fashion accessories,69.32,97.14
SKU-11912,FarmFresh Roasted Cookies - 1L,Food and beverages,3.47,4.3
SKU-11913,Organic Vegan Juice - Pack of 6,Food and beverages,8.14,9.93
SKU-11914,Aero Breathable Resistance Bands - Black,Sports and travel,79.74,122.58
SKU-11915,Cyber Bluetooth Keyboard - Black,Electronic accessories,10.88,13.74
SKU-11916,LuxeHome Ceramic Coffee Mug - Clear,Home and lifestyle,26.25,34.28
SKU-11917,Radiant Hydrating Body Lotion - 100ml,Health and beauty,63.86,85.63
SKU-11918,Essence Vitamin C Deodorant - Travel Size,Health and beauty,79.16,109.98
SKU-11919,Vogue Canvas Backpack - Brown (V51),Fashion accessories,12.08,19.16
SKU-11920,Clear Natural Shampoo - 150g (V35),Health and beauty,6.83,8.89
SKU-11921,Trendy Vintage Tie - Rose Gold,Fashion accessories,74.94,106.34
SKU-11922,Urban Wooden Candle - Black,Home and lifestyle,20.74,25.93
SKU-11923,Active Waterproof Sleeping Bag - Neon Green,Sports and travel,57.86,72.61
SKU-11924,Luxe Cotton Scarf - Rose Gold,Fashion accessories,31.37,46.92
SKU-11925,Retro Denim Tie - Black,Fashion accessories,20.12,30.78
SKU-11926,Zen Wooden Vase - White,Home and lifestyle,23.22,36.23
SKU-11927,Chic Polarized Watch - Silver,Fashion accessories,55.83,73.16
SKU-11928,Organic Salted Olive Oil - 1L,Food and beverages,11.3,14.6
SKU-11929,Golden Vegan Coffee Beans - 500ml,Food and beverages,18.03,22.54
SKU-11930,FarmFresh Spicy Cookies - Pack of 6,Food and beverages,17.19,22.31
SKU-11931,Giga Heavy Duty Cable - Grey,Electronic accessories,67.99,90.58
SKU-11932,Velocity Ergonomic Gym Bag - Neon Green,Sports and travel,7.32,9.84
SKU-11933,Nature's Roasted Coffee Beans - Pack of 6,Food and beverages,10.52,13.57
SKU-11934,Pulse Wireless Webcam - Grey,Electronic accessories,14.79,19.45
SKU-11935,Urban Polarized Wallet - Silver,Fashion accessories,7.18,9.51
SKU-11936,ProFit Lightweight Sleeping Bag - Red,Sports and travel,12.15,16.78
SKU-11937,Trek Waterproof Water Bottle - Neon Green,Sports and travel,50.27,72.16
SKU-11938,Giga Portable Headphones - White,Electronic accessories,147.35,199.41
SKU-11939,LuxeHome Stainless Steel Towel Set - Clear,Home and lifestyle,63.86,95.87
SKU-11940,Pure Spicy Chocolate - 1L,Food and beverages,19.91,24.99
SKU-11941,Trek Ergonomic Yoga Mat - Orange,Sports and travel,67.74,93.06
SKU-11942,Smart Mini Charger - Blue,Electronic accessories,57.5,81.48
SKU-11943,Radiant Organic Sunscreen - 150g,Health and beauty,21.05,33.4
SKU-11944,FarmFresh Spicy Coffee Beans - 500ml,Food and beverages,15.14,18.04
SKU-11945,ProFit Durable Backpack - Orange,Sports and travel,56.45,75.11
SKU-11946,Pure Gluten-Free Cookies - 500ml,Food and beverages,6.13,7.5
SKU-11947,Zen Wooden Towel Set - White,Home and lifestyle,54.86,72.17
SKU-11948,Glow Natural Sunscreen - Travel Size,Health and beauty,30.85,39.22
SKU-11949,Chic Silk Gloves - Brown,Fashion accessories,66.14,101.08
SKU-11950,EcoLiving Glass Storage Box - Black,Home and lifestyle,26.55,38.97
SKU-11951,Aura Natural Body Lotion - Travel Size,Health and beauty,67.77,85.5
SKU-11952,Smart Fast-Charging Keyboard - Grey (V11),Electronic accessories,92.58,116.16
SKU-11953,TechPro Fast-Charging Earbuds - White,Electronic accessories,32.48,44.3
SKU-11954,Aura Hydrating Sunscreen - 200ml,Health and beauty,67.4,104.41
SKU-11955,Urban Polarized Tie - Rose Gold,Fashion accessories,6.67,9.91
SKU-11956,Golden Gluten-Free Honey - 500ml,Food and beverages,19.87,24.28
SKU-11957,Aura Anti-Aging Deodorant - 200ml,Health and beauty,21.33,33.0
SKU-11958,HomeStyle Stainless Steel Picture Frame - Black,Home and lifestyle,26.84,36.48
SKU-11959,Giga Mini Headphones - Black,Electronic accessories,100.71,124.25
SKU-11960,Premium Vegan Green Tea - 250g,Food and beverages,17.63,21.09
SKU-11961,Nova Fast-Charging Adapter - Blue,Electronic accessories,42.12,62.65
SKU-11962,Classic Leather Sunglasses - Black,Fashion accessories,31.72,46.41
SKU-11963,Classic Stainless Steel Coffee Mug - Clear,Home and lifestyle,10.44,15.55
SKU-11964,Motion Durable Backpack - Grey,Sports and travel,23.67,35.71
SKU-11965,Clear Organic Body Lotion - 150g,Health and beauty,52.77,84.21
SKU-11966,Pure Anti-Aging Serum - Pack of 2 (V35),Health and beauty,44.79,58.65
SKU-11967,Nature's Sweet Cereal - Pack of 6,Food and beverages,5.03,6.3
SKU-11968,Smart Wireless Charger - Red (V11),Electronic accessories,11.02,15.87
SKU-11969,Peak Waterproof Tent - Red,Sports and travel,42.4,66.07
SKU-11970,Radiant Hydrating Conditioner - 200ml (V61),Health and beauty,20.53,29.24
SKU-11971,Elite Vintage Handbag - Black,Fashion accessories,62.6,81.01
SKU-11972,Classic Stainless Steel Bed Sheets - White,Home and lifestyle,14.42,20.52
SKU-11973,Ultra Fast-Charging Cable - White,Electronic accessories,63.96,81.28
SKU-11974,Vital Anti-Aging Sunscreen - 150g (V30),Health and beauty,37.13,48.3
SKU-11975,HomeStyle Glass Picture Frame - Black,Home and lifestyle,70.32,88.06
SKU-11976,Summit Breathable Jump Rope - Neon Green,Sports and travel,21.6,31.93
SKU-11977,Vogue Canvas Gloves - Navy,Fashion accessories,5.71,7.69
SKU-11978,Motion Durable Water Bottle - Grey,Sports and travel,49.37,70.64
SKU-11979,Cozy Cotton Picture Frame - Clear (V79),Home and lifestyle,74.05,101.5
SKU-11980,LuxeHome Ceramic Table Lamp - Grey (V33),Home and lifestyle,72.69,91.91
SKU-11981,Tasty Vegan Cookies - 250g,Food and beverages,19.61,22.9
SKU-11982,Ultra Wireless Speaker - White,Electronic accessories,129.71,156.53
SKU-11983,Urban Polarized Scarf - Brown,Fashion accessories,13.33,20.53
SKU-11984,Ultra Wireless Adapter - Black (V98),Electronic accessories,17.12,24.9
SKU-11985,Elite Leather Sunglasses - Black,Fashion accessories,29.25,41.01
SKU-11986,Luxe Cotton Wallet - Rose Gold,Fashion accessories,19.57,31.27
SKU-11987,Daily Spicy Chocolate - 1L (V22),Food and beverages,8.99,11.19
SKU-11988,LuxeHome Glass Cushion - Beige,Home and lifestyle,62.45,98.7
SKU-11989,Tasty Salted Chocolate - 1Kg,Food and beverages,3.46,4.19
SKU-11990,TechPro Portable Keyboard - White (V87),Electronic accessories,72.31,96.89
SKU-11991,Classic Cotton Tie - Navy,Fashion accessories,17.72,23.15
SKU-11992,FarmFresh Spicy Coffee Beans - 500g,Food and beverages,10.42,12.13
SKU-11993,Pure Natural Perfume - 200ml,Health and beauty,75.31,116.75
SKU-11994,Luxe Canvas Gloves - Gold,Fashion accessories,20.47,27.43
SKU-11995,FarmFresh Roasted Cookies - 250g (V53),Food and beverages,10.66,13.6
SKU-11996,Classic Stainless Steel Wall Clock - Clear,Home and lifestyle,68.73,100.94
SKU-11997,Trek Ergonomic Dumbbells - Blue,Sports and travel,36.01,50.62
SKU-11998,Golden Crunchy Pasta - 250g,Food and beverages,14.63,18.19
SKU-11999,Essence Organic Deodorant - 150g,Health and beauty,8.54,13.51
SKU-12000,Organic Spicy Almonds - 500ml,Food and beverages,8.85,11.16
SKU-12001,Cyber Portable Keyboard - Blue,Electronic accessories,144.56,182.43
SKU-12002,Glow Hydrating Lip Balm - Travel Size,Health and beauty,42.49,65.26
SKU-12003,Giga Heavy Duty Mouse - White,Electronic accessories,31.58,38.46
SKU-12004,ProFit Compact Tent - Red,Sports and travel,63.2,97.09
SKU-12005,Elite Cotton Belt - Black,Fashion accessories,67.07,92.91
SKU-12006,Urban Ceramic Wall Clock - Oak,Home and lifestyle,16.84,22.56
SKU-12007,Classic Canvas Sunglasses - Rose Gold,Fashion accessories,52.67,81.09
SKU-12008,FarmFresh Vegan Coffee Beans - 250g,Food and beverages,8.13,9.88
SKU-12009,Aero Compact Resistance Bands - Black,Sports and travel,39.72,62.7
SKU-12010,Luxe Denim Hat - Rose Gold,Fashion accessories,33.23,51.77
SKU-12011,Cyber Bluetooth Headphones - Grey (V23),Electronic accessories,80.54,116.76
SKU-12012,HomeStyle Minimalist Candle - Oak,Home and lifestyle,74.46,96.13
SKU-12013,Trek Ergonomic Backpack - Neon Green,Sports and travel,47.11,67.45
SKU-12014,Motion Compact Yoga Mat - Black,Sports and travel,63.57,97.33
SKU-12015,Trendy Denim Hat - Black,Fashion accessories,78.65,105.26
SKU-12016,HomeStyle Minimalist Bed Sheets - Oak,Home and lifestyle,68.53,106.96
SKU-12017,Organic Vegan Coffee Beans - 1L,Food and beverages,14.24,17.78
SKU-12018,Smart Mini Webcam - Grey,Electronic accessories,124.09,157.19
SKU-12019,Glow Organic Face Cream - 150g,Health and beauty,57.18,73.26
SKU-12020,Nova Wireless Mouse - Black,Electronic accessories,97.13,117.35
SKU-12021,Tasty Gluten-Free Juice - 500ml,Food and beverages,6.52,7.73
SKU-12022,Golden Crunchy Honey - Pack of 6,Food and beverages,19.57,24.26
SKU-12023,Luxe Silk Gloves - Navy,Fashion accessories,36.62,56.7
SKU-12024,Daily Spicy Green Tea - Pack of 6,Food and beverages,7.68,9.69
SKU-12025,Vogue Denim Sunglasses - Rose Gold,Fashion accessories,26.42,40.14
SKU-12026,Premium Vegan Green Tea - 250g (V45),Food and beverages,8.08,10.37
SKU-12027,TechPro Wireless Mouse - Black,Electronic accessories,74.62,103.29
SKU-12028,Retro Canvas Backpack - Black,Fashion accessories,28.12,41.26
SKU-12029,EcoLiving Glass Vase - White,Home and lifestyle,14.29,19.25
SKU-12030,Peak Heavy-Duty Resistance Bands - Red,Sports and travel,57.53,73.63
SKU-12031,FarmFresh Crunchy Green Tea - 500ml,Food and beverages,9.69,12.05
SKU-12032,Ultra Portable Speaker - Grey,Electronic accessories,11.85,15.76
SKU-12033,Pure Salted Green Tea - 500ml,Food and beverages,12.99,15.74
SKU-12034,Classic Rustic Picture Frame - White,Home and lifestyle,30.36,38.35
SKU-12035,LuxeHome Cotton Wall Clock - Oak (V92),Home and lifestyle,57.15,78.77
SKU-12036,Vogue Silk Tie - Brown,Fashion accessories,15.86,22.36
SKU-12037,Modern Glass Bed Sheets - Grey,Home and lifestyle,55.07,71.24
SKU-12038,Classic Vintage Gloves - Rose Gold,Fashion accessories,6.98,9.02
SKU-12039,Classic Cotton Coffee Mug - Beige,Home and lifestyle,40.63,63.35
SKU-12040,Chic Polarized Wallet - Brown,Fashion accessories,70.68,94.98
SKU-12041,Summit Lightweight Yoga Mat - Black,Sports and travel,70.99,100.1
SKU-12042,Glow Soothing Face Cream - 200ml (V51),Health and beauty,9.86,13.06
SKU-12043,Daily Roasted Green Tea - 500g,Food and beverages,11.22,14.4
SKU-12044,Ultra Slim Charger - Silver,Electronic accessories,75.4,98.24
SKU-12045,Velocity Breathable Yoga Mat - Black,Sports and travel,21.12,27.31
SKU-12046,Clear Hydrating Lip Balm - Pack of 2,Health and beauty,25.46,40.03
SKU-12047,Cyber Bluetooth Earbuds - Red,Electronic accessories,126.76,162.21
SKU-12048,Vital Vitamin C Face Cream - Travel Size,Health and beauty,26.21,39.18
SKU-12049,Pulse Wireless Headphones - Black,Electronic accessories,28.56,36.71
SKU-12050,Trek Waterproof Dumbbells - Black,Sports and travel,8.81,11.86
SKU-12051,Aura Soothing Face Cream - 50ml,Health and beauty,45.73,59.38
SKU-12052,Tasty Roasted Cookies - 500ml (V40),Food and beverages,14.1,16.51
SKU-12053,Velocity Durable Backpack - Grey,Sports and travel,62.76,83.99
SKU-12054,ProFit Heavy-Duty Resistance Bands - Blue,Sports and travel,78.39,107.36
SKU-12055,Essence Anti-Aging Deodorant - 200ml (V10),Health and beauty,45.09,67.95
SKU-12056,Velocity Compact Travel Pillow - Blue,Sports and travel,26.38,41.74
SKU-12057,Golden Roasted Honey - 500g,Food and beverages,12.41,14.79
SKU-12058,Luxe Leather Sunglasses - Rose Gold,Fashion accessories,72.25,99.56
SKU-12059,Ultra Slim Mouse - White (V29),Electronic accessories,147.65,182.08
SKU-12060,Classic Polarized Sunglasses - Navy (V17),Fashion accessories,13.93,21.24
SKU-12061,Glow Oil-Free Sunscreen - 100ml,Health and beauty,52.47,70.98
SKU-12062,Ultra Portable Headphones - Grey,Electronic accessories,138.71,199.96
SKU-12063,Chic Denim Scarf - Brown,Fashion accessories,76.77,108.8
SKU-12064,Luxe Vintage Handbag - Brown,Fashion accessories,16.25,25.0
SKU-12065,Urban Rustic Vase - Clear,Home and lifestyle,27.89,36.94
SKU-12066,Premium Salted Olive Oil - 1Kg,Food and beverages,9.22,11.23
SKU-12067,Glow Hydrating Body Lotion - 150g,Health and beauty,17.26,24.93
SKU-12068,Aero Lightweight Backpack - Red,Sports and travel,73.95,99.44
SKU-12069,Motion Ergonomic Sleeping Bag - Orange,Sports and travel,46.24,72.37
SKU-12070,Pure Spicy Pasta - Pack of 6,Food and beverages,11.79,14.19
SKU-12071,Peak Lightweight Yoga Mat - Orange,Sports and travel,33.04,42.15
SKU-12072,Chic Silk Sunglasses - Navy,Fashion accessories,27.16,42.66
SKU-12073,Pulse Bluetooth Headphones - Grey,Electronic accessories,102.0,123.88
SKU-12074,Aero Compact Dumbbells - Black,Sports and travel,75.31,103.99
SKU-12075,Luxe Silk Gloves - Black,Fashion accessories,21.07,32.6
SKU-12076,Aura Soothing Shampoo - 200ml,Health and beauty,78.64,118.99
SKU-12077,Vital Anti-Aging Body Wash - Travel Size,Health and beauty,29.68,46.95
SKU-12078,Classic Cotton Sunglasses - Silver,Fashion accessories,33.08,48.7
SKU-12079,FarmFresh Sweet Chocolate - 500g,Food and beverages,17.82,22.63
SKU-12080,Tasty Salted Green Tea - 1L,Food and beverages,6.62,7.8
SKU-12081,Nova Bluetooth Earbuds - Grey,Electronic accessories,70.15,88.36
SKU-12082,Summit Waterproof Dumbbells - Orange,Sports and travel,46.73,61.39
SKU-12083,HomeStyle Stainless Steel Cushion - Beige,Home and lifestyle,60.57,85.35
SKU-12084,Vital Organic Deodorant - 100ml,Health and beauty,23.38,32.29
SKU-12085,Classic Minimalist Cushion - Grey,Home and lifestyle,44.06,69.47
SKU-12086,Active Heavy-Duty Sleeping Bag - Black,Sports and travel,10.28,13.79
SKU-12087,Cozy Stainless Steel Bed Sheets - Black,Home and lifestyle,43.79,55.1
SKU-12088,HomeStyle Stainless Steel Table Lamp - Black,Home and lifestyle,60.39,89.81
SKU-12089,Chic Leather Tie - Brown (V96),Fashion accessories,77.72,105.22
SKU-12090,EcoLiving Rustic Vase - Beige,Home and lifestyle,42.66,64.75
SKU-12091,Giga Bluetooth Speaker - White,Electronic accessories,40.53,51.47
SKU-12092,Tasty Sweet Honey - 1L,Food and beverages,12.49,15.7
SKU-12093,Trek Lightweight Travel Pillow - Grey (V98),Sports and travel,7.98,12.02
SKU-12094,Nature's Crunchy Juice - 1Kg,Food and beverages,16.73,21.53
SKU-12095,Classic Silk Watch - Brown,Fashion accessories,50.24,77.98
SKU-12096,Essence Organic Conditioner - 100ml,Health and beauty,74.69,96.05
SKU-12097,Motion Breathable Gym Bag - Orange,Sports and travel,75.18,103.94
SKU-12098,Nature's Spicy Green Tea - 1L,Food and beverages,6.95,8.36
SKU-12099,Motion Ergonomic Water Bottle - Orange,Sports and travel,30.6,44.05
SKU-12100,Radiant Hydrating Deodorant - 50ml,Health and beauty,55.56,75.44
SKU-12101,Urban Stainless Steel Cushion - Black,Home and lifestyle,51.22,72.88
SKU-12102,Velocity Lightweight Water Bottle - Neon Green,Sports and travel,56.13,88.78
SKU-12103,LuxeHome Cotton Cushion - Grey,Home and lifestyle,20.98,28.68
SKU-12104,Daily Crunchy Almonds - 500ml,Food and beverages,13.58,15.78
SKU-12105,Cyber Slim Headphones - Blue,Electronic accessories,19.81,26.74
SKU-12106,Trek Waterproof Backpack - Neon Green (V90),Sports and travel,46.14,63.69
SKU-12107,Motion Breathable Gym Bag - Neon Green,Sports and travel,79.71,122.45
SKU-12108,Retro Vintage Hat - Gold,Fashion accessories,65.91,101.99
SKU-12109,Zen Glass Picture Frame - Black,Home and lifestyle,5.8,7.84
SKU-12110,FarmFresh Vegan Almonds - 500ml,Food and beverages,16.56,21.28
SKU-12111,Urban Cotton Backpack - Gold,Fashion accessories,41.6,55.25
SKU-12112,Nova Wireless Speaker - Red,Electronic accessories,126.92,162.52
SKU-12113,Organic Gluten-Free Honey - 500g,Food and beverages,8.89,11.01
SKU-12114,Modern Glass Picture Frame - White,Home and lifestyle,29.54,41.12
SKU-12115,Vogue Leather Backpack - Rose Gold,Fashion accessories,74.92,113.66
SKU-12116,Pure Gluten-Free Almonds - Pack of 6,Food and beverages,19.92,24.9
SKU-12117,Pure Vegan Honey - 1L,Food and beverages,9.27,11.97
SKU-12118,Pulse Heavy Duty Earbuds - Grey,Electronic accessories,55.88,72.13
SKU-12119,Derma Soothing Shampoo - 100ml,Health and beauty,8.79,12.19
SKU-12120,Aero Ergonomic Jump Rope - Grey,Sports and travel,52.11,75.17
SKU-12121,TechPro Heavy Duty Mouse - White,Electronic accessories,50.15,60.47
SKU-12122,Active Durable Tent - Neon Green,Sports and travel,60.9,86.18
SKU-12123,Modern Wooden Coffee Mug - Oak,Home and lifestyle,68.6,92.41
SKU-12124,Elite Vintage Wallet - Navy,Fashion accessories,50.83,72.61
SKU-12125,Motion Breathable Travel Pillow - Black,Sports and travel,55.83,85.34
SKU-12126,EcoLiving Ceramic Picture Frame - White,Home and lifestyle,63.37,83.28
SKU-12127,FarmFresh Roasted Chocolate - Pack of 6 (V61),Food and beverages,17.04,21.05
SKU-12128,EcoLiving Glass Candle - Black,Home and lifestyle,30.76,41.81
SKU-12129,Peak Compact Tent - Neon Green,Sports and travel,68.73,96.04
SKU-12130,Giga Heavy Duty Headphones - White,Electronic accessories,147.61,188.28
SKU-12131,Classic Vintage Wallet - Silver,Fashion accessories,49.3,72.34
SKU-12132,TechPro Fast-Charging Adapter - Blue,Electronic accessories,60.74,90.43
SKU-12133,Nova Portable Keyboard - Black,Electronic accessories,135.53,167.14
SKU-12134,Ultra Bluetooth Cable - Grey (V54),Electronic accessories,126.84,153.18
SKU-12135,Cozy Cotton Wall Clock - Clear,Home and lifestyle,49.08,74.83
SKU-12136,Cyber Slim Power Bank - White,Electronic accessories,14.53,18.2
SKU-12137,TechPro Mini Cable - Black,Electronic accessories,114.05,142.09
SKU-12138,Classic Stainless Steel Vase - Beige,Home and lifestyle,60.65,92.88
SKU-12139,Derma Natural Serum - Pack of 2,Health and beauty,15.38,24.15
SKU-12140,Classic Leather Gloves - Black,Fashion accessories,7.67,11.44
SKU-12141,Chic Cotton Wallet - Rose Gold,Fashion accessories,35.39,51.37
SKU-12142,Summit Lightweight Travel Pillow - Neon Green,Sports and travel,55.28,72.67
SKU-12143,Essence Vitamin C Conditioner - 200ml,Health and beauty,43.93,69.08
SKU-12144,TechPro Bluetooth Speaker - Blue,Electronic accessories,93.18,124.81
SKU-12145,Smart Portable Adapter - Grey,Electronic accessories,86.71,123.79
SKU-12146,Cyber Mini Headphones - Grey,Electronic accessories,121.26,167.11
SKU-12147,Retro Denim Watch - Silver,Fashion accessories,58.11,85.05
SKU-12148,Cozy Glass Towel Set - White,Home and lifestyle,14.12,19.37
SKU-12149,Active Waterproof Gym Bag - Orange,Sports and travel,30.08,42.32
SKU-12150,Cyber Wireless Mouse - Red (V28),Electronic accessories,48.56,60.53
SKU-12151,Pure Spicy Coffee Beans - 1Kg,Food and beverages,11.4,13.62
SKU-12152,Aura Organic Shampoo - Travel Size,Health and beauty,67.48,98.75
SKU-12153,Aero Waterproof Backpack - Orange,Sports and travel,10.72,15.45
SKU-12154,Pure Gluten-Free Cereal - 1Kg,Food and beverages,10.64,12.95
SKU-12155,Eco Heavy Duty Adapter - White (V81),Electronic accessories,138.55,183.23
SKU-12156,Smart Fast-Charging Mouse - Grey (V82),Electronic accessories,109.36,153.67
SKU-12157,Premium Roasted Chocolate - 500g,Food and beverages,18.33,21.39
SKU-12158,Urban Ceramic Towel Set - Grey,Home and lifestyle,71.31,109.98
SKU-12159,Premium Vegan Green Tea - 250g (V33),Food and beverages,12.63,16.2
SKU-12160,Aero Breathable Jump Rope - Red,Sports and travel,50.7,78.23
SKU-12161,Chic Denim Gloves - Gold,Fashion accessories,19.18,26.37
SKU-12162,Luxe Leather Belt - Rose Gold,Fashion accessories,66.18,84.43
SKU-12163,Trendy Cotton Belt - Brown,Fashion accessories,14.26,18.92
SKU-12164,Active Durable Water Bottle - Neon Green,Sports and travel,74.58,95.02
SKU-12165,Organic Vegan Pasta - Pack of 6,Food and beverages,14.85,18.95
SKU-12166,Tasty Sweet Olive Oil - 500g,Food and beverages,4.77,5.55
SKU-12167,Retro Leather Wallet - Silver,Fashion accessories,60.17,79.96
SKU-12168,Vital Oil-Free Deodorant - Travel Size (V70),Health and beauty,53.63,77.32
SKU-12169,Nova Portable Earbuds - Blue,Electronic accessories,27.44,40.4
SKU-12170,Daily Sweet Cereal - 500ml,Food and beverages,14.86,18.01
SKU-12171,Classic Cotton Tie - Gold,Fashion accessories,45.17,70.84
SKU-12172,Nova Portable Webcam - Black,Electronic accessories,41.13,53.01
SKU-12173,ProFit Compact Yoga Mat - Red,Sports and travel,9.61,12.67
SKU-12174,Daily Salted Green Tea - 1Kg,Food and beverages,16.73,20.38
SKU-12175,Chic Vintage Hat - Rose Gold,Fashion accessories,59.34,93.91
SKU-12176,Urban Canvas Watch - Silver,Fashion accessories,20.69,32.92
SKU-12177,Cyber Slim Earbuds - Grey,Electronic accessories,120.34,179.88
SKU-12178,Urban Glass Candle - Oak,Home and lifestyle,28.83,40.07
SKU-12179,Vogue Polarized Hat - Brown,Fashion accessories,67.49,92.78
SKU-12180,Derma Hydrating Body Wash - Travel Size,Health and beauty,46.37,58.44
SKU-12181,Daily Vegan Cookies - 1Kg,Food and beverages,14.18,16.69
SKU-12182,Retro Canvas Hat - Rose Gold,Fashion accessories,34.43,47.2
SKU-12183,Aura Anti-Aging Lip Balm - 50ml,Health and beauty,14.45,21.96
SKU-12184,LuxeHome Minimalist Bed Sheets - Oak,Home and lifestyle,37.13,58.39
SKU-12185,Urban Polarized Gloves - Navy,Fashion accessories,62.36,79.52
SKU-12186,Giga Heavy Duty Earbuds - Silver,Electronic accessories,103.64,149.01
SKU-12187,TechPro Fast-Charging Mouse - Red,Electronic accessories,81.16,106.66
SKU-12188,Pure Anti-Aging Body Wash - 200ml,Health and beauty,32.18,45.18
SKU-12189,Zen Glass Candle - White,Home and lifestyle,14.13,20.95
SKU-12190,Aero Heavy-Duty Jump Rope - Grey,Sports and travel,46.79,62.58
SKU-12191,Cyber Bluetooth Webcam - Silver,Electronic accessories,39.61,50.71
SKU-12192,Velocity Breathable Yoga Mat - Neon Green,Sports and travel,53.82,78.82
SKU-12193,Luxe Denim Gloves - Navy,Fashion accessories,49.46,72.94
SKU-12194,Aura Natural Lip Balm - Travel Size,Health and beauty,32.02,42.16
SKU-12195,Luxe Cotton Watch - Black,Fashion accessories,11.06,14.36
SKU-12196,Motion Lightweight Sleeping Bag - Black,Sports and travel,40.44,61.41
SKU-12197,FarmFresh Salted Juice - Pack of 6,Food and beverages,5.74,7.36
SKU-12198,Elite Denim Backpack - Gold,Fashion accessories,24.28,32.86
SKU-12199,Pure Crunchy Olive Oil - 500ml,Food and beverages,10.08,13.07
SKU-12200,Radiant Vitamin C Shampoo - Pack of 2,Health and beauty,11.75,16.17
SKU-12201,EcoLiving Glass Candle - Black (V51),Home and lifestyle,45.6,72.28
SKU-12202,Pure Roasted Chocolate - 1L,Food and beverages,9.49,10.97
SKU-12203,Urban Vintage Watch - Silver,Fashion accessories,5.16,7.24
SKU-12204,Ultra Fast-Charging Mouse - Black,Electronic accessories,19.37,27.42
SKU-12205,EcoLiving Cotton Storage Box - Grey,Home and lifestyle,79.15,117.01
SKU-12206,Tasty Roasted Honey - 1Kg,Food and beverages,2.39,2.83
SKU-12207,Smart Slim Earbuds - Grey,Electronic accessories,41.01,60.75
SKU-12208,Classic Polarized Belt - Navy,Fashion accessories,28.81,45.41
SKU-12209,ProFit Lightweight Resistance Bands - Red,Sports and travel,35.75,49.74
SKU-12210,Cyber Mini Webcam - Silver,Electronic accessories,35.55,44.69
SKU-12211,TechPro Mini Mouse - Black,Electronic accessories,128.57,154.39
SKU-12212,Pure Gluten-Free Chocolate - Pack of 6,Food and beverages,18.29,23.72
SKU-12213,Active Durable Sleeping Bag - Red,Sports and travel,78.94,111.18
SKU-12214,Motion Durable Backpack - Grey (V84),Sports and travel,37.41,49.55
SKU-12215,Trek Breathable Backpack - Red,Sports and travel,5.14,8.05
SKU-12216,LuxeHome Glass Bed Sheets - Black,Home and lifestyle,12.15,15.93
SKU-12217,HomeStyle Stainless Steel Bed Sheets - Oak,Home and lifestyle,66.84,87.76
SKU-12218,Premium Spicy Olive Oil - 1L,Food and beverages,18.01,23.08
SKU-12219,Zen Cotton Storage Box - Grey (V95),Home and lifestyle,48.02,71.64
SKU-12220,ProFit Breathable Resistance Bands - Grey (V97),Sports and travel,66.03,86.82
SKU-12221,Urban Denim Tie - Rose Gold,Fashion accessories,31.05,40.21
SKU-12222,Derma Oil-Free Lip Balm - 150g (V28),Health and beauty,47.71,73.0
SKU-12223,Peak Breathable Sleeping Bag - Neon Green,Sports and travel,27.53,39.59
SKU-12224,Classic Silk Hat - Silver,Fashion accessories,33.66,52.73
SKU-12225,Trek Heavy-Duty Tent - Neon Green,Sports and travel,63.39,94.23
SKU-12226,Premium Crunchy Pasta - 1L,Food and beverages,10.68,12.43
SKU-12227,Cozy Rustic Cushion - Clear,Home and lifestyle,33.58,50.85
SKU-12228,Aura Hydrating Perfume - Travel Size,Health and beauty,24.38,33.05
SKU-12229,Vogue Vintage Sunglasses - Silver,Fashion accessories,28.84,38.93
SKU-12230,HomeStyle Glass Towel Set - White,Home and lifestyle,60.94,87.53
SKU-12231,Elite Silk Wallet - Rose Gold,Fashion accessories,62.7,89.09
SKU-12232,Golden Roasted Almonds - 500ml,Food and beverages,3.14,3.68
SKU-12233,Urban Rustic Coffee Mug - Oak,Home and lifestyle,13.23,20.2
SKU-12234,Eco Bluetooth Adapter - White,Electronic accessories,88.28,130.04
SKU-12235,Vital Organic Deodorant - 150g,Health and beauty,56.32,85.23
SKU-12236,Tasty Gluten-Free Chocolate - 500g,Food and beverages,14.08,17.63
SKU-12237,Modern Minimalist Cushion - Beige,Home and lifestyle,64.89,84.49
SKU-12238,Golden Roasted Almonds - Pack of 6,Food and beverages,18.58,22.07
SKU-12239,ProFit Durable Yoga Mat - Blue,Sports and travel,62.4,92.92
SKU-12240,Smart Bluetooth Webcam - White (V38),Electronic accessories,104.35,133.14
SKU-12241,Classic Wooden Cushion - Clear,Home and lifestyle,33.21,51.69
SKU-12242,Smart Heavy Duty Power Bank - Grey,Electronic accessories,120.18,167.95
SKU-12243,Elite Vintage Wallet - Black,Fashion accessories,48.0,61.19
SKU-12244,Smart Mini Adapter - Blue,Electronic accessories,18.36,25.93
SKU-12245,Vogue Polarized Scarf - Navy,Fashion accessories,16.36,22.78
SKU-12246,Modern Stainless Steel Coffee Mug - Oak,Home and lifestyle,34.94,50.58
SKU-12247,Trek Ergonomic Resistance Bands - Grey,Sports and travel,66.34,86.9
SKU-12248,Retro Leather Hat - Brown,Fashion accessories,70.54,105.34
SKU-12249,Clear Natural Face Cream - 150g,Health and beauty,12.87,20.12
SKU-12250,Retro Denim Belt - Rose Gold (V12),Fashion accessories,37.19,55.86
SKU-12251,Giga Bluetooth Earbuds - Silver,Electronic accessories,27.97,41.25
SKU-12252,Peak Compact Jump Rope - Blue,Sports and travel,20.8,30.96
SKU-12253,Clear Hydrating Serum - 100ml,Health and beauty,7.72,10.11
SKU-12254,LuxeHome Wooden Coffee Mug - Grey,Home and lifestyle,55.98,77.54
SKU-12255,Aura Soothing Lip Balm - 100ml (V66),Health and beauty,45.12,67.94
SKU-12256,Aura Organic Body Lotion - 50ml,Health and beauty,45.91,66.17
SKU-12257,Nova Wireless Adapter - Black,Electronic accessories,104.68,148.55
SKU-12258,Derma Soothing Deodorant - Travel Size,Health and beauty,43.36,62.69
SKU-12259,Classic Denim Scarf - Black,Fashion accessories,63.63,100.39
SKU-12260,Pulse Portable Headphones - Blue (V90),Electronic accessories,127.91,184.74
SKU-12261,Retro Silk Scarf - Brown,Fashion accessories,55.4,72.22
SKU-12262,Cozy Wooden Picture Frame - Black,Home and lifestyle,29.48,42.41
SKU-12263,Smart Portable Adapter - Red,Electronic accessories,127.67,169.89
SKU-12264,Urban Rustic Coffee Mug - White,Home and lifestyle,23.1,29.06
SKU-12265,Vital Natural Shampoo - 150g,Health and beauty,74.05,96.47
SKU-12266,Organic Sweet Olive Oil - 500ml,Food and beverages,4.51,5.71
SKU-12267,Urban Minimalist Wall Clock - White,Home and lifestyle,8.44,12.98
SKU-12268,Elite Vintage Watch - Rose Gold,Fashion accessories,33.4,50.03
SKU-12269,Aero Ergonomic Water Bottle - Red,Sports and travel,55.03,70.42
SKU-12270,Retro Polarized Backpack - Silver,Fashion accessories,10.83,17.07
SKU-12271,EcoLiving Minimalist Cushion - Oak,Home and lifestyle,76.62,117.37
SKU-12272,Daily Spicy Cereal - 1Kg,Food and beverages,4.19,5.44
SKU-12273,Clear Vitamin C Face Cream - Pack of 2,Health and beauty,35.17,55.65
SKU-12274,Giga Slim Adapter - Grey,Electronic accessories,47.12,63.94
SKU-12275,Summit Ergonomic Resistance Bands - Black,Sports and travel,79.29,120.74
SKU-12276,Pure Hydrating Perfume - Travel Size,Health and beauty,30.65,38.68
SKU-12277,Organic Sweet Cookies - 500g,Food and beverages,1.99,2.31
SKU-12278,FarmFresh Spicy Juice - 250g,Food and beverages,15.54,18.8
SKU-12279,Pure Vitamin C Face Cream - 100ml,Health and beauty,37.9,52.14
SKU-12280,Summit Compact Backpack - Neon Green,Sports and travel,45.03,61.09
SKU-12281,FarmFresh Crunchy Cereal - Pack of 6,Food and beverages,5.2,6.19
SKU-12282,Cozy Ceramic Table Lamp - White,Home and lifestyle,15.88,22.44
SKU-12283,Golden Gluten-Free Chocolate - 250g,Food and beverages,9.18,11.45
SKU-12284,Velocity Waterproof Sleeping Bag - Neon Green,Sports and travel,45.24,62.72
SKU-12285,Motion Lightweight Jump Rope - Neon Green,Sports and travel,39.44,61.55
SKU-12286,Nova Portable Webcam - Black (V97),Electronic accessories,90.06,134.01
SKU-12287,Daily Crunchy Honey - 250g,Food and beverages,7.46,9.17
SKU-12288,Essence Anti-Aging Serum - Pack of 2,Health and beauty,60.05,86.3
SKU-12289,LuxeHome Minimalist Picture Frame - Grey (V26),Home and lifestyle,44.33,58.8
SKU-12290,Eco Portable Webcam - Black,Electronic accessories,18.55,23.91
SKU-12291,Velocity Waterproof Gym Bag - Orange,Sports and travel,40.79,53.55
SKU-12292,Modern Ceramic Wall Clock - Grey,Home and lifestyle,31.83,42.43
SKU-12293,Chic Polarized Wallet - Navy,Fashion accessories,59.98,77.93
SKU-12294,Retro Leather Gloves - Black,Fashion accessories,73.64,96.43
SKU-12295,Pure Salted Pasta - 250g,Food and beverages,11.69,15.04
SKU-12296,Nature's Gluten-Free Cookies - 500ml,Food and beverages,9.79,12.37
SKU-12297,Trendy Silk Wallet - Rose Gold,Fashion accessories,59.28,86.39
SKU-12298,Nova Fast-Charging Power Bank - Silver,Electronic accessories,108.51,156.44
SKU-12299,Golden Salted Almonds - 250g,Food and beverages,8.62,10.16
SKU-12300,TechPro Fast-Charging Power Bank - Black,Electronic accessories,111.45,139.2
SKU-12301,Velocity Lightweight Yoga Mat - Black,Sports and travel,18.07,23.86
SKU-12302,Chic Leather Hat - Rose Gold,Fashion accessories,37.11,48.95
SKU-12303,Nova Heavy Duty Webcam - Black,Electronic accessories,101.6,142.96
SKU-12304,Elite Denim Scarf - Gold,Fashion accessories,46.92,73.57
SKU-12305,Organic Roasted Green Tea - 500ml,Food and beverages,1.85,2.33
SKU-12306,Velocity Durable Gym Bag - Neon Green,Sports and travel,17.71,23.34
SKU-12307,Motion Heavy-Duty Dumbbells - Neon Green,Sports and travel,44.75,66.96
SKU-12308,Active Durable Sleeping Bag - Grey,Sports and travel,47.95,73.99
SKU-12309,Classic Minimalist Vase - Clear,Home and lifestyle,16.94,24.75
SKU-12310,ProFit Compact Dumbbells - Red,Sports and travel,68.46,108.38
SKU-12311,Retro Polarized Tie - Silver,Fashion accessories,10.72,13.97
SKU-12312,Pure Vitamin C Conditioner - 50ml,Health and beauty,42.01,55.36
SKU-12313,Motion Ergonomic Gym Bag - Black,Sports and travel,25.64,38.14
SKU-12314,HomeStyle Glass Bed Sheets - White,Home and lifestyle,7.66,9.87
SKU-12315,ProFit Durable Travel Pillow - Grey (V63),Sports and travel,79.22,107.62
SKU-12316,Cyber Portable Headphones - Silver,Electronic accessories,47.78,62.76
SKU-12317,Urban Leather Backpack - Silver,Fashion accessories,57.45,75.98
SKU-12318,Vogue Vintage Hat - Rose Gold,Fashion accessories,31.51,47.71
SKU-12319,Luxe Leather Wallet - Black,Fashion accessories,68.21,106.77
SKU-12320,Peak Heavy-Duty Sleeping Bag - Neon Green,Sports and travel,26.17,35.17
SKU-12321,Pure Natural Lip Balm - 200ml,Health and beauty,11.67,16.84
SKU-12322,Cyber Fast-Charging Earbuds - Red,Electronic accessories,99.95,136.1
SKU-12323,Cyber Slim Mouse - Black,Electronic accessories,117.8,175.53
SKU-12324,Vogue Leather Wallet - Black,Fashion accessories,16.99,26.63
SKU-12325,HomeStyle Ceramic Bed Sheets - Clear,Home and lifestyle,66.94,92.15
SKU-12326,Classic Polarized Sunglasses - Navy (V7),Fashion accessories,22.63,34.93
SKU-12327,ProFit Compact Travel Pillow - Blue,Sports and travel,50.4,65.92
SKU-12328,Glow Anti-Aging Sunscreen - 200ml (V67),Health and beauty,14.48,21.64
SKU-12329,Essence Soothing Body Lotion - 200ml,Health and beauty,75.69,107.2
SKU-12330,Pulse Wireless Webcam - Black,Electronic accessories,88.49,119.63
SKU-12331,Golden Roasted Cereal - 500ml,Food and beverages,3.83,4.47
SKU-12332,Pulse Fast-Charging Earbuds - Red,Electronic accessories,133.78,188.93
SKU-12333,Organic Crunchy Chocolate - Pack of 6,Food and beverages,15.65,19.49
SKU-12334,Derma Organic Perfume - 200ml,Health and beauty,11.76,16.0
SKU-12335,Nova Heavy Duty Keyboard - Grey,Electronic accessories,15.24,20.49
SKU-12336,Smart Slim Cable - Blue,Electronic accessories,136.65,183.44
SKU-12337,Vogue Vintage Wallet - Brown,Fashion accessories,76.62,108.61
SKU-12338,Eco Heavy Duty Speaker - Blue,Electronic accessories,128.31,157.87
SKU-12339,Elite Silk Tie - Navy,Fashion accessories,45.94,70.48
SKU-12340,Tasty Salted Almonds - 250g (V82),Food and beverages,4.58,5.79
SKU-12341,Luxe Denim Wallet - Navy,Fashion accessories,35.94,50.48
SKU-12342,Chic Polarized Gloves - Rose Gold,Fashion accessories,46.6,62.43
SKU-12343,Cyber Fast-Charging Earbuds - Red (V70),Electronic accessories,50.41,70.7
SKU-12344,Urban Wooden Towel Set - Oak,Home and lifestyle,74.22,113.48
SKU-12345,LuxeHome Glass Candle - Clear (V98),Home and lifestyle,10.49,14.08
SKU-12346,Elite Leather Watch - Gold (V67),Fashion accessories,12.58,18.63
SKU-12347,Trendy Denim Tie - Black,Fashion accessories,66.25,89.75
SKU-12348,Essence Hydrating Perfume - 50ml,Health and beauty,32.7,52.17
SKU-12349,Retro Canvas Sunglasses - Silver,Fashion accessories,13.72,21.63
SKU-12350,Golden Sweet Almonds - 250g,Food and beverages,13.76,16.8
SKU-12351,Golden Vegan Honey - 1L,Food and beverages,13.73,17.44
SKU-12352,Nova Wireless Speaker - Grey,Electronic accessories,83.46,107.0
SKU-12353,Urban Silk Hat - Navy,Fashion accessories,65.97,90.03
SKU-12354,FarmFresh Sweet Cereal - 500ml,Food and beverages,18.77,24.22
SKU-12355,Cozy Wooden Coffee Mug - Oak,Home and lifestyle,61.63,84.62
SKU-12356,FarmFresh Roasted Honey - 1Kg,Food and beverages,13.03,16.34
SKU-12357,Active Lightweight Jump Rope - Blue,Sports and travel,65.6,87.59
SKU-12358,Eco Mini Mouse - Blue,Electronic accessories,47.14,56.87
SKU-12359,Active Waterproof Dumbbells - Neon Green,Sports and travel,42.24,63.83
SKU-12360,Urban Minimalist Vase - Clear,Home and lifestyle,78.72,120.11
SKU-12361,Classic Cotton Wall Clock - Clear (V22),Home and lifestyle,77.85,122.13
SKU-12362,Tasty Roasted Almonds - 1L,Food and beverages,1.88,2.2
SKU-12363,Daily Sweet Honey - 1Kg (V50),Food and beverages,4.04,5.02
SKU-12364,Pure Vegan Honey - Pack of 6,Food and beverages,7.93,9.91
SKU-12365,Nova Heavy Duty Mouse - Black,Electronic accessories,39.16,57.03
SKU-12366,Modern Minimalist Picture Frame - Clear,Home and lifestyle,77.76,103.86
SKU-12367,Nova Wireless Adapter - Blue,Electronic accessories,115.36,168.07
SKU-12368,Organic Vegan Coffee Beans - 500g,Food and beverages,9.53,11.97
SKU-12369,Clear Natural Lip Balm - Travel Size,Health and beauty,56.25,79.86
SKU-12370,Derma Vitamin C Face Cream - 150g,Health and beauty,18.77,27.14
SKU-12371,Chic Denim Hat - Brown,Fashion accessories,28.25,43.28
SKU-12372,Aero Lightweight Travel Pillow - Red,Sports and travel,60.54,84.64
SKU-12373,Motion Durable Water Bottle - Blue (V53),Sports and travel,29.05,39.49
SKU-12374,Aero Waterproof Resistance Bands - Neon Green,Sports and travel,24.21,37.45
SKU-12375,Urban Rustic Picture Frame - Grey,Home and lifestyle,59.02,76.35
SKU-12376,LuxeHome Glass Coffee Mug - White,Home and lifestyle,62.85,92.62
SKU-12377,LuxeHome Minimalist Candle - Clear,Home and lifestyle,15.84,21.78
SKU-12378,Velocity Heavy-Duty Travel Pillow - Grey,Sports and travel,35.92,46.16
SKU-12379,Daily Vegan Pasta - 500ml,Food and beverages,7.32,8.51
SKU-12380,Smart Fast-Charging Headphones - Blue,Electronic accessories,29.94,43.36
SKU-12381,Pure Spicy Pasta - 250g (V41),Food and beverages,14.57,18.25
SKU-12382,Luxe Leather Gloves - Rose Gold,Fashion accessories,15.15,20.12
SKU-12383,Motion Compact Jump Rope - Red,Sports and travel,62.67,96.8
SKU-12384,Radiant Soothing Body Wash - 200ml,Health and beauty,11.02,15.88
SKU-12385,Pure Oil-Free Perfume - 200ml,Health and beauty,9.94,15.83
SKU-12386,Classic Cotton Gloves - Rose Gold (V20),Fashion accessories,41.49,61.38
SKU-12387,Urban Wooden Coffee Mug - Black,Home and lifestyle,66.53,93.46
SKU-12388,Essence Organic Face Cream - Travel Size,Health and beauty,69.23,107.02
SKU-12389,Pure Hydrating Shampoo - Pack of 2,Health and beauty,17.37,25.28
SKU-12390,Trek Heavy-Duty Dumbbells - Grey,Sports and travel,62.6,93.77
SKU-12391,Trendy Cotton Tie - Silver,Fashion accessories,28.44,36.11
SKU-12392,Elite Leather Scarf - Silver,Fashion accessories,59.67,88.25
SKU-12393,Nova Portable Power Bank - Black,Electronic accessories,61.12,78.9
SKU-12394,Vogue Leather Scarf - Brown,Fashion accessories,49.92,65.97
SKU-12395,Glow Anti-Aging Body Lotion - Travel Size,Health and beauty,64.23,84.75
SKU-12396,Organic Gluten-Free Olive Oil - 1Kg,Food and beverages,5.45,6.37
SKU-12397,Vogue Canvas Belt - Navy,Fashion accessories,63.99,87.92
SKU-12398,HomeStyle Minimalist Candle - White,Home and lifestyle,31.3,39.95
SKU-12399,Radiant Oil-Free Lip Balm - 100ml,Health and beauty,17.93,26.93
SKU-12400,Clear Hydrating Conditioner - 200ml,Health and beauty,70.64,104.64
SKU-12401,Vital Anti-Aging Serum - Travel Size,Health and beauty,49.87,74.51
SKU-12402,EcoLiving Ceramic Bed Sheets - Clear,Home and lifestyle,30.39,45.08
SKU-12403,Derma Soothing Perfume - 150g,Health and beauty,36.45,55.16
SKU-12404,Urban Minimalist Towel Set - Grey (V66),Home and lifestyle,70.36,98.05
SKU-12405,Aero Heavy-Duty Tent - Red,Sports and travel,26.02,38.01
SKU-12406,Trek Ergonomic Travel Pillow - Blue,Sports and travel,65.71,97.73
SKU-12407,Zen Ceramic Cushion - Black,Home and lifestyle,22.52,28.2
SKU-12408,Summit Ergonomic Dumbbells - Red,Sports and travel,52.21,71.52
SKU-12409,Peak Ergonomic Tent - Neon Green,Sports and travel,10.5,13.14
SKU-12410,Cyber Fast-Charging Adapter - Grey,Electronic accessories,18.06,26.12
SKU-12411,Trek Lightweight Yoga Mat - Blue,Sports and travel,38.62,51.79
SKU-12412,Nature's Sweet Cookies - 1L,Food and beverages,3.16,4.06
SKU-12413,Eco Wireless Webcam - White (V12),Electronic accessories,71.41,101.23
SKU-12414,Active Lightweight Dumbbells - Neon Green,Sports and travel,49.37,62.14
SKU-12415,Cozy Minimalist Storage Box - Clear,Home and lifestyle,15.28,19.21
SKU-12416,Vital Natural Perfume - 200ml,Health and beauty,73.05,112.72
SKU-12417,Urban Cotton Gloves - Gold,Fashion accessories,48.59,63.76
SKU-12418,Summit Ergonomic Backpack - Neon Green,Sports and travel,5.55,8.23
SKU-12419,HomeStyle Minimalist Candle - Grey,Home and lifestyle,30.44,47.95
SKU-12420,Trendy Polarized Sunglasses - Black,Fashion accessories,52.41,70.1
SKU-12421,Cyber Portable Mouse - Red,Electronic accessories,148.21,195.62
SKU-12422,Giga Fast-Charging Cable - Silver,Electronic accessories,119.85,158.31
SKU-12423,Vital Oil-Free Deodorant - 150g,Health and beauty,11.49,15.29
SKU-12424,Cyber Bluetooth Earbuds - Blue,Electronic accessories,38.36,50.98
SKU-12425,Smart Heavy Duty Mouse - Black,Electronic accessories,78.16,113.19
SKU-12426,Summit Breathable Dumbbells - Neon Green,Sports and travel,56.61,83.53
SKU-12427,Chic Vintage Backpack - Silver,Fashion accessories,56.85,89.23
SKU-12428,Classic Rustic Towel Set - Beige,Home and lifestyle,11.91,18.98
SKU-12429,Classic Cotton Watch - Navy,Fashion accessories,23.63,30.13
SKU-12430,Ultra Heavy Duty Charger - Silver,Electronic accessories,119.42,155.68
SKU-12431,Glow Hydrating Shampoo - 50ml,Health and beauty,44.13,62.16
SKU-12432,Derma Organic Lip Balm - 200ml,Health and beauty,56.51,70.91
SKU-12433,Radiant Oil-Free Serum - 200ml (V51),Health and beauty,25.03,34.54
SKU-12434,Velocity Waterproof Yoga Mat - Red,Sports and travel,55.26,70.11
SKU-12435,Aero Compact Resistance Bands - Neon Green,Sports and travel,44.85,57.39
SKU-12436,Tasty Gluten-Free Pasta - 1L,Food and beverages,9.93,11.85
SKU-12437,Retro Polarized Gloves - Silver,Fashion accessories,5.6,7.48
SKU-12438,Classic Polarized Watch - Navy,Fashion accessories,41.3,59.82
SKU-12439,Cyber Fast-Charging Headphones - White,Electronic accessories,31.66,46.61
SKU-12440,Premium Spicy Juice - 500ml,Food and beverages,7.89,9.94
SKU-12441,Premium Gluten-Free Green Tea - 500ml,Food and beverages,10.97,13.25
SKU-12442,Pulse Wireless Keyboard - Silver,Electronic accessories,112.81,154.03
SKU-12443,Zen Minimalist Coffee Mug - Beige,Home and lifestyle,46.29,64.78
SKU-12444,Luxe Leather Gloves - Gold,Fashion accessories,54.6,84.8
SKU-12445,Smart Portable Webcam - Blue,Electronic accessories,40.22,58.51
SKU-12446,Zen Stainless Steel Cushion - Oak,Home and lifestyle,78.13,101.02
SKU-12447,Retro Denim Tie - Black (V13),Fashion accessories,15.6,22.1
SKU-12448,Eco Bluetooth Keyboard - Red,Electronic accessories,50.77,64.27
SKU-12449,Organic Gluten-Free Olive Oil - 1Kg (V43),Food and beverages,14.37,18.59
SKU-12450,Peak Waterproof Water Bottle - Grey,Sports and travel,21.95,30.19
SKU-12451,Aero Compact Yoga Mat - Black,Sports and travel,30.76,46.27
SKU-12452,Urban Wooden Picture Frame - White,Home and lifestyle,25.28,31.68
SKU-12453,Modern Rustic Candle - White,Home and lifestyle,12.81,17.45
SKU-12454,Chic Vintage Watch - Rose Gold,Fashion accessories,18.88,27.61
SKU-12455,Vogue Canvas Hat - Rose Gold,Fashion accessories,59.66,92.76
SKU-12456,Modern Stainless Steel Wall Clock - White (V58),Home and lifestyle,71.37,103.73
SKU-12457,Clear Soothing Body Wash - 100ml,Health and beauty,64.19,98.87
SKU-12458,Motion Compact Yoga Mat - Orange,Sports and travel,71.79,111.89
SKU-12459,Premium Roasted Cookies - 1L,Food and beverages,6.58,8.14
SKU-12460,EcoLiving Wooden Vase - Black,Home and lifestyle,26.74,38.72
SKU-12461,Active Waterproof Water Bottle - Neon Green,Sports and travel,10.21,13.55
SKU-12462,Smart Portable Keyboard - Grey,Electronic accessories,32.51,40.83
SKU-12463,ProFit Waterproof Sleeping Bag - Orange,Sports and travel,23.9,37.9
SKU-12464,Motion Lightweight Tent - Grey,Sports and travel,43.85,61.2
SKU-12465,Classic Silk Scarf - Black,Fashion accessories,59.29,83.99
SKU-12466,Nova Fast-Charging Webcam - White,Electronic accessories,79.79,103.05
SKU-12467,Premium Crunchy Chocolate - 250g,Food and beverages,13.31,15.77
SKU-12468,EcoLiving Rustic Storage Box - Grey (V73),Home and lifestyle,23.59,30.09
SKU-12469,Cyber Slim Power Bank - Silver,Electronic accessories,112.1,147.18
SKU-12470,Classic Rustic Cushion - Black,Home and lifestyle,65.2,85.43
SKU-12471,TechPro Mini Charger - White,Electronic accessories,88.69,124.29
SKU-12472,Ultra Wireless Mouse - Blue,Electronic accessories,21.19,28.83
SKU-12473,Pure Hydrating Serum - Travel Size,Health and beauty,50.6,66.43
SKU-12474,Velocity Heavy-Duty Dumbbells - Blue,Sports and travel,68.78,93.04
SKU-12475,Ultra Heavy Duty Charger - Blue (V60),Electronic accessories,34.45,50.85
SKU-12476,FarmFresh Gluten-Free Coffee Beans - 500g,Food and beverages,4.79,6.11
SKU-12477,TechPro Heavy Duty Mouse - Blue,Electronic accessories,140.72,170.14
SKU-12478,Zen Ceramic Candle - Black,Home and lifestyle,50.16,62.83
SKU-12479,Radiant Hydrating Shampoo - 150g,Health and beauty,47.03,65.24
SKU-12480,Organic Vegan Cereal - 500ml,Food and beverages,3.95,4.71
SKU-12481,Chic Denim Wallet - Silver,Fashion accessories,25.94,41.0
SKU-12482,Giga Portable Earbuds - Grey,Electronic accessories,53.83,80.39
SKU-12483,Aura Soothing Lip Balm - 200ml,Health and beauty,20.46,30.26
SKU-12484,Pure Natural Face Cream - Travel Size,Health and beauty,61.45,96.91
SKU-12485,ProFit Compact Resistance Bands - Blue,Sports and travel,30.65,41.04
SKU-12486,LuxeHome Ceramic Wall Clock - Clear,Home and lifestyle,36.03,48.71
SKU-12487,Nature's Roasted Olive Oil - 1L,Food and beverages,6.03,7.18
SKU-12488,Retro Leather Backpack - Silver,Fashion accessories,75.78,110.16
SKU-12489,Ultra Heavy Duty Adapter - White,Electronic accessories,77.33,102.22
SKU-12490,Tasty Vegan Honey - 500g,Food and beverages,17.06,20.51
SKU-12491,Tasty Roasted Cereal - 1Kg,Food and beverages,19.12,24.21
SKU-12492,Smart Mini Power Bank - Silver,Electronic accessories,137.35,189.34
SKU-12493,Trendy Leather Wallet - Gold,Fashion accessories,15.04,20.45
SKU-12494,Active Ergonomic Resistance Bands - Red,Sports and travel,73.71,94.77
SKU-12495,Ultra Slim Charger - Grey (V32),Electronic accessories,74.73,104.71
SKU-12496,Chic Canvas Wallet - Navy,Fashion accessories,50.69,67.89
SKU-12497,Radiant Hydrating Serum - Travel Size,Health and beauty,17.02,26.54
SKU-12498,Cyber Wireless Mouse - Red (V61),Electronic accessories,93.81,132.97
SKU-12499,Golden Sweet Pasta - Pack of 6,Food and beverages,14.18,17.64
SKU-12500,Daily Spicy Coffee Beans - 250g,Food and beverages,4.85,6.2
SKU-12501,Golden Vegan Cereal - Pack of 6,Food and beverages,3.5,4.13
SKU-12502,Organic Gluten-Free Coffee Beans - 1L,Food and beverages,1.84,2.24
SKU-12503,Modern Wooden Coffee Mug - Black,Home and lifestyle,30.87,46.87
SKU-12504,Trendy Silk Sunglasses - Gold,Fashion accessories,62.29,88.4
SKU-12505,LuxeHome Rustic Bed Sheets - Beige,Home and lifestyle,24.6,36.61
SKU-12506,Cyber Fast-Charging Earbuds - Grey (V40),Electronic accessories,146.62,181.41
SKU-12507,Active Lightweight Backpack - Red,Sports and travel,42.9,58.0
SKU-12508,Nova Wireless Adapter - Red (V9),Electronic accessories,36.96,45.94
SKU-12509,Elite Leather Sunglasses - Navy,Fashion accessories,46.11,64.12
SKU-12510,Vogue Polarized Sunglasses - Rose Gold,Fashion accessories,69.14,101.85
SKU-12511,Daily Roasted Juice - 1L,Food and beverages,18.42,23.64
SKU-12512,Organic Roasted Almonds - 500g,Food and beverages,16.4,20.28
SKU-12513,Urban Cotton Backpack - Rose Gold,Fashion accessories,17.24,26.78
SKU-12514,Velocity Heavy-Duty Jump Rope - Neon Green,Sports and travel,63.56,86.53
SKU-12515,Smart Fast-Charging Adapter - Grey,Electronic accessories,130.22,161.36
SKU-12516,Nova Portable Power Bank - Grey (V99),Electronic accessories,148.63,195.33
SKU-12517,Smart Slim Mouse - Silver,Electronic accessories,145.45,176.67
SKU-12518,FarmFresh Salted Green Tea - 500g,Food and beverages,18.86,21.92
SKU-12519,Ultra Wireless Webcam - Blue,Electronic accessories,125.33,178.14
SKU-12520,Nature's Roasted Cereal - 1Kg,Food and beverages,9.9,12.65
SKU-12521,HomeStyle Stainless Steel Candle - Beige (V68),Home and lifestyle,76.92,108.89
SKU-12522,LuxeHome Minimalist Cushion - Beige,Home and lifestyle,44.89,56.81
SKU-12523,Vogue Canvas Sunglasses - Rose Gold,Fashion accessories,43.55,56.19
SKU-12524,Eco Wireless Headphones - Grey,Electronic accessories,40.99,56.33
SKU-12525,Smart Mini Keyboard - Grey,Electronic accessories,19.52,24.96
SKU-12526,Clear Oil-Free Deodorant - 50ml (V14),Health and beauty,24.83,35.5
SKU-12527,Daily Roasted Almonds - Pack of 6,Food and beverages,4.37,5.26
SKU-12528,Nature's Gluten-Free Cereal - Pack of 6,Food and beverages,5.42,6.77
SKU-12529,Pure Roasted Green Tea - 1L,Food and beverages,1.69,2.01
SKU-12530,Premium Roasted Olive Oil - 500g,Food and beverages,1.25,1.53
SKU-12531,Aura Soothing Conditioner - 150g,Health and beauty,29.8,41.89
SKU-12532,Trek Compact Tent - Black,Sports and travel,49.99,66.31
SKU-12533,Classic Cotton Backpack - Gold,Fashion accessories,61.3,97.08
SKU-12534,Tasty Vegan Green Tea - 1L,Food and beverages,2.47,3.03
SKU-12535,Summit Heavy-Duty Jump Rope - Blue,Sports and travel,62.69,79.02
SKU-12536,Trendy Silk Wallet - Brown,Fashion accessories,29.59,38.65
SKU-12537,Vogue Silk Sunglasses - Brown,Fashion accessories,64.46,102.18
SKU-12538,LuxeHome Ceramic Coffee Mug - Beige,Home and lifestyle,16.24,20.63
SKU-12539,Urban Denim Tie - Black,Fashion accessories,28.28,38.01
SKU-12540,Tasty Vegan Olive Oil - 500ml (V16),Food and beverages,16.14,19.28
SKU-12541,Trendy Vintage Sunglasses - Navy,Fashion accessories,11.07,17.03
SKU-12542,Giga Fast-Charging Webcam - Silver,Electronic accessories,68.4,89.82
SKU-12543,Peak Heavy-Duty Jump Rope - Red,Sports and travel,25.48,34.22
SKU-12544,Classic Ceramic Picture Frame - Grey,Home and lifestyle,59.6,81.9
SKU-12545,Summit Waterproof Gym Bag - Blue,Sports and travel,52.23,66.86
SKU-12546,TechPro Slim Earbuds - Grey (V89),Electronic accessories,146.64,216.29
SKU-12547,Cyber Heavy Duty Power Bank - Silver,Electronic accessories,81.27,104.07
SKU-12548,Giga Slim Earbuds - Grey (V73),Electronic accessories,79.4,111.45
SKU-12549,Aero Heavy-Duty Resistance Bands - Black,Sports and travel,67.23,89.46
SKU-12550,Active Lightweight Resistance Bands - Red,Sports and travel,57.31,78.08
SKU-12551,Ultra Heavy Duty Charger - Red,Electronic accessories,90.55,121.11
SKU-12552,TechPro Wireless Adapter - White,Electronic accessories,109.16,133.58
SKU-12553,Cyber Fast-Charging Power Bank - Red,Electronic accessories,54.95,70.74
SKU-12554,ProFit Ergonomic Resistance Bands - Black,Sports and travel,25.09,33.52
SKU-12555,Zen Minimalist Vase - Clear,Home and lifestyle,74.17,92.88
SKU-12556,Nova Fast-Charging Keyboard - Blue,Electronic accessories,79.9,96.64
SKU-12557,Giga Heavy Duty Power Bank - Red,Electronic accessories,55.1,78.49
SKU-12558,Luxe Vintage Wallet - Black,Fashion accessories,5.12,6.4
SKU-12559,Trendy Cotton Handbag - Black,Fashion accessories,28.41,42.73
SKU-12560,Urban Rustic Storage Box - Black,Home and lifestyle,71.4,96.95
SKU-12561,Nova Slim Cable - Grey,Electronic accessories,74.72,110.81
SKU-12562,Golden Roasted Chocolate - 500g,Food and beverages,10.25,12.74
SKU-12563,Velocity Waterproof Yoga Mat - Neon Green,Sports and travel,69.16,108.12
SKU-12564,Classic Vintage Watch - Silver,Fashion accessories,78.47,107.97
SKU-12565,Giga Wireless Adapter - Black,Electronic accessories,55.6,80.18
SKU-12566,Golden Gluten-Free Chocolate - 500ml,Food and beverages,19.66,24.06
SKU-12567,Pulse Mini Mouse - Red,Electronic accessories,52.22,76.71
SKU-12568,FarmFresh Roasted Cookies - Pack of 6,Food and beverages,15.97,18.84
SKU-12569,Glow Vitamin C Serum - Travel Size,Health and beauty,55.63,77.07
SKU-12570,Aura Vitamin C Conditioner - 200ml,Health and beauty,56.92,77.61
SKU-12571,ProFit Breathable Gym Bag - Grey,Sports and travel,27.51,40.43
SKU-12572,Vogue Vintage Belt - Gold,Fashion accessories,36.71,52.67
SKU-12573,Essence Organic Perfume - 200ml,Health and beauty,15.66,21.27
SKU-12574,Clear Organic Serum - Travel Size,Health and beauty,36.18,48.3
SKU-12575,Chic Denim Backpack - Gold (V70),Fashion accessories,56.86,89.86
SKU-12576,HomeStyle Stainless Steel Wall Clock - White,Home and lifestyle,12.27,19.23
SKU-12577,Urban Silk Gloves - Rose Gold,Fashion accessories,41.88,64.11
SKU-12578,Essence Soothing Lip Balm - 200ml,Health and beauty,48.36,71.76
SKU-12579,Velocity Heavy-Duty Tent - Orange,Sports and travel,72.17,110.32
SKU-12580,Modern Glass Table Lamp - White,Home and lifestyle,57.43,83.81
SKU-12581,Active Compact Travel Pillow - Neon Green,Sports and travel,62.78,86.25
SKU-12582,Pulse Mini Webcam - White,Electronic accessories,95.25,131.93
SKU-12583,Tasty Salted Olive Oil - 250g,Food and beverages,12.3,14.4
SKU-12584,Trendy Denim Tie - Gold,Fashion accessories,28.81,37.75
SKU-12585,Golden Spicy Cookies - Pack of 6,Food and beverages,3.19,3.75
SKU-12586,Eco Wireless Keyboard - Silver,Electronic accessories,31.81,44.45
SKU-12587,Derma Organic Conditioner - Pack of 2,Health and beauty,64.03,82.55
SKU-12588,Giga Heavy Duty Power Bank - Blue,Electronic accessories,111.06,136.95
SKU-12589,Pure Vitamin C Body Wash - 200ml,Health and beauty,73.89,97.07
SKU-12590,Cozy Cotton Storage Box - Clear,Home and lifestyle,34.64,49.48
SKU-12591,Chic Denim Tie - Black,Fashion accessories,50.3,75.34
SKU-12592,Derma Soothing Lip Balm - 100ml (V50),Health and beauty,67.63,97.18
SKU-12593,Velocity Lightweight Jump Rope - Black,Sports and travel,49.14,62.17
SKU-12594,Chic Silk Gloves - Rose Gold,Fashion accessories,54.0,71.47
SKU-12595,Organic Gluten-Free Green Tea - Pack of 6,Food and beverages,18.45,21.28
SKU-12596,Daily Crunchy Olive Oil - 500ml (V83),Food and beverages,18.11,21.41
SKU-12597,Luxe Silk Backpack - Rose Gold (V91),Fashion accessories,34.72,46.82
SKU-12598,Luxe Leather Handbag - Silver,Fashion accessories,26.06,34.79
SKU-12599,Premium Vegan Coffee Beans - 500ml,Food and beverages,15.96,18.8
SKU-12600,Urban Minimalist Cushion - Oak,Home and lifestyle,54.87,75.3
SKU-12601,Aero Durable Resistance Bands - Red,Sports and travel,40.01,62.44
SKU-12602,Glow Vitamin C Sunscreen - 150g,Health and beauty,74.46,116.19
SKU-12603,Pulse Bluetooth Speaker - White,Electronic accessories,37.31,46.32
SKU-12604,LuxeHome Minimalist Bed Sheets - Beige,Home and lifestyle,76.37,118.82
SKU-12605,Golden Salted Juice - 500g,Food and beverages,9.73,11.33
SKU-12606,Organic Salted Green Tea - 500ml,Food and beverages,11.61,14.62
SKU-12607,Vogue Polarized Gloves - Brown,Fashion accessories,42.27,65.35
SKU-12608,HomeStyle Wooden Vase - Beige (V85),Home and lifestyle,45.1,69.36
SKU-12609,Glow Oil-Free Perfume - 150g,Health and beauty,36.57,48.56
SKU-12610,Eco Slim Headphones - Silver,Electronic accessories,30.49,39.22
SKU-12611,Cyber Portable Headphones - Silver (V13),Electronic accessories,103.0,136.45
SKU-12612,Summit Heavy-Duty Gym Bag - Red,Sports and travel,44.45,70.31
SKU-12613,ProFit Heavy-Duty Tent - Red,Sports and travel,28.36,41.59
SKU-12614,Luxe Polarized Wallet - Brown,Fashion accessories,67.85,92.45
SKU-12615,Pure Vegan Juice - 1Kg,Food and beverages,4.25,5.41
SKU-12616,Premium Sweet Coffee Beans - 500ml,Food and beverages,12.88,15.43
SKU-12617,Nova Heavy Duty Cable - Silver,Electronic accessories,15.43,22.95
SKU-12618,Vogue Silk Sunglasses - Gold (V42),Fashion accessories,21.17,26.8
SKU-12619,Aura Organic Face Cream - Pack of 2,Health and beauty,59.67,85.42
SKU-12620,Classic Ceramic Vase - Grey,Home and lifestyle,53.87,77.84
SKU-12621,Tasty Crunchy Pasta - 1Kg,Food and beverages,13.12,16.3
SKU-12622,Aero Compact Gym Bag - Blue,Sports and travel,53.02,74.44
SKU-12623,Organic Roasted Almonds - 500ml (V54),Food and beverages,19.67,25.12
SKU-12624,Cozy Cotton Table Lamp - Black,Home and lifestyle,54.89,84.43
SKU-12625,Luxe Denim Handbag - Rose Gold,Fashion accessories,9.93,12.65
SKU-12626,Elite Leather Watch - Black,Fashion accessories,34.64,52.85
SKU-12627,HomeStyle Stainless Steel Coffee Mug - Black,Home and lifestyle,10.13,12.77
SKU-12628,Essence Vitamin C Shampoo - 50ml,Health and beauty,6.02,8.93
SKU-12629,Cozy Glass Table Lamp - Grey,Home and lifestyle,57.82,80.93
SKU-12630,Pure Anti-Aging Body Lotion - 200ml (V97),Health and beauty,72.8,99.76
SKU-12631,Summit Waterproof Travel Pillow - Grey,Sports and travel,76.21,117.47
SKU-12632,Ultra Bluetooth Webcam - Black,Electronic accessories,17.37,22.06
SKU-12633,Summit Ergonomic Jump Rope - Grey,Sports and travel,34.18,51.4
SKU-12634,Pure Roasted Cookies - 500ml,Food and beverages,16.12,20.46
SKU-12635,Chic Vintage Tie - Navy,Fashion accessories,53.95,83.42
SKU-12636,Motion Lightweight Yoga Mat - Black,Sports and travel,57.68,76.35
SKU-12637,Elite Vintage Watch - Rose Gold (V14),Fashion accessories,11.83,16.03
SKU-12638,Daily Roasted Cereal - Pack of 6,Food and beverages,10.7,12.48
SKU-12639,Luxe Leather Hat - Gold,Fashion accessories,12.16,18.12
SKU-12640,Premium Salted Cookies - 500g,Food and beverages,2.87,3.41
SKU-12641,FarmFresh Gluten-Free Cookies - 500ml,Food and beverages,14.51,18.81
SKU-12642,Essence Organic Conditioner - 150g,Health and beauty,26.69,41.56
SKU-12643,Zen Ceramic Table Lamp - Oak,Home and lifestyle,30.34,41.47
SKU-12644,Elite Vintage Belt - Black,Fashion accessories,23.99,30.01
SKU-12645,Velocity Breathable Tent - Black,Sports and travel,7.04,11.12
SKU-12646,Cozy Glass Bed Sheets - Beige,Home and lifestyle,17.13,25.82
SKU-12647,Cyber Slim Mouse - Red,Electronic accessories,16.32,24.26
SKU-12648,Radiant Natural Shampoo - 150g,Health and beauty,42.75,61.7
SKU-12649,Eco Wireless Cable - Black,Electronic accessories,41.99,54.2
SKU-12650,Vogue Canvas Wallet - Silver,Fashion accessories,47.75,66.32
SKU-12651,Chic Canvas Handbag - Brown,Fashion accessories,28.42,38.83
SKU-12652,Eco Mini Headphones - Blue,Electronic accessories,44.89,59.21
SKU-12653,HomeStyle Glass Towel Set - White (V82),Home and lifestyle,22.65,31.21
SKU-12654,Summit Ergonomic Yoga Mat - Orange,Sports and travel,5.57,7.8
SKU-12655,Clear Soothing Sunscreen - Pack of 2,Health and beauty,38.82,60.36
SKU-12656,Retro Vintage Scarf - Black,Fashion accessories,30.53,47.1
SKU-12657,Urban Glass Bed Sheets - Grey,Home and lifestyle,13.72,17.99
SKU-12658,Zen Minimalist Cushion - Oak (V47),Home and lifestyle,37.54,48.67
SKU-12659,LuxeHome Rustic Storage Box - Grey,Home and lifestyle,75.5,109.91
SKU-12660,Smart Portable Mouse - Black,Electronic accessories,30.3,43.68
SKU-12661,Vogue Cotton Belt - Brown,Fashion accessories,16.74,26.46
SKU-12662,HomeStyle Rustic Cushion - Oak,Home and lifestyle,42.62,66.63
SKU-12663,Clear Soothing Shampoo - 50ml,Health and beauty,29.63,42.59
SKU-12664,Trek Ergonomic Yoga Mat - Orange (V13),Sports and travel,19.53,26.04
SKU-12665,Essence Natural Serum - Pack of 2,Health and beauty,40.92,60.31
SKU-12666,Essence Organic Shampoo - 50ml,Health and beauty,71.68,114.05
SKU-12667,Urban Ceramic Coffee Mug - Grey,Home and lifestyle,73.63,97.81
SKU-12668,Luxe Silk Watch - Black,Fashion accessories,60.24,94.73
SKU-12669,FarmFresh Vegan Green Tea - 500ml,Food and beverages,2.36,3.01
SKU-12670,Aura Organic Conditioner - Travel Size,Health and beauty,60.16,93.31
SKU-12671,Premium Sweet Almonds - 500g,Food and beverages,16.8,21.64
SKU-12672,EcoLiving Minimalist Towel Set - Grey,Home and lifestyle,23.62,36.39
SKU-12673,Cozy Minimalist Coffee Mug - Beige (V6),Home and lifestyle,20.53,27.47
SKU-12674,Trek Breathable Yoga Mat - Red,Sports and travel,67.76,92.34
SKU-12675,Giga Mini Mouse - Black,Electronic accessories,71.47,105.46
SKU-12676,Derma Vitamin C Serum - 150g,Health and beauty,24.46,30.99
SKU-12677,Peak Lightweight Yoga Mat - Grey,Sports and travel,49.56,71.33
SKU-12678,Motion Durable Resistance Bands - Grey,Sports and travel,53.37,76.72
SKU-12679,Cyber Fast-Charging Webcam - Silver,Electronic accessories,122.39,177.23
SKU-12680,Modern Rustic Bed Sheets - Oak,Home and lifestyle,27.06,42.73
SKU-12681,EcoLiving Ceramic Candle - Black,Home and lifestyle,6.84,9.54
SKU-12682,Peak Ergonomic Jump Rope - Grey,Sports and travel,65.21,81.87
SKU-12683,Active Ergonomic Dumbbells - Red (V11),Sports and travel,23.12,30.09
SKU-12684,TechPro Wireless Power Bank - Silver,Electronic accessories,146.57,187.08
SKU-12685,Glow Oil-Free Body Lotion - 100ml,Health and beauty,25.83,39.55
SKU-12686,Retro Polarized Tie - Black,Fashion accessories,68.41,101.91
SKU-12687,Smart Slim Adapter - Silver,Electronic accessories,118.8,147.76
SKU-12688,FarmFresh Spicy Cookies - 1Kg,Food and beverages,18.04,22.58
SKU-12689,Essence Oil-Free Deodorant - 100ml (V67),Health and beauty,55.65,79.89
SKU-12690,Trendy Vintage Hat - Brown,Fashion accessories,64.87,82.37
SKU-12691,Velocity Durable Yoga Mat - Grey,Sports and travel,69.88,98.02
SKU-12692,Tasty Gluten-Free Green Tea - 1Kg,Food and beverages,5.04,6.3
SKU-12693,Aero Ergonomic Travel Pillow - Grey (V16),Sports and travel,46.63,67.99
SKU-12694,Luxe Silk Watch - Silver,Fashion accessories,28.26,42.64
SKU-12695,Vital Organic Sunscreen - Pack of 2,Health and beauty,36.1,55.25
SKU-12696,Active Waterproof Water Bottle - Orange,Sports and travel,21.68,30.75
SKU-12697,Ultra Wireless Earbuds - Black,Electronic accessories,30.31,43.9
SKU-12698,Retro Polarized Tie - Black (V43),Fashion accessories,32.27,42.36
SKU-12699,Eco Fast-Charging Webcam - Black,Electronic accessories,84.09,124.76
SKU-12700,Active Lightweight Resistance Bands - Orange,Sports and travel,14.12,21.62
SKU-12701,Giga Wireless Mouse - Silver,Electronic accessories,114.68,141.17
SKU-12702,Smart Fast-Charging Keyboard - Blue (V40),Electronic accessories,52.12,65.76
SKU-12703,Vital Organic Perfume - Pack of 2,Health and beauty,72.39,93.46
SKU-12704,Daily Spicy Cookies - Pack of 6,Food and beverages,17.91,20.64
SKU-12705,Peak Lightweight Backpack - Red,Sports and travel,54.67,79.35
SKU-12706,Nova Wireless Webcam - Grey (V64),Electronic accessories,49.7,60.57
SKU-12707,Golden Sweet Juice - 500ml (V45),Food and beverages,1.53,1.88
SKU-12708,Urban Silk Belt - Silver,Fashion accessories,19.13,26.21
SKU-12709,Classic Denim Sunglasses - Navy,Fashion accessories,49.31,75.87
SKU-12710,Pulse Portable Speaker - White,Electronic accessories,112.48,139.15
SKU-12711,Nature's Crunchy Almonds - 1Kg,Food and beverages,2.26,2.63
SKU-12712,Eco Wireless Keyboard - Blue,Electronic accessories,28.93,42.23
SKU-12713,Classic Silk Hat - Black,Fashion accessories,21.9,27.71
SKU-12714,Peak Heavy-Duty Dumbbells - Red,Sports and travel,46.15,72.22
SKU-12715,Classic Ceramic Storage Box - Grey,Home and lifestyle,6.38,9.42
SKU-12716,Ultra Slim Earbuds - Red,Electronic accessories,50.94,71.46
SKU-12717,Daily Roasted Olive Oil - 250g (V58),Food and beverages,5.69,7.34
SKU-12718,Radiant Oil-Free Lip Balm - 50ml,Health and beauty,48.71,64.13
SKU-12719,Active Waterproof Yoga Mat - Red,Sports and travel,72.24,91.95
SKU-12720,Aero Heavy-Duty Water Bottle - Blue,Sports and travel,41.67,55.36
SKU-12721,TechPro Heavy Duty Mouse - Black,Electronic accessories,140.2,188.61
SKU-12722,Aero Breathable Sleeping Bag - Grey,Sports and travel,54.46,79.01
SKU-12723,Eco Portable Speaker - Red,Electronic accessories,54.28,75.46
SKU-12724,Trek Breathable Gym Bag - Red,Sports and travel,45.85,68.24
SKU-12725,Aura Anti-Aging Shampoo - 150g,Health and beauty,35.77,51.5
SKU-12726,Essence Vitamin C Sunscreen - 100ml,Health and beauty,46.92,67.9
SKU-12727,Premium Spicy Olive Oil - 500g,Food and beverages,2.84,3.44
SKU-12728,Giga Mini Speaker - Red,Electronic accessories,82.4,104.9
SKU-12729,Organic Gluten-Free Juice - 250g,Food and beverages,16.72,19.84
SKU-12730,Golden Crunchy Olive Oil - 250g,Food and beverages,8.98,11.5
SKU-12731,Daily Gluten-Free Juice - Pack of 6,Food and beverages,8.69,10.92
SKU-12732,Essence Organic Serum - 100ml,Health and beauty,68.91,90.12
SKU-12733,Clear Soothing Shampoo - 100ml (V71),Health and beauty,54.45,76.78
SKU-12734,Essence Oil-Free Perfume - 150g,Health and beauty,55.12,86.62
SKU-12735,Motion Waterproof Gym Bag - Blue,Sports and travel,66.83,89.24
SKU-12736,Trendy Vintage Handbag - Silver,Fashion accessories,32.57,43.01
SKU-12737,Urban Ceramic Towel Set - White,Home and lifestyle,12.3,16.61
SKU-12738,Derma Anti-Aging Sunscreen - 200ml,Health and beauty,78.19,106.7
SKU-12739,Velocity Waterproof Jump Rope - Red,Sports and travel,27.18,34.81
SKU-12740,Glow Hydrating Serum - 50ml,Health and beauty,72.87,107.23
SKU-12741,Retro Canvas Scarf - Gold,Fashion accessories,56.29,88.26
SKU-12742,Glow Soothing Sunscreen - 200ml,Health and beauty,40.96,61.72
SKU-12743,Cozy Stainless Steel Vase - Beige,Home and lifestyle,22.66,28.89
SKU-12744,Glow Oil-Free Deodorant - 150g,Health and beauty,31.85,49.84
SKU-12745,Pulse Slim Mouse - Grey,Electronic accessories,30.74,43.42
SKU-12746,Active Compact Jump Rope - Red,Sports and travel,11.33,17.98
SKU-12747,Ultra Wireless Earbuds - Grey,Electronic accessories,48.6,69.18
SKU-12748,Active Ergonomic Backpack - Neon Green,Sports and travel,36.69,54.86
SKU-12749,Pure Sweet Green Tea - 1L,Food and beverages,7.9,10.02
SKU-12750,Velocity Ergonomic Dumbbells - Grey,Sports and travel,54.2,85.82
SKU-12751,Zen Ceramic Candle - Beige,Home and lifestyle,9.23,14.63
SKU-12752,Glow Oil-Free Body Wash - 50ml,Health and beauty,51.12,70.43
SKU-12753,Motion Durable Tent - Black,Sports and travel,17.78,28.45
SKU-12754,ProFit Durable Dumbbells - Red,Sports and travel,16.3,24.82
SKU-12755,TechPro Bluetooth Charger - White,Electronic accessories,47.61,69.26
SKU-12756,Classic Cotton Bed Sheets - Black,Home and lifestyle,66.52,85.16
SKU-12757,Retro Polarized Hat - Gold,Fashion accessories,30.76,47.99
SKU-12758,Modern Rustic Vase - Beige (V12),Home and lifestyle,46.59,68.08
SKU-12759,Trek Compact Resistance Bands - Neon Green,Sports and travel,45.34,58.02
SKU-12760,Golden Spicy Olive Oil - 500ml,Food and beverages,14.18,18.36
SKU-12761,Pulse Heavy Duty Speaker - Grey,Electronic accessories,34.74,50.27
SKU-12762,Zen Cotton Table Lamp - Oak,Home and lifestyle,46.4,65.8
SKU-12763,Cozy Stainless Steel Wall Clock - Grey,Home and lifestyle,62.24,83.38
SKU-12764,Pure Vitamin C Deodorant - Travel Size,Health and beauty,73.44,93.17
SKU-12765,Radiant Anti-Aging Deodorant - 200ml,Health and beauty,73.82,96.14
SKU-12766,Classic Vintage Tie - Rose Gold (V20),Fashion accessories,57.81,78.98
SKU-12767,Pure Sweet Pasta - 500g,Food and beverages,12.57,16.07
SKU-12768,Pure Crunchy Chocolate - Pack of 6,Food and beverages,5.04,6.44
SKU-12769,Classic Leather Gloves - Navy,Fashion accessories,75.54,115.36
SKU-12770,Cozy Minimalist Storage Box - Clear (V53),Home and lifestyle,77.87,120.8
SKU-12771,EcoLiving Ceramic Wall Clock - Grey,Home and lifestyle,42.78,66.18
SKU-12772,Vogue Denim Handbag - Black,Fashion accessories,38.28,58.17
SKU-12773,Essence Hydrating Deodorant - 150g,Health and beauty,34.41,51.58
SKU-12774,Glow Soothing Shampoo - Pack of 2,Health and beauty,60.4,78.99
SKU-12775,Aero Compact Tent - Red,Sports and travel,47.26,72.74
SKU-12776,ProFit Compact Backpack - Red,Sports and travel,33.53,50.96
SKU-12777,Classic Vintage Handbag - Silver (V48),Fashion accessories,8.02,11.28
SKU-12778,Clear Vitamin C Body Wash - Travel Size,Health and beauty,39.5,59.99
SKU-12779,Pure Spicy Juice - 1L,Food and beverages,11.93,14.48
SKU-12780,Eco Bluetooth Keyboard - Red (V41),Electronic accessories,30.1,38.93
SKU-12781,Cyber Wireless Charger - Silver,Electronic accessories,72.42,88.01
SKU-12782,Golden Spicy Honey - 500g,Food and beverages,16.47,19.39
SKU-12783,Urban Glass Vase - Black,Home and lifestyle,43.45,65.73
SKU-12784,Tasty Sweet Cereal - 500g,Food and beverages,1.11,1.39
SKU-12785,Zen Minimalist Table Lamp - Oak (V51),Home and lifestyle,23.67,31.41
SKU-12786,Daily Spicy Juice - 500ml (V87),Food and beverages,4.09,5.2
SKU-12787,Daily Salted Juice - 250g,Food and beverages,15.22,17.9
SKU-12788,Aero Durable Sleeping Bag - Neon Green,Sports and travel,74.27,104.07
SKU-12789,Nova Bluetooth Webcam - White,Electronic accessories,39.85,51.17
SKU-12790,Daily Vegan Green Tea - 250g,Food and beverages,19.84,25.21
SKU-12791,Modern Wooden Table Lamp - Black,Home and lifestyle,9.93,13.62
SKU-12792,Giga Wireless Headphones - Black,Electronic accessories,13.24,17.78
SKU-12793,Retro Vintage Wallet - Rose Gold,Fashion accessories,75.17,109.62
SKU-12794,Aero Breathable Resistance Bands - Red,Sports and travel,37.93,49.43
SKU-12795,Summit Durable Tent - Neon Green,Sports and travel,49.23,73.2
SKU-12796,Pulse Slim Earbuds - Black,Electronic accessories,145.99,177.85
SKU-12797,Eco Wireless Headphones - Red,Electronic accessories,44.59,58.31
SKU-12798,Organic Spicy Coffee Beans - 1L,Food and beverages,3.89,4.83
SKU-12799,Derma Soothing Lip Balm - 150g,Health and beauty,64.01,99.87
SKU-12800,Cozy Minimalist Bed Sheets - Clear,Home and lifestyle,21.32,30.06
SKU-12801,Aero Ergonomic Resistance Bands - Orange,Sports and travel,61.36,89.67
SKU-12802,Retro Silk Backpack - Gold,Fashion accessories,11.24,17.06
SKU-12803,Peak Ergonomic Tent - Orange,Sports and travel,52.98,75.08
SKU-12804,Radiant Natural Sunscreen - 200ml,Health and beauty,54.73,68.68
SKU-12805,Cyber Bluetooth Adapter - Silver,Electronic accessories,29.01,35.89
SKU-12806,Summit Lightweight Dumbbells - Black,Sports and travel,33.23,47.01
SKU-12807,Clear Oil-Free Sunscreen - 100ml,Health and beauty,33.45,52.37
SKU-12808,Urban Leather Wallet - Navy,Fashion accessories,72.03,99.71
SKU-12809,Aura Organic Face Cream - Pack of 2 (V51),Health and beauty,54.17,80.15
SKU-12810,Vital Anti-Aging Conditioner - 50ml,Health and beauty,5.35,6.83
SKU-12811,Trek Ergonomic Resistance Bands - Blue (V64),Sports and travel,28.59,43.69
SKU-12812,Clear Oil-Free Sunscreen - 200ml,Health and beauty,71.63,103.04
SKU-12813,Cozy Ceramic Towel Set - Black,Home and lifestyle,62.25,94.35
SKU-12814,Vogue Leather Sunglasses - Navy,Fashion accessories,34.19,43.96
SKU-12815,Luxe Leather Scarf - Navy (V96),Fashion accessories,56.64,79.95
SKU-12816,Luxe Vintage Sunglasses - Gold,Fashion accessories,45.65,71.09
SKU-12817,Clear Vitamin C Deodorant - 150g (V72),Health and beauty,52.86,68.18
SKU-12818,Pure Oil-Free Body Wash - Pack of 2,Health and beauty,68.6,85.84
SKU-12819,Urban Ceramic Cushion - Clear,Home and lifestyle,20.72,31.42
SKU-12820,Modern Minimalist Vase - Grey,Home and lifestyle,35.97,54.19
SKU-12821,Eco Heavy Duty Adapter - Silver,Electronic accessories,49.06,68.56
SKU-12822,Pure Salted Coffee Beans - 1Kg,Food and beverages,16.76,19.55
SKU-12823,Velocity Durable Water Bottle - Orange,Sports and travel,76.4,105.96
SKU-12824,Motion Lightweight Sleeping Bag - Blue,Sports and travel,11.22,17.07
SKU-12825,Velocity Waterproof Yoga Mat - Orange (V17),Sports and travel,34.33,49.28
SKU-12826,LuxeHome Glass Picture Frame - Oak,Home and lifestyle,28.16,38.03
SKU-12827,Vogue Cotton Belt - Black,Fashion accessories,69.42,100.83
SKU-12828,Chic Denim Tie - Brown,Fashion accessories,28.99,36.91
SKU-12829,Cozy Minimalist Table Lamp - Clear,Home and lifestyle,9.18,12.39
SKU-12830,FarmFresh Spicy Cookies - 500g (V77),Food and beverages,2.15,2.68
SKU-12831,Trek Waterproof Tent - Neon Green,Sports and travel,10.66,13.82
SKU-12832,Eco Portable Keyboard - Grey,Electronic accessories,51.76,65.11
SKU-12833,Zen Wooden Table Lamp - Beige,Home and lifestyle,40.61,59.26
SKU-12834,Derma Natural Body Wash - 50ml,Health and beauty,30.64,43.21
SKU-12835,Giga Slim Mouse - Black,Electronic accessories,90.47,116.81
SKU-12836,Vogue Vintage Handbag - Rose Gold,Fashion accessories,17.09,21.75
SKU-12837,Cyber Bluetooth Adapter - Grey,Electronic accessories,72.48,92.96
SKU-12838,Smart Bluetooth Adapter - Red,Electronic accessories,98.98,141.58
SKU-12839,Active Lightweight Backpack - Blue,Sports and travel,47.65,72.36
SKU-12840,Summit Heavy-Duty Dumbbells - Orange,Sports and travel,38.58,59.55
SKU-12841,Vogue Polarized Gloves - Brown (V82),Fashion accessories,5.01,6.67
SKU-12842,Modern Rustic Table Lamp - Beige,Home and lifestyle,74.35,113.72
SKU-12843,Aero Breathable Dumbbells - Orange (V88),Sports and travel,32.42,47.06
SKU-12844,Vital Anti-Aging Body Lotion - 50ml (V73),Health and beauty,8.27,12.21
SKU-12845,Elite Cotton Backpack - Rose Gold,Fashion accessories,65.3,89.91
SKU-12846,Ultra Heavy Duty Earbuds - Silver,Electronic accessories,115.09,150.24
SKU-12847,Derma Natural Body Lotion - Travel Size,Health and beauty,43.26,67.33
SKU-12848,Classic Leather Wallet - Rose Gold,Fashion accessories,42.32,63.22
SKU-12849,Pulse Bluetooth Adapter - Grey,Electronic accessories,35.79,53.65
SKU-12850,Vital Soothing Lip Balm - 200ml,Health and beauty,47.21,74.93
SKU-12851,Smart Mini Charger - Blue (V90),Electronic accessories,138.72,207.03
SKU-12852,Smart Fast-Charging Webcam - Red,Electronic accessories,79.63,101.14
SKU-12853,Pulse Fast-Charging Adapter - Red,Electronic accessories,136.14,187.99
SKU-12854,Classic Rustic Wall Clock - White,Home and lifestyle,6.57,9.93
SKU-12855,Pure Spicy Olive Oil - 1Kg,Food and beverages,15.88,19.19
SKU-12856,Daily Sweet Olive Oil - Pack of 6,Food and beverages,11.71,13.69
SKU-12857,Peak Durable Travel Pillow - Orange,Sports and travel,46.78,69.49
SKU-12858,Classic Rustic Storage Box - White,Home and lifestyle,9.85,15.74
SKU-12859,Giga Bluetooth Cable - Red,Electronic accessories,128.74,160.79
SKU-12860,Ultra Mini Webcam - White,Electronic accessories,50.05,70.26
SKU-12861,Modern Wooden Vase - Beige (V18),Home and lifestyle,31.14,40.06
SKU-12862,Zen Minimalist Candle - Oak,Home and lifestyle,18.88,24.37
SKU-12863,Trek Ergonomic Water Bottle - Red,Sports and travel,49.28,65.4
SKU-12864,Pulse Fast-Charging Earbuds - Blue,Electronic accessories,95.74,134.62
SKU-12865,Velocity Heavy-Duty Sleeping Bag - Blue,Sports and travel,62.46,92.8
SKU-12866,Zen Stainless Steel Storage Box - Beige,Home and lifestyle,74.35,105.86
SKU-12867,Active Compact Yoga Mat - Red,Sports and travel,63.55,83.75
SKU-12868,Nature's Salted Cookies - 1Kg,Food and beverages,10.12,11.72
SKU-12869,Golden Vegan Cereal - 500ml,Food and beverages,5.45,6.61
SKU-12870,Vital Oil-Free Body Wash - Pack of 2,Health and beauty,7.94,10.59
SKU-12871,Aero Durable Tent - Orange,Sports and travel,38.17,53.09
SKU-12872,Golden Crunchy Pasta - 500g,Food and beverages,19.04,22.36
SKU-12873,Tasty Crunchy Chocolate - 1L,Food and beverages,9.07,10.45
SKU-12874,ProFit Waterproof Water Bottle - Orange,Sports and travel,59.93,78.77
SKU-12875,Vogue Canvas Hat - Black,Fashion accessories,19.29,29.34
SKU-12876,Pure Gluten-Free Coffee Beans - Pack of 6,Food and beverages,4.14,4.89
SKU-12877,Vital Hydrating Body Lotion - 200ml,Health and beauty,33.17,43.01
SKU-12878,Trendy Silk Sunglasses - Navy,Fashion accessories,64.64,100.58
SKU-12879,Eco Wireless Power Bank - Red,Electronic accessories,14.18,20.17
SKU-12880,Daily Vegan Juice - Pack of 6,Food and beverages,4.49,5.36
SKU-12881,Pure Vitamin C Lip Balm - Pack of 2,Health and beauty,43.34,61.27
SKU-12882,Derma Hydrating Face Cream - 100ml,Health and beauty,27.72,35.98
SKU-12883,Daily Crunchy Pasta - 500g,Food and beverages,6.48,8.1
SKU-12884,FarmFresh Vegan Chocolate - 250g,Food and beverages,10.5,13.53
SKU-12885,Daily Crunchy Pasta - Pack of 6,Food and beverages,3.25,4.12
SKU-12886,Urban Rustic Coffee Mug - Grey,Home and lifestyle,76.6,109.58
SKU-12887,Daily Crunchy Honey - 1L,Food and beverages,2.89,3.55
SKU-12888,Retro Silk Handbag - Navy,Fashion accessories,38.71,61.73
SKU-12889,Cozy Ceramic Bed Sheets - Oak,Home and lifestyle,12.4,15.65
SKU-12890,Radiant Oil-Free Perfume - Pack of 2,Health and beauty,74.6,109.87
SKU-12891,FarmFresh Roasted Juice - 1L (V64),Food and beverages,11.7,14.2
SKU-12892,Ultra Bluetooth Mouse - Silver,Electronic accessories,15.89,19.92
SKU-12893,EcoLiving Cotton Cushion - Clear,Home and lifestyle,18.88,24.8
SKU-12894,Ultra Heavy Duty Earbuds - Grey,Electronic accessories,55.23,68.69
SKU-12895,FarmFresh Gluten-Free Coffee Beans - 500ml,Food and beverages,7.38,9.25
SKU-12896,Clear Soothing Perfume - 150g,Health and beauty,62.79,82.22
SKU-12897,ProFit Lightweight Water Bottle - Black,Sports and travel,74.06,105.69
SKU-12898,Luxe Denim Watch - Navy,Fashion accessories,20.56,27.82
SKU-12899,TechPro Fast-Charging Speaker - Black,Electronic accessories,72.06,95.95
SKU-12900,FarmFresh Sweet Honey - 1L (V39),Food and beverages,7.44,8.61
SKU-12901,TechPro Heavy Duty Headphones - White,Electronic accessories,48.93,64.75
SKU-12902,Urban Ceramic Candle - Oak,Home and lifestyle,35.46,50.53
SKU-12903,Premium Salted Olive Oil - Pack of 6,Food and beverages,5.76,7.07
SKU-12904,Motion Waterproof Dumbbells - Grey,Sports and travel,8.83,14.11
SKU-12905,Trendy Silk Sunglasses - Gold (V83),Fashion accessories,7.65,10.45
SKU-12906,ProFit Lightweight Yoga Mat - Black,Sports and travel,31.37,42.6
SKU-12907,Zen Glass Picture Frame - Oak,Home and lifestyle,11.83,17.54
SKU-12908,LuxeHome Stainless Steel Candle - Beige,Home and lifestyle,46.97,59.24
SKU-12909,Glow Anti-Aging Deodorant - 150g,Health and beauty,25.92,39.97
SKU-12910,Smart Mini Power Bank - Silver (V63),Electronic accessories,59.67,81.23
SKU-12911,Retro Leather Sunglasses - Black (V17),Fashion accessories,60.42,86.79
SKU-12912,Trek Heavy-Duty Jump Rope - Blue,Sports and travel,25.82,32.84
SKU-12913,HomeStyle Stainless Steel Coffee Mug - Black (V54),Home and lifestyle,56.49,71.94
SKU-12914,Urban Wooden Coffee Mug - Oak,Home and lifestyle,21.69,30.82
SKU-12915,Classic Cotton Coffee Mug - Black,Home and lifestyle,23.72,33.13
SKU-12916,Giga Slim Mouse - Red,Electronic accessories,24.38,32.08
SKU-12917,Classic Leather Scarf - Gold,Fashion accessories,63.69,85.6
SKU-12918,ProFit Ergonomic Yoga Mat - Orange (V54),Sports and travel,49.33,66.2
SKU-12919,Golden Salted Olive Oil - 1L,Food and beverages,4.99,5.93
SKU-12920,Giga Mini Earbuds - Red,Electronic accessories,87.66,106.28
SKU-12921,Ultra Mini Earbuds - White,Electronic accessories,147.06,191.65
SKU-12922,EcoLiving Rustic Picture Frame - Oak,Home and lifestyle,25.41,37.09
SKU-12923,Pulse Fast-Charging Earbuds - Blue (V46),Electronic accessories,116.83,146.72
SKU-12924,Giga Portable Webcam - Black,Electronic accessories,78.71,103.21
SKU-12925,Chic Cotton Watch - Silver,Fashion accessories,8.74,11.66
SKU-12926,Nova Wireless Speaker - Red (V12),Electronic accessories,148.29,184.74
SKU-12927,Luxe Canvas Handbag - Silver,Fashion accessories,18.59,29.68
SKU-12928,Radiant Anti-Aging Face Cream - 100ml,Health and beauty,25.05,38.19
SKU-12929,Trek Waterproof Yoga Mat - Blue,Sports and travel,21.53,28.63
SKU-12930,Vogue Denim Sunglasses - Brown,Fashion accessories,57.77,83.23
SKU-12931,Organic Crunchy Chocolate - Pack of 6 (V8),Food and beverages,7.65,9.87
SKU-12932,Eco Heavy Duty Cable - Grey,Electronic accessories,111.25,159.78
SKU-12933,TechPro Wireless Webcam - Blue,Electronic accessories,148.84,194.94
SKU-12934,Luxe Silk Wallet - Black,Fashion accessories,54.53,79.18
SKU-12935,Cozy Ceramic Table Lamp - Black,Home and lifestyle,69.66,87.29
SKU-12936,Peak Lightweight Jump Rope - Black,Sports and travel,37.87,50.82
SKU-12937,EcoLiving Glass Towel Set - Oak,Home and lifestyle,63.91,90.55
SKU-12938,Giga Fast-Charging Mouse - Grey,Electronic accessories,27.95,39.95
SKU-12939,FarmFresh Crunchy Juice - 500g,Food and beverages,8.78,10.52
SKU-12940,HomeStyle Stainless Steel Wall Clock - White (V91),Home and lifestyle,22.24,34.54
SKU-12941,Nova Bluetooth Webcam - Black,Electronic accessories,136.23,203.21
SKU-12942,Nova Wireless Webcam - White,Electronic accessories,128.68,179.64
SKU-12943,Aero Compact Jump Rope - Neon Green,Sports and travel,8.25,10.85
SKU-12944,Retro Canvas Tie - Silver,Fashion accessories,51.85,79.75
SKU-12945,Eco Fast-Charging Power Bank - Black,Electronic accessories,50.42,70.5
SKU-12946,Retro Canvas Belt - Rose Gold,Fashion accessories,25.04,37.88
SKU-12947,Vital Natural Perfume - 200ml (V23),Health and beauty,77.5,109.06
SKU-12948,Radiant Oil-Free Body Wash - 50ml,Health and beauty,59.37,90.14
SKU-12949,Pure Sweet Pasta - 500g (V69),Food and beverages,8.59,10.22
SKU-12950,Golden Sweet Olive Oil - 500g,Food and beverages,6.59,7.69
SKU-12951,Nova Heavy Duty Charger - Black,Electronic accessories,28.87,40.6
SKU-12952,Elite Leather Backpack - Gold,Fashion accessories,55.12,79.34
SKU-12953,TechPro Portable Keyboard - Grey,Electronic accessories,106.45,133.27
SKU-12954,Vital Oil-Free Deodorant - Travel Size (V50),Health and beauty,46.83,65.83
SKU-12955,Summit Ergonomic Tent - Red,Sports and travel,78.17,106.87
SKU-12956,Luxe Vintage Scarf - Black,Fashion accessories,50.74,66.21
SKU-12957,Luxe Polarized Belt - Rose Gold,Fashion accessories,8.39,11.89
SKU-12958,Motion Waterproof Jump Rope - Black,Sports and travel,67.82,88.96
SKU-12959,Peak Lightweight Sleeping Bag - Grey,Sports and travel,38.51,50.06
SKU-12960,Vital Vitamin C Body Lotion - 50ml,Health and beauty,55.09,74.79
SKU-12961,Peak Compact Sleeping Bag - Blue,Sports and travel,41.24,63.83
SKU-12962,Peak Lightweight Water Bottle - Grey,Sports and travel,40.67,60.68
SKU-12963,EcoLiving Minimalist Table Lamp - Grey,Home and lifestyle,72.95,112.67
SKU-12964,EcoLiving Minimalist Towel Set - Grey (V39),Home and lifestyle,26.39,40.99
SKU-12965,Urban Vintage Tie - Black,Fashion accessories,26.67,33.74
SKU-12966,Cozy Ceramic Bed Sheets - Clear,Home and lifestyle,36.27,46.49
SKU-12967,Pure Sweet Juice - 1L,Food and beverages,14.3,16.56
SKU-12968,Luxe Vintage Gloves - Black,Fashion accessories,10.06,14.97
SKU-12969,Elite Denim Handbag - Navy,Fashion accessories,50.14,70.35
SKU-12970,Trek Heavy-Duty Gym Bag - Neon Green,Sports and travel,74.11,108.08
SKU-12971,Active Compact Yoga Mat - Black,Sports and travel,65.0,101.11
SKU-12972,Tasty Sweet Chocolate - 250g,Food and beverages,17.66,20.44
SKU-12973,Aero Heavy-Duty Gym Bag - Blue,Sports and travel,12.11,15.87
SKU-12974,Pure Natural Face Cream - 50ml,Health and beauty,71.78,111.79
SKU-12975,Radiant Oil-Free Perfume - 150g,Health and beauty,78.7,107.19
SKU-12976,Clear Soothing Face Cream - 50ml (V65),Health and beauty,26.88,41.48
SKU-12977,Cyber Slim Keyboard - Grey,Electronic accessories,19.63,28.14
SKU-12978,Cyber Bluetooth Webcam - Grey (V3),Electronic accessories,77.8,93.48
SKU-12979,Clear Soothing Serum - 150g,Health and beauty,50.0,73.67
SKU-12980,Elite Polarized Scarf - Rose Gold,Fashion accessories,11.17,17.26
SKU-12981,Modern Stainless Steel Bed Sheets - Beige (V64),Home and lifestyle,18.58,25.88
SKU-12982,Trendy Silk Gloves - Brown,Fashion accessories,23.5,32.32
SKU-12983,Tasty Gluten-Free Cookies - 1L (V84),Food and beverages,1.32,1.62
SKU-12984,Classic Denim Scarf - Silver,Fashion accessories,14.39,19.8
SKU-12985,Golden Spicy Chocolate - 500g,Food and beverages,18.43,22.18
SKU-12986,HomeStyle Cotton Vase - Beige,Home and lifestyle,41.68,56.35
SKU-12987,Summit Ergonomic Jump Rope - Grey (V4),Sports and travel,38.64,58.42
SKU-12988,EcoLiving Wooden Coffee Mug - Clear,Home and lifestyle,56.75,74.69
SKU-12989,Giga Heavy Duty Charger - Silver (V56),Electronic accessories,12.91,19.24
SKU-12990,Tasty Sweet Pasta - 250g,Food and beverages,5.38,6.41
SKU-12991,Pure Crunchy Olive Oil - 250g,Food and beverages,8.49,10.19
SKU-12992,ProFit Breathable Sleeping Bag - Orange,Sports and travel,39.99,58.12
SKU-12993,Luxe Silk Tie - Rose Gold,Fashion accessories,58.91,92.72
SKU-12994,Pulse Slim Adapter - Silver,Electronic accessories,131.59,194.07
SKU-12995,Golden Roasted Cereal - 500ml (V93),Food and beverages,3.79,4.8
SKU-12996,Organic Vegan Almonds - 500ml,Food and beverages,6.75,8.2
SKU-12997,Peak Lightweight Sleeping Bag - Blue,Sports and travel,55.39,78.35
SKU-12998,ProFit Ergonomic Jump Rope - Neon Green,Sports and travel,25.71,38.52
SKU-12999,Clear Hydrating Conditioner - 200ml (V99),Health and beauty,66.34,103.27
SKU-13000,Nature's Salted Cereal - 250g,Food and beverages,9.98,11.62
SKU-13001,Active Compact Resistance Bands - Black,Sports and travel,36.39,56.15
SKU-13002,Pure Crunchy Chocolate - Pack of 6 (V75),Food and beverages,7.64,8.9
SKU-13003,Classic Silk Backpack - Gold,Fashion accessories,30.93,46.98
SKU-13004,Trendy Leather Belt - Silver,Fashion accessories,41.65,62.98
SKU-13005,Essence Hydrating Sunscreen - Travel Size,Health and beauty,34.89,48.78
SKU-13006,Eco Bluetooth Adapter - Black,Electronic accessories,128.35,175.35
SKU-13007,Derma Anti-Aging Perfume - 50ml,Health and beauty,38.93,57.39
SKU-13008,Trendy Cotton Handbag - Rose Gold,Fashion accessories,16.29,22.78
SKU-13009,LuxeHome Cotton Table Lamp - Black,Home and lifestyle,18.27,29.23
SKU-13010,Giga Mini Power Bank - Black,Electronic accessories,39.23,55.49
SKU-13011,Active Lightweight Sleeping Bag - Neon Green,Sports and travel,42.18,57.95
SKU-13012,Premium Spicy Cookies - Pack of 6,Food and beverages,18.28,22.7
SKU-13013,Clear Natural Lip Balm - 100ml,Health and beauty,44.35,64.52
SKU-13014,Summit Ergonomic Backpack - Red,Sports and travel,7.0,10.68
SKU-13015,Pure Vitamin C Sunscreen - Travel Size,Health and beauty,58.59,82.51
SKU-13016,Daily Vegan Chocolate - Pack of 6,Food and beverages,10.87,12.84
SKU-13017,Summit Heavy-Duty Water Bottle - Neon Green,Sports and travel,44.06,61.1
SKU-13018,Eco Mini Speaker - Grey,Electronic accessories,47.77,58.75
SKU-13019,Clear Organic Shampoo - 100ml,Health and beauty,24.35,32.48
SKU-13020,Aero Compact Sleeping Bag - Grey (V71),Sports and travel,69.69,104.09
SKU-13021,Eco Wireless Charger - Grey,Electronic accessories,72.55,104.37
SKU-13022,Velocity Durable Travel Pillow - Red,Sports and travel,48.17,75.72
SKU-13023,Golden Sweet Pasta - 500ml,Food and beverages,18.43,22.98
SKU-13024,Derma Soothing Perfume - 50ml,Health and beauty,11.19,14.16
SKU-13025,Smart Mini Earbuds - Silver,Electronic accessories,102.96,124.86
SKU-13026,Modern Glass Storage Box - Beige,Home and lifestyle,52.8,73.86
SKU-13027,Aura Organic Face Cream - 200ml,Health and beauty,43.49,59.41
SKU-13028,Derma Natural Conditioner - 100ml,Health and beauty,8.43,11.01
SKU-13029,LuxeHome Rustic Candle - Grey,Home and lifestyle,62.47,99.05
SKU-13030,Trendy Canvas Gloves - Gold,Fashion accessories,71.29,101.67
SKU-13031,Peak Lightweight Yoga Mat - Orange (V11),Sports and travel,59.44,84.54
SKU-13032,Trendy Silk Wallet - Rose Gold (V69),Fashion accessories,12.15,17.28
SKU-13033,FarmFresh Roasted Coffee Beans - 1Kg,Food and beverages,2.41,3.07
SKU-13034,Daily Gluten-Free Cookies - 500ml,Food and beverages,18.76,21.61
SKU-13035,Classic Wooden Vase - Beige,Home and lifestyle,31.26,46.84
SKU-13036,Daily Salted Honey - 250g,Food and beverages,7.23,8.44
SKU-13037,Ultra Mini Adapter - Black,Electronic accessories,127.33,179.14
SKU-13038,Active Compact Yoga Mat - Blue,Sports and travel,17.12,24.49
SKU-13039,FarmFresh Vegan Cookies - 250g,Food and beverages,14.19,17.57
SKU-13040,Urban Canvas Watch - Silver (V55),Fashion accessories,64.23,98.21
SKU-13041,FarmFresh Gluten-Free Honey - 1Kg,Food and beverages,12.93,15.72
SKU-13042,Essence Oil-Free Conditioner - Pack of 2,Health and beauty,41.79,57.17
SKU-13043,TechPro Heavy Duty Adapter - White (V47),Electronic accessories,39.03,47.11
SKU-13044,Ultra Heavy Duty Mouse - Grey,Electronic accessories,23.38,32.11
SKU-13045,Essence Soothing Body Lotion - 200ml (V4),Health and beauty,35.88,48.87
SKU-13046,Active Breathable Travel Pillow - Grey,Sports and travel,41.11,62.15
SKU-13047,Glow Soothing Lip Balm - Travel Size,Health and beauty,22.97,33.38
SKU-13048,Trek Durable Water Bottle - Red,Sports and travel,36.86,55.11
SKU-13049,Smart Fast-Charging Power Bank - Black,Electronic accessories,76.21,104.6
SKU-13050,Urban Stainless Steel Wall Clock - Clear,Home and lifestyle,26.75,38.37
SKU-13051,Motion Compact Travel Pillow - Orange,Sports and travel,9.21,12.36
SKU-13052,Trek Lightweight Yoga Mat - Red (V19),Sports and travel,68.54,96.0
SKU-13053,Aura Natural Conditioner - Pack of 2,Health and beauty,46.65,61.1
SKU-13054,Aura Anti-Aging Sunscreen - 200ml,Health and beauty,50.74,75.03
SKU-13055,Ultra Slim Headphones - Silver,Electronic accessories,37.29,46.37
SKU-13056,Chic Cotton Backpack - Navy,Fashion accessories,20.31,26.86
SKU-13057,Pure Soothing Body Lotion - Pack of 2,Health and beauty,39.3,52.09
SKU-13058,Pure Roasted Almonds - 250g,Food and beverages,9.31,11.22
SKU-13059,Premium Vegan Almonds - 1L,Food and beverages,12.03,15.15
SKU-13060,Aura Natural Shampoo - 150g,Health and beauty,17.96,27.18
SKU-13061,Aura Natural Conditioner - 100ml,Health and beauty,33.87,43.1
SKU-13062,Trek Ergonomic Resistance Bands - Black,Sports and travel,52.33,81.71
SKU-13063,Vital Anti-Aging Perfume - 150g (V98),Health and beauty,29.64,37.71
SKU-13064,Velocity Lightweight Sleeping Bag - Blue,Sports and travel,31.52,42.64
SKU-13065,Peak Durable Travel Pillow - Neon Green,Sports and travel,23.05,35.47
SKU-13066,Aura Soothing Body Lotion - 50ml,Health and beauty,41.47,65.48
SKU-13067,Vital Anti-Aging Body Lotion - 200ml,Health and beauty,29.7,47.03
SKU-13068,Aero Waterproof Yoga Mat - Neon Green,Sports and travel,55.07,73.12
SKU-13069,Urban Minimalist Candle - Oak,Home and lifestyle,26.42,38.11
SKU-13070,Modern Stainless Steel Vase - Clear,Home and lifestyle,61.52,92.02
SKU-13071,FarmFresh Sweet Almonds - 1Kg,Food and beverages,11.47,14.64
SKU-13072,Chic Cotton Gloves - Black,Fashion accessories,61.74,77.84
SKU-13073,Cyber Slim Adapter - Blue,Electronic accessories,98.3,133.63
SKU-13074,Smart Heavy Duty Webcam - Silver,Electronic accessories,110.09,136.25
SKU-13075,Trek Compact Travel Pillow - Neon Green,Sports and travel,45.13,57.89
SKU-13076,Classic Denim Hat - Rose Gold (V32),Fashion accessories,18.72,24.12
SKU-13077,Retro Canvas Watch - Rose Gold,Fashion accessories,8.94,11.87
SKU-13078,Organic Sweet Green Tea - 1Kg,Food and beverages,5.47,6.89
SKU-13079,Modern Minimalist Wall Clock - Beige,Home and lifestyle,16.7,26.05
SKU-13080,Retro Denim Backpack - Rose Gold,Fashion accessories,71.76,91.51
SKU-13081,Giga Slim Adapter - White,Electronic accessories,82.37,118.09
SKU-13082,Clear Vitamin C Lip Balm - 100ml (V51),Health and beauty,46.89,69.93
SKU-13083,Pulse Fast-Charging Adapter - Silver,Electronic accessories,116.81,163.73
SKU-13084,Luxe Vintage Sunglasses - Silver,Fashion accessories,76.78,96.57
SKU-13085,Trendy Denim Wallet - Silver,Fashion accessories,44.2,64.97
SKU-13086,Cozy Cotton Towel Set - Clear,Home and lifestyle,55.68,71.9
SKU-13087,TechPro Fast-Charging Power Bank - Blue,Electronic accessories,27.2,37.53
SKU-13088,FarmFresh Roasted Olive Oil - 250g,Food and beverages,6.25,7.53
SKU-13089,Organic Sweet Almonds - 500ml (V34),Food and beverages,5.63,6.92
SKU-13090,Pulse Wireless Charger - Black,Electronic accessories,48.15,64.48
SKU-13091,Trek Breathable Water Bottle - Neon Green,Sports and travel,76.66,97.38
SKU-13092,Essence Soothing Body Wash - Pack of 2,Health and beauty,32.29,40.44
SKU-13093,TechPro Bluetooth Mouse - Grey,Electronic accessories,93.11,132.58
SKU-13094,Vogue Denim Sunglasses - Gold,Fashion accessories,58.83,86.02
SKU-13095,Elite Silk Backpack - Navy,Fashion accessories,7.19,10.78
SKU-13096,Essence Oil-Free Shampoo - 200ml,Health and beauty,8.61,13.11
SKU-13097,Tasty Gluten-Free Juice - 1L,Food and beverages,3.37,3.94
SKU-13098,Vital Soothing Serum - 50ml,Health and beauty,26.61,35.09
SKU-13099,Derma Anti-Aging Lip Balm - 50ml,Health and beauty,15.59,22.05
SKU-13100,Pulse Heavy Duty Power Bank - Grey,Electronic accessories,117.33,166.98
SKU-13101,Trendy Cotton Sunglasses - Rose Gold,Fashion accessories,59.57,82.55
SKU-13102,Nature's Roasted Honey - 250g,Food and beverages,18.49,21.81
SKU-13103,Luxe Vintage Gloves - Navy (V82),Fashion accessories,50.01,73.98
SKU-13104,Trek Lightweight Resistance Bands - Grey,Sports and travel,30.93,40.11
SKU-13105,EcoLiving Stainless Steel Vase - Oak,Home and lifestyle,20.15,30.54
SKU-13106,Nova Fast-Charging Keyboard - Red,Electronic accessories,113.79,157.2
SKU-13107,Urban Canvas Watch - Gold,Fashion accessories,45.91,69.28
SKU-13108,Urban Polarized Sunglasses - Brown,Fashion accessories,44.72,57.64
SKU-13109,Vital Organic Body Lotion - 150g,Health and beauty,63.85,96.98
SKU-13110,Pure Vegan Cookies - 1L,Food and beverages,19.21,24.21
SKU-13111,Retro Silk Tie - Rose Gold,Fashion accessories,44.54,57.69
SKU-13112,Glow Natural Body Wash - 100ml (V65),Health and beauty,16.25,22.04
SKU-13113,Urban Cotton Picture Frame - Oak,Home and lifestyle,10.97,14.54
SKU-13114,Cyber Wireless Power Bank - Silver,Electronic accessories,31.5,37.94
SKU-13115,Urban Stainless Steel Table Lamp - Black,Home and lifestyle,13.04,16.61
SKU-13116,Giga Wireless Headphones - Grey,Electronic accessories,116.76,149.09
SKU-13117,Trendy Canvas Wallet - Rose Gold,Fashion accessories,77.35,110.26
SKU-13118,LuxeHome Cotton Towel Set - Oak,Home and lifestyle,19.66,28.84
SKU-13119,Eco Fast-Charging Charger - Silver,Electronic accessories,75.12,109.84
SKU-13120,Classic Leather Backpack - Gold,Fashion accessories,6.7,10.19
SKU-13121,Pure Natural Perfume - 50ml,Health and beauty,33.32,43.29
SKU-13122,Classic Minimalist Wall Clock - Oak,Home and lifestyle,26.35,35.64
SKU-13123,EcoLiving Cotton Picture Frame - Black (V15),Home and lifestyle,32.12,47.03
SKU-13124,LuxeHome Rustic Cushion - White,Home and lifestyle,31.77,43.43
SKU-13125,Derma Natural Perfume - 50ml,Health and beauty,13.23,19.34
SKU-13126,Derma Anti-Aging Face Cream - 150g,Health and beauty,48.36,74.17
SKU-13127,Glow Anti-Aging Perfume - 200ml,Health and beauty,27.01,37.82
SKU-13128,Zen Stainless Steel Table Lamp - Beige,Home and lifestyle,52.06,66.25
SKU-13129,Urban Leather Belt - Gold,Fashion accessories,30.93,39.35
SKU-13130,Trek Ergonomic Sleeping Bag - Black,Sports and travel,51.58,78.36
SKU-13131,Eco Bluetooth Adapter - Blue,Electronic accessories,65.13,92.58
SKU-13132,Motion Lightweight Gym Bag - Blue,Sports and travel,79.17,115.46
SKU-13133,Elite Silk Scarf - Navy,Fashion accessories,71.07,95.33
SKU-13134,Urban Canvas Gloves - Brown,Fashion accessories,56.53,86.28
SKU-13135,Nova Portable Speaker - Silver,Electronic accessories,10.22,14.11
SKU-13136,TechPro Mini Keyboard - Grey,Electronic accessories,11.58,15.92
SKU-13137,Clear Vitamin C Perfume - Pack of 2,Health and beauty,54.06,76.3
SKU-13138,Luxe Polarized Scarf - Silver,Fashion accessories,46.34,72.32
SKU-13139,Chic Leather Belt - Gold,Fashion accessories,68.46,106.96
SKU-13140,Classic Cotton Cushion - Black,Home and lifestyle,41.9,57.6
SKU-13141,Eco Fast-Charging Power Bank - Red,Electronic accessories,58.4,74.46
SKU-13142,Active Heavy-Duty Gym Bag - Blue,Sports and travel,44.75,63.14
SKU-13143,Elite Vintage Watch - Navy,Fashion accessories,52.99,74.81
SKU-13144,Elite Canvas Gloves - Navy,Fashion accessories,31.21,43.54
SKU-13145,Glow Organic Face Cream - 100ml,Health and beauty,65.44,84.86
SKU-13146,Elite Denim Gloves - Navy,Fashion accessories,15.83,23.57
SKU-13147,Urban Rustic Cushion - Black,Home and lifestyle,36.72,47.23
SKU-13148,Golden Spicy Olive Oil - 500ml (V52),Food and beverages,2.93,3.66
SKU-13149,Radiant Hydrating Body Lotion - 150g,Health and beauty,29.81,40.4
SKU-13150,Organic Roasted Cookies - 1Kg,Food and beverages,12.51,15.84
SKU-13151,HomeStyle Stainless Steel Candle - Beige (V26),Home and lifestyle,42.66,66.81
SKU-13152,Motion Heavy-Duty Dumbbells - Red,Sports and travel,70.2,98.08
SKU-13153,Summit Compact Water Bottle - Black,Sports and travel,40.46,57.82
SKU-13154,Essence Organic Perfume - Pack of 2,Health and beauty,72.75,107.19
SKU-13155,Aero Durable Dumbbells - Neon Green (V31),Sports and travel,73.25,114.91
SKU-13156,Trendy Denim Handbag - Gold,Fashion accessories,67.69,91.94
SKU-13157,Glow Soothing Conditioner - 50ml,Health and beauty,28.27,44.92
SKU-13158,Pure Gluten-Free Green Tea - 1L,Food and beverages,14.73,18.26
SKU-13159,Chic Denim Belt - Rose Gold,Fashion accessories,79.62,109.05
SKU-13160,Smart Bluetooth Charger - Silver,Electronic accessories,15.96,20.26
SKU-13161,Premium Salted Chocolate - 500ml,Food and beverages,11.71,14.68
SKU-13162,Organic Roasted Cookies - 250g,Food and beverages,11.06,12.88
SKU-13163,Glow Anti-Aging Face Cream - Travel Size,Health and beauty,51.65,66.21
SKU-13164,Radiant Oil-Free Serum - Travel Size,Health and beauty,38.35,49.53
SKU-13165,Luxe Leather Tie - Gold,Fashion accessories,26.74,41.98
SKU-13166,Derma Anti-Aging Face Cream - 150g (V93),Health and beauty,20.54,30.27
SKU-13167,Classic Polarized Backpack - Rose Gold,Fashion accessories,74.43,115.21
SKU-13168,Pure Hydrating Conditioner - Pack of 2,Health and beauty,39.62,53.36
SKU-13169,Giga Heavy Duty Headphones - Black,Electronic accessories,56.44,84.41
SKU-13170,Vital Natural Body Lotion - 100ml,Health and beauty,13.9,21.18
SKU-13171,Classic Denim Tie - Rose Gold,Fashion accessories,73.09,96.41
SKU-13172,Nova Bluetooth Keyboard - Black,Electronic accessories,83.29,109.08
SKU-13173,Pulse Fast-Charging Adapter - White,Electronic accessories,90.59,111.71
SKU-13174,EcoLiving Ceramic Storage Box - Clear,Home and lifestyle,26.66,36.95
SKU-13175,Peak Breathable Travel Pillow - Black,Sports and travel,79.16,99.29
SKU-13176,ProFit Ergonomic Tent - Red,Sports and travel,75.44,118.93
SKU-13177,Aero Breathable Resistance Bands - Blue,Sports and travel,35.82,51.35
SKU-13178,TechPro Portable Headphones - White (V42),Electronic accessories,110.31,159.66
SKU-13179,Velocity Ergonomic Dumbbells - Black,Sports and travel,62.06,82.07
SKU-13180,Trendy Leather Tie - Navy,Fashion accessories,15.04,20.04
SKU-13181,Urban Stainless Steel Vase - White,Home and lifestyle,37.18,57.18
SKU-13182,Pure Gluten-Free Cereal - 500ml,Food and beverages,16.01,19.68
SKU-13183,Chic Cotton Watch - Black,Fashion accessories,71.24,101.86
SKU-13184,Giga Mini Adapter - Blue,Electronic accessories,140.76,180.91
SKU-13185,Pure Sweet Cereal - 250g,Food and beverages,10.6,12.27
SKU-13186,TechPro Heavy Duty Power Bank - White,Electronic accessories,103.27,145.47
SKU-13187,Organic Sweet Pasta - 250g,Food and beverages,6.65,8.51
SKU-13188,Trek Ergonomic Dumbbells - Black (V25),Sports and travel,9.43,14.84
SKU-13189,Pure Oil-Free Conditioner - 50ml,Health and beauty,78.64,119.85
SKU-13190,Motion Lightweight Backpack - Red,Sports and travel,75.0,117.71
SKU-13191,Radiant Vitamin C Deodorant - 200ml (V46),Health and beauty,58.82,87.67
SKU-13192,Nature's Vegan Olive Oil - 1Kg,Food and beverages,17.85,21.26
SKU-13193,Peak Heavy-Duty Tent - Red,Sports and travel,23.4,34.19
SKU-13194,Elite Silk Belt - Rose Gold (V27),Fashion accessories,41.37,60.11
SKU-13195,Trendy Leather Gloves - Navy,Fashion accessories,19.51,26.97
SKU-13196,Modern Rustic Candle - Black,Home and lifestyle,48.55,64.69
SKU-13197,Derma Soothing Body Lotion - Pack of 2,Health and beauty,33.96,53.31
SKU-13198,Aero Compact Water Bottle - Black (V89),Sports and travel,40.94,63.64
SKU-13199,Smart Slim Headphones - Grey,Electronic accessories,82.63,113.21
SKU-13200,Giga Fast-Charging Adapter - Red,Electronic accessories,113.64,147.76
SKU-13201,Nature's Salted Coffee Beans - Pack of 6,Food and beverages,16.41,19.23
SKU-13202,Motion Compact Gym Bag - Blue,Sports and travel,25.79,36.21
SKU-13203,Elite Leather Tie - Brown,Fashion accessories,16.43,23.53
SKU-13204,Smart Heavy Duty Earbuds - Black,Electronic accessories,55.12,67.69
SKU-13205,Aura Natural Shampoo - 150g (V41),Health and beauty,20.48,27.58
SKU-13206,Aura Hydrating Conditioner - 50ml,Health and beauty,21.5,28.65
SKU-13207,Zen Wooden Coffee Mug - White,Home and lifestyle,29.93,41.55
SKU-13208,HomeStyle Cotton Table Lamp - Oak (V58),Home and lifestyle,49.89,76.57
SKU-13209,HomeStyle Wooden Candle - Black,Home and lifestyle,52.94,70.92
SKU-13210,ProFit Durable Sleeping Bag - Grey,Sports and travel,46.85,59.31
SKU-13211,Peak Compact Sleeping Bag - Black,Sports and travel,62.46,99.66
SKU-13212,Pulse Bluetooth Cable - Black,Electronic accessories,39.21,54.83
SKU-13213,Pulse Bluetooth Power Bank - Blue,Electronic accessories,51.46,72.98
SKU-13214,Smart Mini Charger - Blue (V82),Electronic accessories,60.33,72.63
SKU-13215,Urban Cotton Scarf - Silver,Fashion accessories,33.62,43.84
SKU-13216,Trek Durable Travel Pillow - Black,Sports and travel,66.84,105.26
SKU-13217,Pulse Heavy Duty Headphones - Black,Electronic accessories,65.16,94.46
SKU-13218,Cozy Ceramic Vase - Grey,Home and lifestyle,51.67,71.3
SKU-13219,Urban Vintage Sunglasses - Silver,Fashion accessories,67.86,103.12
SKU-13220,Radiant Vitamin C Body Lotion - 200ml,Health and beauty,15.25,20.98
SKU-13221,Aero Compact Resistance Bands - Blue,Sports and travel,55.33,87.43
SKU-13222,Classic Rustic Cushion - Clear,Home and lifestyle,78.35,120.19
SKU-13223,Ultra Mini Headphones - Blue,Electronic accessories,140.5,204.21
SKU-13224,Pulse Heavy Duty Keyboard - Blue,Electronic accessories,141.95,200.84
SKU-13225,Pulse Wireless Webcam - Red,Electronic accessories,124.73,155.95
SKU-13226,Pure Anti-Aging Face Cream - Travel Size,Health and beauty,30.97,45.23
SKU-13227,Pure Salted Coffee Beans - 1L (V56),Food and beverages,2.19,2.52
SKU-13228,Classic Denim Watch - Navy,Fashion accessories,21.29,28.23
SKU-13229,Radiant Natural Perfume - 150g,Health and beauty,9.49,13.15
SKU-13230,Tasty Sweet Cookies - 250g,Food and beverages,13.31,16.25
SKU-13231,Peak Breathable Travel Pillow - Red,Sports and travel,67.41,84.27
SKU-13232,HomeStyle Ceramic Coffee Mug - Black,Home and lifestyle,13.25,20.98
SKU-13233,Cyber Portable Power Bank - Blue,Electronic accessories,20.55,25.65
SKU-13234,Vital Soothing Perfume - 100ml,Health and beauty,19.07,25.18
SKU-13235,Zen Glass Candle - Black,Home and lifestyle,28.27,40.68
SKU-13236,EcoLiving Rustic Storage Box - Beige,Home and lifestyle,52.8,67.36
SKU-13237,Trek Ergonomic Water Bottle - Grey,Sports and travel,49.4,76.42
SKU-13238,Velocity Compact Travel Pillow - Grey,Sports and travel,65.08,88.68
SKU-13239,Eco Heavy Duty Speaker - Silver,Electronic accessories,121.02,156.04
SKU-13240,Classic Silk Gloves - Black,Fashion accessories,66.0,83.49
SKU-13241,Classic Stainless Steel Wall Clock - Oak,Home and lifestyle,68.1,106.88
SKU-13242,Nova Portable Headphones - Black,Electronic accessories,93.66,126.72
SKU-13243,Essence Anti-Aging Face Cream - Pack of 2,Health and beauty,20.78,27.51
SKU-13244,FarmFresh Roasted Cereal - 500ml,Food and beverages,19.46,24.83
SKU-13245,Pure Hydrating Shampoo - Travel Size,Health and beauty,61.71,98.42
SKU-13246,Eco Wireless Webcam - Silver,Electronic accessories,94.64,138.17
SKU-13247,Classic Polarized Backpack - Black,Fashion accessories,74.08,115.59
SKU-13248,Pure Soothing Shampoo - Pack of 2,Health and beauty,72.98,93.13
SKU-13249,ProFit Ergonomic Jump Rope - Neon Green (V30),Sports and travel,54.14,77.67
SKU-13250,Clear Hydrating Body Wash - 200ml,Health and beauty,17.54,24.42
SKU-13251,Premium Salted Juice - 500ml,Food and beverages,7.67,9.92
SKU-13252,ProFit Durable Water Bottle - Red,Sports and travel,15.88,25.37
SKU-13253,Retro Cotton Scarf - Navy,Fashion accessories,9.69,13.82
SKU-13254,Organic Gluten-Free Honey - 1Kg,Food and beverages,2.44,2.9
SKU-13255,FarmFresh Roasted Cereal - 500g,Food and beverages,17.96,22.29
SKU-13256,Nova Mini Adapter - Red,Electronic accessories,33.01,43.36
SKU-13257,Pure Organic Face Cream - Pack of 2,Health and beauty,14.86,22.57
SKU-13258,Cyber Slim Power Bank - Blue,Electronic accessories,135.38,201.54
SKU-13259,TechPro Portable Speaker - Grey (V84),Electronic accessories,149.13,219.53
SKU-13260,Daily Roasted Cereal - 1L,Food and beverages,4.36,5.27
SKU-13261,Trek Compact Yoga Mat - Orange,Sports and travel,79.49,105.99
SKU-13262,HomeStyle Ceramic Candle - Clear,Home and lifestyle,75.62,116.31
SKU-13263,Peak Heavy-Duty Dumbbells - Black,Sports and travel,33.03,41.48
SKU-13264,Essence Hydrating Body Lotion - 50ml (V54),Health and beauty,41.33,54.67
SKU-13265,Motion Durable Gym Bag - Grey (V65),Sports and travel,16.36,24.24
SKU-13266,Aura Organic Lip Balm - Travel Size,Health and beauty,34.3,53.47
SKU-13267,Elite Canvas Belt - Navy,Fashion accessories,48.91,67.65
SKU-13268,Zen Cotton Bed Sheets - Black,Home and lifestyle,30.73,43.78
SKU-13269,Aura Anti-Aging Deodorant - 50ml,Health and beauty,53.18,78.1
SKU-13270,Derma Natural Lip Balm - 50ml (V20),Health and beauty,44.58,61.72
SKU-13271,Motion Compact Yoga Mat - Black (V87),Sports and travel,54.47,71.08
SKU-13272,Pure Organic Sunscreen - 200ml,Health and beauty,72.15,98.2
SKU-13273,LuxeHome Minimalist Bed Sheets - White,Home and lifestyle,36.66,55.74
SKU-13274,Organic Salted Honey - 1L,Food and beverages,2.71,3.49
SKU-13275,Trek Durable Jump Rope - Grey,Sports and travel,78.58,109.57
SKU-13276,Trendy Cotton Watch - Silver,Fashion accessories,40.14,55.33
SKU-13277,Urban Wooden Bed Sheets - White,Home and lifestyle,72.59,97.59
SKU-13278,Cozy Glass Candle - Oak,Home and lifestyle,35.88,48.76
SKU-13279,Daily Salted Chocolate - 250g,Food and beverages,14.52,17.28
SKU-13280,Golden Sweet Coffee Beans - 500g,Food and beverages,8.92,11.19
SKU-13281,Vogue Vintage Gloves - Silver,Fashion accessories,30.49,38.36
SKU-13282,Pure Gluten-Free Green Tea - 500g,Food and beverages,2.79,3.39
SKU-13283,Urban Stainless Steel Wall Clock - Oak,Home and lifestyle,30.84,42.92
SKU-13284,Golden Roasted Coffee Beans - 500g,Food and beverages,15.24,19.05
SKU-13285,Chic Leather Wallet - Brown,Fashion accessories,52.45,68.61
SKU-13286,Nova Fast-Charging Charger - Silver,Electronic accessories,129.51,172.41
SKU-13287,Vogue Vintage Scarf - Brown,Fashion accessories,21.51,34.15
SKU-13288,Tasty Vegan Honey - 250g,Food and beverages,10.57,12.38
SKU-13289,Giga Heavy Duty Headphones - White (V38),Electronic accessories,28.02,34.81
SKU-13290,Chic Leather Sunglasses - Brown,Fashion accessories,45.24,58.43
SKU-13291,Nature's Spicy Green Tea - 250g,Food and beverages,1.74,2.13
SKU-13292,Vogue Cotton Hat - Navy (V71),Fashion accessories,9.32,14.87
SKU-13293,Pulse Bluetooth Speaker - Silver,Electronic accessories,88.35,111.98
SKU-13294,Cozy Glass Coffee Mug - Clear,Home and lifestyle,69.82,101.69
SKU-13295,TechPro Heavy Duty Adapter - Black,Electronic accessories,21.09,28.37
SKU-13296,Peak Compact Travel Pillow - Red,Sports and travel,29.72,39.07
SKU-13297,Chic Vintage Gloves - Gold,Fashion accessories,71.46,110.09
SKU-13298,Pulse Portable Adapter - Grey,Electronic accessories,15.9,21.14
SKU-13299,Essence Soothing Shampoo - 200ml,Health and beauty,8.68,13.2
SKU-13300,HomeStyle Rustic Candle - Clear,Home and lifestyle,9.35,13.35
SKU-13301,Glow Soothing Body Lotion - 100ml (V69),Health and beauty,19.76,27.68
SKU-13302,Urban Ceramic Cushion - Grey,Home and lifestyle,66.71,84.49
SKU-13303,Luxe Cotton Backpack - Black (V63),Fashion accessories,59.49,92.12
SKU-13304,Classic Glass Picture Frame - Beige,Home and lifestyle,21.34,28.51
SKU-13305,Summit Durable Water Bottle - Neon Green,Sports and travel,22.8,31.78
SKU-13306,Nature's Salted Coffee Beans - 250g,Food and beverages,9.41,11.75
SKU-13307,Cozy Minimalist Candle - Oak,Home and lifestyle,22.29,34.84
SKU-13308,Urban Glass Wall Clock - Beige,Home and lifestyle,9.41,12.01
SKU-13309,Eco Wireless Cable - Red,Electronic accessories,128.3,184.73
SKU-13310,Active Ergonomic Dumbbells - Black,Sports and travel,41.59,56.29
SKU-13311,Daily Spicy Almonds - 500ml,Food and beverages,9.05,11.08
SKU-13312,Essence Vitamin C Body Wash - 100ml,Health and beauty,62.51,94.77
SKU-13313,Cyber Fast-Charging Adapter - Black,Electronic accessories,69.87,95.42
SKU-13314,Pure Vitamin C Sunscreen - Pack of 2 (V51),Health and beauty,50.42,72.46
SKU-13315,Golden Vegan Pasta - 1L,Food and beverages,1.1,1.35
SKU-13316,Nova Fast-Charging Speaker - White,Electronic accessories,139.61,195.57
SKU-13317,Classic Leather Handbag - Brown,Fashion accessories,53.97,67.49
SKU-13318,Urban Wooden Wall Clock - Grey,Home and lifestyle,59.91,90.55
SKU-13319,Premium Roasted Cookies - Pack of 6,Food and beverages,19.91,23.73
SKU-13320,Chic Silk Watch - Silver,Fashion accessories,79.75,102.03
SKU-13321,Urban Cotton Picture Frame - Beige (V79),Home and lifestyle,49.57,73.26
SKU-13322,Trendy Vintage Scarf - Rose Gold,Fashion accessories,32.66,41.43
SKU-13323,Elite Silk Hat - Navy,Fashion accessories,33.89,49.49
SKU-13324,Radiant Organic Perfume - 50ml,Health and beauty,25.99,39.76
SKU-13325,Motion Waterproof Gym Bag - Grey,Sports and travel,22.58,32.32
SKU-13326,Zen Rustic Cushion - Black,Home and lifestyle,72.71,99.02
SKU-13327,Vogue Vintage Tie - Navy,Fashion accessories,69.7,93.7
SKU-13328,Urban Canvas Tie - Brown,Fashion accessories,34.67,48.78
SKU-13329,Motion Lightweight Jump Rope - Red,Sports and travel,68.45,89.22
SKU-13330,Zen Minimalist Coffee Mug - Beige (V60),Home and lifestyle,76.24,101.08
SKU-13331,ProFit Lightweight Backpack - Red,Sports and travel,38.19,60.89
SKU-13332,Trek Heavy-Duty Jump Rope - Black,Sports and travel,68.26,90.41
SKU-13333,LuxeHome Glass Storage Box - Clear (V50),Home and lifestyle,28.21,40.63
SKU-13334,Aero Compact Resistance Bands - Orange,Sports and travel,8.5,11.65
SKU-13335,ProFit Lightweight Resistance Bands - Grey,Sports and travel,10.76,14.62
SKU-13336,HomeStyle Cotton Picture Frame - Grey,Home and lifestyle,42.62,56.03
SKU-13337,Daily Sweet Chocolate - Pack of 6,Food and beverages,5.46,6.31
SKU-13338,Clear Vitamin C Face Cream - 200ml,Health and beauty,5.13,7.52
SKU-13339,Nova Slim Earbuds - Red,Electronic accessories,12.28,16.99
SKU-13340,HomeStyle Glass Picture Frame - White,Home and lifestyle,7.71,10.02
SKU-13341,Classic Leather Sunglasses - Silver,Fashion accessories,18.79,29.13
SKU-13342,Peak Breathable Jump Rope - Blue,Sports and travel,67.6,107.55
SKU-13343,Classic Cotton Table Lamp - White,Home and lifestyle,39.57,56.12
SKU-13344,Glow Oil-Free Shampoo - 200ml,Health and beauty,39.95,50.64
SKU-13345,Ultra Portable Adapter - White,Electronic accessories,70.04,98.17
SKU-13346,Tasty Salted Coffee Beans - 1Kg,Food and beverages,15.36,19.79
SKU-13347,Pure Salted Coffee Beans - Pack of 6,Food and beverages,15.18,19.66
SKU-13348,Trek Waterproof Jump Rope - Black,Sports and travel,39.55,54.92
SKU-13349,Derma Anti-Aging Face Cream - 50ml,Health and beauty,21.94,28.29
SKU-13350,Cozy Minimalist Wall Clock - Beige,Home and lifestyle,15.88,22.43
SKU-13351,Daily Salted Almonds - Pack of 6,Food and beverages,14.76,18.71
SKU-13352,Classic Silk Handbag - Silver,Fashion accessories,75.91,111.77
SKU-13353,Vital Natural Body Lotion - Pack of 2,Health and beauty,22.74,28.93
SKU-13354,Summit Breathable Backpack - Grey,Sports and travel,50.72,76.73
SKU-13355,EcoLiving Stainless Steel Table Lamp - Beige,Home and lifestyle,72.59,96.07
SKU-13356,Clear Organic Face Cream - Pack of 2,Health and beauty,63.46,92.86
SKU-13357,HomeStyle Glass Candle - Clear,Home and lifestyle,28.67,43.19
SKU-13358,Classic Polarized Wallet - Brown,Fashion accessories,79.96,113.8
SKU-13359,Premium Roasted Juice - 1L,Food and beverages,3.18,3.88
SKU-13360,Classic Denim Scarf - Navy,Fashion accessories,78.88,109.74
SKU-13361,Peak Ergonomic Resistance Bands - Blue,Sports and travel,36.23,49.01
SKU-13362,Pure Spicy Juice - 500ml,Food and beverages,12.93,15.84
SKU-13363,Essence Natural Body Wash - 50ml,Health and beauty,69.4,100.31
SKU-13364,Urban Polarized Tie - Silver,Fashion accessories,64.95,83.18
SKU-13365,HomeStyle Rustic Storage Box - Clear,Home and lifestyle,36.27,52.76
SKU-13366,Velocity Lightweight Travel Pillow - Black,Sports and travel,11.07,14.08
SKU-13367,Retro Leather Sunglasses - Silver,Fashion accessories,57.52,76.94
SKU-13368,Zen Ceramic Table Lamp - Black,Home and lifestyle,65.93,102.67
SKU-13369,Organic Vegan Chocolate - 500ml (V81),Food and beverages,8.93,10.4
SKU-13370,Eco Fast-Charging Cable - Grey,Electronic accessories,30.95,45.95
SKU-13371,Essence Hydrating Perfume - 50ml (V81),Health and beauty,57.57,78.72
SKU-13372,Urban Vintage Wallet - Black,Fashion accessories,40.97,62.46
SKU-13373,HomeStyle Rustic Towel Set - Black,Home and lifestyle,59.08,93.32
SKU-13374,Aero Breathable Tent - Grey,Sports and travel,37.79,57.44
SKU-13375,Glow Vitamin C Sunscreen - 100ml,Health and beauty,62.02,96.77
SKU-13376,EcoLiving Ceramic Cushion - Clear,Home and lifestyle,25.88,34.71
SKU-13377,Essence Anti-Aging Face Cream - 150g,Health and beauty,20.84,32.34
SKU-13378,Urban Ceramic Picture Frame - White,Home and lifestyle,16.65,23.06
SKU-13379,Vital Organic Perfume - Pack of 2 (V76),Health and beauty,69.67,90.72
SKU-13380,Ultra Bluetooth Cable - Black,Electronic accessories,132.97,178.3
SKU-13381,Zen Rustic Towel Set - White,Home and lifestyle,67.67,96.09
SKU-13382,Trek Waterproof Gym Bag - Black,Sports and travel,46.26,69.8
SKU-13383,Organic Spicy Cereal - 250g,Food and beverages,12.94,15.01
SKU-13384,Nature's Spicy Green Tea - 500g,Food and beverages,4.83,6.07
SKU-13385,Cozy Rustic Table Lamp - Grey,Home and lifestyle,36.56,46.76
SKU-13386,HomeStyle Cotton Towel Set - Oak (V92),Home and lifestyle,73.64,104.49
SKU-13387,Vital Hydrating Face Cream - 50ml,Health and beauty,69.36,94.92
SKU-13388,Daily Crunchy Honey - 1L (V36),Food and beverages,2.82,3.46
SKU-13389,Nova Slim Speaker - Black,Electronic accessories,27.61,38.7
SKU-13390,Classic Canvas Backpack - Gold,Fashion accessories,15.16,24.13
SKU-13391,ProFit Lightweight Dumbbells - Neon Green,Sports and travel,24.0,30.18
SKU-13392,Golden Roasted Cookies - 1Kg,Food and beverages,16.92,21.95
SKU-13393,Summit Heavy-Duty Tent - Grey,Sports and travel,62.21,87.55
SKU-13394,Aura Anti-Aging Face Cream - Pack of 2,Health and beauty,26.46,39.7
SKU-13395,Clear Oil-Free Lip Balm - 150g,Health and beauty,50.47,71.96
SKU-13396,Cyber Portable Charger - Black,Electronic accessories,146.38,215.45
SKU-13397,TechPro Bluetooth Mouse - Black,Electronic accessories,115.74,169.78
SKU-13398,Cyber Wireless Mouse - White,Electronic accessories,91.72,131.95
SKU-13399,Tasty Gluten-Free Olive Oil - Pack of 6,Food and beverages,17.31,21.68
SKU-13400,Nature's Spicy Coffee Beans - 1L,Food and beverages,18.07,22.29
SKU-13401,Giga Slim Adapter - Red,Electronic accessories,125.97,176.81
SKU-13402,Vital Anti-Aging Lip Balm - 100ml,Health and beauty,54.28,70.66
SKU-13403,Cyber Heavy Duty Adapter - Black,Electronic accessories,55.53,78.51
SKU-13404,Aero Lightweight Tent - Neon Green,Sports and travel,79.61,103.23
SKU-13405,Daily Crunchy Juice - 1L,Food and beverages,2.15,2.69
SKU-13406,Active Lightweight Tent - Grey,Sports and travel,51.7,68.41
SKU-13407,Radiant Vitamin C Perfume - Pack of 2,Health and beauty,5.09,6.54
SKU-13408,Daily Gluten-Free Juice - 1Kg,Food and beverages,8.06,9.27
SKU-13409,LuxeHome Ceramic Picture Frame - Clear (V19),Home and lifestyle,45.01,67.24
SKU-13410,Vogue Silk Hat - Black,Fashion accessories,40.89,52.43
SKU-13411,Smart Wireless Power Bank - Red,Electronic accessories,54.66,76.92
SKU-13412,FarmFresh Roasted Chocolate - 1L,Food and beverages,3.46,4.11
SKU-13413,Glow Anti-Aging Body Wash - Travel Size,Health and beauty,57.07,71.47
SKU-13414,Derma Hydrating Face Cream - Pack of 2 (V85),Health and beauty,50.55,71.63
SKU-13415,Clear Natural Sunscreen - Pack of 2,Health and beauty,36.34,47.68
SKU-13416,Premium Crunchy Pasta - 250g,Food and beverages,16.68,21.28
SKU-13417,Pure Roasted Honey - 500ml,Food and beverages,4.65,5.48
SKU-13418,Summit Compact Jump Rope - Black,Sports and travel,50.83,66.51
SKU-13419,Eco Mini Power Bank - Grey,Electronic accessories,81.45,110.04
SKU-13420,TechPro Heavy Duty Webcam - Silver,Electronic accessories,102.34,125.51
SKU-13421,Aero Waterproof Water Bottle - Black,Sports and travel,55.05,74.2
SKU-13422,Glow Hydrating Deodorant - 200ml,Health and beauty,64.15,94.81
SKU-13423,Retro Polarized Scarf - Silver,Fashion accessories,7.02,8.91
SKU-13424,Summit Waterproof Gym Bag - Black,Sports and travel,76.1,112.65
SKU-13425,Vital Vitamin C Deodorant - 50ml,Health and beauty,55.67,85.37
SKU-13426,Cozy Cotton Storage Box - Grey (V40),Home and lifestyle,75.55,96.48
SKU-13427,Velocity Heavy-Duty Dumbbells - Blue (V81),Sports and travel,6.08,7.75
SKU-13428,Organic Gluten-Free Coffee Beans - 1Kg,Food and beverages,11.6,14.62
SKU-13429,Golden Salted Almonds - Pack of 6,Food and beverages,2.92,3.53
SKU-13430,Radiant Vitamin C Sunscreen - 150g,Health and beauty,31.12,43.19
SKU-13431,Vital Natural Perfume - 200ml (V29),Health and beauty,34.28,51.93
SKU-13432,Tasty Salted Cookies - 500g,Food and beverages,12.92,14.99
SKU-13433,EcoLiving Wooden Coffee Mug - White,Home and lifestyle,29.14,41.76
SKU-13434,FarmFresh Sweet Juice - 1L,Food and beverages,13.99,16.43
SKU-13435,Organic Roasted Almonds - Pack of 6,Food and beverages,7.15,9.19
SKU-13436,Classic Silk Sunglasses - Silver,Fashion accessories,38.6,59.29
SKU-13437,Classic Wooden Coffee Mug - Black,Home and lifestyle,38.95,56.5
SKU-13438,Pulse Mini Headphones - Black,Electronic accessories,102.52,130.59
SKU-13439,Classic Polarized Backpack - Gold,Fashion accessories,61.0,90.26
SKU-13440,Active Waterproof Tent - Red,Sports and travel,18.86,29.46
SKU-13441,Retro Denim Tie - Brown,Fashion accessories,59.7,92.79
SKU-13442,Active Waterproof Yoga Mat - Grey,Sports and travel,78.19,120.53
SKU-13443,Vital Anti-Aging Deodorant - 150g,Health and beauty,68.26,94.6
SKU-13444,Clear Vitamin C Shampoo - 150g,Health and beauty,18.12,26.94
SKU-13445,Cyber Wireless Earbuds - Red,Electronic accessories,88.09,119.32
SKU-13446,Peak Heavy-Duty Yoga Mat - Grey,Sports and travel,61.61,90.37
SKU-13447,Cyber Slim Cable - Grey,Electronic accessories,74.32,98.73
SKU-13448,Pure Gluten-Free Pasta - 500ml,Food and beverages,5.52,7.15
SKU-13449,Luxe Cotton Scarf - Silver,Fashion accessories,18.71,26.09
SKU-13450,Classic Polarized Tie - Black,Fashion accessories,24.51,33.74
SKU-13451,Radiant Vitamin C Shampoo - Pack of 2 (V58),Health and beauty,6.9,10.86
SKU-13452,Pulse Bluetooth Earbuds - White,Electronic accessories,38.48,52.82
SKU-13453,Giga Mini Charger - Silver (V24),Electronic accessories,27.44,35.29
SKU-13454,Smart Portable Power Bank - Blue,Electronic accessories,29.37,38.23
SKU-13455,Tasty Vegan Chocolate - 1L,Food and beverages,12.88,15.43
SKU-13456,Essence Vitamin C Shampoo - 50ml (V5),Health and beauty,17.5,26.42
SKU-13457,Modern Cotton Table Lamp - Black,Home and lifestyle,31.75,50.21
SKU-13458,Premium Crunchy Juice - 500g,Food and beverages,19.42,22.36
SKU-13459,Tasty Salted Juice - 1L,Food and beverages,19.16,24.27
SKU-13460,Classic Rustic Storage Box - Clear,Home and lifestyle,42.2,66.91
SKU-13461,Cozy Cotton Table Lamp - Clear,Home and lifestyle,23.15,31.45
SKU-13462,LuxeHome Glass Table Lamp - Black (V91),Home and lifestyle,47.06,64.7
SKU-13463,Eco Heavy Duty Speaker - Grey,Electronic accessories,13.13,16.3
SKU-13464,ProFit Waterproof Dumbbells - Grey (V75),Sports and travel,46.94,71.93
SKU-13465,HomeStyle Wooden Table Lamp - Oak,Home and lifestyle,37.17,55.73
SKU-13466,Classic Canvas Belt - Silver,Fashion accessories,44.68,61.24
SKU-13467,Velocity Heavy-Duty Resistance Bands - Blue,Sports and travel,45.43,66.26
SKU-13468,Organic Spicy Pasta - Pack of 6,Food and beverages,19.1,23.16
SKU-13469,EcoLiving Cotton Coffee Mug - Oak,Home and lifestyle,32.32,43.39
SKU-13470,Peak Ergonomic Yoga Mat - Red,Sports and travel,66.04,96.22
SKU-13471,Vogue Silk Backpack - Gold,Fashion accessories,54.32,76.2
SKU-13472,Luxe Cotton Sunglasses - Brown,Fashion accessories,25.87,35.92
SKU-13473,Trek Waterproof Tent - Grey,Sports and travel,77.12,119.02
SKU-13474,Pure Spicy Coffee Beans - 500ml,Food and beverages,19.89,23.36
SKU-13475,Ultra Bluetooth Adapter - Blue,Electronic accessories,35.7,51.41
SKU-13476,Clear Anti-Aging Conditioner - 50ml (V21),Health and beauty,63.95,95.07
SKU-13477,Derma Natural Shampoo - 150g,Health and beauty,30.81,47.57
SKU-13478,Eco Wireless Keyboard - White (V24),Electronic accessories,82.44,120.26
SKU-13479,Organic Crunchy Juice - 1L,Food and beverages,1.8,2.33
SKU-13480,Radiant Anti-Aging Conditioner - Travel Size,Health and beauty,45.01,62.29
SKU-13481,Pure Natural Sunscreen - 150g,Health and beauty,6.13,8.15
SKU-13482,EcoLiving Stainless Steel Cushion - Black (V16),Home and lifestyle,66.05,86.79
SKU-13483,Clear Hydrating Body Lotion - Travel Size,Health and beauty,57.91,87.96
SKU-13484,HomeStyle Minimalist Cushion - Black,Home and lifestyle,63.26,80.98
SKU-13485,Elite Silk Hat - Black,Fashion accessories,78.1,97.82
SKU-13486,ProFit Heavy-Duty Gym Bag - Orange,Sports and travel,45.94,57.64
SKU-13487,Classic Stainless Steel Table Lamp - Black,Home and lifestyle,6.84,9.49
SKU-13488,Chic Canvas Gloves - Black (V48),Fashion accessories,28.85,41.15
SKU-13489,Nature's Crunchy Honey - 250g,Food and beverages,15.39,19.27
SKU-13490,Modern Ceramic Vase - White (V71),Home and lifestyle,58.26,79.4
SKU-13491,Classic Silk Watch - Navy,Fashion accessories,5.25,7.93
SKU-13492,Classic Stainless Steel Wall Clock - White,Home and lifestyle,60.37,88.31
SKU-13493,Golden Spicy Green Tea - 1Kg,Food and beverages,12.91,15.54
SKU-13494,LuxeHome Cotton Storage Box - Oak,Home and lifestyle,77.21,121.69
SKU-13495,HomeStyle Rustic Vase - Clear (V28),Home and lifestyle,56.14,89.11
SKU-13496,Aero Ergonomic Dumbbells - Red,Sports and travel,62.08,92.47
SKU-13497,FarmFresh Spicy Honey - Pack of 6,Food and beverages,12.69,14.83
SKU-13498,EcoLiving Rustic Towel Set - White,Home and lifestyle,64.53,99.78
SKU-13499,TechPro Fast-Charging Cable - Red,Electronic accessories,47.24,68.09
SKU-13500,Radiant Hydrating Serum - Travel Size (V35),Health and beauty,52.43,76.72
SKU-13501,Nova Fast-Charging Keyboard - White,Electronic accessories,122.95,184.01
SKU-13502,Golden Crunchy Honey - Pack of 6 (V39),Food and beverages,4.8,6.09
SKU-13503,Zen Wooden Picture Frame - Clear (V25),Home and lifestyle,20.68,27.35
SKU-13504,Eco Fast-Charging Mouse - Red,Electronic accessories,21.45,28.64
SKU-13505,Radiant Hydrating Perfume - 100ml,Health and beauty,16.84,23.69
SKU-13506,Nova Heavy Duty Earbuds - White,Electronic accessories,78.53,101.14
SKU-13507,EcoLiving Cotton Coffee Mug - Black,Home and lifestyle,6.48,10.1
SKU-13508,Daily Crunchy Chocolate - 1Kg,Food and beverages,19.64,25.12
SKU-13509,Pulse Mini Adapter - Grey,Electronic accessories,122.42,154.44
SKU-13510,Giga Bluetooth Adapter - Silver,Electronic accessories,85.27,126.42
SKU-13511,Retro Leather Wallet - Rose Gold,Fashion accessories,9.29,14.73
SKU-13512,Tasty Vegan Almonds - 250g,Food and beverages,6.15,7.24
SKU-13513,Zen Ceramic Coffee Mug - Black (V65),Home and lifestyle,60.15,87.03
SKU-13514,Luxe Canvas Wallet - Brown,Fashion accessories,64.53,103.0
SKU-13515,Summit Breathable Yoga Mat - Grey,Sports and travel,67.31,102.89
SKU-13516,FarmFresh Vegan Honey - 500g,Food and beverages,9.56,11.73
SKU-13517,Clear Vitamin C Deodorant - 100ml,Health and beauty,25.51,37.57
SKU-13518,Urban Leather Sunglasses - Brown (V82),Fashion accessories,11.17,17.11
SKU-13519,Pure Roasted Cookies - Pack of 6,Food and beverages,6.47,7.75
SKU-13520,Eco Fast-Charging Keyboard - Red,Electronic accessories,66.32,82.09
SKU-13521,Pulse Slim Power Bank - Silver,Electronic accessories,132.43,175.49
SKU-13522,EcoLiving Wooden Picture Frame - Black,Home and lifestyle,59.4,87.25
SKU-13523,Smart Wireless Mouse - White,Electronic accessories,19.88,27.59
SKU-13524,Pure Salted Chocolate - 1Kg,Food and beverages,9.79,11.54
SKU-13525,Essence Soothing Conditioner - 100ml,Health and beauty,37.16,49.17
SKU-13526,Cyber Wireless Power Bank - Black,Electronic accessories,139.64,204.04
SKU-13527,Daily Spicy Cereal - 500ml,Food and beverages,9.17,11.38
SKU-13528,Classic Polarized Scarf - Silver,Fashion accessories,60.03,83.91
SKU-13529,Nature's Crunchy Coffee Beans - 1Kg,Food and beverages,14.74,18.15
SKU-13530,Classic Rustic Vase - Oak,Home and lifestyle,19.63,26.27
SKU-13531,Nature's Crunchy Juice - 500ml,Food and beverages,13.2,16.36
SKU-13532,Smart Slim Speaker - Blue,Electronic accessories,109.92,143.96
SKU-13533,HomeStyle Rustic Coffee Mug - Clear,Home and lifestyle,64.52,93.38
SKU-13534,Radiant Organic Sunscreen - 100ml,Health and beauty,41.2,52.72
SKU-13535,Golden Sweet Cookies - 500ml,Food and beverages,4.59,5.78
SKU-13536,Retro Vintage Handbag - Silver,Fashion accessories,33.55,49.82
SKU-13537,Modern Rustic Wall Clock - Beige,Home and lifestyle,71.48,110.01
SKU-13538,Zen Minimalist Coffee Mug - White,Home and lifestyle,59.74,79.31
SKU-13539,Retro Silk Gloves - Gold,Fashion accessories,70.05,108.56
SKU-13540,Zen Glass Candle - Grey,Home and lifestyle,54.81,79.54
SKU-13541,Cyber Wireless Power Bank - White,Electronic accessories,42.82,62.84
SKU-13542,Peak Breathable Water Bottle - Neon Green,Sports and travel,44.65,57.23
SKU-13543,ProFit Waterproof Tent - Neon Green (V16),Sports and travel,76.22,116.56
SKU-13544,Nova Fast-Charging Cable - White,Electronic accessories,41.51,56.43
SKU-13545,Premium Vegan Juice - 500g,Food and beverages,18.24,21.8
SKU-13546,Modern Rustic Wall Clock - Black (V60),Home and lifestyle,11.45,17.27
SKU-13547,Summit Breathable Jump Rope - Red,Sports and travel,29.98,45.55
SKU-13548,Daily Sweet Pasta - 1Kg,Food and beverages,16.79,19.8
SKU-13549,Motion Compact Jump Rope - Black,Sports and travel,78.6,102.76
SKU-13550,Clear Vitamin C Sunscreen - Travel Size,Health and beauty,66.53,84.38
SKU-13551,Elite Polarized Tie - Brown,Fashion accessories,25.96,39.65
SKU-13552,Vital Oil-Free Shampoo - 100ml (V92),Health and beauty,22.55,28.45
SKU-13553,ProFit Waterproof Gym Bag - Blue,Sports and travel,9.51,11.94
SKU-13554,Aero Compact Yoga Mat - Orange,Sports and travel,79.05,126.33
SKU-13555,Chic Denim Watch - Navy,Fashion accessories,67.3,99.77
SKU-13556,HomeStyle Glass Picture Frame - White (V50),Home and lifestyle,52.87,69.08
SKU-13557,Zen Ceramic Picture Frame - Clear,Home and lifestyle,42.86,53.84
SKU-13558,Pure Soothing Perfume - 200ml,Health and beauty,55.93,85.03
SKU-13559,Nova Fast-Charging Cable - Silver,Electronic accessories,47.23,69.93
SKU-13560,Glow Vitamin C Shampoo - 150g (V94),Health and beauty,46.5,69.46
SKU-13561,Derma Organic Deodorant - 50ml,Health and beauty,22.82,34.75
SKU-13562,Pure Oil-Free Shampoo - 100ml,Health and beauty,33.21,42.08
SKU-13563,Golden Sweet Cereal - Pack of 6,Food and beverages,19.96,25.02
SKU-13564,Cozy Ceramic Cushion - Black,Home and lifestyle,19.13,30.21
SKU-13565,Classic Cotton Table Lamp - Grey,Home and lifestyle,45.62,57.57
SKU-13566,HomeStyle Stainless Steel Storage Box - Oak,Home and lifestyle,17.79,27.91
SKU-13567,Derma Soothing Serum - Travel Size,Health and beauty,33.07,51.68
SKU-13568,Luxe Canvas Sunglasses - Navy,Fashion accessories,51.88,69.76
SKU-13569,Cozy Cotton Coffee Mug - Black,Home and lifestyle,25.26,34.69
SKU-13570,Summit Heavy-Duty Backpack - Neon Green,Sports and travel,6.51,10.39
SKU-13571,Vital Natural Lip Balm - 200ml (V10),Health and beauty,37.83,49.51
SKU-13572,Organic Sweet Green Tea - 1Kg (V94),Food and beverages,9.8,12.28
SKU-13573,Peak Lightweight Resistance Bands - Grey (V45),Sports and travel,39.69,54.39
SKU-13574,Pure Roasted Honey - 1Kg,Food and beverages,15.3,18.47
SKU-13575,TechPro Bluetooth Webcam - Red,Electronic accessories,122.88,173.71
SKU-13576,Luxe Canvas Backpack - Brown,Fashion accessories,74.3,111.68
SKU-13577,LuxeHome Glass Coffee Mug - Grey,Home and lifestyle,60.42,76.25
SKU-13578,Radiant Anti-Aging Lip Balm - 50ml,Health and beauty,7.92,12.43
SKU-13579,Modern Glass Picture Frame - Black,Home and lifestyle,20.62,26.34
SKU-13580,Vogue Vintage Belt - Gold (V24),Fashion accessories,20.14,26.63
SKU-13581,Radiant Anti-Aging Serum - 100ml,Health and beauty,24.94,35.3
SKU-13582,EcoLiving Minimalist Coffee Mug - Black (V97),Home and lifestyle,34.77,49.39
SKU-13583,Classic Wooden Bed Sheets - Clear,Home and lifestyle,36.56,49.22
SKU-13584,TechPro Mini Keyboard - Blue,Electronic accessories,141.54,180.0
SKU-13585,Essence Organic Conditioner - 50ml,Health and beauty,52.59,68.79
SKU-13586,Trek Lightweight Backpack - Red,Sports and travel,17.13,26.88
SKU-13587,Glow Vitamin C Perfume - 200ml,Health and beauty,11.29,15.55
SKU-13588,Urban Ceramic Storage Box - White,Home and lifestyle,71.27,92.14
SKU-13589,Vogue Cotton Hat - Silver,Fashion accessories,31.38,49.0
SKU-13590,Derma Oil-Free Face Cream - 50ml (V17),Health and beauty,60.81,85.02
SKU-13591,Retro Canvas Hat - Silver,Fashion accessories,39.54,58.58
SKU-13592,Pure Hydrating Conditioner - 150g,Health and beauty,74.39,109.79
SKU-13593,Active Durable Backpack - Blue,Sports and travel,20.49,30.75
SKU-13594,Velocity Ergonomic Yoga Mat - Orange,Sports and travel,26.39,35.79
SKU-13595,Vital Anti-Aging Serum - 50ml,Health and beauty,5.47,7.5
SKU-13596,Nature's Sweet Cereal - 500ml,Food and beverages,16.78,20.35
SKU-13597,Golden Salted Coffee Beans - 1Kg,Food and beverages,3.97,4.73
SKU-13598,Active Ergonomic Resistance Bands - Blue,Sports and travel,48.57,65.5
SKU-13599,Urban Cotton Vase - Black,Home and lifestyle,13.91,21.77
SKU-13600,Glow Oil-Free Conditioner - Travel Size,Health and beauty,79.92,107.43
SKU-13601,Urban Ceramic Coffee Mug - Oak,Home and lifestyle,56.92,73.31
SKU-13602,Urban Cotton Scarf - Navy,Fashion accessories,77.33,119.53
SKU-13603,Peak Ergonomic Tent - Blue,Sports and travel,48.29,71.0
SKU-13604,Clear Organic Sunscreen - Pack of 2,Health and beauty,47.89,76.46
SKU-13605,Vogue Vintage Wallet - Silver,Fashion accessories,79.51,115.07
SKU-13606,EcoLiving Stainless Steel Picture Frame - White,Home and lifestyle,75.4,101.99
SKU-13607,Tasty Roasted Coffee Beans - 500ml,Food and beverages,12.33,14.24
SKU-13608,Premium Vegan Almonds - 500g,Food and beverages,18.63,21.89
SKU-13609,Trendy Polarized Scarf - Navy,Fashion accessories,77.16,97.97
SKU-13610,LuxeHome Cotton Picture Frame - White (V93),Home and lifestyle,67.04,88.37
SKU-13611,Nature's Crunchy Pasta - 1Kg,Food and beverages,7.33,9.2
SKU-13612,Peak Heavy-Duty Resistance Bands - Red (V85),Sports and travel,65.74,92.66
SKU-13613,LuxeHome Minimalist Picture Frame - Beige,Home and lifestyle,18.18,27.83
SKU-13614,Ultra Portable Mouse - Grey (V15),Electronic accessories,33.68,41.46
SKU-13615,Vital Natural Lip Balm - 200ml (V62),Health and beauty,78.96,105.1
SKU-13616,Elite Polarized Handbag - Silver,Fashion accessories,58.4,84.35
SKU-13617,TechPro Bluetooth Adapter - Silver,Electronic accessories,37.81,45.58
SKU-13618,Eco Slim Cable - Red,Electronic accessories,80.01,114.3
SKU-13619,Glow Vitamin C Body Lotion - 50ml,Health and beauty,26.1,36.61
SKU-13620,Essence Natural Sunscreen - 100ml,Health and beauty,21.67,32.09
SKU-13621,Tasty Sweet Juice - 250g,Food and beverages,1.04,1.31
SKU-13622,Cyber Heavy Duty Headphones - Black,Electronic accessories,72.92,109.01
SKU-13623,Peak Heavy-Duty Resistance Bands - Neon Green,Sports and travel,19.33,30.34
SKU-13624,Pulse Mini Power Bank - Red (V18),Electronic accessories,128.56,186.94
SKU-13625,Motion Ergonomic Water Bottle - Red,Sports and travel,66.49,97.05
SKU-13626,Nature's Vegan Honey - 500g,Food and beverages,14.98,17.34
SKU-13627,TechPro Mini Mouse - Grey,Electronic accessories,48.19,67.45
SKU-13628,Vital Anti-Aging Face Cream - Pack of 2,Health and beauty,58.2,73.48
SKU-13629,Giga Heavy Duty Headphones - Red,Electronic accessories,95.35,118.85
SKU-13630,Essence Natural Shampoo - 100ml,Health and beauty,46.19,61.59
SKU-13631,Pure Organic Perfume - Pack of 2,Health and beauty,62.93,94.03
SKU-13632,Classic Stainless Steel Coffee Mug - Clear (V61),Home and lifestyle,21.41,29.6
SKU-13633,Eco Mini Cable - Silver,Electronic accessories,26.37,32.64
SKU-13634,Nova Fast-Charging Headphones - White,Electronic accessories,38.5,57.55
SKU-13635,Elite Leather Gloves - Rose Gold,Fashion accessories,71.99,103.67
SKU-13636,TechPro Fast-Charging Power Bank - Grey,Electronic accessories,32.35,44.37
SKU-13637,Daily Gluten-Free Juice - 1L,Food and beverages,17.41,21.75
SKU-13638,Smart Bluetooth Headphones - Silver,Electronic accessories,135.52,186.95
SKU-13639,Modern Stainless Steel Wall Clock - Grey,Home and lifestyle,78.28,100.22
SKU-13640,Zen Ceramic Wall Clock - Grey,Home and lifestyle,79.47,120.3
SKU-13641,Nova Fast-Charging Mouse - Black,Electronic accessories,97.67,121.26
SKU-13642,Smart Mini Speaker - Blue,Electronic accessories,108.7,144.78
SKU-13643,Pure Natural Face Cream - Pack of 2,Health and beauty,59.99,85.37
SKU-13644,Chic Polarized Wallet - Rose Gold,Fashion accessories,21.54,28.88
SKU-13645,Vital Vitamin C Body Lotion - 200ml,Health and beauty,37.07,53.88
SKU-13646,Pulse Mini Webcam - Grey,Electronic accessories,109.33,159.57
SKU-13647,Radiant Soothing Perfume - Travel Size,Health and beauty,41.92,57.58
SKU-13648,Peak Compact Tent - Black,Sports and travel,63.14,88.73
SKU-13649,Smart Bluetooth Power Bank - Black,Electronic accessories,70.0,89.42
SKU-13650,Chic Polarized Gloves - Silver (V33),Fashion accessories,10.2,14.97
SKU-13651,Elite Denim Wallet - Rose Gold,Fashion accessories,59.33,79.17
SKU-13652,Clear Natural Lip Balm - Travel Size (V20),Health and beauty,15.66,22.73
SKU-13653,Trek Compact Sleeping Bag - Black,Sports and travel,68.31,90.13
SKU-13654,Radiant Natural Lip Balm - Travel Size,Health and beauty,60.57,90.74
SKU-13655,Ultra Mini Mouse - White,Electronic accessories,57.26,75.36
SKU-13656,Vogue Denim Scarf - Rose Gold,Fashion accessories,13.12,17.36
SKU-13657,FarmFresh Sweet Almonds - Pack of 6,Food and beverages,3.16,3.76
SKU-13658,Pulse Mini Power Bank - Black,Electronic accessories,132.78,197.56
SKU-13659,Glow Vitamin C Body Lotion - Pack of 2,Health and beauty,52.75,82.15
SKU-13660,Pure Crunchy Coffee Beans - Pack of 6,Food and beverages,4.24,5.36
SKU-13661,LuxeHome Stainless Steel Picture Frame - Black,Home and lifestyle,66.88,91.51
SKU-13662,Aura Anti-Aging Body Lotion - 100ml,Health and beauty,16.41,22.16
SKU-13663,Pure Salted Cookies - Pack of 6,Food and beverages,10.67,12.59
SKU-13664,Derma Oil-Free Body Wash - 150g,Health and beauty,52.61,76.14
SKU-13665,ProFit Heavy-Duty Water Bottle - Black,Sports and travel,49.44,71.57
SKU-13666,Pure Sweet Chocolate - 500ml,Food and beverages,5.12,6.41
SKU-13667,Premium Crunchy Almonds - 1Kg,Food and beverages,1.08,1.39
SKU-13668,ProFit Lightweight Gym Bag - Red,Sports and travel,39.53,59.03
SKU-13669,TechPro Fast-Charging Mouse - Grey,Electronic accessories,54.83,81.23
SKU-13670,Aura Organic Body Lotion - 150g,Health and beauty,22.02,28.65
SKU-13671,Vogue Leather Backpack - Gold,Fashion accessories,37.94,47.81
SKU-13672,Classic Stainless Steel Wall Clock - Grey,Home and lifestyle,62.84,86.16
SKU-13673,Classic Polarized Hat - Black,Fashion accessories,60.1,80.52
SKU-13674,ProFit Breathable Sleeping Bag - Grey,Sports and travel,78.12,113.9
SKU-13675,Glow Oil-Free Face Cream - 150g,Health and beauty,13.16,16.6
SKU-13676,Motion Heavy-Duty Backpack - Grey,Sports and travel,34.87,51.9
SKU-13677,HomeStyle Cotton Candle - Beige,Home and lifestyle,45.54,62.83
SKU-13678,Nature's Spicy Cookies - 250g,Food and beverages,9.91,11.4
SKU-13679,Summit Ergonomic Dumbbells - Blue,Sports and travel,27.37,38.24
SKU-13680,Tasty Spicy Chocolate - 500ml,Food and beverages,9.35,10.77
SKU-13681,Organic Crunchy Chocolate - 500g,Food and beverages,9.29,11.72
SKU-13682,Trek Heavy-Duty Dumbbells - Blue,Sports and travel,33.39,51.36
SKU-13683,Cozy Stainless Steel Towel Set - Beige,Home and lifestyle,24.87,37.94
SKU-13684,Chic Canvas Scarf - Brown,Fashion accessories,28.6,42.3
SKU-13685,Active Lightweight Water Bottle - Neon Green,Sports and travel,6.91,9.19
SKU-13686,ProFit Lightweight Sleeping Bag - Blue (V35),Sports and travel,5.82,8.23
SKU-13687,Glow Anti-Aging Lip Balm - 200ml (V89),Health and beauty,62.42,78.9
SKU-13688,Luxe Cotton Gloves - Rose Gold (V30),Fashion accessories,46.4,58.46
SKU-13689,Trek Breathable Resistance Bands - Orange,Sports and travel,11.19,15.49
SKU-13690,Radiant Vitamin C Perfume - 150g,Health and beauty,28.07,38.44
SKU-13691,Vital Soothing Sunscreen - 200ml,Health and beauty,66.89,106.01
SKU-13692,EcoLiving Stainless Steel Storage Box - Black,Home and lifestyle,57.28,89.37
SKU-13693,Pure Anti-Aging Sunscreen - 150g,Health and beauty,72.32,101.3
SKU-13694,Elite Canvas Backpack - Navy (V24),Fashion accessories,23.21,33.72
SKU-13695,Trek Waterproof Travel Pillow - Red,Sports and travel,38.41,60.69
SKU-13696,HomeStyle Wooden Cushion - Beige,Home and lifestyle,54.15,81.3
SKU-13697,Radiant Hydrating Face Cream - 200ml,Health and beauty,62.3,85.05
SKU-13698,Aero Compact Gym Bag - Blue (V13),Sports and travel,71.56,112.12
SKU-13699,Urban Vintage Handbag - Rose Gold,Fashion accessories,64.47,87.01
SKU-13700,Aura Anti-Aging Perfume - Pack of 2,Health and beauty,60.58,85.98
SKU-13701,Modern Stainless Steel Towel Set - Oak,Home and lifestyle,6.07,7.75
SKU-13702,Elite Canvas Wallet - Black,Fashion accessories,14.33,21.02
SKU-13703,Luxe Denim Belt - Navy,Fashion accessories,37.06,58.33
SKU-13704,Glow Oil-Free Body Lotion - 200ml,Health and beauty,65.46,87.49
SKU-13705,Nova Mini Keyboard - Grey,Electronic accessories,36.75,51.31
SKU-13706,Retro Denim Tie - Brown (V29),Fashion accessories,63.42,94.13
SKU-13707,EcoLiving Glass Picture Frame - Beige,Home and lifestyle,11.83,16.82
SKU-13708,Nova Portable Keyboard - Silver,Electronic accessories,146.93,187.78
SKU-13709,Organic Vegan Almonds - 250g,Food and beverages,10.7,13.38
SKU-13710,Chic Denim Backpack - Navy,Fashion accessories,30.66,42.91
SKU-13711,Glow Anti-Aging Lip Balm - 200ml (V23),Health and beauty,42.76,58.35
SKU-13712,Urban Cotton Picture Frame - Oak (V30),Home and lifestyle,28.5,45.55
SKU-13713,Premium Salted Cereal - 500g,Food and beverages,19.72,25.38
SKU-13714,HomeStyle Rustic Storage Box - Beige,Home and lifestyle,14.22,21.7
SKU-13715,Tasty Roasted Green Tea - 500ml,Food and beverages,7.76,9.95
SKU-13716,Retro Canvas Hat - Rose Gold (V26),Fashion accessories,28.31,44.37
SKU-13717,Motion Ergonomic Yoga Mat - Neon Green,Sports and travel,33.5,45.52
SKU-13718,Pure Vegan Olive Oil - Pack of 6,Food and beverages,18.34,21.75
SKU-13719,Cyber Slim Earbuds - Silver,Electronic accessories,11.89,14.49
SKU-13720,Aero Compact Sleeping Bag - Orange,Sports and travel,68.45,88.47
SKU-13721,Aura Anti-Aging Deodorant - Pack of 2,Health and beauty,40.15,51.61
SKU-13722,FarmFresh Roasted Green Tea - 1L,Food and beverages,4.13,4.94
SKU-13723,Nova Portable Cable - Blue,Electronic accessories,77.42,113.14
SKU-13724,Trendy Polarized Watch - Brown,Fashion accessories,9.37,12.57
SKU-13725,LuxeHome Ceramic Cushion - Oak,Home and lifestyle,51.34,69.94
SKU-13726,Derma Oil-Free Face Cream - Travel Size,Health and beauty,76.75,105.06
SKU-13727,Velocity Lightweight Water Bottle - Grey,Sports and travel,9.36,11.91
SKU-13728,Pure Anti-Aging Perfume - Travel Size,Health and beauty,50.38,64.49
SKU-13729,Cyber Wireless Mouse - Red (V62),Electronic accessories,111.06,147.97
SKU-13730,Classic Cotton Bed Sheets - White,Home and lifestyle,71.06,111.12
SKU-13731,Smart Slim Mouse - Blue,Electronic accessories,41.61,51.21
SKU-13732,Eco Portable Charger - Silver,Electronic accessories,40.36,50.53
SKU-13733,Active Durable Tent - Blue,Sports and travel,33.69,42.94
SKU-13734,Golden Roasted Chocolate - Pack of 6 (V79),Food and beverages,9.68,12.48
SKU-13735,Essence Oil-Free Body Wash - 200ml,Health and beauty,69.21,93.24
SKU-13736,Vogue Vintage Backpack - Brown,Fashion accessories,61.27,81.73
SKU-13737,Classic Polarized Belt - Navy (V52),Fashion accessories,59.01,84.16
SKU-13738,Luxe Silk Sunglasses - Navy,Fashion accessories,24.03,36.05
SKU-13739,Tasty Salted Almonds - 1L,Food and beverages,8.58,10.92
SKU-13740,Daily Spicy Cereal - 250g,Food and beverages,6.06,7.59
SKU-13741,Elite Silk Scarf - Gold,Fashion accessories,40.8,64.77
SKU-13742,Urban Cotton Belt - Navy,Fashion accessories,46.36,61.46
SKU-13743,Derma Soothing Deodorant - 100ml (V22),Health and beauty,48.57,74.52
SKU-13744,Urban Stainless Steel Coffee Mug - Clear,Home and lifestyle,39.0,53.24
SKU-13745,Vital Soothing Lip Balm - 200ml (V44),Health and beauty,38.61,49.61
SKU-13746,Classic Canvas Wallet - Silver (V52),Fashion accessories,55.73,88.41
SKU-13747,Smart Portable Speaker - Grey,Electronic accessories,96.06,131.68
SKU-13748,Eco Heavy Duty Earbuds - Grey,Electronic accessories,145.13,175.86
SKU-13749,Trek Heavy-Duty Water Bottle - Neon Green,Sports and travel,56.6,90.34
SKU-13750,Premium Gluten-Free Cookies - 1Kg (V6),Food and beverages,16.87,20.3
SKU-13751,FarmFresh Sweet Juice - 500ml,Food and beverages,7.99,9.63
SKU-13752,ProFit Ergonomic Dumbbells - Orange,Sports and travel,64.45,90.39
SKU-13753,Pure Roasted Olive Oil - 500g,Food and beverages,9.95,12.75
SKU-13754,Nova Bluetooth Charger - White,Electronic accessories,127.43,160.53
SKU-13755,Chic Denim Gloves - Black,Fashion accessories,31.13,41.18
SKU-13756,Aura Soothing Body Lotion - 150g,Health and beauty,38.11,50.34
SKU-13757,Luxe Silk Sunglasses - Black (V3),Fashion accessories,40.6,63.17
SKU-13758,Aero Compact Dumbbells - Neon Green,Sports and travel,41.25,65.81
SKU-13759,Glow Organic Body Wash - 150g,Health and beauty,5.36,7.06
SKU-13760,Luxe Vintage Tie - Navy,Fashion accessories,62.88,78.91
SKU-13761,Active Heavy-Duty Tent - Blue (V83),Sports and travel,65.63,104.33
SKU-13762,Vogue Cotton Handbag - Rose Gold,Fashion accessories,37.73,58.49
SKU-13763,Zen Glass Cushion - Grey,Home and lifestyle,7.06,9.89
SKU-13764,Nature's Gluten-Free Honey - 500g,Food and beverages,17.54,21.72
SKU-13765,Smart Fast-Charging Power Bank - Blue,Electronic accessories,29.8,37.46
SKU-13766,Golden Roasted Chocolate - 500g (V69),Food and beverages,3.66,4.74
SKU-13767,Daily Roasted Olive Oil - 500g,Food and beverages,5.61,6.66
SKU-13768,Summit Durable Yoga Mat - Orange (V61),Sports and travel,25.72,33.92
SKU-13769,Ultra Wireless Keyboard - Red,Electronic accessories,98.01,127.99
SKU-13770,Chic Vintage Backpack - Rose Gold,Fashion accessories,7.94,11.91
SKU-13771,Trendy Vintage Gloves - Brown,Fashion accessories,25.97,41.26
SKU-13772,Urban Leather Wallet - Rose Gold,Fashion accessories,18.91,27.17
SKU-13773,Modern Ceramic Picture Frame - Clear,Home and lifestyle,62.79,88.32
SKU-13774,Classic Stainless Steel Vase - White,Home and lifestyle,74.58,112.72
SKU-13775,Clear Hydrating Body Wash - 200ml (V81),Health and beauty,55.33,84.61
SKU-13776,Smart Wireless Charger - Black,Electronic accessories,31.42,40.72
SKU-13777,Golden Vegan Coffee Beans - 500g,Food and beverages,1.71,2.18
SKU-13778,Ultra Bluetooth Earbuds - Blue,Electronic accessories,113.39,142.47
SKU-13779,Motion Waterproof Sleeping Bag - Grey,Sports and travel,18.37,23.73
SKU-13780,Active Breathable Travel Pillow - Grey (V15),Sports and travel,51.34,68.84
SKU-13781,LuxeHome Glass Vase - Black,Home and lifestyle,64.54,83.54
SKU-13782,Cyber Portable Adapter - Silver (V20),Electronic accessories,93.01,113.28
SKU-13783,Cyber Fast-Charging Keyboard - Silver,Electronic accessories,59.93,88.83
SKU-13784,Essence Anti-Aging Face Cream - 50ml,Health and beauty,30.2,40.53
SKU-13785,Cyber Bluetooth Charger - Blue,Electronic accessories,142.46,185.83
SKU-13786,Modern Glass Coffee Mug - White,Home and lifestyle,53.17,70.09
SKU-13787,Luxe Silk Gloves - Brown,Fashion accessories,78.94,124.43
SKU-13788,HomeStyle Rustic Wall Clock - Clear,Home and lifestyle,43.96,59.2
SKU-13789,Daily Spicy Honey - 1Kg,Food and beverages,12.49,15.96
SKU-13790,Cyber Heavy Duty Adapter - Red,Electronic accessories,117.97,174.08
SKU-13791,ProFit Breathable Gym Bag - Black (V53),Sports and travel,35.04,55.88
SKU-13792,Ultra Portable Cable - White,Electronic accessories,14.28,17.73
SKU-13793,Premium Vegan Coffee Beans - 500g,Food and beverages,2.03,2.47
SKU-13794,Ultra Fast-Charging Earbuds - Grey,Electronic accessories,21.04,29.37
SKU-13795,Nature's Vegan Cookies - Pack of 6,Food and beverages,11.06,13.48
SKU-13796,Giga Portable Webcam - Red,Electronic accessories,99.12,121.57
SKU-13797,Retro Cotton Watch - Rose Gold,Fashion accessories,51.32,75.58
SKU-13798,Daily Spicy Chocolate - 1Kg,Food and beverages,4.31,5.27
SKU-13799,EcoLiving Glass Towel Set - Clear,Home and lifestyle,63.13,100.53
SKU-13800,Tasty Spicy Cookies - 1L,Food and beverages,11.18,14.32
SKU-13801,Smart Portable Cable - Blue,Electronic accessories,34.7,49.72
SKU-13802,Trek Waterproof Jump Rope - Blue,Sports and travel,70.42,92.86
SKU-13803,Organic Sweet Cookies - 1Kg (V46),Food and beverages,16.55,20.07
SKU-13804,Vital Soothing Body Wash - Travel Size,Health and beauty,73.96,99.61
SKU-13805,Classic Stainless Steel Cushion - Oak,Home and lifestyle,7.46,9.85
SKU-13806,EcoLiving Cotton Table Lamp - Beige,Home and lifestyle,6.05,8.08
SKU-13807,Urban Cotton Handbag - Silver,Fashion accessories,59.96,77.75
SKU-13808,Modern Minimalist Candle - Clear,Home and lifestyle,34.69,48.35
SKU-13809,Classic Rustic Storage Box - White (V86),Home and lifestyle,7.75,10.84
SKU-13810,Summit Ergonomic Yoga Mat - Orange (V56),Sports and travel,31.28,44.87
SKU-13811,Motion Durable Travel Pillow - Neon Green,Sports and travel,28.72,45.4
SKU-13812,Trek Durable Water Bottle - Grey,Sports and travel,55.17,81.09
SKU-13813,Urban Wooden Cushion - Beige,Home and lifestyle,47.41,66.57
SKU-13814,Pulse Mini Cable - Blue,Electronic accessories,39.93,56.45
SKU-13815,Vital Natural Body Wash - 150g,Health and beauty,45.44,67.55
SKU-13816,Vital Anti-Aging Body Wash - 100ml,Health and beauty,17.21,24.2
SKU-13817,TechPro Bluetooth Power Bank - Black (V59),Electronic accessories,41.62,56.83
SKU-13818,Retro Canvas Hat - Rose Gold (V84),Fashion accessories,71.05,98.19
SKU-13819,Elite Denim Scarf - Brown,Fashion accessories,63.33,95.29
SKU-13820,Summit Lightweight Backpack - Neon Green (V84),Sports and travel,74.82,105.67
SKU-13821,Velocity Heavy-Duty Travel Pillow - Orange,Sports and travel,70.85,105.98
SKU-13822,Classic Minimalist Cushion - White,Home and lifestyle,42.4,66.39
SKU-13823,HomeStyle Glass Cushion - Black,Home and lifestyle,20.96,29.16
SKU-13824,Pulse Slim Adapter - Silver (V33),Electronic accessories,81.41,121.57
SKU-13825,Derma Anti-Aging Face Cream - 50ml (V33),Health and beauty,51.29,74.53
SKU-13826,Radiant Soothing Deodorant - Pack of 2,Health and beauty,49.42,78.14
SKU-13827,Elite Silk Wallet - Navy,Fashion accessories,36.35,55.6
SKU-13828,Clear Natural Face Cream - 50ml,Health and beauty,74.33,102.0
SKU-13829,Ultra Wireless Cable - Black,Electronic accessories,19.23,27.04
SKU-13830,Trek Heavy-Duty Travel Pillow - Grey,Sports and travel,16.45,22.49
SKU-13831,Motion Lightweight Resistance Bands - Neon Green,Sports and travel,60.09,88.51
SKU-13832,Golden Salted Almonds - 1Kg,Food and beverages,13.35,17.01
SKU-13833,Trendy Cotton Scarf - Navy,Fashion accessories,69.86,97.55
SKU-13834,Trek Ergonomic Water Bottle - Orange,Sports and travel,74.44,104.59
SKU-13835,Pure Soothing Shampoo - 150g,Health and beauty,47.34,69.46
SKU-13836,EcoLiving Cotton Coffee Mug - Oak (V57),Home and lifestyle,32.14,45.99
SKU-13837,Zen Wooden Towel Set - Clear,Home and lifestyle,51.71,78.05
SKU-13838,Radiant Soothing Body Lotion - 150g,Health and beauty,49.38,76.04
SKU-13839,Smart Heavy Duty Keyboard - Black,Electronic accessories,106.79,142.33
SKU-13840,ProFit Ergonomic Gym Bag - Red,Sports and travel,69.37,100.14
SKU-13841,Glow Natural Shampoo - 200ml,Health and beauty,18.97,24.28
SKU-13842,Tasty Roasted Pasta - 1L,Food and beverages,10.6,13.2
SKU-13843,Cyber Portable Earbuds - Blue,Electronic accessories,46.9,69.19
SKU-13844,Trendy Polarized Handbag - Rose Gold,Fashion accessories,36.0,53.42
SKU-13845,Tasty Spicy Honey - Pack of 6,Food and beverages,10.14,12.13
SKU-13846,Luxe Leather Gloves - Brown,Fashion accessories,36.82,47.6
SKU-13847,Cozy Glass Storage Box - Grey,Home and lifestyle,15.67,24.36
SKU-13848,Derma Oil-Free Deodorant - 100ml,Health and beauty,25.35,38.27
SKU-13849,HomeStyle Glass Coffee Mug - Grey,Home and lifestyle,31.9,48.24
SKU-13850,Organic Roasted Olive Oil - 500ml,Food and beverages,5.15,6.67
SKU-13851,FarmFresh Spicy Juice - 250g (V31),Food and beverages,1.16,1.47
SKU-13852,Derma Vitamin C Serum - 150g (V12),Health and beauty,56.06,83.91
SKU-13853,Smart Mini Mouse - Blue,Electronic accessories,97.46,138.98
SKU-13854,Organic Salted Cereal - 500ml,Food and beverages,11.01,13.97
SKU-13855,Elite Polarized Handbag - Rose Gold,Fashion accessories,19.96,28.2
SKU-13856,Modern Ceramic Wall Clock - White,Home and lifestyle,25.3,35.63
SKU-13857,ProFit Ergonomic Gym Bag - Blue,Sports and travel,16.69,21.15
SKU-13858,Pure Gluten-Free Green Tea - 500ml,Food and beverages,17.78,21.37
SKU-13859,Premium Roasted Honey - 500ml (V90),Food and beverages,2.28,2.83
SKU-13860,Nova Fast-Charging Power Bank - Black,Electronic accessories,109.54,134.62
SKU-13861,Peak Durable Dumbbells - Black,Sports and travel,62.12,96.35
SKU-13862,Modern Cotton Storage Box - White,Home and lifestyle,11.08,17.19
SKU-13863,Aura Anti-Aging Body Wash - 50ml,Health and beauty,7.37,11.38
SKU-13864,Classic Polarized Scarf - Navy (V98),Fashion accessories,11.08,15.98
SKU-13865,Organic Salted Olive Oil - 1L (V86),Food and beverages,1.2,1.54
SKU-13866,EcoLiving Cotton Bed Sheets - White,Home and lifestyle,23.15,36.92
SKU-13867,Pure Spicy Olive Oil - 1L (V25),Food and beverages,16.75,19.39
SKU-13868,Aura Soothing Conditioner - Travel Size,Health and beauty,12.87,19.26
SKU-13869,Urban Denim Tie - Navy,Fashion accessories,47.26,62.72
SKU-13870,Pulse Wireless Mouse - White,Electronic accessories,114.89,144.21
SKU-13871,Smart Heavy Duty Earbuds - Black (V61),Electronic accessories,136.13,176.97
SKU-13872,Trek Breathable Yoga Mat - Black (V92),Sports and travel,27.15,42.87
SKU-13873,Ultra Slim Speaker - White,Electronic accessories,59.94,85.48
SKU-13874,Nova Fast-Charging Charger - Silver (V62),Electronic accessories,67.72,91.69
SKU-13875,Trek Breathable Travel Pillow - Grey,Sports and travel,8.5,12.86
SKU-13876,Cozy Glass Vase - White,Home and lifestyle,52.02,81.08
SKU-13877,Velocity Waterproof Yoga Mat - Grey,Sports and travel,46.52,70.18
SKU-13878,HomeStyle Cotton Table Lamp - White,Home and lifestyle,67.55,97.63
SKU-13879,Eco Heavy Duty Earbuds - Red (V50),Electronic accessories,125.11,152.89
SKU-13880,Classic Stainless Steel Storage Box - Black,Home and lifestyle,69.63,87.98
SKU-13881,Vital Organic Face Cream - Pack of 2,Health and beauty,43.9,69.96
SKU-13882,Cozy Stainless Steel Cushion - Beige (V27),Home and lifestyle,62.71,99.95
SKU-13883,Summit Ergonomic Tent - Orange,Sports and travel,65.12,99.4
SKU-13884,Eco Slim Charger - Grey,Electronic accessories,31.95,44.99
SKU-13885,Peak Lightweight Jump Rope - Blue,Sports and travel,43.06,64.7
SKU-13886,Aero Waterproof Resistance Bands - Grey,Sports and travel,39.55,57.82
SKU-13887,Radiant Natural Perfume - Travel Size (V13),Health and beauty,50.7,79.81
SKU-13888,Luxe Denim Scarf - Rose Gold,Fashion accessories,54.39,86.5
SKU-13889,Aero Lightweight Gym Bag - Grey,Sports and travel,27.33,40.66
SKU-13890,ProFit Durable Resistance Bands - Neon Green,Sports and travel,65.23,98.76
SKU-13891,Pure Vegan Almonds - 250g,Food and beverages,7.77,9.81
SKU-13892,Smart Mini Speaker - Red,Electronic accessories,100.48,134.03
SKU-13893,Trek Durable Travel Pillow - Blue (V99),Sports and travel,12.62,15.86
SKU-13894,Derma Hydrating Serum - 200ml (V49),Health and beauty,54.24,86.67
SKU-13895,Velocity Ergonomic Dumbbells - Blue,Sports and travel,56.55,75.24
SKU-13896,Golden Gluten-Free Chocolate - 1Kg (V58),Food and beverages,14.32,18.05
SKU-13897,Ultra Portable Charger - Silver,Electronic accessories,19.6,26.3
SKU-13898,Urban Polarized Sunglasses - Silver (V59),Fashion accessories,23.36,35.47
SKU-13899,Nature's Gluten-Free Cookies - Pack of 6,Food and beverages,14.46,18.0
SKU-13900,Radiant Anti-Aging Deodorant - 50ml (V8),Health and beauty,49.36,72.86
SKU-13901,Motion Waterproof Sleeping Bag - Blue,Sports and travel,66.1,86.36
SKU-13902,Ultra Wireless Adapter - Silver,Electronic accessories,27.05,39.8
SKU-13903,LuxeHome Ceramic Coffee Mug - Oak,Home and lifestyle,18.95,24.27
SKU-13904,Derma Soothing Perfume - 150g (V16),Health and beauty,41.65,66.52
SKU-13905,Chic Canvas Watch - Rose Gold,Fashion accessories,71.42,103.11
SKU-13906,Vogue Canvas Belt - Silver,Fashion accessories,18.21,26.8
SKU-13907,Pure Hydrating Body Wash - 200ml,Health and beauty,65.06,81.52
SKU-13908,HomeStyle Glass Coffee Mug - Grey (V92),Home and lifestyle,36.7,47.16
SKU-13909,Chic Cotton Gloves - Gold,Fashion accessories,39.71,61.01
SKU-13910,Trendy Canvas Hat - Navy,Fashion accessories,26.86,42.71
SKU-13911,Organic Crunchy Honey - 500ml,Food and beverages,18.97,23.58
SKU-13912,Eco Slim Power Bank - White,Electronic accessories,35.12,44.1
SKU-13913,Pure Natural Face Cream - Pack of 2 (V28),Health and beauty,76.46,106.81
SKU-13914,Trek Durable Yoga Mat - Orange,Sports and travel,77.24,106.22
SKU-13915,FarmFresh Sweet Cookies - 500ml,Food and beverages,1.14,1.33
SKU-13916,Aura Vitamin C Body Wash - 50ml,Health and beauty,23.39,32.73
SKU-13917,Elite Polarized Hat - Navy,Fashion accessories,21.54,31.28
SKU-13918,Aura Hydrating Lip Balm - 50ml,Health and beauty,59.62,92.57
SKU-13919,Motion Ergonomic Gym Bag - Blue (V66),Sports and travel,58.33,87.57
SKU-13920,Vogue Leather Backpack - Gold (V40),Fashion accessories,21.75,32.35
SKU-13921,Cozy Rustic Candle - Oak,Home and lifestyle,5.5,7.06
SKU-13922,Pure Soothing Perfume - Pack of 2,Health and beauty,62.07,82.39
SKU-13923,Classic Denim Sunglasses - Gold,Fashion accessories,30.23,38.21
SKU-13924,Nova Fast-Charging Headphones - White (V72),Electronic accessories,52.39,69.63
SKU-13925,HomeStyle Ceramic Vase - Clear,Home and lifestyle,68.21,107.28
SKU-13926,Retro Canvas Wallet - Silver,Fashion accessories,34.56,54.67
SKU-13927,Elite Silk Backpack - Rose Gold,Fashion accessories,37.12,57.76
SKU-13928,Pure Anti-Aging Body Lotion - 50ml,Health and beauty,40.76,55.2
SKU-13929,Elite Cotton Gloves - Black,Fashion accessories,79.64,120.41
SKU-13930,Urban Denim Backpack - Navy,Fashion accessories,27.28,39.92
SKU-13931,Golden Vegan Coffee Beans - 1L,Food and beverages,7.89,9.14
SKU-13932,Chic Vintage Gloves - Black,Fashion accessories,70.34,95.6
SKU-13933,Luxe Denim Gloves - Gold,Fashion accessories,20.97,33.52
SKU-13934,Ultra Wireless Speaker - Grey,Electronic accessories,107.91,136.88
SKU-13935,Motion Durable Resistance Bands - Neon Green,Sports and travel,24.36,37.26
SKU-13936,EcoLiving Stainless Steel Vase - Clear,Home and lifestyle,38.74,48.63
SKU-13937,Vital Natural Face Cream - 50ml,Health and beauty,51.08,66.94
SKU-13938,Glow Oil-Free Sunscreen - Pack of 2 (V27),Health and beauty,24.2,33.86
SKU-13939,Pure Natural Deodorant - 50ml,Health and beauty,49.41,69.54
SKU-13940,Chic Polarized Sunglasses - Rose Gold,Fashion accessories,35.94,57.48
SKU-13941,Golden Crunchy Olive Oil - 1Kg,Food and beverages,15.07,18.6
SKU-13942,Ultra Mini Power Bank - Grey,Electronic accessories,25.64,31.92
SKU-13943,Cozy Stainless Steel Table Lamp - Grey,Home and lifestyle,44.45,57.6
SKU-13944,Urban Wooden Table Lamp - Beige,Home and lifestyle,76.38,103.31
SKU-13945,Luxe Polarized Handbag - Gold (V94),Fashion accessories,12.02,17.71
SKU-13946,Organic Crunchy Cookies - Pack of 6,Food and beverages,5.08,6.18
SKU-13947,Organic Salted Juice - Pack of 6,Food and beverages,16.44,19.28
SKU-13948,Organic Spicy Cookies - Pack of 6,Food and beverages,1.17,1.52
SKU-13949,HomeStyle Glass Cushion - Clear (V90),Home and lifestyle,28.78,41.35
SKU-13950,FarmFresh Roasted Cookies - 1L (V67),Food and beverages,16.69,21.18
SKU-13951,Essence Anti-Aging Serum - Pack of 2 (V97),Health and beauty,14.47,18.2
SKU-13952,Aura Hydrating Perfume - 100ml,Health and beauty,75.03,94.42
SKU-13953,Trek Waterproof Resistance Bands - Orange,Sports and travel,29.97,47.38
SKU-13954,Eco Bluetooth Adapter - Grey,Electronic accessories,148.11,187.05
SKU-13955,Cyber Mini Cable - Grey,Electronic accessories,148.53,186.76
SKU-13956,Cyber Heavy Duty Earbuds - White,Electronic accessories,31.63,40.93
SKU-13957,ProFit Compact Backpack - Orange,Sports and travel,41.52,62.83
SKU-13958,Pure Spicy Pasta - 1Kg,Food and beverages,10.68,13.49
SKU-13959,Pure Roasted Cereal - Pack of 6 (V79),Food and beverages,5.72,6.95
SKU-13960,Luxe Canvas Backpack - Brown (V75),Fashion accessories,58.77,90.69
SKU-13961,Nova Heavy Duty Earbuds - Silver,Electronic accessories,106.69,158.94
SKU-13962,Derma Soothing Perfume - Pack of 2,Health and beauty,52.0,74.53
SKU-13963,Peak Lightweight Dumbbells - Orange,Sports and travel,50.99,78.02
SKU-13964,Radiant Vitamin C Perfume - Pack of 2 (V29),Health and beauty,40.07,60.52
SKU-13965,TechPro Fast-Charging Charger - Silver,Electronic accessories,104.33,142.32
SKU-13966,Luxe Polarized Belt - Rose Gold (V78),Fashion accessories,47.05,72.7
SKU-13967,Essence Vitamin C Deodorant - Travel Size (V78),Health and beauty,54.04,82.01
SKU-13968,Modern Rustic Picture Frame - White,Home and lifestyle,60.97,82.67
SKU-13969,Zen Rustic Towel Set - White (V48),Home and lifestyle,41.48,60.27
SKU-13970,Smart Mini Webcam - Blue,Electronic accessories,56.66,74.69
SKU-13971,Daily Sweet Juice - 1Kg,Food and beverages,6.85,8.72
SKU-13972,Modern Stainless Steel Candle - Clear,Home and lifestyle,75.81,99.21
SKU-13973,Pure Spicy Green Tea - 1Kg,Food and beverages,12.3,15.41
SKU-13974,Elite Cotton Tie - Rose Gold,Fashion accessories,37.96,58.38
SKU-13975,Pure Oil-Free Body Lotion - 50ml,Health and beauty,8.03,10.14
SKU-13976,Radiant Natural Body Wash - 150g,Health and beauty,21.45,32.09
SKU-13977,TechPro Heavy Duty Headphones - Silver,Electronic accessories,115.09,160.75
SKU-13978,Cozy Wooden Table Lamp - Beige,Home and lifestyle,59.34,89.53
SKU-13979,TechPro Bluetooth Power Bank - Black (V54),Electronic accessories,63.78,93.71
SKU-13980,LuxeHome Cotton Wall Clock - Grey (V33),Home and lifestyle,7.04,10.37
SKU-13981,Vogue Canvas Sunglasses - Silver,Fashion accessories,52.11,79.18
SKU-13982,LuxeHome Ceramic Picture Frame - Oak,Home and lifestyle,78.55,110.49
SKU-13983,Daily Vegan Almonds - 1Kg,Food and beverages,1.68,2.11
SKU-13984,Urban Ceramic Picture Frame - Beige,Home and lifestyle,20.14,31.73
SKU-13985,Giga Portable Adapter - Red,Electronic accessories,87.8,115.27
SKU-13986,Summit Durable Travel Pillow - Blue,Sports and travel,66.86,84.75
SKU-13987,Urban Stainless Steel Bed Sheets - Clear,Home and lifestyle,67.57,103.37
SKU-13988,Summit Waterproof Backpack - Grey,Sports and travel,16.21,24.68
SKU-13989,Organic Gluten-Free Chocolate - Pack of 6,Food and beverages,10.57,13.03
SKU-13990,Eco Slim Headphones - Grey,Electronic accessories,18.45,22.42
SKU-13991,Cyber Mini Cable - Black,Electronic accessories,58.18,77.04
SKU-13992,Trek Heavy-Duty Tent - Orange,Sports and travel,5.59,8.52
SKU-13993,Elite Polarized Belt - Navy,Fashion accessories,52.77,75.67
SKU-13994,Radiant Soothing Lip Balm - 50ml,Health and beauty,26.22,36.65
SKU-13995,Velocity Heavy-Duty Travel Pillow - Blue,Sports and travel,57.93,91.55
SKU-13996,Giga Bluetooth Webcam - Grey (V73),Electronic accessories,13.17,19.08
SKU-13997,Derma Hydrating Perfume - 100ml,Health and beauty,25.36,33.55
SKU-13998,Essence Soothing Body Wash - Travel Size,Health and beauty,69.79,92.06
SKU-13999,Pure Soothing Face Cream - Travel Size,Health and beauty,62.24,88.09
SKU-14000,Golden Gluten-Free Olive Oil - 1L (V23),Food and beverages,13.66,16.59
SKU-14001,Velocity Durable Backpack - Grey (V13),Sports and travel,49.19,63.92
SKU-14002,Ultra Portable Power Bank - Blue,Electronic accessories,101.76,147.7
SKU-14003,ProFit Heavy-Duty Jump Rope - Neon Green,Sports and travel,61.12,76.59
SKU-14004,Nature's Salted Honey - 500ml,Food and beverages,10.86,13.75
SKU-14005,Clear Natural Conditioner - 150g,Health and beauty,79.34,120.32
SKU-14006,FarmFresh Salted Cookies - 500g,Food and beverages,4.38,5.3
SKU-14007,Elite Leather Belt - Gold,Fashion accessories,76.63,95.87
SKU-14008,Active Heavy-Duty Travel Pillow - Grey,Sports and travel,26.56,34.37
SKU-14009,Classic Glass Wall Clock - White,Home and lifestyle,40.92,59.13
SKU-14010,Summit Durable Backpack - Orange,Sports and travel,12.46,16.27
SKU-14011,Retro Canvas Belt - Silver,Fashion accessories,69.12,89.02
SKU-14012,Nova Portable Mouse - Red,Electronic accessories,99.01,130.87
SKU-14013,Urban Vintage Gloves - Gold,Fashion accessories,62.37,88.75
SKU-14014,Aero Ergonomic Gym Bag - Red,Sports and travel,68.59,89.25
SKU-14015,Urban Silk Sunglasses - Rose Gold,Fashion accessories,71.22,103.35
SKU-14016,Nature's Crunchy Cereal - 500ml,Food and beverages,2.76,3.28
SKU-14017,Retro Cotton Wallet - Silver,Fashion accessories,11.02,15.78
SKU-14018,Retro Vintage Wallet - Gold (V99),Fashion accessories,68.76,101.32
SKU-14019,Aero Waterproof Backpack - Orange (V38),Sports and travel,32.07,45.16
SKU-14020,Derma Vitamin C Conditioner - 150g,Health and beauty,65.11,81.84
SKU-14021,Pulse Slim Earbuds - Red,Electronic accessories,80.19,107.08
SKU-14022,Elite Cotton Handbag - Brown (V19),Fashion accessories,40.0,58.27
SKU-14023,Classic Wooden Candle - White,Home and lifestyle,12.52,17.85
SKU-14024,Aero Breathable Water Bottle - Blue,Sports and travel,78.22,123.94
SKU-14025,Active Compact Dumbbells - Red,Sports and travel,63.66,98.22
SKU-14026,Peak Waterproof Yoga Mat - Neon Green,Sports and travel,79.84,118.71
SKU-14027,Eco Heavy Duty Keyboard - Black (V37),Electronic accessories,123.0,149.15
SKU-14028,Ultra Wireless Mouse - Grey,Electronic accessories,23.29,31.95
SKU-14029,LuxeHome Stainless Steel Candle - Clear,Home and lifestyle,14.55,23.04
SKU-14030,ProFit Lightweight Jump Rope - Orange,Sports and travel,61.54,95.37
SKU-14031,Active Ergonomic Water Bottle - Grey,Sports and travel,78.25,118.4
SKU-14032,Elite Cotton Scarf - Black,Fashion accessories,16.3,25.36
SKU-14033,FarmFresh Vegan Cereal - 250g,Food and beverages,16.68,21.14
SKU-14034,Giga Portable Keyboard - Red,Electronic accessories,113.53,141.67
SKU-14035,HomeStyle Minimalist Towel Set - Oak,Home and lifestyle,70.2,89.96
SKU-14036,Summit Waterproof Travel Pillow - Orange,Sports and travel,62.72,92.75
SKU-14037,Luxe Canvas Hat - Brown,Fashion accessories,16.44,25.92
SKU-14038,Vogue Cotton Sunglasses - Black,Fashion accessories,6.89,10.65
SKU-14039,FarmFresh Gluten-Free Almonds - 500g,Food and beverages,5.14,6.11
SKU-14040,Pure Vegan Chocolate - 1Kg,Food and beverages,7.02,8.97
SKU-14041,Radiant Soothing Body Wash - Travel Size (V60),Health and beauty,34.38,45.06
SKU-14042,LuxeHome Stainless Steel Bed Sheets - Oak (V46),Home and lifestyle,23.29,32.08
SKU-14043,Urban Leather Wallet - Navy (V91),Fashion accessories,15.18,23.11
SKU-14044,Smart Mini Speaker - Silver,Electronic accessories,11.33,15.29
SKU-14045,Peak Compact Tent - Black (V83),Sports and travel,70.52,104.6
SKU-14046,Elite Silk Gloves - Black,Fashion accessories,33.32,48.64
SKU-14047,Glow Natural Face Cream - 100ml,Health and beauty,65.23,98.42
SKU-14048,Active Lightweight Dumbbells - Black (V97),Sports and travel,77.23,101.74
SKU-14049,Urban Wooden Cushion - Clear,Home and lifestyle,21.77,28.95
SKU-14050,Cozy Rustic Wall Clock - Beige,Home and lifestyle,51.32,71.81
SKU-14051,Eco Slim Headphones - White,Electronic accessories,17.74,21.67
SKU-14052,Vital Oil-Free Lip Balm - 100ml,Health and beauty,62.53,81.29
SKU-14053,Velocity Breathable Dumbbells - Orange,Sports and travel,28.41,40.15
SKU-14054,Premium Vegan Cereal - 500ml,Food and beverages,10.81,13.94
SKU-14055,Cozy Minimalist Towel Set - Beige,Home and lifestyle,59.86,77.9
SKU-14056,Peak Lightweight Backpack - Orange,Sports and travel,31.11,48.15
SKU-14057,Trek Lightweight Backpack - Orange,Sports and travel,74.1,108.05
SKU-14058,Pure Spicy Chocolate - 1Kg,Food and beverages,2.71,3.15
SKU-14059,Cyber Portable Keyboard - Grey,Electronic accessories,89.5,109.52
SKU-14060,Pure Anti-Aging Face Cream - 200ml,Health and beauty,12.67,17.46
SKU-14061,Derma Natural Lip Balm - 50ml (V15),Health and beauty,5.04,6.6
SKU-14062,Modern Glass Candle - Clear,Home and lifestyle,24.68,34.48
SKU-14063,Aura Vitamin C Body Wash - 50ml (V84),Health and beauty,60.75,84.51
SKU-14064,Classic Ceramic Table Lamp - Black,Home and lifestyle,32.44,49.76
SKU-14065,Glow Natural Body Wash - 100ml (V89),Health and beauty,57.21,84.44
SKU-14066,Cyber Mini Webcam - Red,Electronic accessories,56.82,82.65
SKU-14067,Summit Waterproof Water Bottle - Neon Green,Sports and travel,26.68,33.79
SKU-14068,Vital Natural Serum - 100ml,Health and beauty,25.98,35.86
SKU-14069,Vital Vitamin C Body Wash - 200ml,Health and beauty,32.28,43.55
SKU-14070,Luxe Leather Watch - Navy,Fashion accessories,74.83,113.6
SKU-14071,Eco Slim Cable - Black,Electronic accessories,57.74,76.73
SKU-14072,Aero Ergonomic Yoga Mat - Black,Sports and travel,63.81,81.26
SKU-14073,Daily Salted Green Tea - 1L,Food and beverages,2.55,2.96
SKU-14074,Nature's Gluten-Free Cookies - Pack of 6 (V77),Food and beverages,12.17,14.45
SKU-14075,Derma Hydrating Shampoo - 200ml,Health and beauty,65.36,83.17
SKU-14076,Daily Vegan Almonds - 250g,Food and beverages,10.67,13.08
SKU-14077,Giga Mini Charger - Blue,Electronic accessories,31.51,43.2
SKU-14078,LuxeHome Wooden Candle - Grey,Home and lifestyle,9.0,12.64
SKU-14079,LuxeHome Minimalist Cushion - Clear,Home and lifestyle,60.7,94.07
SKU-14080,Pulse Portable Headphones - Black (V66),Electronic accessories,86.14,124.96
SKU-14081,Peak Heavy-Duty Gym Bag - Neon Green,Sports and travel,35.29,44.55
SKU-14082,Retro Polarized Handbag - Brown,Fashion accessories,31.14,40.65
SKU-14083,Trendy Polarized Hat - Gold,Fashion accessories,52.53,74.12
SKU-14084,Modern Stainless Steel Picture Frame - Grey,Home and lifestyle,60.44,78.94
SKU-14085,Aero Waterproof Backpack - Orange (V76),Sports and travel,66.89,89.71
SKU-14086,Luxe Silk Belt - Navy,Fashion accessories,51.1,72.27
SKU-14087,Aura Anti-Aging Body Lotion - 50ml,Health and beauty,38.72,59.37
SKU-14088,Essence Hydrating Serum - 50ml,Health and beauty,39.38,60.43
SKU-14089,Organic Salted Cookies - 500g,Food and beverages,10.83,13.75
SKU-14090,Urban Cotton Bed Sheets - Grey,Home and lifestyle,5.16,8.2
SKU-14091,Giga Wireless Mouse - Grey,Electronic accessories,49.1,59.34
SKU-14092,Classic Canvas Wallet - Rose Gold,Fashion accessories,23.7,36.75
SKU-14093,Modern Wooden Bed Sheets - Grey,Home and lifestyle,27.72,39.31
SKU-14094,Aura Hydrating Conditioner - 50ml (V85),Health and beauty,44.32,59.56
SKU-14095,Aero Heavy-Duty Resistance Bands - Grey,Sports and travel,79.05,103.69
SKU-14096,EcoLiving Minimalist Vase - Clear,Home and lifestyle,6.02,9.12
SKU-14097,Velocity Lightweight Water Bottle - Red,Sports and travel,77.48,100.19
SKU-14098,Trendy Denim Watch - Navy,Fashion accessories,35.06,54.81
SKU-14099,Derma Organic Body Wash - Travel Size,Health and beauty,78.19,101.07
SKU-14100,Pure Hydrating Serum - Travel Size (V42),Health and beauty,70.49,109.74
SKU-14101,ProFit Waterproof Water Bottle - Black,Sports and travel,57.14,76.88
SKU-14102,Modern Stainless Steel Bed Sheets - White,Home and lifestyle,56.17,70.3
SKU-14103,Summit Lightweight Sleeping Bag - Neon Green,Sports and travel,18.98,26.57
SKU-14104,TechPro Portable Speaker - Silver,Electronic accessories,126.91,160.66
SKU-14105,EcoLiving Wooden Bed Sheets - Clear,Home and lifestyle,21.1,27.4
SKU-14106,Velocity Heavy-Duty Resistance Bands - Orange,Sports and travel,58.62,74.02
SKU-14107,Urban Polarized Tie - Silver (V38),Fashion accessories,8.97,13.39
SKU-14108,Pure Soothing Shampoo - 50ml,Health and beauty,19.53,31.16
SKU-14109,Velocity Heavy-Duty Water Bottle - Black,Sports and travel,34.5,54.14
SKU-14110,TechPro Wireless Headphones - Black,Electronic accessories,32.97,40.15
SKU-14111,Premium Roasted Olive Oil - 250g,Food and beverages,15.65,19.74
SKU-14112,Daily Spicy Almonds - 500ml (V33),Food and beverages,1.2,1.47
SKU-14113,Retro Denim Belt - Brown,Fashion accessories,58.21,90.57
SKU-14114,Elite Denim Backpack - Silver,Fashion accessories,38.53,58.97
SKU-14115,Daily Spicy Almonds - 500ml (V96),Food and beverages,1.9,2.45
SKU-14116,Velocity Heavy-Duty Travel Pillow - Orange (V22),Sports and travel,17.04,23.06
SKU-14117,Retro Cotton Wallet - Brown,Fashion accessories,29.43,38.14
SKU-14118,FarmFresh Roasted Cookies - Pack of 6 (V69),Food and beverages,9.07,11.32
SKU-14119,Ultra Fast-Charging Cable - Silver,Electronic accessories,64.41,91.76
SKU-14120,Chic Vintage Backpack - Gold,Fashion accessories,20.27,28.7
SKU-14121,Premium Sweet Pasta - 1L,Food and beverages,9.43,11.48
SKU-14122,Elite Polarized Hat - Black,Fashion accessories,38.2,53.25
SKU-14123,Retro Leather Belt - Black,Fashion accessories,20.84,29.61
SKU-14124,Peak Waterproof Yoga Mat - Red,Sports and travel,73.58,100.23
SKU-14125,Classic Vintage Backpack - Rose Gold,Fashion accessories,70.19,91.29
SKU-14126,Giga Mini Headphones - Red,Electronic accessories,43.32,56.0
SKU-14127,Chic Denim Backpack - Black,Fashion accessories,10.32,16.21
SKU-14128,Cyber Fast-Charging Charger - White,Electronic accessories,104.98,146.92
SKU-14129,Nova Portable Keyboard - Grey,Electronic accessories,24.29,29.48
SKU-14130,Pure Roasted Almonds - 1L,Food and beverages,8.92,11.59
SKU-14131,Aero Heavy-Duty Sleeping Bag - Orange,Sports and travel,11.2,14.07
SKU-14132,HomeStyle Ceramic Storage Box - Beige,Home and lifestyle,62.22,90.74
SKU-14133,Golden Vegan Juice - 250g,Food and beverages,5.88,7.08
SKU-14134,TechPro Mini Mouse - Silver,Electronic accessories,70.76,102.15
SKU-14135,Vogue Canvas Tie - Brown,Fashion accessories,16.5,21.65
SKU-14136,EcoLiving Stainless Steel Towel Set - Oak,Home and lifestyle,32.85,42.37
SKU-14137,TechPro Mini Speaker - Silver,Electronic accessories,120.31,161.5
SKU-14138,Luxe Silk Wallet - Rose Gold,Fashion accessories,53.97,78.68
SKU-14139,Classic Polarized Hat - Rose Gold,Fashion accessories,74.72,105.86
SKU-14140,Classic Leather Sunglasses - Navy,Fashion accessories,11.03,16.64
SKU-14141,Summit Ergonomic Tent - Neon Green,Sports and travel,55.93,85.08
SKU-14142,Luxe Polarized Watch - Navy (V84),Fashion accessories,77.03,111.18
SKU-14143,Aero Ergonomic Backpack - Black,Sports and travel,57.83,87.29
SKU-14144,Zen Glass Storage Box - Beige,Home and lifestyle,73.5,113.16
SKU-14145,Ultra Bluetooth Power Bank - Black,Electronic accessories,88.74,115.36
SKU-14146,Classic Cotton Candle - Beige,Home and lifestyle,57.28,74.47
SKU-14147,Elite Leather Watch - Silver,Fashion accessories,38.51,50.2
SKU-14148,Clear Natural Perfume - 200ml,Health and beauty,71.94,102.59
SKU-14149,Smart Wireless Adapter - Grey,Electronic accessories,142.53,202.38
SKU-14150,Premium Gluten-Free Cereal - Pack of 6,Food and beverages,3.55,4.46
SKU-14151,Smart Mini Webcam - Blue (V70),Electronic accessories,143.9,190.68
SKU-14152,Radiant Oil-Free Body Wash - 50ml (V16),Health and beauty,56.65,83.54
SKU-14153,Vogue Vintage Backpack - Gold,Fashion accessories,70.36,103.72
SKU-14154,TechPro Slim Power Bank - Silver,Electronic accessories,39.7,48.74
SKU-14155,Classic Silk Gloves - Rose Gold,Fashion accessories,8.86,12.2
SKU-14156,Nova Portable Cable - White,Electronic accessories,68.31,88.14
SKU-14157,LuxeHome Cotton Vase - Grey,Home and lifestyle,36.79,54.67
SKU-14158,Daily Salted Pasta - 1Kg,Food and beverages,12.57,16.34
SKU-14159,Chic Vintage Scarf - Gold,Fashion accessories,26.03,35.57
SKU-14160,Urban Leather Belt - Brown,Fashion accessories,15.83,22.73
SKU-14161,Cyber Portable Webcam - White (V50),Electronic accessories,74.25,97.97
SKU-14162,Vogue Denim Scarf - Black,Fashion accessories,9.64,14.77
SKU-14163,Modern Stainless Steel Cushion - Clear,Home and lifestyle,21.72,28.73
SKU-14164,EcoLiving Wooden Storage Box - Clear,Home and lifestyle,24.17,31.37
SKU-14165,Chic Denim Watch - Silver,Fashion accessories,15.29,19.51
SKU-14166,Chic Leather Gloves - Black,Fashion accessories,26.72,40.88
SKU-14167,Velocity Lightweight Yoga Mat - Orange (V55),Sports and travel,35.3,53.87
SKU-14168,Urban Ceramic Cushion - Oak,Home and lifestyle,48.11,61.43
SKU-14169,LuxeHome Ceramic Towel Set - Grey,Home and lifestyle,44.71,70.15
SKU-14170,ProFit Durable Tent - Grey,Sports and travel,20.86,30.06
SKU-14171,Tasty Vegan Almonds - 250g (V43),Food and beverages,10.27,13.11
SKU-14172,Cyber Mini Webcam - Grey,Electronic accessories,60.79,83.54
SKU-14173,ProFit Durable Jump Rope - Grey,Sports and travel,55.69,83.81
SKU-14174,Vogue Cotton Wallet - Brown,Fashion accessories,19.92,25.69
SKU-14175,ProFit Compact Travel Pillow - Grey,Sports and travel,64.91,90.84
SKU-14176,Essence Anti-Aging Body Wash - 100ml,Health and beauty,43.42,58.88
SKU-14177,Pure Vitamin C Deodorant - 100ml,Health and beauty,60.46,78.58
SKU-14178,Pure Vegan Almonds - 250g (V53),Food and beverages,8.1,10.19
SKU-14179,Ultra Fast-Charging Speaker - White,Electronic accessories,107.03,150.4
SKU-14180,Active Breathable Water Bottle - Black,Sports and travel,9.52,14.29
SKU-14181,Radiant Organic Body Lotion - Travel Size,Health and beauty,58.13,92.13
SKU-14182,Nature's Spicy Juice - 500ml,Food and beverages,6.04,7.28
SKU-14183,Pulse Fast-Charging Cable - Grey,Electronic accessories,104.91,134.28
SKU-14184,Velocity Compact Travel Pillow - Grey (V9),Sports and travel,51.14,69.63
SKU-14185,Radiant Natural Deodorant - 150g,Health and beauty,55.55,83.95
SKU-14186,TechPro Heavy Duty Speaker - Black,Electronic accessories,148.04,206.94
SKU-14187,Aero Lightweight Water Bottle - Blue,Sports and travel,13.27,18.47
SKU-14188,Classic Leather Tie - Gold,Fashion accessories,24.98,39.32
SKU-14189,Urban Canvas Tie - Black,Fashion accessories,55.3,75.36
SKU-14190,Radiant Hydrating Shampoo - 100ml,Health and beauty,27.1,37.37
SKU-14191,Urban Wooden Candle - Black (V79),Home and lifestyle,44.8,65.07
SKU-14192,Classic Ceramic Table Lamp - Clear,Home and lifestyle,72.53,105.83
SKU-14193,Ultra Wireless Earbuds - Black (V79),Electronic accessories,32.28,44.89
SKU-14194,Modern Minimalist Picture Frame - Oak,Home and lifestyle,70.36,101.25
SKU-14195,Peak Ergonomic Travel Pillow - Grey,Sports and travel,45.89,69.73
SKU-14196,HomeStyle Glass Coffee Mug - Clear,Home and lifestyle,28.3,42.03
SKU-14197,Nature's Roasted Coffee Beans - 250g,Food and beverages,18.74,23.7
SKU-14198,Pure Spicy Honey - 500ml (V81),Food and beverages,13.51,16.69
SKU-14199,Nova Wireless Cable - Silver,Electronic accessories,146.67,206.68
SKU-14200,Essence Oil-Free Face Cream - Travel Size (V62),Health and beauty,34.66,55.07
SKU-14201,Eco Bluetooth Cable - Red,Electronic accessories,72.44,99.48
SKU-14202,Vogue Polarized Scarf - Silver,Fashion accessories,56.43,71.45
SKU-14203,Cozy Minimalist Vase - Grey,Home and lifestyle,13.6,18.07
SKU-14204,Classic Silk Belt - Black,Fashion accessories,72.14,109.27
SKU-14205,Pure Crunchy Coffee Beans - 1L,Food and beverages,12.61,15.41
SKU-14206,Organic Sweet Green Tea - 500ml,Food and beverages,15.81,19.9
SKU-14207,Giga Slim Webcam - Grey,Electronic accessories,17.36,24.53
SKU-14208,Urban Minimalist Picture Frame - Oak,Home and lifestyle,38.71,60.67
SKU-14209,Smart Mini Keyboard - Blue,Electronic accessories,106.02,157.49
SKU-14210,Retro Denim Watch - Black,Fashion accessories,58.95,81.99
SKU-14211,Cyber Mini Mouse - Blue,Electronic accessories,56.55,78.46
SKU-14212,Luxe Vintage Sunglasses - Rose Gold (V62),Fashion accessories,61.49,83.43
SKU-14213,HomeStyle Glass Picture Frame - Oak,Home and lifestyle,42.5,62.62
SKU-14214,Eco Portable Keyboard - White,Electronic accessories,11.42,15.16
SKU-14215,Nature's Salted Olive Oil - 1Kg (V67),Food and beverages,19.86,23.37
SKU-14216,Classic Rustic Towel Set - White (V37),Home and lifestyle,32.98,46.83
SKU-14217,Pure Oil-Free Body Wash - Travel Size,Health and beauty,68.79,96.62
SKU-14218,Urban Wooden Towel Set - Oak (V36),Home and lifestyle,14.34,18.24
SKU-14219,Aura Soothing Serum - 150g,Health and beauty,11.9,17.73
SKU-14220,Retro Polarized Belt - Black,Fashion accessories,5.86,7.79
SKU-14221,Premium Salted Green Tea - 500ml,Food and beverages,12.23,15.74
SKU-14222,Tasty Salted Coffee Beans - 1Kg (V46),Food and beverages,1.23,1.54
SKU-14223,Organic Salted Olive Oil - Pack of 6,Food and beverages,18.91,23.61
SKU-14224,Zen Glass Towel Set - Oak,Home and lifestyle,5.01,7.25
SKU-14225,Classic Minimalist Table Lamp - Beige,Home and lifestyle,53.22,66.81
SKU-14226,EcoLiving Rustic Vase - Black,Home and lifestyle,6.82,9.43
SKU-14227,Urban Rustic Cushion - Black (V95),Home and lifestyle,76.5,100.99
SKU-14228,Cyber Portable Cable - Black,Electronic accessories,33.93,49.83
SKU-14229,Zen Rustic Table Lamp - White,Home and lifestyle,64.94,88.5
SKU-14230,Cyber Wireless Headphones - White,Electronic accessories,19.96,26.57
SKU-14231,Peak Durable Backpack - Orange,Sports and travel,60.58,84.22
SKU-14232,Vogue Vintage Belt - Gold (V55),Fashion accessories,58.02,89.26
SKU-14233,Vital Vitamin C Lip Balm - 100ml,Health and beauty,55.77,82.64
SKU-14234,Retro Denim Hat - Navy,Fashion accessories,29.15,46.36
SKU-14235,Derma Hydrating Shampoo - 150g (V32),Health and beauty,5.63,7.49
SKU-14236,Modern Ceramic Table Lamp - Black,Home and lifestyle,20.39,31.12
SKU-14237,Nova Bluetooth Cable - Silver,Electronic accessories,11.66,17.23
SKU-14238,Vogue Polarized Backpack - Black,Fashion accessories,17.4,25.74
SKU-14239,Nature's Vegan Cereal - 500ml,Food and beverages,16.23,20.73
SKU-14240,Ultra Wireless Cable - Silver,Electronic accessories,27.65,40.22
SKU-14241,Retro Denim Sunglasses - Black,Fashion accessories,42.58,57.27
SKU-14242,Chic Leather Handbag - Gold,Fashion accessories,67.05,104.32
SKU-14243,Aero Durable Resistance Bands - Black,Sports and travel,28.21,42.97
SKU-14244,Chic Canvas Hat - Black,Fashion accessories,8.58,11.58
SKU-14245,Giga Fast-Charging Webcam - Silver (V65),Electronic accessories,90.33,131.83
SKU-14246,Glow Hydrating Shampoo - 100ml,Health and beauty,35.71,46.56
SKU-14247,Pulse Mini Webcam - Red,Electronic accessories,111.39,164.65
SKU-14248,Essence Organic Deodorant - 50ml,Health and beauty,79.16,109.07
SKU-14249,Ultra Mini Mouse - Red,Electronic accessories,105.56,141.14
SKU-14250,Premium Gluten-Free Honey - 500g (V50),Food and beverages,18.52,23.34
SKU-14251,TechPro Fast-Charging Cable - Silver,Electronic accessories,78.49,96.65
SKU-14252,Active Breathable Jump Rope - Red,Sports and travel,36.06,48.82
SKU-14253,Motion Heavy-Duty Travel Pillow - Black,Sports and travel,51.73,72.88
SKU-14254,HomeStyle Wooden Picture Frame - Oak,Home and lifestyle,27.05,36.19
SKU-14255,Luxe Vintage Scarf - Gold,Fashion accessories,10.18,16.15
SKU-14256,Cyber Wireless Power Bank - Blue,Electronic accessories,35.87,52.04
SKU-14257,Pure Sweet Juice - 1L (V28),Food and beverages,19.82,25.4
SKU-14258,Pure Sweet Cereal - 1Kg,Food and beverages,8.69,10.12
SKU-14259,Smart Heavy Duty Webcam - Black,Electronic accessories,125.97,163.79
SKU-14260,Cyber Wireless Earbuds - Black,Electronic accessories,128.74,158.39
SKU-14261,TechPro Wireless Speaker - Black,Electronic accessories,47.86,65.62
SKU-14262,Daily Salted Cookies - 500g,Food and beverages,3.3,4.22
SKU-14263,Trendy Vintage Hat - Black,Fashion accessories,71.7,95.16
SKU-14264,Golden Gluten-Free Cookies - 1Kg,Food and beverages,11.41,14.33
SKU-14265,Urban Stainless Steel Coffee Mug - White,Home and lifestyle,5.59,7.25
SKU-14266,Vogue Polarized Gloves - Brown (V84),Fashion accessories,10.4,14.52
SKU-14267,Retro Cotton Watch - Navy,Fashion accessories,11.52,17.99
SKU-14268,Tasty Sweet Cookies - Pack of 6,Food and beverages,11.31,13.12
SKU-14269,Elite Vintage Handbag - Navy,Fashion accessories,47.38,75.01
SKU-14270,Aura Organic Lip Balm - 150g,Health and beauty,13.71,18.58
SKU-14271,Radiant Anti-Aging Lip Balm - 150g,Health and beauty,36.77,47.9
SKU-14272,LuxeHome Minimalist Storage Box - Oak (V16),Home and lifestyle,49.11,64.11
SKU-14273,Glow Soothing Deodorant - 100ml,Health and beauty,46.87,71.93
SKU-14274,Urban Denim Gloves - Silver,Fashion accessories,28.97,42.12
SKU-14275,Urban Denim Belt - Silver,Fashion accessories,54.39,81.11
SKU-14276,Modern Cotton Coffee Mug - Black,Home and lifestyle,41.37,54.47
SKU-14277,Zen Ceramic Cushion - Oak,Home and lifestyle,64.28,100.73
SKU-14278,FarmFresh Salted Almonds - 1L (V56),Food and beverages,16.13,20.43
SKU-14279,Trendy Canvas Watch - Brown,Fashion accessories,33.9,53.99
SKU-14280,Radiant Soothing Face Cream - 50ml,Health and beauty,47.95,74.37
SKU-14281,Daily Crunchy Coffee Beans - 1L,Food and beverages,12.95,16.4
SKU-14282,ProFit Ergonomic Backpack - Blue,Sports and travel,69.0,97.05
SKU-14283,Modern Rustic Towel Set - Beige,Home and lifestyle,71.13,92.86
SKU-14284,Smart Wireless Power Bank - White,Electronic accessories,144.17,177.51
SKU-14285,Cyber Heavy Duty Earbuds - Black,Electronic accessories,71.17,90.71
SKU-14286,Chic Vintage Handbag - Gold (V10),Fashion accessories,48.01,68.38
SKU-14287,Giga Bluetooth Mouse - Blue,Electronic accessories,113.12,152.42
SKU-14288,Vital Hydrating Face Cream - Travel Size,Health and beauty,36.1,49.98
SKU-14289,HomeStyle Rustic Towel Set - Beige (V67),Home and lifestyle,35.28,56.15
SKU-14290,Summit Lightweight Backpack - Neon Green (V31),Sports and travel,32.2,47.75
SKU-14291,Ultra Mini Headphones - Grey,Electronic accessories,42.21,61.83
SKU-14292,Classic Canvas Backpack - Black,Fashion accessories,56.58,71.18
SKU-14293,Eco Wireless Webcam - Silver (V44),Electronic accessories,89.02,110.97
SKU-14294,EcoLiving Minimalist Cushion - Black,Home and lifestyle,63.22,97.09
SKU-14295,Aero Heavy-Duty Travel Pillow - Orange,Sports and travel,73.21,105.99
SKU-14296,Urban Canvas Scarf - Silver,Fashion accessories,28.39,38.82
SKU-14297,Ultra Wireless Headphones - White,Electronic accessories,123.21,165.29
SKU-14298,Vital Organic Serum - Travel Size,Health and beauty,67.05,94.35
SKU-14299,Cyber Slim Speaker - Grey,Electronic accessories,76.73,113.6
SKU-14300,Summit Waterproof Jump Rope - Red,Sports and travel,73.33,102.31
SKU-14301,Active Breathable Travel Pillow - Orange,Sports and travel,51.73,76.63
SKU-14302,Nova Bluetooth Webcam - Grey,Electronic accessories,25.73,33.61
SKU-14303,Nature's Vegan Green Tea - 500g,Food and beverages,7.77,9.9
SKU-14304,Active Ergonomic Yoga Mat - Neon Green,Sports and travel,40.54,60.31
SKU-14305,Trendy Cotton Sunglasses - Silver,Fashion accessories,74.01,114.1
SKU-14306,ProFit Breathable Yoga Mat - Black,Sports and travel,50.05,62.79
SKU-14307,LuxeHome Cotton Storage Box - White,Home and lifestyle,39.39,61.92
SKU-14308,Chic Silk Gloves - Gold,Fashion accessories,7.1,11.21
SKU-14309,Velocity Durable Dumbbells - Red,Sports and travel,53.81,79.12
SKU-14310,Elite Leather Hat - Gold,Fashion accessories,47.0,71.85
SKU-14311,Luxe Silk Watch - Brown,Fashion accessories,40.33,52.15
SKU-14312,Nova Mini Charger - Red,Electronic accessories,137.84,177.19
SKU-14313,Motion Ergonomic Dumbbells - Black,Sports and travel,48.53,61.19
SKU-14314,Smart Heavy Duty Speaker - Red,Electronic accessories,54.57,69.07
SKU-14315,Active Compact Gym Bag - Grey,Sports and travel,35.08,53.51
SKU-14316,Retro Denim Sunglasses - Brown,Fashion accessories,56.01,71.72
SKU-14317,Giga Heavy Duty Keyboard - Red,Electronic accessories,85.23,106.88
SKU-14318,Luxe Vintage Backpack - Silver,Fashion accessories,19.52,26.14
SKU-14319,Nova Portable Speaker - Red (V40),Electronic accessories,140.37,206.5
SKU-14320,Radiant Hydrating Lip Balm - Pack of 2,Health and beauty,55.11,83.64
SKU-14321,Classic Leather Belt - Rose Gold,Fashion accessories,53.17,73.39
SKU-14322,Nature's Crunchy Almonds - 500g,Food and beverages,12.58,16.06
SKU-14323,ProFit Compact Jump Rope - Red,Sports and travel,14.36,20.05
SKU-14324,Premium Roasted Honey - 500g,Food and beverages,10.22,12.47
SKU-14325,TechPro Slim Headphones - Blue (V67),Electronic accessories,76.41,111.09
SKU-14326,ProFit Ergonomic Resistance Bands - Black (V99),Sports and travel,66.15,87.86
SKU-14327,Aero Lightweight Dumbbells - Neon Green,Sports and travel,23.32,35.99
SKU-14328,Ultra Portable Keyboard - Black,Electronic accessories,88.62,112.88
SKU-14329,Tasty Sweet Juice - 1Kg,Food and beverages,1.81,2.25
SKU-14330,Retro Silk Gloves - Brown,Fashion accessories,44.33,67.29
SKU-14331,Active Durable Travel Pillow - Black,Sports and travel,46.71,65.36
SKU-14332,Eco Slim Earbuds - Silver,Electronic accessories,51.62,65.87
SKU-14333,Ultra Heavy Duty Mouse - Silver,Electronic accessories,68.09,94.31
SKU-14334,Cozy Rustic Wall Clock - Clear,Home and lifestyle,48.23,67.03
SKU-14335,Organic Spicy Cereal - 500ml,Food and beverages,11.63,13.72
SKU-14336,Retro Polarized Backpack - Navy,Fashion accessories,63.29,84.82
SKU-14337,Modern Ceramic Coffee Mug - White,Home and lifestyle,8.25,10.47
SKU-14338,Daily Salted Juice - 1Kg,Food and beverages,16.06,19.12
SKU-14339,Ultra Fast-Charging Adapter - Blue,Electronic accessories,138.95,184.25
SKU-14340,Pure Sweet Chocolate - 500ml (V56),Food and beverages,10.34,12.41
SKU-14341,Elite Leather Belt - Brown,Fashion accessories,23.08,35.44
SKU-14342,Aura Natural Deodorant - 200ml,Health and beauty,20.73,26.81
SKU-14343,Giga Heavy Duty Charger - Black,Electronic accessories,33.04,42.8
SKU-14344,Cozy Wooden Picture Frame - White,Home and lifestyle,68.6,104.68
SKU-14345,Glow Vitamin C Lip Balm - 100ml,Health and beauty,5.45,8.44
SKU-14346,HomeStyle Cotton Cushion - White,Home and lifestyle,20.45,30.76
SKU-14347,Retro Canvas Wallet - Gold,Fashion accessories,25.13,34.93
SKU-14348,Nova Heavy Duty Adapter - Black,Electronic accessories,138.77,197.91
SKU-14349,Aura Oil-Free Lip Balm - 50ml,Health and beauty,16.09,22.31
SKU-14350,Luxe Silk Scarf - Brown,Fashion accessories,12.55,17.39
SKU-14351,Golden Crunchy Cereal - 250g,Food and beverages,12.1,14.4
SKU-14352,Elite Denim Tie - Black,Fashion accessories,7.57,10.34
SKU-14353,TechPro Portable Cable - White,Electronic accessories,72.67,108.04
SKU-14354,Velocity Ergonomic Water Bottle - Red,Sports and travel,8.76,13.09
SKU-14355,Vital Natural Conditioner - 200ml,Health and beauty,26.4,33.69
SKU-14356,Daily Salted Coffee Beans - 1Kg,Food and beverages,14.84,17.93
SKU-14357,Trendy Silk Belt - Rose Gold,Fashion accessories,77.39,101.9
SKU-14358,Classic Canvas Wallet - Brown,Fashion accessories,23.57,31.47
SKU-14359,Classic Cotton Wall Clock - Oak,Home and lifestyle,5.57,8.24
SKU-14360,Zen Wooden Picture Frame - Beige,Home and lifestyle,78.3,103.46
SKU-14361,Cozy Glass Vase - Black,Home and lifestyle,5.43,6.97
SKU-14362,Pure Organic Perfume - 100ml,Health and beauty,50.85,73.06
SKU-14363,Aura Hydrating Body Wash - 150g (V59),Health and beauty,77.91,101.02
SKU-14364,Aura Anti-Aging Shampoo - 150g (V91),Health and beauty,54.44,69.98
SKU-14365,Retro Cotton Handbag - Gold,Fashion accessories,75.7,101.98
SKU-14366,Ultra Wireless Mouse - Blue (V69),Electronic accessories,58.91,82.93
SKU-14367,Modern Ceramic Candle - Beige,Home and lifestyle,17.98,26.82
SKU-14368,Summit Lightweight Yoga Mat - Red,Sports and travel,33.18,43.36
SKU-14369,Classic Denim Scarf - Rose Gold,Fashion accessories,29.49,46.4
SKU-14370,Giga Heavy Duty Mouse - Silver,Electronic accessories,91.24,114.98
SKU-14371,Golden Crunchy Chocolate - 250g,Food and beverages,8.66,10.8
SKU-14372,Urban Denim Watch - Navy (V33),Fashion accessories,54.76,71.76
SKU-14373,Cozy Glass Cushion - Grey (V43),Home and lifestyle,54.44,70.19
SKU-14374,Premium Sweet Green Tea - 1L (V39),Food and beverages,11.81,14.37
SKU-14375,Eco Fast-Charging Adapter - Silver,Electronic accessories,15.64,21.92
SKU-14376,Derma Vitamin C Face Cream - Travel Size,Health and beauty,68.71,105.58
SKU-14377,Velocity Breathable Gym Bag - Grey,Sports and travel,6.64,10.08
SKU-14378,Radiant Oil-Free Body Wash - 200ml,Health and beauty,38.17,58.27
SKU-14379,ProFit Breathable Jump Rope - Neon Green,Sports and travel,18.99,23.84
SKU-14380,Classic Denim Wallet - Black,Fashion accessories,67.33,86.93
SKU-14381,Ultra Portable Webcam - Silver,Electronic accessories,120.14,175.99
SKU-14382,Velocity Breathable Water Bottle - Neon Green,Sports and travel,62.08,87.57
SKU-14383,Tasty Gluten-Free Cookies - 1Kg,Food and beverages,12.27,14.7
SKU-14384,Vital Soothing Shampoo - Pack of 2,Health and beauty,58.61,79.29
SKU-14385,Classic Leather Scarf - Silver,Fashion accessories,63.14,92.58
SKU-14386,Summit Waterproof Water Bottle - Neon Green (V78),Sports and travel,74.64,95.14
SKU-14387,Peak Heavy-Duty Travel Pillow - Neon Green,Sports and travel,46.37,59.19
SKU-14388,Premium Crunchy Olive Oil - Pack of 6,Food and beverages,12.44,15.31
SKU-14389,Pure Roasted Cookies - 1Kg,Food and beverages,7.72,9.31
SKU-14390,Glow Organic Body Wash - 100ml,Health and beauty,41.48,56.23
SKU-14391,Glow Hydrating Body Lotion - Travel Size,Health and beauty,69.1,109.1
SKU-14392,Ultra Heavy Duty Charger - Blue (V97),Electronic accessories,86.91,112.02
SKU-14393,Urban Polarized Sunglasses - Navy,Fashion accessories,46.3,73.05
SKU-14394,ProFit Waterproof Dumbbells - Grey (V35),Sports and travel,28.48,36.65
SKU-14395,Trek Lightweight Sleeping Bag - Black,Sports and travel,53.98,69.38
SKU-14396,Nature's Roasted Pasta - 500ml,Food and beverages,15.64,20.26
SKU-14397,Elite Denim Wallet - Rose Gold (V17),Fashion accessories,27.83,40.03
SKU-14398,Active Ergonomic Water Bottle - Black,Sports and travel,6.53,9.84
SKU-14399,Smart Mini Mouse - White,Electronic accessories,126.1,162.1
SKU-14400,Motion Heavy-Duty Gym Bag - Orange,Sports and travel,31.69,45.93
SKU-14401,Golden Spicy Olive Oil - 250g (V94),Food and beverages,2.54,3.1
SKU-14402,Premium Crunchy Cereal - Pack of 6,Food and beverages,18.61,23.56
SKU-14403,Organic Roasted Cereal - 500g,Food and beverages,1.3,1.65
SKU-14404,Ultra Heavy Duty Mouse - Black,Electronic accessories,32.7,39.28
SKU-14405,HomeStyle Ceramic Vase - Beige,Home and lifestyle,8.91,12.27
SKU-14406,Classic Polarized Watch - Gold,Fashion accessories,70.33,111.55
SKU-14407,Vital Natural Body Lotion - 150g (V14),Health and beauty,33.25,48.53
SKU-14408,Chic Vintage Backpack - Rose Gold (V96),Fashion accessories,66.67,88.82
SKU-14409,Trek Compact Backpack - Orange,Sports and travel,10.67,15.99
SKU-14410,Pure Sweet Pasta - 500ml,Food and beverages,14.18,17.17
SKU-14411,Urban Denim Backpack - Navy (V27),Fashion accessories,43.65,69.74
SKU-14412,FarmFresh Sweet Coffee Beans - 500ml,Food and beverages,8.69,10.88
SKU-14413,Golden Vegan Coffee Beans - 1Kg,Food and beverages,17.55,21.65
SKU-14414,Zen Glass Picture Frame - Black (V15),Home and lifestyle,18.69,25.8
SKU-14415,Elite Silk Handbag - Rose Gold,Fashion accessories,54.24,77.97
SKU-14416,Zen Minimalist Wall Clock - Oak,Home and lifestyle,42.55,63.79
SKU-14417,Active Waterproof Backpack - Orange,Sports and travel,14.31,20.58
SKU-14418,Derma Soothing Lip Balm - 50ml,Health and beauty,50.54,68.74
SKU-14419,Clear Natural Deodorant - 200ml (V45),Health and beauty,59.49,93.04
SKU-14420,Nature's Roasted Olive Oil - 1Kg,Food and beverages,9.3,11.77
SKU-14421,Golden Gluten-Free Chocolate - 250g (V50),Food and beverages,5.35,6.21
SKU-14422,Urban Leather Tie - Black,Fashion accessories,39.83,52.5
SKU-14423,Zen Glass Picture Frame - Black (V27),Home and lifestyle,38.42,56.05
SKU-14424,Cozy Minimalist Cushion - White,Home and lifestyle,47.26,64.1
SKU-14425,Premium Vegan Coffee Beans - 500g (V75),Food and beverages,6.17,7.2
SKU-14426,Clear Soothing Body Wash - 50ml,Health and beauty,68.77,87.56
SKU-14427,Organic Salted Cookies - 1Kg,Food and beverages,5.07,5.89
SKU-14428,Cozy Ceramic Vase - Oak,Home and lifestyle,52.2,76.78
SKU-14429,Cozy Minimalist Coffee Mug - Beige (V77),Home and lifestyle,74.5,117.09
SKU-14430,Velocity Heavy-Duty Sleeping Bag - Black,Sports and travel,14.54,20.01
SKU-14431,Chic Cotton Backpack - Silver,Fashion accessories,55.48,82.28
SKU-14432,Organic Salted Pasta - 250g,Food and beverages,7.95,10.3
SKU-14433,Trek Waterproof Tent - Orange (V65),Sports and travel,26.29,37.01
SKU-14434,Nature's Vegan Cereal - Pack of 6,Food and beverages,4.46,5.71
SKU-14435,HomeStyle Minimalist Cushion - Clear,Home and lifestyle,42.78,68.05
SKU-14436,Pure Anti-Aging Body Wash - 50ml,Health and beauty,47.59,61.2
SKU-14437,Luxe Leather Sunglasses - Navy,Fashion accessories,78.49,100.4
SKU-14438,Velocity Waterproof Resistance Bands - Orange,Sports and travel,79.79,100.7
SKU-14439,Elite Denim Handbag - Black,Fashion accessories,75.39,106.44
SKU-14440,Pure Vegan Coffee Beans - 1Kg,Food and beverages,11.55,14.62
SKU-14441,Trendy Silk Belt - Navy,Fashion accessories,74.32,93.57
SKU-14442,Eco Fast-Charging Adapter - White,Electronic accessories,36.36,48.32
SKU-14443,FarmFresh Roasted Cereal - 250g,Food and beverages,10.48,12.21
SKU-14444,Organic Roasted Green Tea - 500ml (V9),Food and beverages,17.7,21.97
SKU-14445,Glow Anti-Aging Shampoo - 100ml,Health and beauty,61.97,83.43
SKU-14446,Premium Vegan Coffee Beans - 1Kg,Food and beverages,19.51,23.34
SKU-14447,Premium Sweet Chocolate - 1Kg,Food and beverages,5.89,7.55
SKU-14448,Active Breathable Travel Pillow - Black,Sports and travel,65.85,85.08
SKU-14449,Nature's Spicy Olive Oil - 500g,Food and beverages,15.1,19.05
SKU-14450,Nova Heavy Duty Keyboard - Silver,Electronic accessories,82.05,121.1
SKU-14451,Trek Heavy-Duty Water Bottle - Blue (V50),Sports and travel,22.79,31.9
SKU-14452,Velocity Durable Gym Bag - Neon Green (V78),Sports and travel,26.98,35.07
SKU-14453,Motion Lightweight Sleeping Bag - Orange,Sports and travel,40.85,52.34
SKU-14454,Cyber Portable Power Bank - Grey,Electronic accessories,110.32,163.95
SKU-14455,Classic Vintage Tie - Rose Gold (V12),Fashion accessories,56.94,75.85
SKU-14456,Pure Oil-Free Body Wash - Pack of 2 (V42),Health and beauty,25.59,37.01
SKU-14457,Cyber Bluetooth Power Bank - White,Electronic accessories,98.3,122.85
SKU-14458,Active Waterproof Travel Pillow - Neon Green,Sports and travel,42.24,56.49
SKU-14459,Cozy Stainless Steel Table Lamp - Beige,Home and lifestyle,64.98,89.09
SKU-14460,Pulse Mini Earbuds - Blue,Electronic accessories,122.34,182.12
SKU-14461,Classic Silk Belt - Gold,Fashion accessories,70.85,106.83
SKU-14462,Retro Denim Wallet - Rose Gold,Fashion accessories,15.93,21.8
SKU-14463,LuxeHome Rustic Picture Frame - Black,Home and lifestyle,8.37,10.78
SKU-14464,Tasty Gluten-Free Cookies - 1L (V69),Food and beverages,9.59,11.32
SKU-14465,Aura Soothing Body Lotion - 50ml (V17),Health and beauty,63.77,94.36
SKU-14466,LuxeHome Glass Storage Box - Black,Home and lifestyle,28.85,44.26
SKU-14467,EcoLiving Cotton Storage Box - Grey (V39),Home and lifestyle,23.64,35.36
SKU-14468,HomeStyle Minimalist Table Lamp - Beige,Home and lifestyle,79.8,111.56
SKU-14469,Trendy Denim Wallet - Black,Fashion accessories,64.45,95.82
SKU-14470,Glow Organic Deodorant - Pack of 2,Health and beauty,56.45,71.2
SKU-14471,Motion Ergonomic Travel Pillow - Red,Sports and travel,9.72,13.96
SKU-14472,Clear Vitamin C Body Wash - Travel Size (V78),Health and beauty,48.36,69.96
SKU-14473,Active Breathable Sleeping Bag - Neon Green,Sports and travel,66.18,82.79
SKU-14474,Clear Organic Body Lotion - 50ml,Health and beauty,77.88,123.53
SKU-14475,Retro Cotton Sunglasses - Navy,Fashion accessories,50.89,79.57
SKU-14476,TechPro Slim Cable - Red,Electronic accessories,121.63,174.8
SKU-14477,Urban Cotton Bed Sheets - Beige,Home and lifestyle,69.14,92.77
SKU-14478,Cozy Wooden Vase - White,Home and lifestyle,20.67,30.96
SKU-14479,Velocity Ergonomic Water Bottle - Black,Sports and travel,7.25,11.29
SKU-14480,Vogue Vintage Wallet - Gold,Fashion accessories,64.69,89.68
SKU-14481,Cyber Portable Webcam - Black,Electronic accessories,75.0,104.8
SKU-14482,Organic Spicy Juice - 500ml,Food and beverages,15.25,18.74
SKU-14483,Derma Organic Conditioner - 100ml (V31),Health and beauty,24.5,34.96
SKU-14484,Golden Salted Juice - 1Kg,Food and beverages,10.65,13.67
SKU-14485,Essence Oil-Free Deodorant - 200ml,Health and beauty,25.56,33.87
SKU-14486,FarmFresh Spicy Juice - Pack of 6,Food and beverages,3.27,4.09
SKU-14487,Clear Vitamin C Lip Balm - Pack of 2,Health and beauty,17.14,25.07
SKU-14488,Daily Vegan Juice - 1Kg,Food and beverages,4.06,5.04
SKU-14489,Golden Gluten-Free Olive Oil - 500ml,Food and beverages,10.67,12.52
SKU-14490,Urban Leather Belt - Rose Gold,Fashion accessories,40.27,63.8
SKU-14491,Cozy Wooden Coffee Mug - Beige,Home and lifestyle,65.05,87.8
SKU-14492,Clear Natural Shampoo - 50ml,Health and beauty,12.8,17.15
SKU-14493,Luxe Canvas Watch - Brown,Fashion accessories,68.71,87.47
SKU-14494,Luxe Canvas Hat - Gold,Fashion accessories,25.22,36.53
SKU-14495,Retro Denim Hat - Silver,Fashion accessories,23.87,36.18
SKU-14496,Smart Fast-Charging Mouse - Red,Electronic accessories,45.87,55.13
SKU-14497,Motion Breathable Gym Bag - Red,Sports and travel,50.2,69.53
SKU-14498,Cyber Bluetooth Speaker - Black,Electronic accessories,122.03,166.42
SKU-14499,Urban Ceramic Cushion - Oak (V81),Home and lifestyle,16.62,20.96
SKU-14500,Cyber Wireless Cable - Black,Electronic accessories,110.28,156.47
SKU-14501,Motion Breathable Backpack - Blue (V71),Sports and travel,38.73,48.88
SKU-14502,Eco Slim Headphones - Blue,Electronic accessories,49.77,66.48
SKU-14503,Urban Rustic Towel Set - Beige,Home and lifestyle,35.28,48.29
SKU-14504,Essence Anti-Aging Face Cream - 50ml (V50),Health and beauty,10.17,14.45
SKU-14505,HomeStyle Glass Cushion - Beige,Home and lifestyle,72.56,96.95
SKU-14506,Pure Spicy Green Tea - 250g,Food and beverages,4.27,5.33
SKU-14507,HomeStyle Minimalist Cushion - Beige,Home and lifestyle,29.97,43.48
SKU-14508,Peak Lightweight Jump Rope - Grey,Sports and travel,42.13,57.87
SKU-14509,Retro Canvas Hat - Rose Gold (V58),Fashion accessories,75.58,120.02
SKU-14510,Eco Wireless Charger - White,Electronic accessories,111.92,139.33
SKU-14511,Zen Stainless Steel Bed Sheets - Black,Home and lifestyle,58.8,73.83
SKU-14512,Chic Leather Sunglasses - Brown (V17),Fashion accessories,20.87,29.26
SKU-14513,Trek Compact Travel Pillow - Blue (V10),Sports and travel,71.83,101.93
SKU-14514,Smart Mini Webcam - Black,Electronic accessories,28.17,41.78
SKU-14515,Pulse Slim Earbuds - Grey,Electronic accessories,51.61,74.96
SKU-14516,Velocity Compact Sleeping Bag - Neon Green,Sports and travel,33.81,49.09
SKU-14517,Daily Crunchy Cookies - 500g,Food and beverages,16.0,18.68
SKU-14518,Peak Compact Resistance Bands - Black,Sports and travel,55.17,73.2
SKU-14519,Pulse Wireless Keyboard - White,Electronic accessories,46.37,61.5
SKU-14520,Chic Denim Watch - Brown,Fashion accessories,61.11,86.64
SKU-14521,Pure Salted Pasta - 250g (V25),Food and beverages,7.58,8.84
SKU-14522,Pure Anti-Aging Shampoo - 150g,Health and beauty,61.51,77.62
SKU-14523,Zen Minimalist Bed Sheets - White,Home and lifestyle,49.35,72.13
SKU-14524,Golden Vegan Olive Oil - Pack of 6,Food and beverages,4.69,5.8
SKU-14525,FarmFresh Sweet Olive Oil - 250g,Food and beverages,15.25,19.28
SKU-14526,Urban Silk Wallet - Navy,Fashion accessories,20.73,28.05
SKU-14527,Classic Rustic Table Lamp - White,Home and lifestyle,66.19,86.57
SKU-14528,Pure Organic Body Wash - 150g,Health and beauty,49.91,76.35
SKU-14529,Zen Rustic Vase - White,Home and lifestyle,48.98,72.25
SKU-14530,Premium Gluten-Free Cookies - 1Kg (V48),Food and beverages,11.82,13.84
SKU-14531,Classic Cotton Wall Clock - Oak (V20),Home and lifestyle,42.11,58.27
SKU-14532,HomeStyle Wooden Vase - Black (V12),Home and lifestyle,66.47,102.76
SKU-14533,Urban Silk Hat - Rose Gold,Fashion accessories,58.28,88.88
SKU-14534,Classic Denim Backpack - Rose Gold,Fashion accessories,14.26,18.1
SKU-14535,Essence Oil-Free Shampoo - Travel Size,Health and beauty,79.89,116.68
SKU-14536,Premium Roasted Olive Oil - 1L,Food and beverages,1.89,2.43
SKU-14537,Modern Glass Candle - Oak,Home and lifestyle,59.03,91.18
SKU-14538,Motion Durable Tent - Neon Green,Sports and travel,60.62,79.02
SKU-14539,Daily Salted Cookies - 500ml,Food and beverages,8.55,10.21
SKU-14540,Trek Waterproof Water Bottle - Red,Sports and travel,15.11,19.06
SKU-14541,Zen Rustic Vase - Grey (V80),Home and lifestyle,13.46,21.32
SKU-14542,Motion Compact Sleeping Bag - Grey,Sports and travel,30.38,39.87
SKU-14543,Clear Anti-Aging Body Wash - Pack of 2,Health and beauty,21.12,31.12
SKU-14544,Eco Heavy Duty Power Bank - White,Electronic accessories,33.13,48.29
SKU-14545,Clear Organic Body Lotion - 200ml,Health and beauty,58.12,75.63
SKU-14546,Cyber Bluetooth Earbuds - Blue (V96),Electronic accessories,97.76,120.41
SKU-14547,Ultra Wireless Keyboard - White,Electronic accessories,106.48,153.61
SKU-14548,Pulse Slim Adapter - Grey,Electronic accessories,28.96,42.73
SKU-14549,Pure Roasted Cereal - 1Kg,Food and beverages,11.35,13.4
SKU-14550,Peak Lightweight Resistance Bands - Neon Green,Sports and travel,42.45,67.85
SKU-14551,Premium Vegan Pasta - 500g,Food and beverages,17.13,20.54
SKU-14552,Giga Portable Headphones - Red,Electronic accessories,99.74,142.95
SKU-14553,Glow Anti-Aging Face Cream - Pack of 2,Health and beauty,38.9,51.06
SKU-14554,Cozy Glass Table Lamp - Oak,Home and lifestyle,38.64,48.66
SKU-14555,EcoLiving Rustic Cushion - Black,Home and lifestyle,65.38,96.53
SKU-14556,Aura Oil-Free Lip Balm - Travel Size,Health and beauty,38.94,48.97
SKU-14557,Elite Leather Tie - Gold,Fashion accessories,35.48,49.42
SKU-14558,Retro Polarized Handbag - Gold,Fashion accessories,16.16,21.84
SKU-14559,Organic Salted Cereal - Pack of 6,Food and beverages,19.1,22.34
SKU-14560,Active Compact Jump Rope - Grey,Sports and travel,21.06,29.24
SKU-14561,Motion Lightweight Resistance Bands - Blue,Sports and travel,51.19,71.25
SKU-14562,Retro Silk Belt - Gold,Fashion accessories,65.25,83.93
SKU-14563,Cyber Slim Earbuds - Red,Electronic accessories,78.42,103.19
SKU-14564,ProFit Lightweight Sleeping Bag - Red (V41),Sports and travel,75.85,101.77
SKU-14565,Smart Heavy Duty Power Bank - Black (V75),Electronic accessories,65.78,84.23
SKU-14566,Vogue Vintage Tie - Black,Fashion accessories,5.86,7.73
SKU-14567,Velocity Lightweight Backpack - Grey,Sports and travel,48.36,76.56
SKU-14568,Vogue Leather Sunglasses - Silver,Fashion accessories,13.8,20.79
SKU-14569,Urban Denim Gloves - Brown,Fashion accessories,55.06,70.43
SKU-14570,Peak Heavy-Duty Backpack - Red (V91),Sports and travel,51.51,80.79
SKU-14571,Zen Rustic Candle - Clear,Home and lifestyle,42.25,64.37
SKU-14572,Chic Polarized Gloves - Brown,Fashion accessories,57.51,87.0
SKU-14573,Elite Vintage Scarf - Navy,Fashion accessories,69.36,92.47
SKU-14574,Aero Breathable Sleeping Bag - Neon Green,Sports and travel,29.66,47.19
SKU-14575,Urban Glass Cushion - Oak,Home and lifestyle,70.31,100.94
SKU-14576,Pulse Mini Speaker - White,Electronic accessories,92.19,127.47
SKU-14577,Velocity Ergonomic Tent - Grey,Sports and travel,43.06,56.03
SKU-14578,Pure Anti-Aging Body Lotion - Pack of 2,Health and beauty,77.99,100.98
SKU-14579,HomeStyle Glass Coffee Mug - Grey (V34),Home and lifestyle,12.52,19.93
SKU-14580,HomeStyle Ceramic Picture Frame - Grey,Home and lifestyle,14.2,18.99
SKU-14581,Glow Soothing Deodorant - 150g,Health and beauty,8.4,12.39
SKU-14582,Urban Polarized Watch - Black,Fashion accessories,14.28,19.84
SKU-14583,Golden Spicy Juice - Pack of 6,Food and beverages,18.08,23.04
SKU-14584,Classic Stainless Steel Picture Frame - Oak,Home and lifestyle,58.79,75.87
SKU-14585,Nova Bluetooth Webcam - Red,Electronic accessories,15.87,21.3
SKU-14586,Elite Silk Gloves - Rose Gold,Fashion accessories,34.0,47.43
SKU-14587,Chic Canvas Backpack - Gold,Fashion accessories,55.35,88.45
SKU-14588,Modern Rustic Candle - Grey,Home and lifestyle,13.01,19.9
SKU-14589,Eco Slim Charger - Black,Electronic accessories,121.37,164.81
SKU-14590,Organic Crunchy Cereal - 1L,Food and beverages,13.44,16.78
SKU-14591,Cozy Stainless Steel Towel Set - Grey,Home and lifestyle,40.81,51.92
SKU-14592,Clear Vitamin C Lip Balm - 50ml,Health and beauty,11.05,14.56
SKU-14593,Retro Vintage Sunglasses - Black (V48),Fashion accessories,6.99,9.24
SKU-14594,Essence Anti-Aging Sunscreen - 50ml,Health and beauty,34.57,49.56
SKU-14595,Luxe Vintage Handbag - Silver (V95),Fashion accessories,29.11,36.66
SKU-14596,LuxeHome Stainless Steel Towel Set - Black,Home and lifestyle,20.4,32.35
SKU-14597,Trendy Cotton Sunglasses - Black,Fashion accessories,34.31,52.05
SKU-14598,Active Breathable Backpack - Red,Sports and travel,25.3,37.57
SKU-14599,Eco Wireless Keyboard - Grey,Electronic accessories,144.44,207.86
SKU-14600,Modern Cotton Table Lamp - Oak,Home and lifestyle,12.5,16.21
SKU-14601,Modern Stainless Steel Towel Set - White,Home and lifestyle,28.95,40.51
SKU-14602,Pulse Fast-Charging Speaker - Blue,Electronic accessories,87.49,121.21
SKU-14603,Daily Crunchy Juice - 1Kg,Food and beverages,12.26,14.56
SKU-14604,Pure Gluten-Free Juice - 500ml,Food and beverages,9.39,11.46
SKU-14605,Elite Canvas Belt - Brown (V62),Fashion accessories,65.16,86.61
SKU-14606,Cyber Bluetooth Keyboard - Grey,Electronic accessories,137.83,187.04
SKU-14607,Modern Cotton Table Lamp - Clear,Home and lifestyle,14.92,19.39
SKU-14608,Smart Mini Webcam - Silver,Electronic accessories,81.27,107.32
SKU-14609,Urban Glass Bed Sheets - White,Home and lifestyle,70.47,88.63
SKU-14610,Summit Breathable Dumbbells - Neon Green (V46),Sports and travel,71.23,93.69
SKU-14611,Pulse Fast-Charging Keyboard - Silver,Electronic accessories,37.96,48.33
SKU-14612,Glow Soothing Body Wash - 50ml (V4),Health and beauty,59.07,88.75
SKU-14613,Aero Durable Gym Bag - Blue,Sports and travel,70.68,108.31
SKU-14614,Smart Mini Charger - Blue (V63),Electronic accessories,21.66,30.77
SKU-14615,Glow Oil-Free Conditioner - 150g,Health and beauty,15.22,23.62
SKU-14616,Glow Anti-Aging Perfume - Pack of 2,Health and beauty,28.0,39.08
SKU-14617,Aura Oil-Free Serum - 100ml,Health and beauty,16.16,23.09
SKU-14618,Cozy Ceramic Vase - Grey (V30),Home and lifestyle,36.02,53.26
SKU-14619,Smart Mini Charger - Silver,Electronic accessories,134.66,197.38
SKU-14620,Active Breathable Dumbbells - Neon Green,Sports and travel,48.45,60.95
SKU-14621,Urban Cotton Sunglasses - Brown,Fashion accessories,45.69,68.61
SKU-14622,Trendy Silk Handbag - Black,Fashion accessories,31.81,44.2
SKU-14623,Classic Rustic Table Lamp - Black,Home and lifestyle,5.05,6.84
SKU-14624,Daily Roasted Coffee Beans - 1L,Food and beverages,6.24,7.26
SKU-14625,Essence Organic Conditioner - Pack of 2,Health and beauty,6.48,10.09
SKU-14626,Zen Stainless Steel Picture Frame - Black,Home and lifestyle,65.67,99.36
SKU-14627,Nature's Spicy Cookies - Pack of 6,Food and beverages,17.26,21.95
SKU-14628,Elite Canvas Gloves - Gold,Fashion accessories,22.93,36.13
SKU-14629,Cyber Mini Mouse - Blue (V29),Electronic accessories,66.23,95.03
SKU-14630,Daily Salted Pasta - 250g,Food and beverages,14.12,18.14
SKU-14631,Zen Stainless Steel Picture Frame - White,Home and lifestyle,38.13,53.71
SKU-14632,LuxeHome Minimalist Picture Frame - White,Home and lifestyle,30.8,45.5
SKU-14633,Urban Polarized Watch - Silver,Fashion accessories,29.99,43.69
SKU-14634,Elite Vintage Watch - Navy (V24),Fashion accessories,35.4,52.09
SKU-14635,Radiant Natural Body Lotion - Pack of 2,Health and beauty,54.52,74.69
SKU-14636,Velocity Compact Water Bottle - Blue (V84),Sports and travel,67.88,94.95
SKU-14637,LuxeHome Glass Table Lamp - Grey (V76),Home and lifestyle,69.83,100.08
SKU-14638,Tasty Vegan Juice - 1Kg,Food and beverages,10.76,13.81
SKU-14639,Radiant Anti-Aging Conditioner - Pack of 2,Health and beauty,54.45,82.02
SKU-14640,Luxe Vintage Hat - Black,Fashion accessories,18.57,27.59
SKU-14641,Classic Glass Candle - Clear,Home and lifestyle,56.71,77.12
SKU-14642,Pulse Fast-Charging Mouse - Blue,Electronic accessories,74.2,100.88
SKU-14643,Pure Vitamin C Deodorant - 100ml (V68),Health and beauty,16.15,23.86
SKU-14644,Peak Lightweight Water Bottle - Black,Sports and travel,62.08,81.42
SKU-14645,Summit Durable Resistance Bands - Black,Sports and travel,75.74,98.39
SKU-14646,Classic Stainless Steel Storage Box - Black (V90),Home and lifestyle,9.93,12.73
SKU-14647,LuxeHome Minimalist Wall Clock - Black,Home and lifestyle,52.2,81.81
SKU-14648,Pure Roasted Green Tea - 1Kg,Food and beverages,16.95,21.2
SKU-14649,Zen Rustic Table Lamp - Grey,Home and lifestyle,31.94,47.03
SKU-14650,TechPro Portable Headphones - Silver,Electronic accessories,102.95,130.05
SKU-14651,Urban Cotton Wallet - Gold,Fashion accessories,69.22,97.65
SKU-14652,Urban Wooden Storage Box - Beige,Home and lifestyle,14.53,21.88
SKU-14653,Vital Oil-Free Deodorant - 150g (V54),Health and beauty,44.86,71.08
SKU-14654,Nova Fast-Charging Charger - Blue (V76),Electronic accessories,40.56,60.71
SKU-14655,Ultra Heavy Duty Earbuds - Blue,Electronic accessories,104.53,140.78
SKU-14656,Radiant Organic Lip Balm - Travel Size,Health and beauty,35.59,48.05
SKU-14657,Modern Stainless Steel Table Lamp - Clear,Home and lifestyle,77.86,122.45
SKU-14658,Pure Vitamin C Body Wash - Travel Size,Health and beauty,60.21,84.92
SKU-14659,Trek Waterproof Dumbbells - Orange,Sports and travel,29.9,38.09
SKU-14660,Classic Wooden Coffee Mug - Clear (V36),Home and lifestyle,15.1,23.15
SKU-14661,ProFit Compact Water Bottle - Orange,Sports and travel,33.94,45.02
SKU-14662,Smart Portable Earbuds - Black,Electronic accessories,108.05,132.42
SKU-14663,Zen Cotton Vase - Clear,Home and lifestyle,63.01,79.81
SKU-14664,Ultra Portable Adapter - Grey,Electronic accessories,30.91,40.84
SKU-14665,Pure Spicy Chocolate - 1L (V66),Food and beverages,16.92,20.89
SKU-14666,Trek Heavy-Duty Resistance Bands - Red,Sports and travel,41.19,58.93
SKU-14667,Clear Hydrating Body Lotion - Pack of 2,Health and beauty,60.67,78.81
SKU-14668,Elite Polarized Hat - Brown,Fashion accessories,68.75,94.62
SKU-14669,Pure Salted Coffee Beans - 1L (V59),Food and beverages,5.85,6.73
SKU-14670,Trek Lightweight Dumbbells - Orange,Sports and travel,37.56,53.98
SKU-14671,ProFit Breathable Tent - Black,Sports and travel,65.02,100.58
SKU-14672,HomeStyle Stainless Steel Wall Clock - Clear,Home and lifestyle,56.95,76.57
SKU-14673,Urban Cotton Picture Frame - Oak (V90),Home and lifestyle,56.23,71.2
SKU-14674,Glow Oil-Free Perfume - 150g (V89),Health and beauty,23.46,35.88
SKU-14675,Trendy Silk Wallet - Navy,Fashion accessories,7.41,11.38
SKU-14676,Urban Minimalist Candle - White,Home and lifestyle,71.84,102.41
SKU-14677,Nature's Vegan Almonds - 500ml,Food and beverages,14.51,18.22
SKU-14678,HomeStyle Stainless Steel Wall Clock - Black,Home and lifestyle,27.65,37.32
SKU-14679,Aura Soothing Deodorant - 50ml,Health and beauty,48.47,70.81
SKU-14680,Motion Durable Sleeping Bag - Neon Green,Sports and travel,22.54,33.51
SKU-14681,Pure Sweet Olive Oil - 500ml,Food and beverages,3.82,4.81
SKU-14682,Cozy Rustic Table Lamp - Clear,Home and lifestyle,45.57,65.71
SKU-14683,ProFit Heavy-Duty Gym Bag - Black,Sports and travel,64.66,99.5
SKU-14684,Derma Anti-Aging Shampoo - 50ml,Health and beauty,21.58,33.58
SKU-14685,Smart Bluetooth Headphones - Black,Electronic accessories,145.68,194.29
SKU-14686,Urban Wooden Cushion - White,Home and lifestyle,58.25,81.31
SKU-14687,FarmFresh Spicy Honey - 1Kg,Food and beverages,11.36,13.42
SKU-14688,Aero Heavy-Duty Yoga Mat - Blue,Sports and travel,64.97,89.4
SKU-14689,Peak Breathable Dumbbells - Red,Sports and travel,75.61,119.88
SKU-14690,Peak Ergonomic Yoga Mat - Grey,Sports and travel,21.1,30.96
SKU-14691,Cyber Fast-Charging Earbuds - Red (V91),Electronic accessories,136.91,187.94
SKU-14692,Aero Ergonomic Yoga Mat - Grey,Sports and travel,62.77,89.3
SKU-14693,Zen Glass Table Lamp - Black,Home and lifestyle,78.85,118.11
SKU-14694,Cozy Rustic Coffee Mug - White,Home and lifestyle,9.54,12.05
SKU-14695,Modern Minimalist Candle - Beige,Home and lifestyle,74.42,118.83
SKU-14696,Vital Vitamin C Lip Balm - Pack of 2,Health and beauty,72.19,92.76
SKU-14697,Chic Denim Handbag - Rose Gold (V16),Fashion accessories,73.04,114.66
SKU-14698,FarmFresh Crunchy Green Tea - 250g,Food and beverages,17.7,22.19
SKU-14699,TechPro Heavy Duty Headphones - White (V5),Electronic accessories,84.88,102.72
SKU-14700,Peak Lightweight Water Bottle - Grey (V55),Sports and travel,10.09,15.47
SKU-14701,Pure Organic Shampoo - Travel Size,Health and beauty,6.79,9.29
SKU-14702,Urban Silk Tie - Rose Gold (V67),Fashion accessories,19.89,25.5
SKU-14703,Active Waterproof Gym Bag - Black,Sports and travel,44.62,59.54
SKU-14704,Cozy Rustic Picture Frame - Clear,Home and lifestyle,29.97,39.38
SKU-14705,Summit Heavy-Duty Resistance Bands - Red,Sports and travel,43.36,55.16
SKU-14706,Trek Compact Sleeping Bag - Orange,Sports and travel,68.33,102.83
SKU-14707,Velocity Compact Backpack - Black,Sports and travel,63.73,86.45
SKU-14708,Nature's Spicy Cereal - 250g,Food and beverages,11.42,13.67
SKU-14709,Elite Vintage Backpack - Gold,Fashion accessories,41.98,54.74
SKU-14710,Classic Rustic Table Lamp - Beige,Home and lifestyle,32.56,42.34
SKU-14711,Pure Organic Shampoo - 50ml,Health and beauty,69.43,110.16
SKU-14712,Golden Vegan Cookies - 1Kg,Food and beverages,4.51,5.77
SKU-14713,Eco Fast-Charging Headphones - Silver,Electronic accessories,17.51,21.81
SKU-14714,Zen Stainless Steel Wall Clock - Grey,Home and lifestyle,10.3,15.29
SKU-14715,Cozy Glass Candle - Grey,Home and lifestyle,11.12,14.61
SKU-14716,Cyber Portable Headphones - Blue,Electronic accessories,72.81,99.53
SKU-14717,Daily Crunchy Honey - 250g (V20),Food and beverages,17.82,20.5
SKU-14718,Motion Ergonomic Gym Bag - Orange,Sports and travel,41.7,54.73
SKU-14719,Radiant Vitamin C Serum - Travel Size (V50),Health and beauty,8.89,14.17
SKU-14720,Retro Polarized Belt - Navy,Fashion accessories,21.18,29.48
SKU-14721,Pure Oil-Free Conditioner - Travel Size,Health and beauty,11.16,15.62
SKU-14722,Luxe Polarized Watch - Silver,Fashion accessories,27.77,36.26
SKU-14723,Trek Heavy-Duty Travel Pillow - Blue,Sports and travel,70.21,97.47
SKU-14724,Peak Waterproof Jump Rope - Neon Green,Sports and travel,67.45,96.62
SKU-14725,Pure Salted Chocolate - 1L,Food and beverages,18.51,23.61
SKU-14726,Eco Mini Charger - Blue,Electronic accessories,91.29,127.18
SKU-14727,Pure Natural Face Cream - 100ml,Health and beauty,52.17,71.54
SKU-14728,Glow Natural Body Lotion - 150g,Health and beauty,28.18,44.0
SKU-14729,Urban Stainless Steel Towel Set - Grey,Home and lifestyle,76.32,95.8
SKU-14730,Vital Soothing Deodorant - 200ml,Health and beauty,37.0,58.7
SKU-14731,Ultra Wireless Power Bank - White,Electronic accessories,125.0,152.94
SKU-14732,Derma Anti-Aging Perfume - 200ml,Health and beauty,11.26,14.46
SKU-14733,EcoLiving Cotton Picture Frame - Black (V84),Home and lifestyle,43.62,66.71
SKU-14734,Ultra Mini Adapter - Silver,Electronic accessories,98.28,131.4
SKU-14735,Luxe Leather Gloves - Navy,Fashion accessories,12.8,19.36
SKU-14736,Pure Gluten-Free Cereal - 250g,Food and beverages,3.69,4.71
SKU-14737,Aura Natural Body Wash - 150g,Health and beauty,47.15,73.43
SKU-14738,Urban Canvas Scarf - Black,Fashion accessories,26.75,40.86
SKU-14739,Eco Mini Charger - White (V37),Electronic accessories,94.32,127.62
SKU-14740,Radiant Oil-Free Lip Balm - Travel Size,Health and beauty,70.38,88.93
SKU-14741,Golden Salted Cereal - 1L,Food and beverages,18.7,23.28
SKU-14742,Velocity Heavy-Duty Tent - Orange (V17),Sports and travel,49.85,66.83
SKU-14743,Nova Slim Speaker - Blue,Electronic accessories,136.5,184.62
SKU-14744,Pure Anti-Aging Deodorant - Pack of 2,Health and beauty,37.75,55.37
SKU-14745,Trendy Canvas Watch - Rose Gold,Fashion accessories,58.59,74.48
SKU-14746,FarmFresh Roasted Olive Oil - 1L,Food and beverages,19.23,22.45
SKU-14747,Trendy Denim Wallet - Brown,Fashion accessories,65.99,87.66
SKU-14748,ProFit Breathable Dumbbells - Red,Sports and travel,78.87,120.89
SKU-14749,Ultra Bluetooth Earbuds - Blue (V44),Electronic accessories,62.62,82.24
SKU-14750,Aura Natural Serum - 100ml,Health and beauty,44.82,71.27
SKU-14751,Golden Salted Olive Oil - 500g,Food and beverages,13.11,15.72
SKU-14752,Cyber Slim Cable - Grey (V86),Electronic accessories,146.94,210.77
SKU-14753,Golden Salted Honey - 500ml,Food and beverages,2.02,2.52
SKU-14754,HomeStyle Minimalist Cushion - White,Home and lifestyle,39.91,55.59
SKU-14755,Urban Ceramic Cushion - Clear (V40),Home and lifestyle,18.58,26.34
SKU-14756,Urban Silk Wallet - Brown,Fashion accessories,44.76,58.91
SKU-14757,Cyber Portable Power Bank - Grey (V67),Electronic accessories,30.98,40.65
SKU-14758,Pure Natural Conditioner - Travel Size,Health and beauty,76.55,107.47
SKU-14759,Daily Spicy Juice - 1L,Food and beverages,7.3,8.56
SKU-14760,HomeStyle Ceramic Table Lamp - White (V41),Home and lifestyle,13.17,18.82
SKU-14761,Eco Bluetooth Charger - Black,Electronic accessories,21.71,26.77
SKU-14762,Golden Vegan Honey - 1Kg,Food and beverages,8.38,9.75
SKU-14763,Aero Heavy-Duty Backpack - Orange,Sports and travel,28.72,35.97
SKU-14764,Nature's Salted Coffee Beans - 250g (V60),Food and beverages,15.97,19.12
SKU-14765,Pure Sweet Olive Oil - 250g,Food and beverages,11.94,15.07
SKU-14766,Peak Waterproof Yoga Mat - Blue,Sports and travel,76.35,116.3
SKU-14767,Trendy Canvas Sunglasses - Gold,Fashion accessories,64.32,101.9
SKU-14768,LuxeHome Rustic Candle - Grey (V76),Home and lifestyle,27.54,40.75
SKU-14769,Modern Minimalist Storage Box - White,Home and lifestyle,52.38,67.35
SKU-14770,Cyber Fast-Charging Keyboard - Black,Electronic accessories,106.33,136.81
SKU-14771,TechPro Fast-Charging Adapter - Black,Electronic accessories,11.03,13.51
SKU-14772,Pulse Portable Adapter - Black,Electronic accessories,104.16,134.85
SKU-14773,Nature's Salted Cookies - 500g,Food and beverages,8.39,10.08
SKU-14774,Retro Vintage Tie - Brown,Fashion accessories,55.29,81.71
SKU-14775,Luxe Silk Hat - Black,Fashion accessories,33.76,52.89
SKU-14776,Retro Silk Belt - Gold (V8),Fashion accessories,13.08,20.87
SKU-14777,Daily Salted Pasta - 1Kg (V7),Food and beverages,11.37,14.48
SKU-14778,Cozy Cotton Coffee Mug - Oak,Home and lifestyle,57.05,90.21
SKU-14779,Retro Vintage Wallet - Black,Fashion accessories,5.32,6.86
SKU-14780,Peak Heavy-Duty Gym Bag - Black,Sports and travel,64.66,98.64
SKU-14781,Nova Wireless Mouse - White,Electronic accessories,119.81,151.78
SKU-14782,Trendy Silk Belt - Rose Gold (V96),Fashion accessories,62.56,81.69
SKU-14783,Golden Gluten-Free Honey - 500ml (V14),Food and beverages,3.21,3.73
SKU-14784,Golden Salted Honey - 1Kg,Food and beverages,5.55,6.44
SKU-14785,Classic Rustic Wall Clock - Black,Home and lifestyle,10.64,15.73
SKU-14786,Motion Compact Yoga Mat - Orange (V49),Sports and travel,73.98,113.51
SKU-14787,Retro Leather Wallet - Black,Fashion accessories,73.77,108.14
SKU-14788,TechPro Slim Adapter - Blue,Electronic accessories,26.2,35.2
SKU-14789,Velocity Lightweight Dumbbells - Neon Green,Sports and travel,75.55,105.08
SKU-14790,Nature's Gluten-Free Olive Oil - 500g,Food and beverages,4.48,5.24
SKU-14791,Aero Durable Tent - Orange (V16),Sports and travel,46.1,71.69
SKU-14792,ProFit Compact Yoga Mat - Black,Sports and travel,70.53,89.73
SKU-14793,Trek Durable Travel Pillow - Blue (V25),Sports and travel,49.16,75.21
SKU-14794,Smart Heavy Duty Adapter - Blue,Electronic accessories,148.55,216.04
SKU-14795,Summit Waterproof Gym Bag - Orange,Sports and travel,33.48,43.48
SKU-14796,Aura Oil-Free Deodorant - Pack of 2 (V21),Health and beauty,44.51,60.51
SKU-14797,Radiant Oil-Free Shampoo - 150g,Health and beauty,56.26,80.0
SKU-14798,Vital Natural Deodorant - 200ml,Health and beauty,38.88,60.38
SKU-14799,ProFit Compact Jump Rope - Neon Green,Sports and travel,18.28,22.89
SKU-14800,Nova Portable Charger - Grey,Electronic accessories,23.87,33.72
SKU-14801,Vital Organic Lip Balm - 200ml,Health and beauty,23.69,37.79
SKU-14802,Tasty Crunchy Cookies - 1Kg,Food and beverages,17.57,21.8
SKU-14803,Velocity Waterproof Tent - Red (V86),Sports and travel,43.79,62.54
SKU-14804,Pure Anti-Aging Conditioner - 100ml,Health and beauty,62.75,88.99
SKU-14805,Classic Glass Coffee Mug - Black,Home and lifestyle,41.29,55.37
SKU-14806,Derma Vitamin C Sunscreen - Pack of 2,Health and beauty,10.82,13.65
SKU-14807,Aura Anti-Aging Body Wash - 100ml,Health and beauty,59.59,85.42
SKU-14808,Aero Waterproof Travel Pillow - Neon Green,Sports and travel,70.67,94.83
SKU-14809,Aero Waterproof Backpack - Red,Sports and travel,15.83,22.75
SKU-14810,Chic Vintage Tie - Silver,Fashion accessories,45.23,58.53
SKU-14811,Golden Gluten-Free Almonds - 500g,Food and beverages,12.43,14.93
SKU-14812,Urban Vintage Tie - Silver,Fashion accessories,78.62,100.1
SKU-14813,Tasty Crunchy Juice - 500g,Food and beverages,3.15,3.86
SKU-14814,Essence Soothing Shampoo - Travel Size,Health and beauty,20.57,32.21
SKU-14815,Zen Rustic Picture Frame - Black,Home and lifestyle,52.19,71.89
SKU-14816,Modern Stainless Steel Picture Frame - Black,Home and lifestyle,14.81,23.2
SKU-14817,Summit Ergonomic Tent - Neon Green (V35),Sports and travel,58.9,82.21
SKU-14818,Giga Slim Earbuds - Red,Electronic accessories,65.6,79.79
SKU-14819,Essence Soothing Face Cream - 150g,Health and beauty,63.77,100.15
SKU-14820,Glow Anti-Aging Sunscreen - Pack of 2,Health and beauty,40.63,51.97
SKU-14821,Pure Salted Almonds - 500ml,Food and beverages,18.88,23.86
SKU-14822,LuxeHome Ceramic Cushion - Clear,Home and lifestyle,67.7,86.8
SKU-14823,Urban Canvas Watch - Silver (V60),Fashion accessories,10.08,13.6
SKU-14824,Pulse Wireless Speaker - Grey,Electronic accessories,64.95,85.95
SKU-14825,Urban Minimalist Cushion - Oak (V9),Home and lifestyle,77.2,110.19
SKU-14826,Urban Wooden Bed Sheets - Grey,Home and lifestyle,35.45,49.68
SKU-14827,Essence Hydrating Deodorant - 100ml,Health and beauty,76.38,119.37
SKU-14828,Ultra Slim Adapter - Grey (V85),Electronic accessories,26.48,33.32
SKU-14829,Motion Ergonomic Water Bottle - Neon Green,Sports and travel,38.8,49.0
SKU-14830,Radiant Vitamin C Body Lotion - 100ml,Health and beauty,12.2,16.71
SKU-14831,Ultra Fast-Charging Power Bank - Blue,Electronic accessories,89.2,121.17
SKU-14832,Golden Sweet Honey - Pack of 6,Food and beverages,1.94,2.43
SKU-14833,Pure Salted Pasta - 500g,Food and beverages,6.0,7.31
SKU-14834,Trek Breathable Jump Rope - Black,Sports and travel,49.91,77.61
SKU-14835,Peak Waterproof Backpack - Orange,Sports and travel,78.32,102.73
SKU-14836,Golden Vegan Cookies - 1L,Food and beverages,13.11,16.2
SKU-14837,Luxe Silk Gloves - Brown (V52),Fashion accessories,12.48,16.52
SKU-14838,TechPro Heavy Duty Charger - Blue (V73),Electronic accessories,51.72,74.92
SKU-14839,Classic Canvas Wallet - Rose Gold (V14),Fashion accessories,45.05,58.67
SKU-14840,Urban Wooden Cushion - Beige (V68),Home and lifestyle,12.81,19.12
SKU-14841,TechPro Portable Keyboard - Grey (V39),Electronic accessories,143.24,176.39
SKU-14842,Luxe Silk Sunglasses - Gold,Fashion accessories,20.76,32.37
SKU-14843,Retro Cotton Scarf - Rose Gold,Fashion accessories,20.67,30.95
SKU-14844,Smart Bluetooth Earbuds - Black,Electronic accessories,65.31,94.6
SKU-14845,Trendy Leather Watch - Navy,Fashion accessories,71.54,113.49
SKU-14846,Ultra Mini Charger - White,Electronic accessories,66.94,81.21
SKU-14847,Derma Natural Deodorant - 150g,Health and beauty,77.41,100.71
SKU-14848,Pure Anti-Aging Conditioner - Travel Size,Health and beauty,78.99,124.42
SKU-14849,Classic Leather Gloves - Navy (V32),Fashion accessories,58.7,85.04
SKU-14850,Pure Sweet Coffee Beans - 1Kg,Food and beverages,12.8,15.23
SKU-14851,Urban Rustic Storage Box - Clear,Home and lifestyle,49.71,71.23
SKU-14852,Essence Organic Deodorant - Pack of 2,Health and beauty,9.34,14.68
SKU-14853,Peak Waterproof Dumbbells - Grey,Sports and travel,59.53,87.39
SKU-14854,Tasty Vegan Green Tea - 1L (V64),Food and beverages,4.5,5.8
SKU-14855,Urban Silk Watch - Gold,Fashion accessories,47.73,59.98
SKU-14856,Classic Ceramic Candle - Clear,Home and lifestyle,65.57,87.34
SKU-14857,Aura Organic Serum - 150g,Health and beauty,14.98,20.74
SKU-14858,Pure Spicy Chocolate - Pack of 6,Food and beverages,14.95,18.74
SKU-14859,Zen Stainless Steel Coffee Mug - Grey,Home and lifestyle,16.57,21.3
SKU-14860,Glow Vitamin C Perfume - Pack of 2,Health and beauty,14.11,20.04
SKU-14861,Elite Silk Wallet - Gold,Fashion accessories,51.82,68.85
SKU-14862,Retro Vintage Scarf - Brown,Fashion accessories,21.95,32.4
SKU-14863,Trek Breathable Jump Rope - Grey,Sports and travel,30.64,46.28
SKU-14864,Urban Stainless Steel Bed Sheets - White,Home and lifestyle,60.09,78.5
SKU-14865,Trendy Silk Gloves - Brown (V78),Fashion accessories,9.45,14.68
SKU-14866,Velocity Lightweight Jump Rope - Red,Sports and travel,9.59,13.11
SKU-14867,EcoLiving Cotton Wall Clock - White,Home and lifestyle,5.43,8.35
SKU-14868,Summit Lightweight Backpack - Black (V18),Sports and travel,50.59,75.21
SKU-14869,Eco Fast-Charging Webcam - Blue,Electronic accessories,18.65,24.82
SKU-14870,Velocity Breathable Yoga Mat - Grey,Sports and travel,43.8,60.76
SKU-14871,Aura Hydrating Body Wash - 200ml,Health and beauty,49.09,69.99
SKU-14872,Premium Vegan Cookies - 1Kg,Food and beverages,5.8,6.72
SKU-14873,Summit Compact Gym Bag - Neon Green,Sports and travel,27.11,40.53
SKU-14874,Vogue Denim Scarf - Silver,Fashion accessories,45.38,57.03
SKU-14875,Peak Waterproof Sleeping Bag - Neon Green,Sports and travel,78.84,117.05
SKU-14876,LuxeHome Ceramic Candle - Black,Home and lifestyle,60.89,96.52
SKU-14877,Urban Canvas Gloves - Navy,Fashion accessories,13.79,17.3
SKU-14878,Classic Cotton Watch - Black,Fashion accessories,66.03,105.44
SKU-14879,Derma Hydrating Sunscreen - 200ml,Health and beauty,64.19,100.79
SKU-14880,Classic Cotton Gloves - Navy,Fashion accessories,28.0,41.0
SKU-14881,Premium Vegan Green Tea - 250g (V37),Food and beverages,11.29,13.44
SKU-14882,Vogue Denim Belt - Gold,Fashion accessories,47.72,68.43
SKU-14883,Eco Slim Adapter - Black (V47),Electronic accessories,61.69,81.17
SKU-14884,Trek Heavy-Duty Sleeping Bag - Blue,Sports and travel,48.32,74.05
SKU-14885,Daily Gluten-Free Olive Oil - 250g,Food and beverages,8.8,10.33
SKU-14886,Urban Ceramic Towel Set - Beige,Home and lifestyle,64.33,89.4
SKU-14887,Pure Salted Cereal - 1Kg,Food and beverages,7.1,8.86
SKU-14888,Tasty Spicy Green Tea - 250g,Food and beverages,12.79,15.9
SKU-14889,Radiant Organic Face Cream - 100ml,Health and beauty,49.93,64.59
SKU-14890,Ultra Bluetooth Webcam - Blue (V3),Electronic accessories,116.97,163.58
SKU-14891,Classic Polarized Sunglasses - Rose Gold,Fashion accessories,7.0,9.6
SKU-14892,Aura Soothing Body Lotion - Pack of 2,Health and beauty,34.03,51.78
SKU-14893,Premium Vegan Coffee Beans - Pack of 6,Food and beverages,19.3,23.58
SKU-14894,Elite Vintage Belt - Brown,Fashion accessories,41.03,52.92
SKU-14895,Velocity Compact Gym Bag - Grey,Sports and travel,57.53,75.72
SKU-14896,Aura Hydrating Deodorant - Travel Size,Health and beauty,37.72,57.51
SKU-14897,Classic Glass Towel Set - White,Home and lifestyle,30.65,40.8
SKU-14898,HomeStyle Ceramic Cushion - Black,Home and lifestyle,51.16,67.41
SKU-14899,Classic Vintage Sunglasses - Brown,Fashion accessories,36.29,56.75
SKU-14900,Aura Organic Serum - 50ml,Health and beauty,77.5,102.29
SKU-14901,Ultra Bluetooth Headphones - Red,Electronic accessories,73.1,89.26
SKU-14902,Clear Oil-Free Conditioner - 150g,Health and beauty,5.56,8.71
SKU-14903,Summit Heavy-Duty Sleeping Bag - Neon Green,Sports and travel,48.75,61.38
SKU-14904,Smart Bluetooth Charger - Silver (V77),Electronic accessories,55.58,81.27
SKU-14905,Urban Leather Backpack - Black,Fashion accessories,58.55,81.52
SKU-14906,Elite Polarized Watch - Rose Gold,Fashion accessories,22.4,33.26
SKU-14907,Essence Vitamin C Perfume - Travel Size,Health and beauty,30.11,42.15
SKU-14908,ProFit Compact Resistance Bands - Red,Sports and travel,26.03,41.11
SKU-14909,Velocity Heavy-Duty Dumbbells - Orange,Sports and travel,18.14,23.62
SKU-14910,Zen Glass Bed Sheets - White,Home and lifestyle,53.99,71.99
SKU-14911,Cyber Mini Mouse - Grey,Electronic accessories,132.9,164.41
SKU-14912,Aura Organic Body Lotion - Pack of 2,Health and beauty,34.25,53.24
SKU-14913,Smart Bluetooth Power Bank - Black (V62),Electronic accessories,19.55,26.66
SKU-14914,Classic Silk Tie - Black,Fashion accessories,13.33,21.27
SKU-14915,Velocity Heavy-Duty Resistance Bands - Orange (V15),Sports and travel,27.35,37.91
SKU-14916,Cozy Rustic Table Lamp - White,Home and lifestyle,65.61,84.09
SKU-14917,Golden Gluten-Free Cookies - 1Kg (V78),Food and beverages,11.51,13.99
SKU-14918,Urban Stainless Steel Vase - Black,Home and lifestyle,11.5,15.68
SKU-14919,Tasty Gluten-Free Honey - 1L,Food and beverages,2.59,3.3
SKU-14920,Radiant Oil-Free Body Lotion - Travel Size,Health and beauty,68.01,106.92
SKU-14921,HomeStyle Glass Towel Set - Oak,Home and lifestyle,8.04,11.59
SKU-14922,Modern Minimalist Cushion - Beige (V2),Home and lifestyle,35.7,50.93
SKU-14923,Vogue Vintage Gloves - Rose Gold,Fashion accessories,12.24,18.87
SKU-14924,Trek Compact Travel Pillow - Orange,Sports and travel,28.82,39.23
SKU-14925,Luxe Cotton Sunglasses - Navy,Fashion accessories,27.63,42.72
SKU-14926,Essence Organic Lip Balm - 200ml,Health and beauty,51.39,75.09
SKU-14927,Golden Sweet Cereal - 500ml,Food and beverages,2.84,3.62
SKU-14928,Cozy Ceramic Coffee Mug - Black,Home and lifestyle,54.94,83.02
SKU-14929,ProFit Lightweight Backpack - Red (V6),Sports and travel,47.99,60.61
SKU-14930,Cozy Cotton Table Lamp - Beige,Home and lifestyle,22.2,32.84
SKU-14931,Retro Leather Wallet - Brown,Fashion accessories,64.0,97.35
SKU-14932,Trek Breathable Water Bottle - Neon Green (V79),Sports and travel,20.8,28.53
SKU-14933,Trendy Denim Watch - Black,Fashion accessories,71.15,110.11
SKU-14934,Smart Wireless Keyboard - Black,Electronic accessories,48.51,70.05
SKU-14935,Ultra Heavy Duty Cable - White,Electronic accessories,50.85,63.65
SKU-14936,FarmFresh Crunchy Honey - 1L,Food and beverages,14.05,16.63
SKU-14937,Classic Cotton Storage Box - White,Home and lifestyle,49.23,62.47
SKU-14938,LuxeHome Ceramic Vase - Black,Home and lifestyle,8.72,11.74
SKU-14939,FarmFresh Sweet Almonds - Pack of 6 (V83),Food and beverages,1.18,1.49
SKU-14940,Glow Oil-Free Face Cream - Travel Size,Health and beauty,52.43,73.57
SKU-14941,Classic Ceramic Table Lamp - Black (V41),Home and lifestyle,51.06,66.72
SKU-14942,Velocity Ergonomic Resistance Bands - Red (V61),Sports and travel,60.38,76.37
SKU-14943,Aura Organic Shampoo - Pack of 2,Health and beauty,24.1,30.61
SKU-14944,Chic Canvas Tie - Silver,Fashion accessories,32.16,45.34
SKU-14945,Modern Glass Bed Sheets - Black,Home and lifestyle,7.6,10.72
SKU-14946,Velocity Lightweight Backpack - Orange,Sports and travel,71.51,104.44
SKU-14947,Nova Wireless Speaker - Grey (V95),Electronic accessories,14.38,19.89
SKU-14948,Giga Heavy Duty Mouse - Silver (V55),Electronic accessories,68.3,82.67
SKU-14949,EcoLiving Cotton Candle - Black,Home and lifestyle,55.41,86.1
SKU-14950,Trendy Canvas Hat - Rose Gold,Fashion accessories,72.18,95.5
SKU-14951,Radiant Soothing Body Wash - Pack of 2,Health and beauty,36.73,51.22
SKU-14952,Classic Glass Cushion - Black,Home and lifestyle,76.64,116.65
SKU-14953,Aura Oil-Free Sunscreen - 200ml,Health and beauty,73.75,95.68
SKU-14954,Cyber Fast-Charging Keyboard - Silver (V19),Electronic accessories,148.77,216.09
SKU-14955,Premium Crunchy Olive Oil - Pack of 6 (V22),Food and beverages,5.36,6.49
SKU-14956,Nova Portable Speaker - Black,Electronic accessories,12.8,15.98
SKU-14957,Vogue Denim Sunglasses - Black,Fashion accessories,49.92,63.57
SKU-14958,Aura Vitamin C Face Cream - 50ml,Health and beauty,62.91,79.12
SKU-14959,Nova Bluetooth Mouse - Grey,Electronic accessories,24.64,32.08
SKU-14960,Clear Oil-Free Body Wash - Travel Size (V10),Health and beauty,23.87,33.58
SKU-14961,Giga Heavy Duty Adapter - White,Electronic accessories,149.29,200.88
SKU-14962,Chic Polarized Belt - Silver,Fashion accessories,5.49,8.54
SKU-14963,Urban Vintage Sunglasses - Gold (V7),Fashion accessories,59.95,92.85
SKU-14964,Tasty Gluten-Free Green Tea - Pack of 6,Food and beverages,12.58,15.95
SKU-14965,Aura Organic Body Wash - 200ml,Health and beauty,76.21,117.27
SKU-14966,Zen Rustic Table Lamp - Oak,Home and lifestyle,6.88,10.06
SKU-14967,Urban Ceramic Picture Frame - White (V26),Home and lifestyle,78.64,117.93
SKU-14968,Active Breathable Sleeping Bag - Neon Green (V81),Sports and travel,75.51,118.35
SKU-14969,Pure Vitamin C Sunscreen - 100ml,Health and beauty,44.35,60.88
SKU-14970,EcoLiving Rustic Storage Box - Grey (V93),Home and lifestyle,5.3,6.67
SKU-14971,Active Durable Sleeping Bag - Red (V48),Sports and travel,44.05,69.32
SKU-14972,ProFit Ergonomic Backpack - Blue (V12),Sports and travel,53.76,70.32
SKU-14973,TechPro Slim Speaker - Silver,Electronic accessories,109.91,152.03
SKU-14974,Cyber Slim Charger - Grey,Electronic accessories,56.56,82.05
SKU-14975,TechPro Mini Mouse - Red,Electronic accessories,18.31,24.61
SKU-14976,Modern Rustic Vase - Oak,Home and lifestyle,46.72,62.82
SKU-14977,Daily Vegan Olive Oil - 1L,Food and beverages,10.36,13.34
SKU-14978,LuxeHome Rustic Coffee Mug - Black,Home and lifestyle,39.69,58.77
SKU-14979,Chic Canvas Watch - Navy,Fashion accessories,5.88,9.34
SKU-14980,Daily Vegan Chocolate - 1Kg (V75),Food and beverages,18.96,21.88
SKU-14981,Peak Durable Water Bottle - Red,Sports and travel,18.78,26.44
SKU-14982,HomeStyle Ceramic Table Lamp - Black,Home and lifestyle,52.46,67.27
SKU-14983,Classic Vintage Sunglasses - Silver,Fashion accessories,77.76,103.18
SKU-14984,Trek Ergonomic Gym Bag - Neon Green,Sports and travel,10.89,13.96
SKU-14985,Giga Mini Power Bank - White,Electronic accessories,131.51,191.11
SKU-14986,Retro Cotton Handbag - Gold (V78),Fashion accessories,27.6,40.8
SKU-14987,Active Lightweight Dumbbells - Red,Sports and travel,6.66,8.69
SKU-14988,Classic Stainless Steel Towel Set - Oak,Home and lifestyle,70.95,96.93
SKU-14989,Vogue Polarized Tie - Silver,Fashion accessories,74.18,97.84
SKU-14990,Retro Leather Watch - Navy,Fashion accessories,34.56,55.01
SKU-14991,Pulse Heavy Duty Keyboard - Red,Electronic accessories,124.57,152.97
SKU-14992,EcoLiving Wooden Storage Box - Oak,Home and lifestyle,26.21,39.86
SKU-14993,Urban Silk Backpack - Black,Fashion accessories,41.52,54.06
SKU-14994,Summit Compact Resistance Bands - Black,Sports and travel,48.25,75.62
SKU-14995,Tasty Sweet Coffee Beans - 1L (V95),Food and beverages,1.18,1.4
SKU-14996,Ultra Portable Headphones - Red,Electronic accessories,63.81,90.83
SKU-14997,Vital Soothing Face Cream - 50ml,Health and beauty,36.96,46.93
SKU-14998,Vogue Canvas Watch - Brown,Fashion accessories,73.19,111.11
SKU-14999,Motion Waterproof Sleeping Bag - Black,Sports and travel,45.34,60.41
SKU-15000,Smart Heavy Duty Speaker - Grey,Electronic accessories,108.08,152.76
SKU-15001,Luxe Vintage Wallet - Navy,Fashion accessories,56.77,75.08
SKU-15002,Essence Oil-Free Conditioner - 200ml,Health and beauty,47.61,65.7
SKU-15003,Urban Glass Wall Clock - Black,Home and lifestyle,15.72,22.08
SKU-15004,Glow Hydrating Shampoo - 100ml (V23),Health and beauty,7.33,10.91
SKU-15005,LuxeHome Ceramic Towel Set - Oak,Home and lifestyle,32.33,48.34
SKU-15006,Smart Portable Webcam - White,Electronic accessories,109.85,161.59
SKU-15007,Smart Mini Power Bank - Red,Electronic accessories,120.01,154.62
SKU-15008,Nature's Vegan Pasta - 250g (V96),Food and beverages,1.78,2.23
SKU-15009,Vogue Leather Scarf - Rose Gold,Fashion accessories,5.7,7.81
SKU-15010,Elite Silk Scarf - Black,Fashion accessories,49.43,76.19
SKU-15011,HomeStyle Stainless Steel Bed Sheets - Black,Home and lifestyle,17.57,27.45
SKU-15012,Active Durable Gym Bag - Black,Sports and travel,12.32,19.06
SKU-15013,Tasty Vegan Cookies - 1Kg,Food and beverages,13.04,16.01
SKU-15014,LuxeHome Wooden Storage Box - White,Home and lifestyle,20.01,29.51
SKU-15015,Nature's Sweet Honey - 500g,Food and beverages,3.11,3.8
SKU-15016,Luxe Silk Belt - Gold,Fashion accessories,38.92,58.67
SKU-15017,Trendy Vintage Hat - Gold,Fashion accessories,61.58,96.27
SKU-15018,Trek Ergonomic Water Bottle - Red (V63),Sports and travel,20.86,31.77
SKU-15019,Eco Fast-Charging Keyboard - Red (V95),Electronic accessories,61.68,86.97
SKU-15020,Elite Leather Sunglasses - Navy (V15),Fashion accessories,28.35,41.49
SKU-15021,Trek Heavy-Duty Gym Bag - Black,Sports and travel,37.62,55.79
SKU-15022,Giga Slim Charger - Grey,Electronic accessories,131.35,162.45
SKU-15023,Pure Oil-Free Body Lotion - 100ml,Health and beauty,58.54,90.59
SKU-15024,Summit Lightweight Tent - Blue,Sports and travel,6.95,10.93
SKU-15025,ProFit Lightweight Tent - Neon Green,Sports and travel,66.37,91.63
SKU-15026,Radiant Anti-Aging Serum - Travel Size,Health and beauty,60.42,94.07
SKU-15027,Cyber Portable Mouse - Black,Electronic accessories,50.52,69.69
SKU-15028,Zen Stainless Steel Wall Clock - Oak,Home and lifestyle,67.24,103.88
SKU-15029,Eco Slim Earbuds - Silver (V32),Electronic accessories,99.66,138.52
SKU-15030,Velocity Breathable Travel Pillow - Orange,Sports and travel,56.18,71.81
SKU-15031,Vital Anti-Aging Face Cream - Pack of 2 (V5),Health and beauty,27.93,44.42
SKU-15032,Derma Natural Sunscreen - 200ml,Health and beauty,33.16,50.49
SKU-15033,Nature's Crunchy Cookies - 500g (V27),Food and beverages,2.75,3.37
SKU-15034,Trendy Cotton Tie - Gold,Fashion accessories,62.51,92.48
SKU-15035,Zen Ceramic Vase - Beige,Home and lifestyle,35.7,56.49
SKU-15036,TechPro Slim Earbuds - Red,Electronic accessories,37.96,56.43
SKU-15037,Elite Cotton Watch - Rose Gold,Fashion accessories,33.07,42.27
SKU-15038,Summit Compact Jump Rope - Blue,Sports and travel,27.07,41.9
SKU-15039,TechPro Slim Adapter - Red,Electronic accessories,39.73,54.61
SKU-15040,Eco Mini Charger - Blue (V62),Electronic accessories,12.77,17.96
SKU-15041,Derma Vitamin C Body Wash - Pack of 2,Health and beauty,41.54,66.16
SKU-15042,Urban Canvas Backpack - Gold,Fashion accessories,74.38,107.0
SKU-15043,HomeStyle Stainless Steel Picture Frame - Clear,Home and lifestyle,42.38,54.84
SKU-15044,Organic Crunchy Almonds - 500g,Food and beverages,2.21,2.8
SKU-15045,Trendy Polarized Hat - Brown (V79),Fashion accessories,44.7,65.99
SKU-15046,Essence Anti-Aging Perfume - Pack of 2,Health and beauty,23.49,29.48
SKU-15047,Trek Breathable Jump Rope - Red (V96),Sports and travel,65.88,97.05
SKU-15048,Nova Portable Power Bank - Black (V81),Electronic accessories,117.85,174.82
SKU-15049,Summit Ergonomic Dumbbells - Orange,Sports and travel,14.79,21.95
SKU-15050,EcoLiving Cotton Table Lamp - Black,Home and lifestyle,52.08,71.57
SKU-15051,Classic Wooden Bed Sheets - White,Home and lifestyle,75.37,102.43
SKU-15052,Pulse Slim Mouse - Black,Electronic accessories,82.86,115.83
SKU-15053,Golden Spicy Cereal - 500g,Food and beverages,2.06,2.66
SKU-15054,Radiant Organic Serum - 50ml,Health and beauty,59.06,78.06
SKU-15055,Luxe Silk Handbag - Black,Fashion accessories,56.67,90.13
SKU-15056,Giga Wireless Power Bank - Blue,Electronic accessories,136.54,182.59
SKU-15057,Classic Ceramic Table Lamp - Beige,Home and lifestyle,51.96,67.29
SKU-15058,Cozy Rustic Table Lamp - Black,Home and lifestyle,58.63,90.91
SKU-15059,Aero Durable Gym Bag - Blue (V35),Sports and travel,27.9,37.6
SKU-15060,Radiant Organic Body Lotion - 100ml,Health and beauty,11.63,17.25
SKU-15061,HomeStyle Wooden Cushion - Black,Home and lifestyle,6.34,7.96
SKU-15062,Pure Oil-Free Sunscreen - 200ml,Health and beauty,34.8,52.65
SKU-15063,Summit Durable Water Bottle - Grey,Sports and travel,25.72,39.0
SKU-15064,Modern Ceramic Towel Set - White (V70),Home and lifestyle,64.24,81.7
SKU-15065,FarmFresh Roasted Cereal - 250g (V78),Food and beverages,8.81,11.28
SKU-15066,Nova Mini Power Bank - Grey,Electronic accessories,148.79,209.31
SKU-15067,Clear Anti-Aging Lip Balm - 200ml,Health and beauty,59.87,87.97
SKU-15068,Organic Roasted Green Tea - 500ml (V97),Food and beverages,14.39,18.6
SKU-15069,Peak Lightweight Sleeping Bag - Blue (V78),Sports and travel,18.46,27.54
SKU-15070,Classic Vintage Watch - Navy (V26),Fashion accessories,8.9,11.27
SKU-15071,Luxe Denim Gloves - Navy (V87),Fashion accessories,24.02,35.36
SKU-15072,TechPro Heavy Duty Cable - Red,Electronic accessories,72.65,103.62
SKU-15073,Eco Slim Cable - Blue,Electronic accessories,32.27,43.88
SKU-15074,Vital Hydrating Conditioner - 200ml,Health and beauty,49.87,71.53
SKU-15075,Urban Leather Hat - Rose Gold,Fashion accessories,55.22,76.4
SKU-15076,Premium Vegan Olive Oil - 500g,Food and beverages,13.63,16.81
SKU-15077,Eco Portable Mouse - Black,Electronic accessories,37.53,54.64
SKU-15078,HomeStyle Cotton Table Lamp - Beige,Home and lifestyle,28.48,43.9
SKU-15079,Clear Hydrating Shampoo - Travel Size,Health and beauty,70.45,94.63
SKU-15080,Urban Ceramic Towel Set - Clear,Home and lifestyle,18.88,27.62
SKU-15081,Aero Lightweight Dumbbells - Black,Sports and travel,69.26,94.76
SKU-15082,Urban Canvas Watch - Silver (V71),Fashion accessories,20.11,31.67
SKU-15083,Daily Salted Cookies - 250g,Food and beverages,18.45,23.03
SKU-15084,Vital Organic Lip Balm - Travel Size,Health and beauty,48.21,72.16
SKU-15085,Golden Sweet Pasta - 1L,Food and beverages,16.43,19.36
SKU-15086,Luxe Leather Gloves - Navy (V83),Fashion accessories,39.73,54.28
SKU-15087,Classic Silk Tie - Black (V68),Fashion accessories,50.17,65.85
SKU-15088,Clear Hydrating Lip Balm - Pack of 2 (V65),Health and beauty,18.06,24.38
SKU-15089,Premium Spicy Almonds - 500g,Food and beverages,2.79,3.41
SKU-15090,Eco Fast-Charging Earbuds - Red,Electronic accessories,118.34,144.17
SKU-15091,FarmFresh Gluten-Free Olive Oil - 1Kg (V29),Food and beverages,17.83,21.73
SKU-15092,Zen Stainless Steel Table Lamp - Black (V10),Home and lifestyle,7.65,10.71
SKU-15093,Cyber Portable Mouse - Grey,Electronic accessories,142.23,186.39
SKU-15094,Active Breathable Sleeping Bag - Blue,Sports and travel,75.65,97.44
SKU-15095,Luxe Cotton Scarf - Navy,Fashion accessories,22.02,28.14
SKU-15096,Nature's Salted Green Tea - 500g (V51),Food and beverages,2.02,2.58
SKU-15097,Nova Mini Adapter - Silver (V66),Electronic accessories,57.73,79.03
SKU-15098,Golden Sweet Olive Oil - 1Kg,Food and beverages,3.01,3.85
SKU-15099,Modern Wooden Candle - Grey,Home and lifestyle,27.61,37.92
SKU-15100,Daily Salted Green Tea - 500ml,Food and beverages,13.75,16.21
SKU-15101,Derma Oil-Free Deodorant - 50ml,Health and beauty,49.79,75.15
SKU-15102,Urban Stainless Steel Storage Box - Black,Home and lifestyle,53.27,75.69
SKU-15103,Pure Natural Shampoo - 200ml,Health and beauty,49.47,66.93
SKU-15104,Retro Vintage Backpack - Silver,Fashion accessories,23.73,33.42
SKU-15105,Smart Slim Earbuds - Black,Electronic accessories,92.35,115.41
SKU-15106,Essence Anti-Aging Conditioner - 100ml,Health and beauty,67.61,106.18
SKU-15107,Glow Hydrating Face Cream - 200ml,Health and beauty,72.49,98.58
SKU-15108,Eco Bluetooth Adapter - Grey (V14),Electronic accessories,51.4,64.06
SKU-15109,Ultra Slim Adapter - Blue,Electronic accessories,45.3,59.82
SKU-15110,Motion Waterproof Resistance Bands - Grey,Sports and travel,20.88,29.44
SKU-15111,Peak Durable Water Bottle - Neon Green (V57),Sports and travel,21.8,34.46
SKU-15112,Golden Vegan Chocolate - 250g,Food and beverages,14.55,17.82
SKU-15113,Nature's Roasted Cookies - 500ml,Food and beverages,1.14,1.46
SKU-15114,Velocity Heavy-Duty Jump Rope - Blue,Sports and travel,45.9,69.82
SKU-15115,Giga Heavy Duty Adapter - Red,Electronic accessories,149.11,195.83
SKU-15116,Classic Stainless Steel Picture Frame - Grey,Home and lifestyle,47.77,71.6
SKU-15117,Golden Sweet Pasta - Pack of 6 (V52),Food and beverages,3.1,4.01
SKU-15118,LuxeHome Stainless Steel Table Lamp - White,Home and lifestyle,7.4,11.61
SKU-15119,Vogue Leather Watch - Rose Gold,Fashion accessories,47.98,65.91
SKU-15120,Motion Durable Dumbbells - Blue (V80),Sports and travel,49.08,71.57
SKU-15121,Pulse Mini Earbuds - Blue (V17),Electronic accessories,54.61,72.11
SKU-15122,Aura Anti-Aging Body Wash - 100ml (V25),Health and beauty,11.7,17.45
SKU-15123,Pure Anti-Aging Conditioner - Travel Size (V11),Health and beauty,61.16,94.71
SKU-15124,Active Breathable Travel Pillow - Red,Sports and travel,35.37,55.49
SKU-15125,Trendy Leather Watch - Black,Fashion accessories,23.14,33.87
SKU-15126,Classic Ceramic Bed Sheets - Grey,Home and lifestyle,8.88,11.47
SKU-15127,Urban Cotton Gloves - Gold (V47),Fashion accessories,12.11,15.23
SKU-15128,Derma Organic Face Cream - Travel Size,Health and beauty,55.65,86.16
SKU-15129,Summit Ergonomic Yoga Mat - Black,Sports and travel,17.76,23.87
SKU-15130,Active Ergonomic Yoga Mat - Blue,Sports and travel,79.19,110.62
SKU-15131,Daily Roasted Olive Oil - 1L,Food and beverages,8.6,10.07
SKU-15132,Daily Spicy Pasta - 500g,Food and beverages,19.31,23.33
SKU-15133,Modern Minimalist Candle - Oak,Home and lifestyle,32.58,46.07
SKU-15134,Retro Silk Gloves - Brown (V8),Fashion accessories,37.02,50.91
SKU-15135,Golden Roasted Almonds - 500ml (V17),Food and beverages,7.78,9.94
SKU-15136,ProFit Lightweight Sleeping Bag - Grey,Sports and travel,35.79,48.8
SKU-15137,Zen Minimalist Vase - Black,Home and lifestyle,9.34,14.65
SKU-15138,Peak Durable Water Bottle - Grey,Sports and travel,5.49,7.88
SKU-15139,TechPro Mini Charger - Silver,Electronic accessories,142.36,199.58
SKU-15140,Active Ergonomic Water Bottle - Orange,Sports and travel,60.32,89.12
SKU-15141,Retro Canvas Belt - Black,Fashion accessories,11.79,15.2
SKU-15142,Peak Lightweight Sleeping Bag - Grey (V90),Sports and travel,48.29,74.93
SKU-15143,Essence Natural Serum - 100ml,Health and beauty,56.23,88.92
SKU-15144,Active Breathable Water Bottle - Blue,Sports and travel,69.64,91.79
SKU-15145,TechPro Bluetooth Mouse - Red,Electronic accessories,44.26,65.62
SKU-15146,Premium Vegan Coffee Beans - 500g (V69),Food and beverages,19.55,25.04
SKU-15147,Golden Sweet Green Tea - Pack of 6,Food and beverages,13.89,16.85
SKU-15148,Pulse Heavy Duty Cable - Grey,Electronic accessories,116.97,162.99
SKU-15149,Classic Glass Picture Frame - Grey,Home and lifestyle,15.28,21.75
SKU-15150,ProFit Heavy-Duty Gym Bag - Grey,Sports and travel,29.25,40.81
SKU-15151,Velocity Breathable Gym Bag - Grey (V42),Sports and travel,8.49,11.05
SKU-15152,Premium Spicy Cereal - 1Kg,Food and beverages,4.42,5.22
SKU-15153,Essence Soothing Perfume - 150g,Health and beauty,73.67,113.48
SKU-15154,Tasty Vegan Cookies - Pack of 6,Food and beverages,7.52,8.91
SKU-15155,Pure Vitamin C Shampoo - Pack of 2,Health and beauty,66.24,88.62
SKU-15156,Nature's Sweet Cereal - 1L (V5),Food and beverages,13.13,15.69
SKU-15157,Daily Roasted Green Tea - 1L,Food and beverages,17.71,21.52
SKU-15158,Zen Ceramic Cushion - White,Home and lifestyle,54.6,86.89
SKU-15159,TechPro Wireless Adapter - White (V98),Electronic accessories,141.3,188.85
SKU-15160,Derma Oil-Free Lip Balm - Pack of 2,Health and beauty,52.07,73.91
SKU-15161,Eco Portable Power Bank - Grey,Electronic accessories,141.65,170.43
SKU-15162,Glow Vitamin C Conditioner - Pack of 2,Health and beauty,55.35,86.39
SKU-15163,Trendy Canvas Sunglasses - Black,Fashion accessories,47.84,65.41
SKU-15164,Derma Oil-Free Conditioner - Travel Size,Health and beauty,54.57,81.17
SKU-15165,Trek Heavy-Duty Jump Rope - Black (V39),Sports and travel,41.27,63.62
SKU-15166,Aura Natural Body Wash - Travel Size,Health and beauty,22.14,30.24
SKU-15167,EcoLiving Stainless Steel Bed Sheets - Oak,Home and lifestyle,26.38,41.65
SKU-15168,Tasty Salted Cereal - Pack of 6,Food and beverages,9.11,10.65
SKU-15169,Premium Gluten-Free Chocolate - 1L,Food and beverages,7.03,8.93
SKU-15170,Elite Canvas Watch - Brown (V93),Fashion accessories,19.61,26.43
SKU-15171,TechPro Wireless Mouse - Black (V36),Electronic accessories,97.27,125.79
SKU-15172,Clear Hydrating Perfume - Pack of 2,Health and beauty,11.47,18.11
SKU-15173,Elite Canvas Handbag - Rose Gold,Fashion accessories,48.2,67.95
SKU-15174,Velocity Lightweight Tent - Orange,Sports and travel,27.99,44.04
SKU-15175,Zen Glass Cushion - Clear,Home and lifestyle,11.47,17.38
SKU-15176,Ultra Bluetooth Cable - White,Electronic accessories,134.56,185.16
SKU-15177,Essence Anti-Aging Body Lotion - Travel Size,Health and beauty,61.64,83.34
SKU-15178,Aero Ergonomic Sleeping Bag - Orange,Sports and travel,47.79,68.65
SKU-15179,Ultra Bluetooth Webcam - Grey,Electronic accessories,45.13,64.29
SKU-15180,Classic Leather Watch - Navy,Fashion accessories,50.0,70.06
SKU-15181,Trendy Polarized Scarf - Rose Gold,Fashion accessories,42.34,55.54
SKU-15182,Trek Compact Yoga Mat - Orange (V90),Sports and travel,59.31,93.02
SKU-15183,Chic Canvas Wallet - Navy (V51),Fashion accessories,56.35,72.67
SKU-15184,Premium Salted Green Tea - 1Kg,Food and beverages,6.74,8.74
SKU-15185,Aura Anti-Aging Deodorant - 200ml (V91),Health and beauty,61.44,78.62
SKU-15186,Ultra Slim Headphones - Red,Electronic accessories,138.29,187.27
SKU-15187,Motion Waterproof Sleeping Bag - Red,Sports and travel,39.93,53.54
SKU-15188,Cozy Ceramic Towel Set - Grey,Home and lifestyle,60.78,82.16
SKU-15189,Cyber Heavy Duty Power Bank - Blue,Electronic accessories,43.12,58.48
SKU-15190,Summit Lightweight Sleeping Bag - Neon Green (V41),Sports and travel,20.34,25.77
SKU-15191,Classic Cotton Gloves - Rose Gold (V96),Fashion accessories,54.88,72.47
SKU-15192,Velocity Durable Travel Pillow - Black (V58),Sports and travel,46.06,62.92
SKU-15193,TechPro Portable Keyboard - Red,Electronic accessories,113.81,163.81
SKU-15194,Urban Polarized Tie - Brown,Fashion accessories,9.07,12.33
SKU-15195,Luxe Silk Hat - Rose Gold,Fashion accessories,55.64,78.8
SKU-15196,Classic Stainless Steel Wall Clock - White (V41),Home and lifestyle,53.84,73.56
SKU-15197,FarmFresh Roasted Cereal - 500ml (V51),Food and beverages,8.12,9.74
SKU-15198,Organic Sweet Green Tea - Pack of 6,Food and beverages,3.63,4.21
SKU-15199,Golden Vegan Juice - 1L,Food and beverages,1.45,1.82
SKU-15200,Aero Lightweight Jump Rope - Blue,Sports and travel,78.97,115.93
SKU-15201,Zen Cotton Candle - Clear,Home and lifestyle,53.93,84.89
SKU-15202,Premium Vegan Honey - 500ml,Food and beverages,3.49,4.22
SKU-15203,HomeStyle Minimalist Wall Clock - Beige (V6),Home and lifestyle,25.12,36.84
SKU-15204,Trek Durable Gym Bag - Grey,Sports and travel,38.96,52.41
SKU-15205,Trendy Canvas Hat - Brown,Fashion accessories,18.83,26.95
SKU-15206,Daily Roasted Chocolate - 500g,Food and beverages,5.88,7.22
SKU-15207,Ultra Wireless Adapter - Black (V82),Electronic accessories,137.48,181.64
SKU-15208,Peak Compact Tent - Grey (V84),Sports and travel,8.39,11.7
SKU-15209,Motion Breathable Travel Pillow - Blue,Sports and travel,50.06,79.17
SKU-15210,Classic Wooden Vase - Clear,Home and lifestyle,16.9,24.39
SKU-15211,Nova Wireless Charger - Grey,Electronic accessories,77.99,104.37
SKU-15212,Retro Polarized Hat - Gold (V84),Fashion accessories,67.75,99.73
SKU-15213,ProFit Durable Resistance Bands - Red,Sports and travel,34.17,46.45
SKU-15214,Motion Ergonomic Yoga Mat - Red,Sports and travel,14.87,18.82
SKU-15215,Active Waterproof Travel Pillow - Black,Sports and travel,49.6,68.49
SKU-15216,Vogue Vintage Backpack - Gold (V71),Fashion accessories,23.61,34.3
SKU-15217,Classic Silk Wallet - Silver,Fashion accessories,18.09,26.28
SKU-15218,Premium Sweet Chocolate - 1Kg (V34),Food and beverages,2.55,2.98
SKU-15219,Modern Glass Towel Set - Grey,Home and lifestyle,12.97,18.63
SKU-15220,Radiant Hydrating Shampoo - 200ml,Health and beauty,17.19,26.65
SKU-15221,Pulse Portable Adapter - Blue,Electronic accessories,94.47,126.98
SKU-15222,Eco Portable Adapter - Grey,Electronic accessories,22.54,32.45
SKU-15223,Derma Soothing Conditioner - 200ml,Health and beauty,10.7,16.8
SKU-15224,Radiant Organic Lip Balm - 150g,Health and beauty,59.89,86.23
SKU-15225,Trek Lightweight Travel Pillow - Red (V64),Sports and travel,46.07,70.15
SKU-15226,Nature's Roasted Pasta - 500ml (V49),Food and beverages,7.25,8.44
SKU-15227,Pulse Slim Keyboard - Blue,Electronic accessories,89.41,122.5
SKU-15228,Pulse Bluetooth Webcam - Blue (V83),Electronic accessories,83.67,107.15
SKU-15229,Zen Stainless Steel Vase - Black,Home and lifestyle,38.84,58.36
SKU-15230,Peak Heavy-Duty Water Bottle - Blue,Sports and travel,13.13,20.62
SKU-15231,Summit Ergonomic Yoga Mat - Orange (V39),Sports and travel,14.35,20.15
SKU-15232,Organic Vegan Olive Oil - 500g,Food and beverages,1.35,1.64
SKU-15233,Pure Sweet Chocolate - 500ml (V27),Food and beverages,15.71,20.25
SKU-15234,HomeStyle Wooden Candle - Grey,Home and lifestyle,22.88,34.13
SKU-15235,Cyber Mini Charger - Silver,Electronic accessories,49.48,72.68
SKU-15236,Urban Silk Backpack - Black (V11),Fashion accessories,34.68,46.56
SKU-15237,Derma Organic Sunscreen - Travel Size,Health and beauty,30.35,47.82
SKU-15238,EcoLiving Wooden Bed Sheets - Clear (V2),Home and lifestyle,8.73,12.76
SKU-15239,Trendy Denim Gloves - Gold,Fashion accessories,18.53,29.22
SKU-15240,Tasty Sweet Juice - 250g (V14),Food and beverages,12.51,15.79
SKU-15241,Cozy Rustic Coffee Mug - Beige,Home and lifestyle,20.31,31.25
SKU-15242,Eco Mini Speaker - Blue,Electronic accessories,70.68,102.5
SKU-15243,Premium Spicy Coffee Beans - 250g,Food and beverages,15.31,18.43
SKU-15244,HomeStyle Glass Coffee Mug - Grey (V69),Home and lifestyle,72.08,103.7
SKU-15245,HomeStyle Ceramic Bed Sheets - Clear (V72),Home and lifestyle,57.6,91.46
SKU-15246,Chic Vintage Belt - Navy,Fashion accessories,32.86,51.9
SKU-15247,Luxe Denim Watch - Rose Gold,Fashion accessories,74.65,97.84
SKU-15248,Summit Durable Resistance Bands - Black (V99),Sports and travel,56.0,83.76
SKU-15249,Motion Lightweight Yoga Mat - Orange,Sports and travel,59.18,91.13
SKU-15250,Eco Portable Adapter - Blue,Electronic accessories,58.89,85.45
SKU-15251,Smart Portable Mouse - Grey,Electronic accessories,85.37,102.46
SKU-15252,Cozy Ceramic Picture Frame - Oak,Home and lifestyle,36.04,50.65
SKU-15253,Vogue Canvas Belt - Silver (V80),Fashion accessories,53.42,78.86
SKU-15254,Classic Polarized Tie - Gold,Fashion accessories,71.94,114.98
SKU-15255,Nova Bluetooth Adapter - White,Electronic accessories,132.64,164.96
SKU-15256,FarmFresh Roasted Coffee Beans - 500ml,Food and beverages,9.11,11.75
SKU-15257,Golden Spicy Coffee Beans - 1Kg (V46),Food and beverages,4.67,5.39
SKU-15258,Trendy Canvas Tie - Silver,Fashion accessories,61.17,78.6
SKU-15259,Classic Polarized Scarf - Brown,Fashion accessories,44.79,61.49
SKU-15260,Essence Anti-Aging Face Cream - 50ml (V21),Health and beauty,78.53,124.28
SKU-15261,Essence Hydrating Deodorant - 150g (V82),Health and beauty,24.18,37.09
SKU-15262,EcoLiving Minimalist Bed Sheets - Grey,Home and lifestyle,36.63,53.94
SKU-15263,Summit Waterproof Yoga Mat - Black,Sports and travel,70.23,87.95
SKU-15264,Nova Mini Earbuds - Blue,Electronic accessories,46.06,64.42
SKU-15265,Organic Vegan Coffee Beans - 500g (V16),Food and beverages,6.55,7.67
SKU-15266,Zen Glass Bed Sheets - Grey,Home and lifestyle,70.61,101.65
SKU-15267,Premium Roasted Cereal - 250g,Food and beverages,3.95,4.84
SKU-15268,EcoLiving Cotton Candle - Black (V61),Home and lifestyle,7.94,10.59
SKU-15269,Active Durable Backpack - Grey,Sports and travel,50.55,69.92
SKU-15270,Daily Vegan Chocolate - 1Kg (V59),Food and beverages,6.21,7.43
SKU-15271,Trendy Silk Gloves - Gold,Fashion accessories,11.97,18.93
SKU-15272,Smart Fast-Charging Keyboard - Black,Electronic accessories,146.87,219.4
SKU-15273,Glow Anti-Aging Serum - 200ml,Health and beauty,50.96,81.53
SKU-15274,Radiant Oil-Free Face Cream - Travel Size,Health and beauty,47.49,60.78
SKU-15275,EcoLiving Ceramic Storage Box - Clear (V96),Home and lifestyle,40.42,54.87
SKU-15276,Modern Cotton Coffee Mug - White,Home and lifestyle,49.17,67.95
SKU-15277,Elite Polarized Gloves - Silver (V32),Fashion accessories,62.9,83.85
SKU-15278,Zen Ceramic Candle - Clear,Home and lifestyle,74.85,119.03
SKU-15279,Glow Anti-Aging Deodorant - Travel Size,Health and beauty,7.77,10.0
SKU-15280,Radiant Hydrating Conditioner - 50ml,Health and beauty,33.27,49.05
SKU-15281,Eco Bluetooth Charger - White (V47),Electronic accessories,26.98,39.15
SKU-15282,Vogue Denim Wallet - Black,Fashion accessories,45.09,60.96
SKU-15283,TechPro Slim Headphones - Grey,Electronic accessories,131.57,159.41
SKU-15284,Cozy Stainless Steel Table Lamp - White,Home and lifestyle,59.94,86.12
SKU-15285,Classic Stainless Steel Vase - Oak,Home and lifestyle,35.65,51.55
SKU-15286,Pulse Heavy Duty Adapter - Black,Electronic accessories,117.45,159.52
SKU-15287,Modern Minimalist Wall Clock - White,Home and lifestyle,77.5,117.27
SKU-15288,Ultra Fast-Charging Earbuds - Silver,Electronic accessories,72.52,100.42
SKU-15289,Derma Natural Body Wash - 150g,Health and beauty,35.0,47.89
SKU-15290,Trek Lightweight Resistance Bands - Blue,Sports and travel,16.7,23.62
SKU-15291,Vogue Denim Tie - Brown,Fashion accessories,79.13,116.48
SKU-15292,Derma Oil-Free Conditioner - 50ml,Health and beauty,70.94,111.05
SKU-15293,Giga Wireless Keyboard - White,Electronic accessories,16.04,23.0
SKU-15294,Pulse Heavy Duty Cable - Silver,Electronic accessories,69.49,100.07
SKU-15295,LuxeHome Stainless Steel Candle - White,Home and lifestyle,34.83,45.14
SKU-15296,Cyber Mini Webcam - Grey (V48),Electronic accessories,11.55,16.53
SKU-15297,Glow Anti-Aging Deodorant - Travel Size (V41),Health and beauty,35.46,45.14
SKU-15298,Classic Cotton Belt - Silver,Fashion accessories,12.96,19.61
SKU-15299,HomeStyle Ceramic Table Lamp - Oak,Home and lifestyle,16.73,25.93
SKU-15300,Classic Vintage Sunglasses - Gold,Fashion accessories,47.99,73.94
SKU-15301,Aura Oil-Free Body Lotion - Travel Size,Health and beauty,48.14,75.78
SKU-15302,LuxeHome Rustic Picture Frame - White,Home and lifestyle,26.04,33.59
SKU-15303,Urban Glass Bed Sheets - Grey (V64),Home and lifestyle,73.16,101.53
SKU-15304,Classic Wooden Wall Clock - Black,Home and lifestyle,18.28,27.35
SKU-15305,Pulse Bluetooth Mouse - Black,Electronic accessories,88.58,110.94
SKU-15306,ProFit Heavy-Duty Backpack - Orange,Sports and travel,73.84,95.35
SKU-15307,Ultra Fast-Charging Cable - Blue,Electronic accessories,31.42,45.35
SKU-15308,Pure Roasted Pasta - 1L,Food and beverages,6.85,8.37
SKU-15309,Glow Natural Serum - Pack of 2,Health and beauty,51.5,67.51
SKU-15310,EcoLiving Cotton Table Lamp - Oak,Home and lifestyle,26.03,35.06
SKU-15311,Motion Heavy-Duty Dumbbells - Black,Sports and travel,37.49,47.72
SKU-15312,Vogue Denim Belt - Black,Fashion accessories,13.49,18.49
SKU-15313,Aura Natural Lip Balm - 150g,Health and beauty,19.37,27.79
SKU-15314,Aero Ergonomic Resistance Bands - Blue,Sports and travel,60.33,89.77
SKU-15315,Pure Crunchy Cereal - 250g,Food and beverages,1.88,2.27
SKU-15316,Organic Crunchy Coffee Beans - Pack of 6,Food and beverages,14.68,17.67
SKU-15317,Active Waterproof Water Bottle - Red,Sports and travel,29.99,39.63
SKU-15318,Vital Natural Shampoo - Travel Size,Health and beauty,22.72,31.13
SKU-15319,Classic Polarized Belt - Rose Gold,Fashion accessories,34.66,44.61
SKU-15320,Trek Compact Water Bottle - Red,Sports and travel,18.63,27.84
SKU-15321,TechPro Mini Power Bank - Silver,Electronic accessories,64.17,93.57
SKU-15322,ProFit Breathable Dumbbells - Red (V37),Sports and travel,77.82,105.71
SKU-15323,Pure Natural Body Lotion - Travel Size,Health and beauty,14.98,20.28
SKU-15324,FarmFresh Spicy Green Tea - 500g (V30),Food and beverages,6.25,7.72
SKU-15325,Modern Minimalist Bed Sheets - Beige,Home and lifestyle,31.37,40.01
SKU-15326,Derma Oil-Free Sunscreen - 200ml,Health and beauty,5.91,9.06
SKU-15327,Clear Natural Conditioner - 200ml,Health and beauty,65.41,92.31
SKU-15328,Velocity Compact Water Bottle - Orange,Sports and travel,55.93,87.89
SKU-15329,Ultra Slim Power Bank - White,Electronic accessories,35.78,46.98
SKU-15330,EcoLiving Rustic Candle - Clear,Home and lifestyle,65.55,87.71
SKU-15331,Velocity Ergonomic Travel Pillow - Neon Green,Sports and travel,21.65,33.68
SKU-15332,Aura Natural Perfume - 100ml,Health and beauty,10.08,15.41
SKU-15333,Trek Waterproof Yoga Mat - Blue (V4),Sports and travel,44.28,66.38
SKU-15334,Pulse Bluetooth Adapter - Blue,Electronic accessories,121.44,176.68
SKU-15335,Motion Compact Jump Rope - Neon Green,Sports and travel,73.75,97.8
SKU-15336,Clear Natural Shampoo - Pack of 2,Health and beauty,62.33,99.39
SKU-15337,ProFit Breathable Dumbbells - Red (V16),Sports and travel,5.28,6.79
SKU-15338,Pure Salted Cereal - 1L,Food and beverages,19.39,23.79
SKU-15339,Vogue Polarized Tie - Rose Gold,Fashion accessories,28.58,38.86
SKU-15340,Active Waterproof Jump Rope - Grey,Sports and travel,77.54,119.15
SKU-15341,Vogue Leather Watch - Rose Gold (V58),Fashion accessories,56.16,81.14
SKU-15342,FarmFresh Spicy Juice - 1Kg,Food and beverages,16.95,20.73
SKU-15343,Organic Gluten-Free Honey - 500g (V48),Food and beverages,8.63,10.94
SKU-15344,Velocity Breathable Backpack - Red,Sports and travel,15.28,21.43
SKU-15345,TechPro Slim Mouse - Red,Electronic accessories,113.93,139.6
SKU-15346,Eco Slim Keyboard - Black,Electronic accessories,133.36,199.82
SKU-15347,Vital Organic Body Lotion - 100ml,Health and beauty,51.13,69.38
SKU-15348,Daily Roasted Cereal - 500ml,Food and beverages,13.81,16.84
SKU-15349,Pure Soothing Conditioner - 150g,Health and beauty,41.89,54.0
SKU-15350,FarmFresh Sweet Cookies - 500g (V38),Food and beverages,15.03,17.87
SKU-15351,Aero Waterproof Yoga Mat - Red,Sports and travel,6.92,9.27
SKU-15352,Classic Denim Hat - Navy,Fashion accessories,56.35,73.23
SKU-15353,Clear Natural Deodorant - 150g,Health and beauty,72.05,103.91
SKU-15354,Trek Waterproof Gym Bag - Black (V17),Sports and travel,62.14,81.33
SKU-15355,Luxe Leather Handbag - Rose Gold,Fashion accessories,57.84,84.15
SKU-15356,Essence Natural Body Wash - 50ml (V69),Health and beauty,15.55,23.61
SKU-15357,Classic Glass Candle - White,Home and lifestyle,58.26,77.2
SKU-15358,Summit Compact Yoga Mat - Blue,Sports and travel,31.32,48.9
SKU-15359,Peak Ergonomic Resistance Bands - Blue (V4),Sports and travel,58.96,74.99
SKU-15360,Vital Hydrating Face Cream - 100ml (V39),Health and beauty,71.89,111.71
SKU-15361,Classic Glass Cushion - Beige (V48),Home and lifestyle,75.12,104.58
SKU-15362,Modern Cotton Table Lamp - Clear (V2),Home and lifestyle,13.59,19.8
SKU-15363,Chic Vintage Hat - Brown,Fashion accessories,44.84,57.56
SKU-15364,Nova Heavy Duty Earbuds - Red,Electronic accessories,49.65,62.38
SKU-15365,Derma Natural Perfume - Pack of 2,Health and beauty,49.98,64.63
SKU-15366,Vogue Denim Gloves - Gold,Fashion accessories,41.81,57.34
SKU-15367,HomeStyle Minimalist Table Lamp - Beige (V67),Home and lifestyle,60.07,89.04
SKU-15368,Aura Organic Perfume - Travel Size,Health and beauty,45.91,59.67
SKU-15369,Aura Hydrating Lip Balm - Travel Size (V32),Health and beauty,70.52,89.41
SKU-15370,Urban Stainless Steel Cushion - Beige,Home and lifestyle,41.84,59.76
SKU-15371,Tasty Spicy Chocolate - 250g (V33),Food and beverages,3.7,4.72
SKU-15372,ProFit Ergonomic Tent - Red (V58),Sports and travel,22.14,31.06
SKU-15373,Radiant Oil-Free Serum - 150g,Health and beauty,58.15,73.08
SKU-15374,LuxeHome Wooden Coffee Mug - Oak,Home and lifestyle,53.75,77.3
SKU-15375,Giga Mini Webcam - Blue,Electronic accessories,120.97,152.75
SKU-15376,Active Waterproof Tent - Black (V21),Sports and travel,45.84,72.65
SKU-15377,Derma Natural Lip Balm - 100ml,Health and beauty,23.46,34.02
SKU-15378,Premium Crunchy Olive Oil - 500g (V88),Food and beverages,15.21,18.13
SKU-15379,Cozy Wooden Cushion - Black,Home and lifestyle,44.53,60.07
SKU-15380,Modern Stainless Steel Table Lamp - Oak,Home and lifestyle,25.3,36.53
SKU-15381,Ultra Slim Keyboard - White,Electronic accessories,27.22,34.15
SKU-15382,Tasty Roasted Chocolate - 1Kg,Food and beverages,4.94,6.12
SKU-15383,Premium Gluten-Free Almonds - Pack of 6,Food and beverages,12.61,15.97
SKU-15384,Premium Crunchy Juice - 1L,Food and beverages,4.25,5.16
SKU-15385,Urban Rustic Cushion - Beige,Home and lifestyle,18.46,27.65
SKU-15386,LuxeHome Glass Cushion - Grey,Home and lifestyle,12.1,18.47
SKU-15387,ProFit Lightweight Sleeping Bag - Blue (V99),Sports and travel,58.04,81.62
SKU-15388,Cyber Portable Mouse - Silver,Electronic accessories,109.96,137.6
SKU-15389,Peak Compact Travel Pillow - Grey,Sports and travel,14.27,18.98
SKU-15390,Modern Cotton Coffee Mug - Beige,Home and lifestyle,22.73,35.82
SKU-15391,Motion Breathable Dumbbells - Red,Sports and travel,66.79,90.74
SKU-15392,Zen Minimalist Picture Frame - Clear,Home and lifestyle,12.69,18.66
SKU-15393,Cozy Cotton Wall Clock - Clear (V51),Home and lifestyle,74.96,105.52
SKU-15394,Urban Polarized Gloves - Black,Fashion accessories,55.22,74.88
SKU-15395,Trendy Leather Watch - Navy (V57),Fashion accessories,9.46,14.12
SKU-15396,Smart Wireless Cable - White,Electronic accessories,59.89,79.77
SKU-15397,Luxe Vintage Watch - Brown,Fashion accessories,10.73,17.05
SKU-15398,Retro Polarized Sunglasses - Gold,Fashion accessories,66.24,90.78
SKU-15399,Radiant Natural Sunscreen - 100ml,Health and beauty,29.31,44.99
SKU-15400,Premium Spicy Cereal - 500g,Food and beverages,6.27,7.67
SKU-15401,Retro Silk Wallet - Brown (V93),Fashion accessories,36.61,47.91
SKU-15402,Chic Leather Watch - Gold,Fashion accessories,34.83,51.97
SKU-15403,Eco Wireless Cable - White,Electronic accessories,65.3,85.42
SKU-15404,LuxeHome Ceramic Storage Box - Black,Home and lifestyle,34.41,50.4
SKU-15405,Urban Polarized Tie - Navy,Fashion accessories,8.63,11.51
SKU-15406,Trek Breathable Gym Bag - Blue,Sports and travel,66.49,88.86
SKU-15407,ProFit Durable Sleeping Bag - Grey (V80),Sports and travel,59.95,77.37
SKU-15408,Luxe Denim Scarf - Black,Fashion accessories,75.27,117.28
SKU-15409,Aero Breathable Water Bottle - Black,Sports and travel,47.07,73.77
SKU-15410,Nova Mini Earbuds - Silver,Electronic accessories,65.19,81.91
SKU-15411,Pure Soothing Lip Balm - Pack of 2,Health and beauty,65.45,100.77
SKU-15412,Aero Lightweight Resistance Bands - Neon Green,Sports and travel,22.7,30.94
SKU-15413,Eco Heavy Duty Cable - White (V4),Electronic accessories,84.62,116.52
SKU-15414,Radiant Anti-Aging Body Wash - 100ml,Health and beauty,25.15,33.94
SKU-15415,Essence Soothing Lip Balm - Pack of 2,Health and beauty,36.61,51.64
SKU-15416,Pulse Fast-Charging Power Bank - Silver,Electronic accessories,29.72,44.37
SKU-15417,Velocity Waterproof Gym Bag - Grey,Sports and travel,13.94,17.61
SKU-15418,Cozy Glass Bed Sheets - Clear,Home and lifestyle,55.67,77.47
SKU-15419,Motion Durable Resistance Bands - Orange,Sports and travel,32.27,48.53
SKU-15420,Cyber Portable Charger - Silver,Electronic accessories,149.85,220.85
SKU-15421,Chic Polarized Belt - Silver (V91),Fashion accessories,30.38,42.41
SKU-15422,Pure Crunchy Chocolate - Pack of 6 (V28),Food and beverages,16.37,20.93
SKU-15423,Trek Durable Sleeping Bag - Red,Sports and travel,44.25,58.31
SKU-15424,Nova Slim Webcam - Black,Electronic accessories,87.52,113.48
SKU-15425,Nature's Spicy Cookies - 250g (V64),Food and beverages,3.53,4.34
SKU-15426,Luxe Leather Scarf - Navy (V55),Fashion accessories,10.41,15.84
SKU-15427,Classic Minimalist Vase - Oak,Home and lifestyle,51.88,65.97
SKU-15428,EcoLiving Minimalist Coffee Mug - Clear,Home and lifestyle,52.07,66.76
SKU-15429,Classic Glass Storage Box - Black,Home and lifestyle,43.29,60.71
SKU-15430,Daily Crunchy Olive Oil - 500ml (V64),Food and beverages,6.71,8.28
SKU-15431,Clear Soothing Face Cream - 150g,Health and beauty,37.12,46.79
SKU-15432,ProFit Ergonomic Yoga Mat - Neon Green,Sports and travel,45.44,64.62
SKU-15433,Nature's Roasted Juice - 500ml,Food and beverages,19.46,23.58
SKU-15434,Nature's Gluten-Free Olive Oil - 250g,Food and beverages,7.93,9.76
SKU-15435,Nova Mini Speaker - Blue,Electronic accessories,144.7,179.91
SKU-15436,Zen Wooden Cushion - Clear,Home and lifestyle,47.37,72.6
SKU-15437,ProFit Compact Dumbbells - Grey,Sports and travel,23.99,31.57
SKU-15438,Derma Organic Perfume - 100ml,Health and beauty,68.69,105.41
SKU-15439,Vogue Silk Watch - Gold,Fashion accessories,63.32,86.04
SKU-15440,HomeStyle Wooden Picture Frame - Black (V57),Home and lifestyle,53.68,73.19
SKU-15441,Nature's Gluten-Free Cereal - 250g,Food and beverages,16.25,20.28
SKU-15442,Aura Natural Body Lotion - Travel Size (V92),Health and beauty,11.52,18.06
SKU-15443,Aura Vitamin C Body Wash - 50ml (V50),Health and beauty,60.06,89.79
SKU-15444,Trendy Cotton Scarf - Black,Fashion accessories,31.21,39.14
SKU-15445,Glow Soothing Shampoo - 100ml,Health and beauty,20.65,28.25
SKU-15446,Classic Vintage Scarf - Silver,Fashion accessories,36.59,54.05
SKU-15447,Classic Leather Hat - Navy,Fashion accessories,30.87,41.8
SKU-15448,Classic Polarized Watch - Rose Gold,Fashion accessories,77.15,112.17
SKU-15449,Glow Oil-Free Shampoo - 50ml,Health and beauty,49.66,62.53
SKU-15450,Trek Breathable Resistance Bands - Red,Sports and travel,68.36,97.18
SKU-15451,Clear Vitamin C Face Cream - Travel Size,Health and beauty,53.17,79.28
SKU-15452,Golden Roasted Cookies - Pack of 6,Food and beverages,8.19,10.44
SKU-15453,Chic Vintage Gloves - Black (V95),Fashion accessories,36.24,47.51
SKU-15454,Giga Slim Mouse - Blue,Electronic accessories,33.4,40.44
SKU-15455,Ultra Portable Adapter - Grey (V96),Electronic accessories,70.86,87.68
SKU-15456,Cyber Heavy Duty Earbuds - Grey,Electronic accessories,70.06,97.11
SKU-15457,Active Waterproof Tent - Red (V71),Sports and travel,16.83,22.44
SKU-15458,Zen Minimalist Coffee Mug - Grey,Home and lifestyle,51.68,72.1
SKU-15459,Nova Mini Charger - Black,Electronic accessories,146.56,213.31
SKU-15460,Glow Hydrating Lip Balm - Pack of 2,Health and beauty,56.36,81.76
SKU-15461,Organic Gluten-Free Pasta - 1L,Food and beverages,15.12,19.22
SKU-15462,Nova Fast-Charging Mouse - Red,Electronic accessories,115.4,163.56
SKU-15463,Radiant Oil-Free Body Wash - 200ml (V49),Health and beauty,62.32,85.67
SKU-15464,Summit Lightweight Travel Pillow - Neon Green (V64),Sports and travel,7.04,10.56
SKU-15465,Summit Durable Sleeping Bag - Blue,Sports and travel,45.7,70.68
SKU-15466,Motion Durable Resistance Bands - Blue,Sports and travel,47.01,60.53
SKU-15467,Chic Canvas Sunglasses - Black,Fashion accessories,75.59,113.27
SKU-15468,Nova Bluetooth Earbuds - White,Electronic accessories,128.03,179.94
SKU-15469,ProFit Lightweight Gym Bag - Neon Green,Sports and travel,61.06,86.18
SKU-15470,Aura Anti-Aging Body Lotion - 50ml (V87),Health and beauty,25.01,38.64
SKU-15471,Cyber Bluetooth Keyboard - Red,Electronic accessories,149.46,200.42
SKU-15472,Glow Hydrating Shampoo - 150g,Health and beauty,48.78,71.76
SKU-15473,Cozy Ceramic Storage Box - Beige,Home and lifestyle,33.23,46.55
SKU-15474,Nature's Roasted Cereal - 1Kg (V35),Food and beverages,3.26,3.81
SKU-15475,Motion Durable Gym Bag - Grey (V99),Sports and travel,35.86,52.71
SKU-15476,Summit Breathable Dumbbells - Black,Sports and travel,79.4,113.41
SKU-15477,EcoLiving Ceramic Candle - Clear,Home and lifestyle,53.87,70.59
SKU-15478,Summit Compact Backpack - Black,Sports and travel,24.74,32.8
SKU-15479,Motion Durable Backpack - Blue,Sports and travel,51.28,68.53
SKU-15480,Pure Anti-Aging Body Wash - Travel Size,Health and beauty,72.33,111.4
SKU-15481,FarmFresh Roasted Chocolate - 500ml,Food and beverages,18.7,23.95
SKU-15482,Pure Organic Serum - 50ml,Health and beauty,58.05,87.86
SKU-15483,Daily Sweet Cookies - 1L,Food and beverages,5.45,6.45
SKU-15484,Active Compact Resistance Bands - Red,Sports and travel,70.02,88.01
SKU-15485,Premium Vegan Cookies - Pack of 6,Food and beverages,5.28,6.21
SKU-15486,Glow Anti-Aging Face Cream - Pack of 2 (V79),Health and beauty,39.68,56.72
SKU-15487,Classic Canvas Hat - Silver,Fashion accessories,41.49,60.26
SKU-15488,TechPro Wireless Headphones - White,Electronic accessories,20.11,25.16
SKU-15489,Zen Glass Candle - Black (V78),Home and lifestyle,14.48,20.21
SKU-15490,EcoLiving Wooden Storage Box - Clear (V31),Home and lifestyle,11.44,16.57
SKU-15491,Pulse Wireless Earbuds - Red,Electronic accessories,141.75,171.16
SKU-15492,HomeStyle Stainless Steel Vase - Clear,Home and lifestyle,15.86,20.3
SKU-15493,TechPro Heavy Duty Earbuds - Silver,Electronic accessories,124.39,163.06
SKU-15494,Eco Bluetooth Cable - Red (V42),Electronic accessories,31.38,43.73
SKU-15495,Modern Ceramic Wall Clock - Oak (V28),Home and lifestyle,16.82,24.14
SKU-15496,Velocity Ergonomic Tent - Red,Sports and travel,29.23,38.72
SKU-15497,Golden Gluten-Free Coffee Beans - 1L,Food and beverages,10.3,13.39
SKU-15498,Retro Vintage Wallet - Brown,Fashion accessories,26.34,33.55
SKU-15499,Pure Crunchy Chocolate - 500ml,Food and beverages,18.56,21.49
SKU-15500,Glow Organic Shampoo - 200ml (V59),Health and beauty,74.32,101.89
SKU-15501,Aero Breathable Gym Bag - Neon Green,Sports and travel,45.65,68.01
SKU-15502,Eco Bluetooth Earbuds - White (V88),Electronic accessories,102.66,139.63
SKU-15503,Nova Wireless Webcam - Red,Electronic accessories,109.02,131.25
SKU-15504,ProFit Waterproof Resistance Bands - Black,Sports and travel,50.02,66.69
SKU-15505,Chic Leather Handbag - Rose Gold,Fashion accessories,58.29,81.35
SKU-15506,Peak Breathable Jump Rope - Orange,Sports and travel,45.54,61.69
SKU-15507,Premium Crunchy Coffee Beans - 1Kg (V64),Food and beverages,16.41,19.31
SKU-15508,Urban Vintage Handbag - Silver (V29),Fashion accessories,16.93,24.76
SKU-15509,TechPro Portable Keyboard - Blue,Electronic accessories,106.0,153.87
SKU-15510,Derma Anti-Aging Conditioner - 150g (V3),Health and beauty,48.42,72.26
SKU-15511,Golden Sweet Coffee Beans - 500ml,Food and beverages,1.18,1.4
SKU-15512,Retro Leather Scarf - Silver (V33),Fashion accessories,57.45,85.29
SKU-15513,Chic Denim Backpack - Navy (V65),Fashion accessories,63.71,97.27
SKU-15514,Aero Lightweight Travel Pillow - Black,Sports and travel,27.31,43.5
SKU-15515,Vital Organic Body Wash - 50ml,Health and beauty,44.55,59.81
SKU-15516,Active Durable Sleeping Bag - Blue,Sports and travel,76.14,105.11
SKU-15517,Pure Anti-Aging Shampoo - 50ml,Health and beauty,26.02,35.73
SKU-15518,Vogue Denim Sunglasses - Gold (V52),Fashion accessories,32.22,50.17
SKU-15519,Trendy Canvas Sunglasses - Black (V35),Fashion accessories,56.33,82.99
SKU-15520,Premium Crunchy Olive Oil - 500g (V57),Food and beverages,11.21,13.24
SKU-15521,Urban Denim Tie - Black (V68),Fashion accessories,63.09,89.91
SKU-15522,Trendy Polarized Wallet - Gold,Fashion accessories,65.79,96.68
SKU-15523,Classic Canvas Scarf - Silver,Fashion accessories,16.17,22.07
SKU-15524,Nature's Sweet Juice - 250g,Food and beverages,17.61,21.45
SKU-15525,Derma Natural Shampoo - 200ml,Health and beauty,26.62,41.34
SKU-15526,Elite Canvas Backpack - Black,Fashion accessories,42.67,65.94
SKU-15527,EcoLiving Wooden Table Lamp - Clear,Home and lifestyle,63.15,94.58
SKU-15528,Nova Slim Charger - Blue (V45),Electronic accessories,81.88,112.45
SKU-15529,FarmFresh Salted Cereal - 250g,Food and beverages,1.74,2.11
SKU-15530,Aero Heavy-Duty Dumbbells - Grey,Sports and travel,38.47,50.28
SKU-15531,Smart Wireless Headphones - Red,Electronic accessories,135.02,191.34
SKU-15532,Luxe Leather Wallet - Silver,Fashion accessories,49.95,74.31
SKU-15533,EcoLiving Glass Wall Clock - Grey,Home and lifestyle,56.9,71.93
SKU-15534,Smart Slim Cable - White,Electronic accessories,61.33,74.56
SKU-15535,Modern Rustic Picture Frame - Clear,Home and lifestyle,73.68,109.33
SKU-15536,Urban Minimalist Candle - Black,Home and lifestyle,64.4,88.15
SKU-15537,Cyber Slim Mouse - White,Electronic accessories,27.76,41.38
SKU-15538,Premium Gluten-Free Honey - 500g (V10),Food and beverages,17.22,22.32
SKU-15539,ProFit Breathable Backpack - Grey,Sports and travel,49.05,76.29
SKU-15540,Modern Minimalist Vase - Black,Home and lifestyle,71.89,108.72
SKU-15541,Clear Soothing Body Wash - Travel Size,Health and beauty,45.6,67.17
SKU-15542,LuxeHome Cotton Candle - Beige,Home and lifestyle,67.38,93.05
SKU-15543,Vital Anti-Aging Face Cream - 100ml,Health and beauty,37.71,48.1
SKU-15544,Cyber Fast-Charging Adapter - Blue,Electronic accessories,102.73,139.34
SKU-15545,TechPro Fast-Charging Earbuds - White (V84),Electronic accessories,65.28,84.33
SKU-15546,Vogue Polarized Scarf - Silver (V21),Fashion accessories,62.95,95.16
SKU-15547,Chic Silk Hat - Black,Fashion accessories,37.13,50.51
SKU-15548,Organic Gluten-Free Chocolate - 500ml,Food and beverages,3.48,4.29
SKU-15549,Glow Soothing Deodorant - 100ml (V36),Health and beauty,78.75,113.75
SKU-15550,Smart Heavy Duty Cable - Silver,Electronic accessories,129.12,175.56
SKU-15551,Vital Natural Lip Balm - 50ml,Health and beauty,18.78,23.92
SKU-15552,Aura Vitamin C Deodorant - 100ml,Health and beauty,77.3,101.92
SKU-15553,Luxe Polarized Wallet - Silver,Fashion accessories,67.12,86.22
SKU-15554,Daily Crunchy Cereal - 1Kg,Food and beverages,7.82,9.97
SKU-15555,Organic Roasted Pasta - 500g,Food and beverages,6.87,8.04
SKU-15556,Vogue Leather Watch - Rose Gold (V93),Fashion accessories,62.63,88.96
SKU-15557,TechPro Heavy Duty Power Bank - Black,Electronic accessories,93.63,115.23
SKU-15558,Motion Durable Gym Bag - Blue,Sports and travel,11.56,14.82
SKU-15559,FarmFresh Roasted Juice - 1Kg,Food and beverages,7.53,9.31
SKU-15560,Nova Mini Earbuds - Red,Electronic accessories,102.78,139.8
SKU-15561,HomeStyle Stainless Steel Towel Set - Oak,Home and lifestyle,10.82,16.85
SKU-15562,Golden Crunchy Cereal - Pack of 6,Food and beverages,7.49,9.55
SKU-15563,Retro Leather Tie - Rose Gold,Fashion accessories,59.32,89.93
SKU-15564,Organic Crunchy Chocolate - Pack of 6 (V38),Food and beverages,17.22,19.84
SKU-15565,Ultra Wireless Headphones - Black,Electronic accessories,118.72,149.16
SKU-15566,Luxe Silk Watch - Rose Gold,Fashion accessories,41.69,53.71
SKU-15567,ProFit Compact Tent - Grey,Sports and travel,52.44,83.52
SKU-15568,Elite Vintage Tie - Brown,Fashion accessories,36.94,54.86
SKU-15569,HomeStyle Stainless Steel Storage Box - Beige,Home and lifestyle,12.01,16.84
SKU-15570,Motion Lightweight Sleeping Bag - Grey,Sports and travel,16.07,23.13
SKU-15571,Aero Heavy-Duty Backpack - Orange (V70),Sports and travel,42.04,58.25
SKU-15572,Glow Hydrating Body Wash - Travel Size,Health and beauty,64.24,81.23
SKU-15573,EcoLiving Rustic Vase - White,Home and lifestyle,66.75,102.88
SKU-15574,HomeStyle Wooden Candle - Grey (V10),Home and lifestyle,5.1,6.45
SKU-15575,Summit Durable Yoga Mat - Black,Sports and travel,40.18,61.92
SKU-15576,Radiant Vitamin C Shampoo - 200ml,Health and beauty,18.98,26.96
SKU-15577,Glow Natural Shampoo - 200ml (V76),Health and beauty,48.85,67.72
SKU-15578,Luxe Silk Handbag - Navy,Fashion accessories,7.19,9.0
SKU-15579,Organic Sweet Honey - Pack of 6,Food and beverages,6.08,7.77
SKU-15580,Peak Heavy-Duty Travel Pillow - Red,Sports and travel,78.78,116.77
SKU-15581,Trendy Denim Belt - Gold,Fashion accessories,64.99,94.94
SKU-15582,Tasty Gluten-Free Juice - 500g,Food and beverages,7.19,8.72
SKU-15583,Pure Sweet Cookies - 500ml,Food and beverages,14.17,18.25
SKU-15584,EcoLiving Rustic Coffee Mug - Black,Home and lifestyle,51.36,64.97
SKU-15585,TechPro Slim Adapter - Grey,Electronic accessories,149.79,215.04
SKU-15586,Aura Anti-Aging Face Cream - 150g,Health and beauty,21.58,32.23
SKU-15587,Radiant Soothing Body Wash - 100ml,Health and beauty,38.74,53.13
SKU-15588,Clear Vitamin C Body Lotion - 200ml,Health and beauty,54.44,84.95
SKU-15589,TechPro Heavy Duty Earbuds - Silver (V58),Electronic accessories,119.16,172.71
SKU-15590,FarmFresh Salted Honey - 1Kg,Food and beverages,1.81,2.12
SKU-15591,Ultra Wireless Keyboard - Silver,Electronic accessories,23.2,33.38
SKU-15592,Trendy Denim Watch - Gold,Fashion accessories,40.29,51.96
SKU-15593,Radiant Oil-Free Deodorant - 200ml,Health and beauty,54.02,84.78
SKU-15594,Clear Hydrating Body Lotion - 150g,Health and beauty,15.93,24.07
SKU-15595,Premium Gluten-Free Juice - 500g,Food and beverages,5.22,6.57
SKU-15596,Essence Natural Lip Balm - 150g,Health and beauty,68.04,103.77
SKU-15597,Trek Heavy-Duty Travel Pillow - Red,Sports and travel,22.22,32.75
SKU-15598,Urban Cotton Belt - Navy (V71),Fashion accessories,68.7,109.52
SKU-15599,Aero Durable Water Bottle - Orange (V31),Sports and travel,55.79,74.68
SKU-15600,Smart Portable Power Bank - Grey,Electronic accessories,136.84,185.14
SKU-15601,Luxe Polarized Scarf - Gold,Fashion accessories,48.25,63.93
SKU-15602,Luxe Cotton Tie - Silver,Fashion accessories,46.31,63.19
SKU-15603,Trendy Polarized Hat - Gold (V47),Fashion accessories,77.2,96.77
SKU-15604,Radiant Natural Sunscreen - 200ml (V97),Health and beauty,36.34,47.26
SKU-15605,Vital Natural Perfume - Travel Size,Health and beauty,70.11,104.49
SKU-15606,Retro Polarized Tie - Navy,Fashion accessories,74.28,111.34
SKU-15607,Nova Heavy Duty Power Bank - Silver,Electronic accessories,55.74,73.07
SKU-15608,Golden Crunchy Juice - 1L,Food and beverages,11.51,13.91
SKU-15609,Retro Polarized Backpack - Navy (V73),Fashion accessories,27.65,43.15
SKU-15610,Nova Portable Headphones - Red,Electronic accessories,130.76,191.72
SKU-15611,Vogue Cotton Backpack - Brown (V80),Fashion accessories,32.26,46.58
SKU-15612,Urban Ceramic Vase - Beige,Home and lifestyle,37.31,57.56
SKU-15613,Aero Heavy-Duty Sleeping Bag - Black,Sports and travel,7.53,10.78
SKU-15614,LuxeHome Minimalist Cushion - Clear (V79),Home and lifestyle,14.12,21.46
SKU-15615,Classic Wooden Table Lamp - Black,Home and lifestyle,63.24,83.95
SKU-15616,FarmFresh Roasted Coffee Beans - 500ml (V24),Food and beverages,4.75,6.09
SKU-15617,Glow Hydrating Body Lotion - 50ml,Health and beauty,59.04,75.16
SKU-15618,Elite Cotton Scarf - Gold,Fashion accessories,27.38,38.42
SKU-15619,Essence Soothing Sunscreen - 150g,Health and beauty,41.57,60.57
SKU-15620,Giga Portable Keyboard - Grey,Electronic accessories,60.97,86.13
SKU-15621,Essence Natural Conditioner - 100ml,Health and beauty,25.69,34.49
SKU-15622,Aura Natural Shampoo - 50ml,Health and beauty,78.64,123.75
SKU-15623,Luxe Polarized Hat - Rose Gold,Fashion accessories,51.64,68.03
SKU-15624,Giga Portable Mouse - Black (V28),Electronic accessories,104.16,150.6
SKU-15625,Giga Mini Webcam - White,Electronic accessories,39.56,53.02
SKU-15626,Urban Cotton Wall Clock - Oak,Home and lifestyle,13.09,20.76
SKU-15627,Classic Cotton Picture Frame - Grey,Home and lifestyle,48.23,66.88
SKU-15628,Classic Cotton Belt - Brown,Fashion accessories,40.98,59.89
SKU-15629,FarmFresh Gluten-Free Honey - 1Kg (V72),Food and beverages,6.8,8.78
SKU-15630,Giga Bluetooth Charger - Grey (V20),Electronic accessories,99.54,138.69
SKU-15631,Trendy Canvas Backpack - Silver,Fashion accessories,21.76,33.21
SKU-15632,Chic Leather Tie - Rose Gold,Fashion accessories,69.69,102.13
SKU-15633,Summit Breathable Tent - Black,Sports and travel,67.62,107.32
SKU-15634,Chic Leather Handbag - Silver,Fashion accessories,33.66,43.2
SKU-15635,Smart Portable Power Bank - Silver,Electronic accessories,72.5,105.15
SKU-15636,Nature's Sweet Juice - 500g,Food and beverages,12.8,15.44
SKU-15637,Ultra Wireless Earbuds - White,Electronic accessories,18.83,26.16
SKU-15638,Derma Oil-Free Conditioner - 200ml,Health and beauty,56.66,74.97
SKU-15639,Ultra Mini Charger - Grey,Electronic accessories,49.87,60.6
SKU-15640,Ultra Bluetooth Speaker - Silver,Electronic accessories,25.42,35.48
SKU-15641,Daily Crunchy Coffee Beans - 250g,Food and beverages,6.38,7.99
SKU-15642,EcoLiving Ceramic Storage Box - Black,Home and lifestyle,39.57,50.36
SKU-15643,Trendy Canvas Backpack - Rose Gold,Fashion accessories,40.29,52.14
SKU-15644,Cozy Cotton Bed Sheets - Clear,Home and lifestyle,65.03,88.82
SKU-15645,Cozy Stainless Steel Vase - Beige (V48),Home and lifestyle,18.56,23.32
SKU-15646,Urban Minimalist Vase - Black,Home and lifestyle,48.33,73.1
SKU-15647,Radiant Organic Body Lotion - 100ml (V18),Health and beauty,59.49,86.38
SKU-15648,Retro Silk Handbag - Rose Gold (V40),Fashion accessories,11.73,15.48
SKU-15649,Glow Organic Sunscreen - Travel Size,Health and beauty,57.08,80.21
SKU-15650,Aero Waterproof Resistance Bands - Orange,Sports and travel,76.19,100.68
SKU-15651,Active Breathable Backpack - Grey,Sports and travel,71.46,113.55
SKU-15652,Urban Minimalist Coffee Mug - Black,Home and lifestyle,60.04,81.86
SKU-15653,Premium Roasted Olive Oil - 250g (V54),Food and beverages,11.05,12.86
SKU-15654,Nature's Roasted Honey - 500g,Food and beverages,13.26,15.37
SKU-15655,Pure Hydrating Conditioner - 50ml (V16),Health and beauty,79.01,103.11
SKU-15656,Vital Natural Body Wash - 50ml,Health and beauty,36.53,46.34
SKU-15657,FarmFresh Vegan Cookies - 500g,Food and beverages,6.88,8.89
SKU-15658,Organic Vegan Almonds - 500g,Food and beverages,11.42,14.23
SKU-15659,Derma Organic Face Cream - 200ml,Health and beauty,33.04,48.89
SKU-15660,Trendy Leather Hat - Brown,Fashion accessories,27.71,35.68
SKU-15661,Retro Leather Scarf - Black,Fashion accessories,67.62,84.85
SKU-15662,Elite Leather Belt - Rose Gold,Fashion accessories,48.59,65.95
SKU-15663,Essence Oil-Free Body Wash - Pack of 2,Health and beauty,78.06,99.83
SKU-15664,Ultra Fast-Charging Headphones - Red,Electronic accessories,40.42,55.77
SKU-15665,Tasty Roasted Cookies - 1Kg,Food and beverages,17.75,21.34
SKU-15666,Modern Cotton Table Lamp - Beige,Home and lifestyle,6.47,8.26
SKU-15667,Cyber Bluetooth Cable - Black,Electronic accessories,112.53,152.94
SKU-15668,Tasty Crunchy Honey - 500ml (V26),Food and beverages,11.26,14.29
SKU-15669,Pure Roasted Honey - Pack of 6,Food and beverages,5.12,6.49
SKU-15670,Daily Salted Green Tea - 500g,Food and beverages,16.97,20.9
SKU-15671,Derma Vitamin C Lip Balm - 150g,Health and beauty,14.58,22.3
SKU-15672,TechPro Heavy Duty Mouse - Grey,Electronic accessories,130.28,182.71
SKU-15673,Pure Sweet Cookies - 1Kg,Food and beverages,19.68,23.39
SKU-15674,Vogue Denim Gloves - Rose Gold,Fashion accessories,36.45,56.29
SKU-15675,Luxe Leather Tie - Black,Fashion accessories,42.24,54.07
SKU-15676,Vogue Silk Gloves - Gold,Fashion accessories,79.38,109.29
SKU-15677,Classic Silk Belt - Black (V30),Fashion accessories,61.68,83.99
SKU-15678,Motion Ergonomic Water Bottle - Neon Green (V54),Sports and travel,13.39,18.36
SKU-15679,Aura Anti-Aging Serum - Pack of 2 (V96),Health and beauty,63.1,95.96
SKU-15680,Giga Wireless Webcam - Blue,Electronic accessories,53.94,68.41
SKU-15681,Essence Soothing Body Lotion - 50ml,Health and beauty,12.43,16.59
SKU-15682,Essence Soothing Conditioner - 150g,Health and beauty,27.75,43.79
SKU-15683,Eco Fast-Charging Earbuds - Black,Electronic accessories,19.46,25.26
SKU-15684,HomeStyle Cotton Wall Clock - Oak,Home and lifestyle,30.82,45.8
SKU-15685,EcoLiving Stainless Steel Bed Sheets - Beige,Home and lifestyle,65.02,97.91
SKU-15686,Aero Waterproof Sleeping Bag - Red,Sports and travel,61.41,95.78
SKU-15687,Smart Mini Headphones - Red,Electronic accessories,52.94,75.09
SKU-15688,Trendy Leather Tie - Navy (V12),Fashion accessories,76.58,106.54
SKU-15689,Modern Cotton Wall Clock - White (V19),Home and lifestyle,21.01,31.67
SKU-15690,Derma Natural Face Cream - 100ml,Health and beauty,70.99,104.95
SKU-15691,Summit Durable Water Bottle - Black (V6),Sports and travel,30.86,39.59
SKU-15692,Radiant Natural Face Cream - 100ml,Health and beauty,75.63,118.24
SKU-15693,Active Ergonomic Resistance Bands - Black,Sports and travel,22.55,30.21
SKU-15694,Glow Soothing Face Cream - 50ml,Health and beauty,26.79,39.12
SKU-15695,Nova Mini Keyboard - Blue,Electronic accessories,26.12,35.94
SKU-15696,Nature's Crunchy Cookies - 1Kg,Food and beverages,9.97,11.64
SKU-15697,ProFit Lightweight Water Bottle - Orange,Sports and travel,32.06,42.8
SKU-15698,Pulse Slim Power Bank - Black,Electronic accessories,24.6,33.0
SKU-15699,Nature's Spicy Pasta - 250g,Food and beverages,17.64,22.71
SKU-15700,Cozy Glass Table Lamp - Grey (V13),Home and lifestyle,63.79,101.3
SKU-15701,Glow Natural Serum - Travel Size,Health and beauty,21.87,34.03
SKU-15702,Aura Natural Conditioner - 100ml (V24),Health and beauty,65.54,84.23
SKU-15703,Peak Breathable Yoga Mat - Neon Green,Sports and travel,15.03,21.46
SKU-15704,Organic Gluten-Free Cookies - 500g,Food and beverages,10.64,12.44
SKU-15705,Organic Salted Pasta - Pack of 6,Food and beverages,16.05,19.56
SKU-15706,Premium Crunchy Cookies - 1L,Food and beverages,14.12,17.39
SKU-15707,Modern Minimalist Coffee Mug - Black,Home and lifestyle,16.21,23.19
SKU-15708,Nova Mini Webcam - Red,Electronic accessories,61.2,76.61
SKU-15709,Pure Gluten-Free Cookies - 1L,Food and beverages,2.29,2.95
SKU-15710,Ultra Portable Keyboard - White,Electronic accessories,53.55,70.35
SKU-15711,Smart Fast-Charging Adapter - Grey (V62),Electronic accessories,29.18,39.71
SKU-15712,Retro Polarized Belt - Navy (V48),Fashion accessories,57.15,84.74
SKU-15713,Aero Breathable Water Bottle - Blue (V57),Sports and travel,69.56,103.93
SKU-15714,Classic Cotton Gloves - Black,Fashion accessories,21.61,29.31
SKU-15715,ProFit Waterproof Backpack - Neon Green,Sports and travel,8.4,11.3
SKU-15716,Chic Cotton Belt - Black (V40),Fashion accessories,50.74,68.12
SKU-15717,Smart Fast-Charging Adapter - Grey (V92),Electronic accessories,66.3,86.63
SKU-15718,FarmFresh Spicy Honey - 500ml,Food and beverages,15.27,18.93
SKU-15719,Peak Breathable Tent - Red,Sports and travel,49.22,72.36
SKU-15720,Modern Cotton Candle - Grey,Home and lifestyle,24.62,38.53
SKU-15721,Summit Durable Resistance Bands - Red,Sports and travel,78.99,107.78
SKU-15722,Active Lightweight Gym Bag - Red,Sports and travel,15.57,22.51
SKU-15723,Pulse Portable Keyboard - Black,Electronic accessories,29.13,42.61
SKU-15724,Eco Wireless Cable - Blue,Electronic accessories,22.48,29.67
SKU-15725,LuxeHome Minimalist Bed Sheets - Black,Home and lifestyle,12.3,16.84
SKU-15726,Derma Organic Perfume - Travel Size,Health and beauty,23.24,35.9
SKU-15727,Motion Ergonomic Travel Pillow - Neon Green,Sports and travel,40.23,58.37
SKU-15728,ProFit Ergonomic Tent - Red (V86),Sports and travel,65.85,87.86
SKU-15729,Pulse Fast-Charging Power Bank - White,Electronic accessories,122.01,166.18
SKU-15730,Giga Wireless Power Bank - White,Electronic accessories,21.0,25.68
SKU-15731,Retro Polarized Belt - Gold,Fashion accessories,7.83,12.39
SKU-15732,Giga Portable Adapter - White,Electronic accessories,11.49,14.02
SKU-15733,Urban Minimalist Coffee Mug - Beige,Home and lifestyle,6.02,7.73
SKU-15734,Tasty Spicy Honey - 500g,Food and beverages,8.58,11.03
SKU-15735,HomeStyle Rustic Coffee Mug - Beige,Home and lifestyle,11.18,16.44
SKU-15736,HomeStyle Wooden Cushion - Black (V38),Home and lifestyle,20.56,28.68
SKU-15737,Premium Gluten-Free Honey - 500g (V7),Food and beverages,14.93,18.1
SKU-15738,Chic Silk Watch - Brown,Fashion accessories,74.8,112.56
SKU-15739,Peak Ergonomic Resistance Bands - Grey,Sports and travel,43.23,55.44
SKU-15740,Premium Spicy Cookies - 1Kg,Food and beverages,17.62,22.72
SKU-15741,Pulse Wireless Headphones - Grey,Electronic accessories,57.89,75.04
SKU-15742,HomeStyle Rustic Vase - White,Home and lifestyle,27.12,37.68
SKU-15743,Luxe Denim Backpack - Gold,Fashion accessories,53.27,82.21
SKU-15744,Active Compact Dumbbells - Grey,Sports and travel,46.08,59.31
SKU-15745,Urban Denim Scarf - Rose Gold (V29),Fashion accessories,30.64,39.8
SKU-15746,TechPro Portable Speaker - Red,Electronic accessories,38.56,50.69
SKU-15747,Urban Wooden Picture Frame - Beige (V43),Home and lifestyle,54.73,69.53
SKU-15748,Urban Vintage Gloves - Rose Gold,Fashion accessories,22.89,33.99
SKU-15749,Radiant Soothing Sunscreen - 200ml (V22),Health and beauty,55.3,88.45
SKU-15750,Essence Natural Shampoo - 100ml (V22),Health and beauty,28.75,44.18
SKU-15751,Vital Organic Body Lotion - Travel Size,Health and beauty,38.12,51.11
SKU-15752,Derma Oil-Free Deodorant - 100ml (V3),Health and beauty,75.1,96.27
SKU-15753,Giga Mini Speaker - Grey,Electronic accessories,59.92,79.75
SKU-15754,Clear Oil-Free Lip Balm - 50ml,Health and beauty,51.26,74.65
SKU-15755,Elite Denim Hat - Navy,Fashion accessories,41.21,56.61
SKU-15756,Ultra Fast-Charging Keyboard - Blue,Electronic accessories,15.78,22.22
SKU-15757,Daily Roasted Coffee Beans - 1L (V15),Food and beverages,10.46,12.35
SKU-15758,Active Ergonomic Jump Rope - Black,Sports and travel,10.32,14.37
SKU-15759,Pure Vegan Chocolate - 500ml,Food and beverages,10.23,12.54
SKU-15760,Vital Oil-Free Sunscreen - Travel Size,Health and beauty,12.77,16.49
SKU-15761,Velocity Waterproof Dumbbells - Red (V11),Sports and travel,32.57,50.94
SKU-15762,Chic Vintage Handbag - Gold (V72),Fashion accessories,45.71,65.68
SKU-15763,Pure Soothing Body Wash - Pack of 2 (V5),Health and beauty,33.72,46.69
SKU-15764,Luxe Denim Handbag - Gold,Fashion accessories,77.13,116.84
SKU-15765,Golden Salted Honey - Pack of 6,Food and beverages,13.88,17.62
SKU-15766,Eco Bluetooth Cable - Grey,Electronic accessories,76.63,92.34
SKU-15767,Trendy Canvas Backpack - Silver (V63),Fashion accessories,25.84,33.13
SKU-15768,Classic Ceramic Candle - Grey,Home and lifestyle,66.08,91.05
SKU-15769,HomeStyle Glass Storage Box - Black,Home and lifestyle,26.64,41.75
SKU-15770,Trendy Cotton Handbag - Black (V86),Fashion accessories,6.79,9.91
SKU-15771,Vogue Polarized Hat - Rose Gold,Fashion accessories,43.15,68.37
SKU-15772,Smart Wireless Mouse - White (V72),Electronic accessories,110.51,141.67
SKU-15773,Radiant Organic Sunscreen - Travel Size,Health and beauty,61.5,97.83
SKU-15774,Nature's Crunchy Green Tea - 500ml,Food and beverages,11.91,14.46
SKU-15775,Giga Mini Speaker - White,Electronic accessories,149.86,194.37
SKU-15776,Essence Vitamin C Perfume - 100ml (V91),Health and beauty,15.86,24.94
SKU-15777,Vogue Polarized Backpack - Navy (V85),Fashion accessories,63.04,86.94
SKU-15778,HomeStyle Ceramic Coffee Mug - Oak,Home and lifestyle,43.02,58.07
SKU-15779,Aero Waterproof Sleeping Bag - Black,Sports and travel,22.02,30.19
SKU-15780,EcoLiving Glass Candle - White,Home and lifestyle,54.23,69.97
SKU-15781,Smart Mini Mouse - Blue (V18),Electronic accessories,116.94,161.66
SKU-15782,Aero Breathable Water Bottle - Red,Sports and travel,46.23,60.74
SKU-15783,EcoLiving Minimalist Storage Box - Grey,Home and lifestyle,59.02,88.89
SKU-15784,Smart Bluetooth Adapter - Silver,Electronic accessories,138.32,199.18
SKU-15785,Summit Waterproof Jump Rope - Orange,Sports and travel,77.96,113.75
SKU-15786,Radiant Soothing Body Lotion - 100ml,Health and beauty,6.06,9.32
SKU-15787,Pure Anti-Aging Body Wash - 100ml,Health and beauty,23.35,34.53
SKU-15788,Essence Anti-Aging Perfume - Pack of 2 (V84),Health and beauty,33.9,47.15
SKU-15789,Chic Cotton Tie - Rose Gold,Fashion accessories,31.73,45.12
SKU-15790,Cyber Heavy Duty Adapter - Grey (V96),Electronic accessories,145.12,183.93
SKU-15791,Urban Polarized Belt - Navy,Fashion accessories,44.59,61.15
SKU-15792,Urban Denim Watch - Black,Fashion accessories,35.34,51.5
SKU-15793,Urban Ceramic Towel Set - Beige (V6),Home and lifestyle,54.18,83.53
SKU-15794,Urban Denim Gloves - Black,Fashion accessories,26.52,38.1
SKU-15795,Pure Oil-Free Shampoo - Travel Size,Health and beauty,48.96,66.33
SKU-15796,Luxe Silk Hat - Silver,Fashion accessories,79.22,111.64
SKU-15797,Luxe Leather Backpack - Brown,Fashion accessories,79.07,114.6
SKU-15798,Golden Sweet Pasta - 500ml (V38),Food and beverages,16.83,20.8
SKU-15799,Trendy Vintage Hat - Silver,Fashion accessories,59.92,92.44
SKU-15800,Eco Fast-Charging Headphones - Red,Electronic accessories,146.26,203.01
SKU-15801,Peak Durable Jump Rope - Blue (V66),Sports and travel,31.9,49.73
SKU-15802,Pure Anti-Aging Perfume - Pack of 2,Health and beauty,5.05,7.61
SKU-15803,Golden Sweet Olive Oil - 250g,Food and beverages,19.73,22.85
SKU-15804,Giga Slim Keyboard - Red,Electronic accessories,103.88,131.74
SKU-15805,Premium Gluten-Free Almonds - 250g,Food and beverages,5.86,6.84
SKU-15806,HomeStyle Wooden Vase - Black (V13),Home and lifestyle,35.04,49.17
SKU-15807,FarmFresh Sweet Chocolate - Pack of 6,Food and beverages,15.17,19.15
SKU-15808,Glow Anti-Aging Deodorant - Travel Size (V23),Health and beauty,39.96,62.68
SKU-15809,Urban Vintage Gloves - Gold (V38),Fashion accessories,51.74,80.14
SKU-15810,Motion Breathable Backpack - Orange,Sports and travel,7.82,12.35
SKU-15811,Derma Natural Face Cream - Travel Size,Health and beauty,42.9,65.31
SKU-15812,Cyber Fast-Charging Adapter - Grey (V62),Electronic accessories,132.61,173.45
SKU-15813,Classic Glass Table Lamp - Beige,Home and lifestyle,73.8,97.27
SKU-15814,Active Heavy-Duty Water Bottle - Black,Sports and travel,79.2,112.01
SKU-15815,Summit Durable Jump Rope - Orange,Sports and travel,18.8,25.14
SKU-15816,Vital Soothing Serum - Travel Size,Health and beauty,77.07,117.82
SKU-15817,Premium Crunchy Pasta - Pack of 6,Food and beverages,13.39,16.31
SKU-15818,Zen Wooden Table Lamp - Clear,Home and lifestyle,42.25,55.28
SKU-15819,Elite Polarized Handbag - Rose Gold (V71),Fashion accessories,54.82,82.14
SKU-15820,Classic Glass Table Lamp - Clear,Home and lifestyle,79.84,110.65
SKU-15821,Trek Ergonomic Jump Rope - Red,Sports and travel,53.01,68.11
SKU-15822,EcoLiving Rustic Wall Clock - Beige,Home and lifestyle,54.96,75.24
SKU-15823,Derma Natural Serum - 200ml,Health and beauty,19.33,27.15
SKU-15824,Classic Silk Handbag - Rose Gold,Fashion accessories,57.91,73.35
SKU-15825,LuxeHome Ceramic Cushion - Clear (V22),Home and lifestyle,48.58,65.47
SKU-15826,Summit Lightweight Travel Pillow - Blue,Sports and travel,11.3,17.78
SKU-15827,Pulse Heavy Duty Earbuds - Silver,Electronic accessories,129.16,172.94
SKU-15828,Luxe Polarized Watch - Gold,Fashion accessories,43.95,57.26
SKU-15829,Vital Hydrating Sunscreen - Pack of 2,Health and beauty,7.67,11.09
SKU-15830,Zen Minimalist Towel Set - Oak,Home and lifestyle,46.29,59.45
SKU-15831,Cozy Wooden Cushion - Black (V79),Home and lifestyle,68.39,92.94
SKU-15832,Smart Fast-Charging Earbuds - Blue,Electronic accessories,119.02,144.35
SKU-15833,Summit Ergonomic Jump Rope - Grey (V96),Sports and travel,72.09,108.33
SKU-15834,Nature's Spicy Honey - 1L,Food and beverages,6.78,8.39
SKU-15835,Chic Silk Watch - Rose Gold,Fashion accessories,71.14,90.04
SKU-15836,Urban Rustic Coffee Mug - Black,Home and lifestyle,64.21,84.93
SKU-15837,Peak Lightweight Tent - Neon Green,Sports and travel,47.92,67.94
SKU-15838,ProFit Waterproof Tent - Grey,Sports and travel,5.62,7.37
SKU-15839,Vogue Polarized Sunglasses - Black,Fashion accessories,40.57,56.24
SKU-15840,Cyber Heavy Duty Power Bank - Blue (V3),Electronic accessories,52.54,64.37
SKU-15841,Nature's Vegan Coffee Beans - 250g (V59),Food and beverages,16.92,20.14
SKU-15842,EcoLiving Glass Cushion - Clear,Home and lifestyle,39.28,59.99
SKU-15843,Chic Canvas Backpack - Navy,Fashion accessories,37.41,56.11
SKU-15844,Zen Ceramic Table Lamp - Beige,Home and lifestyle,21.88,30.67
SKU-15845,Smart Heavy Duty Cable - Red,Electronic accessories,99.87,136.95
SKU-15846,HomeStyle Rustic Table Lamp - Black,Home and lifestyle,17.03,25.5
SKU-15847,Motion Durable Dumbbells - Neon Green,Sports and travel,75.71,104.45
SKU-15848,TechPro Slim Keyboard - Blue,Electronic accessories,75.36,98.29
SKU-15849,Premium Gluten-Free Almonds - 1Kg,Food and beverages,10.71,13.8
SKU-15850,Elite Polarized Backpack - Gold,Fashion accessories,48.18,76.34
SKU-15851,Premium Gluten-Free Chocolate - 1L (V88),Food and beverages,8.55,9.85
SKU-15852,Clear Natural Lip Balm - 200ml,Health and beauty,18.35,26.27
SKU-15853,ProFit Durable Water Bottle - Orange (V51),Sports and travel,28.18,44.0
SKU-15854,LuxeHome Cotton Bed Sheets - White,Home and lifestyle,37.22,55.34
SKU-15855,Nova Slim Speaker - Red,Electronic accessories,130.05,185.49
SKU-15856,Peak Heavy-Duty Backpack - Orange,Sports and travel,77.27,118.4
SKU-15857,Aero Lightweight Travel Pillow - Red (V55),Sports and travel,72.82,112.42
SKU-15858,Clear Organic Body Wash - 200ml,Health and beauty,40.76,64.4
SKU-15859,Vital Hydrating Body Lotion - Pack of 2,Health and beauty,33.89,46.9
SKU-15860,LuxeHome Glass Coffee Mug - Grey (V84),Home and lifestyle,33.39,44.29
SKU-15861,Cyber Heavy Duty Keyboard - Blue,Electronic accessories,62.26,91.96
SKU-15862,Classic Polarized Gloves - Black,Fashion accessories,56.36,78.01
SKU-15863,Velocity Breathable Jump Rope - Neon Green,Sports and travel,21.54,27.11
SKU-15864,Trendy Vintage Handbag - Brown,Fashion accessories,46.8,69.03
SKU-15865,Pulse Heavy Duty Power Bank - Silver,Electronic accessories,112.46,146.97
SKU-15866,Giga Slim Cable - Blue,Electronic accessories,108.17,138.61
SKU-15867,Chic Denim Watch - Rose Gold,Fashion accessories,46.79,70.95
SKU-15868,Modern Rustic Towel Set - Oak,Home and lifestyle,10.7,15.97
SKU-15869,Summit Heavy-Duty Gym Bag - Black,Sports and travel,27.01,39.43
SKU-15870,Zen Ceramic Wall Clock - Beige,Home and lifestyle,58.48,88.37
SKU-15871,Smart Wireless Adapter - Black,Electronic accessories,43.43,61.89
SKU-15872,Ultra Fast-Charging Earbuds - Grey (V28),Electronic accessories,66.99,95.33
SKU-15873,Aura Organic Serum - Pack of 2,Health and beauty,68.73,92.38
SKU-15874,Cozy Cotton Cushion - Oak,Home and lifestyle,53.74,72.37
SKU-15875,FarmFresh Gluten-Free Almonds - 1Kg,Food and beverages,7.75,8.99
SKU-15876,Daily Salted Coffee Beans - 1Kg (V38),Food and beverages,18.46,21.61
SKU-15877,LuxeHome Cotton Candle - Beige (V73),Home and lifestyle,5.21,7.81
SKU-15878,EcoLiving Glass Candle - Grey (V23),Home and lifestyle,41.37,62.02
SKU-15879,Motion Breathable Sleeping Bag - Neon Green (V7),Sports and travel,73.52,109.98
SKU-15880,Luxe Leather Scarf - Black,Fashion accessories,67.99,93.8
SKU-15881,Clear Organic Sunscreen - 50ml,Health and beauty,42.62,63.29
SKU-15882,Aero Heavy-Duty Resistance Bands - Grey (V80),Sports and travel,44.72,69.65
SKU-15883,Luxe Canvas Hat - Navy,Fashion accessories,37.62,53.11
SKU-15884,Trek Waterproof Travel Pillow - Grey,Sports and travel,22.01,29.4
SKU-15885,ProFit Compact Water Bottle - Grey,Sports and travel,13.06,20.89
SKU-15886,Cyber Bluetooth Keyboard - Blue,Electronic accessories,121.85,162.06
SKU-15887,Motion Compact Resistance Bands - Blue,Sports and travel,36.05,57.48
SKU-15888,Organic Roasted Green Tea - 500g (V56),Food and beverages,17.71,22.57
SKU-15889,FarmFresh Salted Olive Oil - 250g,Food and beverages,12.38,14.79
SKU-15890,Summit Ergonomic Jump Rope - Neon Green,Sports and travel,51.51,79.81
SKU-15891,HomeStyle Wooden Wall Clock - Oak,Home and lifestyle,16.86,24.53
SKU-15892,Modern Wooden Cushion - Clear,Home and lifestyle,57.85,81.56
SKU-15893,Pure Natural Sunscreen - Travel Size,Health and beauty,72.99,96.77
SKU-15894,Daily Vegan Pasta - 500g,Food and beverages,12.63,16.14
SKU-15895,Velocity Lightweight Jump Rope - Neon Green (V64),Sports and travel,9.02,13.52
SKU-15896,Classic Rustic Storage Box - Oak,Home and lifestyle,58.29,83.05
SKU-15897,Chic Cotton Tie - Rose Gold (V12),Fashion accessories,64.86,91.86
SKU-15898,Aero Ergonomic Water Bottle - Grey,Sports and travel,37.2,49.41
SKU-15899,Tasty Sweet Juice - 1L,Food and beverages,15.1,19.49
SKU-15900,Radiant Soothing Body Wash - 50ml,Health and beauty,47.79,68.93
SKU-15901,Summit Waterproof Backpack - Neon Green,Sports and travel,64.96,97.62
SKU-15902,HomeStyle Rustic Storage Box - Grey,Home and lifestyle,33.51,50.66
SKU-15903,Urban Silk Watch - Gold (V86),Fashion accessories,56.9,81.02
SKU-15904,Vogue Canvas Wallet - Gold,Fashion accessories,72.54,94.13
SKU-15905,Vogue Denim Backpack - Brown,Fashion accessories,46.96,71.93
SKU-15906,Modern Stainless Steel Cushion - Grey,Home and lifestyle,30.48,43.67
SKU-15907,Smart Slim Earbuds - Black (V77),Electronic accessories,111.63,137.44
SKU-15908,EcoLiving Rustic Vase - Black (V56),Home and lifestyle,54.52,84.54
SKU-15909,Modern Ceramic Cushion - Clear,Home and lifestyle,46.86,74.45
SKU-15910,Zen Wooden Table Lamp - Beige (V23),Home and lifestyle,65.01,93.23
SKU-15911,Motion Heavy-Duty Dumbbells - Blue,Sports and travel,45.59,61.85
SKU-15912,Trendy Denim Hat - Silver,Fashion accessories,37.02,48.43
SKU-15913,Velocity Compact Dumbbells - Neon Green,Sports and travel,78.24,120.77
SKU-15914,Zen Ceramic Bed Sheets - Beige,Home and lifestyle,66.26,98.18
SKU-15915,Vogue Leather Backpack - Navy,Fashion accessories,70.32,105.07
SKU-15916,Luxe Polarized Belt - Black (V52),Fashion accessories,33.43,49.52
SKU-15917,Ultra Fast-Charging Charger - Red,Electronic accessories,16.56,21.08
SKU-15918,Pulse Portable Headphones - Black (V23),Electronic accessories,45.29,56.84
SKU-15919,Vogue Polarized Watch - Black,Fashion accessories,65.92,99.82
SKU-15920,Smart Wireless Speaker - Silver,Electronic accessories,126.8,163.14
SKU-15921,Daily Crunchy Honey - 500ml,Food and beverages,2.37,3.07
SKU-15922,Peak Ergonomic Travel Pillow - Black,Sports and travel,31.38,45.91
SKU-15923,Ultra Mini Charger - Blue,Electronic accessories,81.07,98.37
SKU-15924,Nova Wireless Keyboard - White,Electronic accessories,32.07,38.59
SKU-15925,Active Heavy-Duty Tent - Orange,Sports and travel,5.05,7.26
SKU-15926,Urban Ceramic Candle - Oak (V59),Home and lifestyle,30.57,42.25
SKU-15927,EcoLiving Ceramic Table Lamp - Black,Home and lifestyle,9.6,15.1
SKU-15928,Elite Polarized Scarf - Silver,Fashion accessories,32.35,43.01
SKU-15929,Motion Lightweight Tent - Orange,Sports and travel,16.75,22.65
SKU-15930,Classic Silk Scarf - Brown,Fashion accessories,9.4,13.71
SKU-15931,EcoLiving Wooden Vase - Beige,Home and lifestyle,59.17,93.59
SKU-15932,FarmFresh Sweet Pasta - 1Kg (V79),Food and beverages,17.64,21.5
SKU-15933,Classic Canvas Gloves - Brown (V75),Fashion accessories,77.65,122.76
SKU-15934,Smart Portable Headphones - Grey,Electronic accessories,120.42,174.51
SKU-15935,Trendy Polarized Gloves - Brown,Fashion accessories,65.97,92.33
SKU-15936,Pulse Wireless Mouse - Blue,Electronic accessories,44.63,58.57
SKU-15937,Premium Spicy Chocolate - 1L,Food and beverages,12.9,16.04
SKU-15938,Motion Compact Jump Rope - Grey,Sports and travel,62.94,99.17
SKU-15939,TechPro Mini Adapter - Black,Electronic accessories,83.13,101.58
SKU-15940,Active Compact Gym Bag - Blue,Sports and travel,39.07,53.64
SKU-15941,Derma Hydrating Conditioner - 200ml,Health and beauty,37.48,50.06
SKU-15942,Classic Silk Sunglasses - Gold,Fashion accessories,64.48,98.71
SKU-15943,TechPro Wireless Mouse - Silver,Electronic accessories,45.05,63.4
SKU-15944,Derma Organic Deodorant - 100ml,Health and beauty,73.72,103.48
SKU-15945,Smart Bluetooth Cable - Silver,Electronic accessories,87.34,108.02
SKU-15946,Pure Organic Lip Balm - 50ml,Health and beauty,55.65,75.46
SKU-15947,Giga Mini Speaker - Black,Electronic accessories,23.0,33.36
SKU-15948,Classic Glass Towel Set - Clear,Home and lifestyle,57.56,74.76
SKU-15949,EcoLiving Wooden Wall Clock - Black,Home and lifestyle,33.38,44.14
SKU-15950,EcoLiving Wooden Candle - Oak,Home and lifestyle,60.51,77.7
SKU-15951,Essence Organic Perfume - 200ml (V7),Health and beauty,32.33,47.8
SKU-15952,Eco Heavy Duty Keyboard - Red,Electronic accessories,26.57,32.3
SKU-15953,Trendy Denim Backpack - Rose Gold,Fashion accessories,13.86,20.96
SKU-15954,Vogue Canvas Scarf - Rose Gold (V14),Fashion accessories,16.79,21.01
SKU-15955,Ultra Portable Webcam - Black,Electronic accessories,66.24,86.93
SKU-15956,FarmFresh Roasted Almonds - 250g,Food and beverages,11.16,14.5
SKU-15957,HomeStyle Wooden Vase - White,Home and lifestyle,17.7,24.23
SKU-15958,Radiant Soothing Body Wash - 150g,Health and beauty,53.11,74.88
SKU-15959,Eco Mini Speaker - Red,Electronic accessories,110.66,155.42
SKU-15960,ProFit Waterproof Gym Bag - Grey,Sports and travel,57.04,88.16
SKU-15961,Aero Compact Backpack - Black,Sports and travel,65.66,95.02
SKU-15962,Vital Oil-Free Body Wash - 100ml,Health and beauty,36.53,55.19
SKU-15963,Active Lightweight Water Bottle - Red,Sports and travel,36.75,52.94
SKU-15964,Giga Slim Charger - Black,Electronic accessories,70.27,96.51
SKU-15965,Velocity Waterproof Sleeping Bag - Black,Sports and travel,33.33,53.23
SKU-15966,Derma Vitamin C Serum - 50ml (V53),Health and beauty,49.74,65.8
SKU-15967,Tasty Spicy Almonds - 500g,Food and beverages,16.04,18.65
SKU-15968,Retro Silk Belt - Navy (V82),Fashion accessories,16.52,24.67
SKU-15969,Nature's Vegan Olive Oil - 500g,Food and beverages,5.8,6.77
SKU-15970,Retro Denim Sunglasses - Gold,Fashion accessories,11.52,17.01
SKU-15971,Active Lightweight Resistance Bands - Blue,Sports and travel,53.4,85.1
SKU-15972,Retro Leather Tie - Gold,Fashion accessories,52.77,74.94
SKU-15973,Velocity Breathable Gym Bag - Blue,Sports and travel,8.35,12.3
SKU-15974,Motion Waterproof Resistance Bands - Red (V53),Sports and travel,27.62,44.06
SKU-15975,Radiant Oil-Free Lip Balm - 150g,Health and beauty,53.62,82.28
SKU-15976,Daily Crunchy Almonds - 1Kg,Food and beverages,4.25,5.35
SKU-15977,Premium Vegan Cookies - Pack of 6 (V32),Food and beverages,1.83,2.18
SKU-15978,Velocity Ergonomic Dumbbells - Blue (V75),Sports and travel,37.63,55.58
SKU-15979,Vogue Vintage Tie - Brown (V81),Fashion accessories,32.27,42.26
SKU-15980,Classic Wooden Towel Set - White,Home and lifestyle,59.55,89.91
SKU-15981,Peak Ergonomic Dumbbells - Grey,Sports and travel,79.57,126.36
SKU-15982,Aura Anti-Aging Body Lotion - 50ml (V67),Health and beauty,38.26,55.5
SKU-15983,Aero Lightweight Tent - Grey,Sports and travel,70.06,97.65
SKU-15984,Classic Leather Handbag - Rose Gold,Fashion accessories,76.51,99.61
SKU-15985,EcoLiving Glass Table Lamp - Clear,Home and lifestyle,12.13,18.2
SKU-15986,EcoLiving Cotton Table Lamp - Oak (V98),Home and lifestyle,10.41,14.81
SKU-15987,Active Lightweight Yoga Mat - Neon Green,Sports and travel,51.32,71.16
SKU-15988,Cyber Portable Speaker - Blue,Electronic accessories,54.34,69.85
SKU-15989,Summit Waterproof Resistance Bands - Orange,Sports and travel,30.11,45.84
SKU-15990,Cyber Mini Webcam - Grey (V10),Electronic accessories,48.63,62.18
SKU-15991,Pure Spicy Coffee Beans - 250g,Food and beverages,4.68,5.48
SKU-15992,Glow Hydrating Face Cream - Pack of 2,Health and beauty,35.53,48.11
SKU-15993,Trek Ergonomic Jump Rope - Blue,Sports and travel,17.6,25.37
SKU-15994,Peak Breathable Backpack - Neon Green (V16),Sports and travel,77.15,106.39
SKU-15995,Glow Hydrating Body Lotion - 100ml,Health and beauty,46.79,61.43
SKU-15996,LuxeHome Cotton Candle - Beige (V39),Home and lifestyle,47.26,59.63
SKU-15997,LuxeHome Cotton Table Lamp - Oak,Home and lifestyle,18.53,26.69
SKU-15998,Eco Bluetooth Headphones - Black,Electronic accessories,25.25,37.41
SKU-15999,Nova Bluetooth Adapter - Blue,Electronic accessories,101.2,122.46
SKU-16000,TechPro Slim Cable - White,Electronic accessories,84.89,124.98
SKU-16001,Aero Compact Water Bottle - Black (V13),Sports and travel,61.19,80.39
SKU-16002,Golden Spicy Olive Oil - 500g,Food and beverages,18.24,21.46
SKU-16003,Peak Heavy-Duty Gym Bag - Neon Green (V18),Sports and travel,52.94,82.8
SKU-16004,Classic Cotton Towel Set - Clear,Home and lifestyle,31.12,40.68
SKU-16005,Luxe Vintage Wallet - Black (V41),Fashion accessories,53.52,73.08
SKU-16006,Pure Spicy Almonds - 250g,Food and beverages,1.32,1.52
SKU-16007,ProFit Lightweight Sleeping Bag - Black,Sports and travel,12.07,15.47
SKU-16008,EcoLiving Glass Vase - Oak,Home and lifestyle,48.57,62.32
SKU-16009,Trendy Silk Handbag - Brown,Fashion accessories,54.5,70.65
SKU-16010,Urban Stainless Steel Bed Sheets - Clear (V38),Home and lifestyle,69.34,104.46
SKU-16011,Essence Natural Serum - 150g,Health and beauty,79.39,111.76
SKU-16012,Aura Natural Body Lotion - Pack of 2,Health and beauty,23.43,29.29
SKU-16013,Summit Lightweight Travel Pillow - Blue (V68),Sports and travel,55.33,79.45
SKU-16014,Derma Organic Lip Balm - 50ml,Health and beauty,56.41,88.49
SKU-16015,Nature's Crunchy Cookies - 500g (V4),Food and beverages,8.88,11.06
SKU-16016,Ultra Wireless Headphones - Silver,Electronic accessories,18.8,22.98
SKU-16017,Premium Crunchy Cereal - 1L,Food and beverages,8.85,10.8
SKU-16018,Motion Heavy-Duty Jump Rope - Red,Sports and travel,77.94,109.98
SKU-16019,Pulse Fast-Charging Charger - Blue,Electronic accessories,90.98,133.37
SKU-16020,ProFit Ergonomic Tent - Neon Green,Sports and travel,14.93,20.95
SKU-16021,Organic Roasted Cookies - 1L,Food and beverages,1.7,2.14
SKU-16022,TechPro Wireless Keyboard - White (V31),Electronic accessories,27.77,36.76
SKU-16023,Classic Cotton Tie - Brown,Fashion accessories,13.27,19.71
SKU-16024,Tasty Gluten-Free Cereal - Pack of 6,Food and beverages,5.5,6.47
SKU-16025,Cozy Wooden Storage Box - Clear,Home and lifestyle,32.55,40.76
SKU-16026,Derma Soothing Body Lotion - Travel Size,Health and beauty,65.23,92.35
SKU-16027,Glow Soothing Perfume - 150g (V61),Health and beauty,24.61,32.74
SKU-16028,Elite Polarized Tie - Black,Fashion accessories,49.94,73.88
SKU-16029,Vital Organic Sunscreen - 200ml (V25),Health and beauty,17.22,24.6
SKU-16030,Modern Ceramic Table Lamp - Clear,Home and lifestyle,26.43,42.03
SKU-16031,Luxe Silk Tie - Gold,Fashion accessories,76.9,116.76
SKU-16032,Ultra Fast-Charging Power Bank - Red,Electronic accessories,50.89,70.1
SKU-16033,Urban Denim Wallet - Gold,Fashion accessories,45.41,66.26
SKU-16034,Ultra Mini Charger - Black,Electronic accessories,50.16,67.82
SKU-16035,Pure Vegan Pasta - 1Kg,Food and beverages,6.13,7.07
SKU-16036,Peak Waterproof Gym Bag - Red,Sports and travel,52.05,73.11
SKU-16037,Cyber Bluetooth Webcam - Grey (V70),Electronic accessories,73.48,96.58
SKU-16038,Daily Salted Almonds - 250g (V18),Food and beverages,7.95,9.95
SKU-16039,Nature's Spicy Cereal - 1Kg,Food and beverages,15.98,18.87
SKU-16040,TechPro Fast-Charging Speaker - White,Electronic accessories,121.44,177.13
SKU-16041,Derma Anti-Aging Body Wash - 200ml,Health and beauty,62.86,92.53
SKU-16042,Derma Natural Shampoo - 200ml (V63),Health and beauty,34.25,48.48
SKU-16043,TechPro Portable Charger - Grey,Electronic accessories,92.66,131.23
SKU-16044,Elite Polarized Wallet - Silver,Fashion accessories,32.45,43.53
SKU-16045,Derma Natural Conditioner - 50ml,Health and beauty,21.14,28.0
SKU-16046,Classic Leather Handbag - Brown (V66),Fashion accessories,27.85,35.05
SKU-16047,Eco Slim Charger - Black (V36),Electronic accessories,23.64,35.0
SKU-16048,Giga Mini Speaker - Blue,Electronic accessories,72.98,92.88
SKU-16049,HomeStyle Rustic Cushion - Beige,Home and lifestyle,10.12,12.94
SKU-16050,Organic Vegan Pasta - 1Kg,Food and beverages,12.34,15.17
SKU-16051,Modern Ceramic Storage Box - White,Home and lifestyle,11.67,14.92
SKU-16052,Daily Sweet Cereal - 500ml (V77),Food and beverages,8.84,10.82
SKU-16053,Peak Waterproof Travel Pillow - Orange (V75),Sports and travel,77.55,117.47
SKU-16054,Classic Silk Backpack - Black,Fashion accessories,77.81,102.13
SKU-16055,Aero Compact Sleeping Bag - Grey (V88),Sports and travel,15.09,20.43
SKU-16056,Eco Wireless Keyboard - White (V38),Electronic accessories,105.45,135.12
SKU-16057,FarmFresh Vegan Almonds - 500ml (V55),Food and beverages,2.25,2.75
SKU-16058,Cyber Portable Adapter - White (V81),Electronic accessories,80.56,101.15
SKU-16059,Glow Vitamin C Perfume - 150g,Health and beauty,68.32,97.07
SKU-16060,Pulse Mini Cable - White (V40),Electronic accessories,133.82,187.67
SKU-16061,Trek Durable Jump Rope - Orange,Sports and travel,79.78,123.46
SKU-16062,EcoLiving Minimalist Wall Clock - Clear,Home and lifestyle,37.81,57.21
SKU-16063,Summit Waterproof Gym Bag - Orange (V44),Sports and travel,70.29,104.65
SKU-16064,ProFit Heavy-Duty Jump Rope - Neon Green (V7),Sports and travel,39.43,55.64
SKU-16065,Cozy Ceramic Cushion - Grey,Home and lifestyle,23.32,34.95
SKU-16066,Nova Fast-Charging Charger - Grey,Electronic accessories,91.55,128.42
SKU-16067,Peak Breathable Resistance Bands - Neon Green,Sports and travel,54.76,71.66
SKU-16068,Clear Hydrating Lip Balm - Pack of 2 (V13),Health and beauty,78.33,124.14
SKU-16069,Daily Gluten-Free Pasta - 250g,Food and beverages,12.53,15.55
SKU-16070,Eco Heavy Duty Cable - Blue,Electronic accessories,139.62,184.37
SKU-16071,Smart Wireless Earbuds - Black,Electronic accessories,75.25,95.58
SKU-16072,Motion Compact Tent - Red,Sports and travel,42.34,66.19
SKU-16073,Pure Natural Body Lotion - 150g,Health and beauty,27.39,43.12
SKU-16074,Giga Fast-Charging Keyboard - White,Electronic accessories,133.74,163.32
SKU-16075,Modern Minimalist Picture Frame - Beige,Home and lifestyle,54.58,69.18
SKU-16076,FarmFresh Gluten-Free Juice - 250g (V43),Food and beverages,11.61,13.58
SKU-16077,Nature's Sweet Cookies - 1Kg,Food and beverages,16.94,20.16
SKU-16078,Glow Vitamin C Body Wash - 200ml,Health and beauty,40.03,51.75
SKU-16079,EcoLiving Stainless Steel Bed Sheets - Grey,Home and lifestyle,56.22,89.45
SKU-16080,Glow Oil-Free Face Cream - Pack of 2,Health and beauty,28.67,38.89
SKU-16081,Elite Canvas Handbag - Rose Gold (V75),Fashion accessories,39.34,60.46
SKU-16082,Elite Canvas Tie - Gold,Fashion accessories,22.57,29.42
SKU-16083,Zen Ceramic Towel Set - Clear,Home and lifestyle,29.12,46.15
SKU-16084,Chic Canvas Sunglasses - Black (V99),Fashion accessories,21.31,32.26
SKU-16085,Trek Lightweight Tent - Grey,Sports and travel,79.7,125.53
SKU-16086,Pure Salted Cereal - Pack of 6,Food and beverages,2.29,2.78
SKU-16087,Trek Breathable Water Bottle - Black,Sports and travel,16.85,25.69
SKU-16088,Pulse Mini Power Bank - Red (V20),Electronic accessories,10.47,12.95
SKU-16089,Derma Soothing Body Wash - 50ml,Health and beauty,36.87,55.06
SKU-16090,Clear Anti-Aging Deodorant - 150g,Health and beauty,30.4,47.41
SKU-16091,Modern Ceramic Candle - Black,Home and lifestyle,43.55,60.93
SKU-16092,Essence Anti-Aging Body Lotion - 50ml,Health and beauty,12.22,15.59
SKU-16093,Essence Soothing Shampoo - 200ml (V91),Health and beauty,10.69,14.89
SKU-16094,Tasty Gluten-Free Chocolate - 250g,Food and beverages,17.71,20.49
SKU-16095,Trendy Silk Tie - Brown,Fashion accessories,15.28,22.74
SKU-16096,HomeStyle Minimalist Table Lamp - Clear,Home and lifestyle,16.5,23.5
SKU-16097,Eco Fast-Charging Adapter - Grey,Electronic accessories,33.08,49.32
SKU-16098,Eco Slim Headphones - Blue (V42),Electronic accessories,87.59,118.65
SKU-16099,Golden Salted Coffee Beans - 250g,Food and beverages,4.25,5.31
SKU-16100,Clear Soothing Body Lotion - Pack of 2,Health and beauty,44.86,61.97
SKU-16101,Clear Hydrating Conditioner - 50ml,Health and beauty,58.5,88.96
SKU-16102,Pure Natural Serum - Travel Size,Health and beauty,64.02,96.58
SKU-16103,Radiant Natural Lip Balm - 150g,Health and beauty,10.38,13.87
SKU-16104,Vogue Leather Gloves - Navy,Fashion accessories,54.83,86.9
SKU-16105,Nature's Spicy Cereal - 1L,Food and beverages,10.95,13.88
SKU-16106,TechPro Heavy Duty Webcam - Red,Electronic accessories,83.19,107.09
SKU-16107,Chic Canvas Tie - Silver (V21),Fashion accessories,24.17,32.06
SKU-16108,Chic Polarized Handbag - Brown,Fashion accessories,18.8,25.07
SKU-16109,Radiant Hydrating Conditioner - 50ml (V14),Health and beauty,20.32,31.58
SKU-16110,Retro Vintage Tie - Black,Fashion accessories,70.96,107.09
SKU-16111,Urban Vintage Sunglasses - Gold (V38),Fashion accessories,9.45,14.54
SKU-16112,Nature's Sweet Honey - 250g,Food and beverages,3.52,4.18
SKU-16113,Summit Breathable Resistance Bands - Neon Green,Sports and travel,55.84,88.0
SKU-16114,Chic Cotton Watch - Black (V9),Fashion accessories,42.67,64.59
SKU-16115,Classic Cotton Table Lamp - Beige,Home and lifestyle,35.33,49.72
SKU-16116,Urban Ceramic Bed Sheets - Oak,Home and lifestyle,46.09,63.97
SKU-16117,Vogue Leather Gloves - Black,Fashion accessories,21.72,33.73
SKU-16118,Motion Durable Yoga Mat - Grey,Sports and travel,65.27,87.33
SKU-16119,Daily Crunchy Juice - 250g (V58),Food and beverages,7.88,9.87
SKU-16120,Zen Wooden Table Lamp - White,Home and lifestyle,53.22,67.43
SKU-16121,Summit Compact Dumbbells - Blue,Sports and travel,10.33,14.08
SKU-16122,Vital Anti-Aging Deodorant - 150g (V69),Health and beauty,78.85,107.65
SKU-16123,Velocity Heavy-Duty Sleeping Bag - Grey,Sports and travel,12.09,17.06
SKU-16124,Ultra Bluetooth Power Bank - Silver,Electronic accessories,92.53,138.58
SKU-16125,Pure Hydrating Serum - Travel Size (V45),Health and beauty,76.58,122.44
SKU-16126,Premium Salted Cereal - Pack of 6,Food and beverages,14.81,18.9
SKU-16127,Urban Cotton Wallet - Silver,Fashion accessories,37.66,51.47
SKU-16128,HomeStyle Glass Wall Clock - White,Home and lifestyle,27.81,38.53
SKU-16129,EcoLiving Glass Candle - Clear,Home and lifestyle,16.89,22.06
SKU-16130,Daily Vegan Pasta - 500g (V21),Food and beverages,3.52,4.27
SKU-16131,Luxe Denim Sunglasses - Gold,Fashion accessories,26.4,34.59
SKU-16132,Vogue Canvas Hat - Black (V21),Fashion accessories,37.62,59.39
SKU-16133,Chic Leather Handbag - Navy,Fashion accessories,19.53,25.07
SKU-16134,FarmFresh Vegan Cookies - 500g (V20),Food and beverages,2.13,2.58
SKU-16135,Active Breathable Yoga Mat - Blue,Sports and travel,59.54,76.28
SKU-16136,Pulse Bluetooth Earbuds - Grey,Electronic accessories,146.26,175.83
SKU-16137,Smart Heavy Duty Speaker - White (V27),Electronic accessories,20.31,28.41
SKU-16138,TechPro Bluetooth Mouse - Grey (V68),Electronic accessories,117.39,154.97
SKU-16139,Active Heavy-Duty Resistance Bands - Neon Green,Sports and travel,12.67,16.47
SKU-16140,Modern Ceramic Storage Box - Black,Home and lifestyle,40.99,61.27
SKU-16141,Nature's Crunchy Cereal - 500g,Food and beverages,18.24,21.47
SKU-16142,Modern Cotton Storage Box - White (V99),Home and lifestyle,21.96,32.92
SKU-16143,Aero Breathable Sleeping Bag - Neon Green (V21),Sports and travel,43.19,61.17
SKU-16144,Smart Bluetooth Keyboard - Red,Electronic accessories,35.45,43.26
SKU-16145,Luxe Leather Wallet - Gold,Fashion accessories,22.33,31.63
SKU-16146,Chic Polarized Scarf - Silver,Fashion accessories,28.16,36.85
SKU-16147,Retro Cotton Wallet - Brown (V54),Fashion accessories,68.11,101.37
SKU-16148,HomeStyle Ceramic Coffee Mug - Black (V8),Home and lifestyle,21.37,28.51
SKU-16149,Modern Stainless Steel Cushion - Black,Home and lifestyle,30.5,46.54
SKU-16150,HomeStyle Rustic Cushion - Oak (V83),Home and lifestyle,31.51,43.34
SKU-16151,Zen Glass Table Lamp - White,Home and lifestyle,60.29,78.02
SKU-16152,ProFit Compact Backpack - Neon Green,Sports and travel,34.23,47.89
SKU-16153,Nova Slim Power Bank - Blue,Electronic accessories,70.58,88.6
SKU-16154,Cyber Heavy Duty Webcam - Red,Electronic accessories,20.41,25.99
SKU-16155,Pure Salted Chocolate - 500g,Food and beverages,19.68,23.08
SKU-16156,Tasty Salted Olive Oil - 250g (V15),Food and beverages,4.19,5.12
SKU-16157,Pure Natural Face Cream - 200ml,Health and beauty,24.09,34.72
SKU-16158,Motion Lightweight Dumbbells - Neon Green,Sports and travel,48.63,76.47
SKU-16159,LuxeHome Minimalist Wall Clock - Beige,Home and lifestyle,26.52,42.19
SKU-16160,Cyber Bluetooth Headphones - Silver (V31),Electronic accessories,59.57,77.21
SKU-16161,LuxeHome Ceramic Vase - Grey,Home and lifestyle,75.3,114.65
SKU-16162,Daily Roasted Coffee Beans - 500ml,Food and beverages,6.2,7.66
SKU-16163,Eco Portable Webcam - Blue,Electronic accessories,42.0,60.62
SKU-16164,Nova Heavy Duty Earbuds - Blue,Electronic accessories,144.29,203.8
SKU-16165,Essence Soothing Deodorant - 50ml,Health and beauty,79.17,124.3
SKU-16166,Pure Hydrating Body Lotion - 100ml,Health and beauty,18.55,24.34
SKU-16167,Organic Vegan Almonds - Pack of 6,Food and beverages,14.01,17.24
SKU-16168,Peak Lightweight Tent - Orange,Sports and travel,27.28,42.26
SKU-16169,Tasty Gluten-Free Pasta - 500g,Food and beverages,4.14,4.82
SKU-16170,Active Waterproof Yoga Mat - Orange,Sports and travel,52.39,65.81
SKU-16171,Classic Wooden Vase - Grey,Home and lifestyle,54.77,82.02
SKU-16172,Vogue Silk Scarf - Black,Fashion accessories,8.06,10.56
SKU-16173,Summit Waterproof Backpack - Blue,Sports and travel,54.94,74.34
SKU-16174,Trendy Polarized Scarf - Silver,Fashion accessories,34.73,49.5
SKU-16175,Classic Ceramic Storage Box - Clear,Home and lifestyle,8.89,13.89
SKU-16176,Derma Hydrating Body Lotion - 50ml,Health and beauty,58.19,91.67
SKU-16177,Essence Hydrating Deodorant - 50ml,Health and beauty,54.97,76.1
SKU-16178,FarmFresh Gluten-Free Coffee Beans - 500g (V71),Food and beverages,2.09,2.67
SKU-16179,TechPro Bluetooth Power Bank - Black (V91),Electronic accessories,45.63,64.13
SKU-16180,Daily Spicy Coffee Beans - 1L,Food and beverages,10.67,12.4
SKU-16181,Elite Denim Wallet - Black,Fashion accessories,5.22,7.9
SKU-16182,Tasty Roasted Almonds - 1L (V77),Food and beverages,17.15,20.13
SKU-16183,TechPro Heavy Duty Headphones - Grey,Electronic accessories,72.8,105.34
SKU-16184,Urban Leather Tie - Brown (V97),Fashion accessories,61.93,95.87
SKU-16185,Smart Heavy Duty Adapter - Blue (V51),Electronic accessories,106.44,157.92
SKU-16186,TechPro Mini Mouse - Blue,Electronic accessories,90.07,125.14
SKU-16187,Summit Durable Sleeping Bag - Neon Green,Sports and travel,21.97,29.75
SKU-16188,Cyber Fast-Charging Keyboard - Black (V25),Electronic accessories,141.19,172.59
SKU-16189,Pure Gluten-Free Olive Oil - 500g,Food and beverages,4.04,5.2
SKU-16190,Nature's Vegan Cereal - 1L,Food and beverages,12.73,15.84
SKU-16191,Essence Hydrating Body Wash - Travel Size,Health and beauty,12.2,18.19
SKU-16192,Urban Leather Scarf - Silver,Fashion accessories,25.87,35.71
SKU-16193,Tasty Roasted Juice - 500ml,Food and beverages,3.4,4.35
SKU-16194,FarmFresh Vegan Olive Oil - 1Kg,Food and beverages,8.12,10.01
SKU-16195,Zen Glass Candle - Oak,Home and lifestyle,44.46,59.49
SKU-16196,Golden Gluten-Free Honey - 250g,Food and beverages,2.32,2.87
SKU-16197,Summit Heavy-Duty Backpack - Red,Sports and travel,64.91,90.79
SKU-16198,Active Durable Gym Bag - Red,Sports and travel,51.78,71.09
SKU-16199,Motion Ergonomic Resistance Bands - Orange,Sports and travel,62.46,91.89
SKU-16200,Smart Slim Earbuds - White,Electronic accessories,35.29,49.93
SKU-16201,Urban Cotton Wall Clock - White,Home and lifestyle,69.98,110.0
SKU-16202,Zen Minimalist Storage Box - White,Home and lifestyle,36.68,55.91
SKU-16203,Pure Roasted Almonds - 250g (V41),Food and beverages,19.4,23.05
SKU-16204,Clear Anti-Aging Perfume - Pack of 2,Health and beauty,71.19,89.69
SKU-16205,Zen Cotton Table Lamp - Oak (V84),Home and lifestyle,65.3,93.96
SKU-16206,Classic Ceramic Table Lamp - Beige (V3),Home and lifestyle,37.12,52.44
SKU-16207,Essence Organic Body Lotion - 200ml,Health and beauty,16.67,22.09
SKU-16208,Classic Silk Wallet - Black,Fashion accessories,16.56,25.6
SKU-16209,Golden Vegan Olive Oil - 1L,Food and beverages,19.46,23.9
SKU-16210,Eco Slim Headphones - Blue (V44),Electronic accessories,136.41,185.66
SKU-16211,Essence Hydrating Serum - 100ml,Health and beauty,41.32,64.36
SKU-16212,Aero Heavy-Duty Tent - Grey,Sports and travel,29.32,38.52
SKU-16213,Premium Vegan Honey - Pack of 6,Food and beverages,16.6,19.58
SKU-16214,Active Compact Backpack - Black,Sports and travel,79.6,124.26
SKU-16215,Luxe Silk Scarf - Silver,Fashion accessories,64.35,98.19
SKU-16216,Aero Compact Backpack - Black (V99),Sports and travel,60.54,79.59
SKU-16217,FarmFresh Salted Almonds - 500ml,Food and beverages,10.89,13.22
SKU-16218,Cozy Ceramic Table Lamp - Beige,Home and lifestyle,38.16,51.42
SKU-16219,EcoLiving Wooden Towel Set - Beige,Home and lifestyle,30.51,45.92
SKU-16220,Giga Portable Power Bank - White,Electronic accessories,94.08,139.22
SKU-16221,Motion Compact Water Bottle - Neon Green,Sports and travel,53.63,78.11
SKU-16222,Peak Lightweight Travel Pillow - Black,Sports and travel,35.25,44.73
SKU-16223,Radiant Vitamin C Deodorant - Pack of 2,Health and beauty,50.92,69.04
SKU-16224,TechPro Mini Headphones - Blue,Electronic accessories,90.09,123.5
SKU-16225,ProFit Ergonomic Water Bottle - Black,Sports and travel,13.54,21.34
SKU-16226,Aura Organic Serum - 200ml,Health and beauty,9.37,13.93
SKU-16227,Trendy Canvas Wallet - Gold,Fashion accessories,9.4,13.25
SKU-16228,Tasty Vegan Olive Oil - 1L,Food and beverages,10.8,13.0
SKU-16229,Luxe Silk Scarf - Navy (V15),Fashion accessories,79.34,103.59
SKU-16230,Retro Leather Hat - Navy,Fashion accessories,35.58,51.21
SKU-16231,FarmFresh Crunchy Cereal - 1L,Food and beverages,1.08,1.4
SKU-16232,Modern Stainless Steel Wall Clock - Beige,Home and lifestyle,16.34,20.54
SKU-16233,Organic Roasted Coffee Beans - 500ml,Food and beverages,5.08,6.52
SKU-16234,Giga Mini Cable - Red,Electronic accessories,97.39,146.03
SKU-16235,Trek Compact Jump Rope - Blue,Sports and travel,67.93,95.11
SKU-16236,Essence Organic Face Cream - Pack of 2,Health and beauty,40.63,57.24
SKU-16237,Radiant Oil-Free Body Lotion - 150g,Health and beauty,18.46,23.52
SKU-16238,Aura Hydrating Deodorant - 150g,Health and beauty,52.13,66.93
SKU-16239,LuxeHome Glass Towel Set - Beige,Home and lifestyle,7.82,10.14
SKU-16240,Nature's Roasted Chocolate - 1Kg,Food and beverages,4.35,5.64
SKU-16241,Classic Vintage Handbag - Rose Gold,Fashion accessories,61.99,88.68
SKU-16242,LuxeHome Rustic Vase - Beige,Home and lifestyle,34.17,51.12
SKU-16243,Ultra Slim Speaker - Silver,Electronic accessories,12.39,18.05
SKU-16244,HomeStyle Minimalist Picture Frame - Clear,Home and lifestyle,65.38,97.26
SKU-16245,TechPro Wireless Keyboard - Blue (V99),Electronic accessories,75.08,91.55
SKU-16246,Urban Denim Scarf - Brown,Fashion accessories,20.97,33.15
SKU-16247,Elite Cotton Handbag - Brown (V65),Fashion accessories,75.08,109.23
SKU-16248,Giga Wireless Cable - Red,Electronic accessories,78.83,94.76
SKU-16249,Peak Compact Jump Rope - Orange,Sports and travel,30.21,40.24
SKU-16250,Nova Slim Earbuds - Silver,Electronic accessories,104.01,128.97
SKU-16251,Smart Slim Adapter - Silver (V72),Electronic accessories,31.62,44.45
SKU-16252,TechPro Wireless Speaker - Grey (V87),Electronic accessories,143.25,191.86
SKU-16253,Velocity Waterproof Sleeping Bag - Red,Sports and travel,21.41,29.12
SKU-16254,Zen Ceramic Storage Box - Grey (V81),Home and lifestyle,63.53,79.73
SKU-16255,Daily Gluten-Free Almonds - 1Kg,Food and beverages,1.57,2.04
SKU-16256,Tasty Vegan Almonds - 500g,Food and beverages,14.52,18.51
SKU-16257,Smart Portable Adapter - White,Electronic accessories,83.19,124.13
SKU-16258,Trendy Leather Backpack - Brown,Fashion accessories,67.73,94.2
SKU-16259,Motion Durable Resistance Bands - Red,Sports and travel,7.62,10.26
SKU-16260,Vital Vitamin C Face Cream - 50ml (V7),Health and beauty,22.56,33.73
SKU-16261,Motion Durable Dumbbells - Grey,Sports and travel,45.03,61.55
SKU-16262,Trek Ergonomic Dumbbells - Grey,Sports and travel,8.66,12.8
SKU-16263,Daily Sweet Green Tea - 500ml,Food and beverages,4.2,4.92
SKU-16264,Active Durable Sleeping Bag - Neon Green,Sports and travel,12.99,18.42
SKU-16265,Clear Natural Conditioner - Pack of 2,Health and beauty,56.72,86.6
SKU-16266,Smart Portable Keyboard - Blue,Electronic accessories,24.89,32.24
SKU-16267,HomeStyle Glass Picture Frame - White (V11),Home and lifestyle,41.46,61.12
SKU-16268,FarmFresh Sweet Almonds - 1L (V72),Food and beverages,12.19,15.57
SKU-16269,Pure Crunchy Honey - 250g,Food and beverages,1.79,2.1
SKU-16270,Glow Oil-Free Body Lotion - Pack of 2,Health and beauty,61.12,83.0
SKU-16271,HomeStyle Minimalist Picture Frame - Grey (V49),Home and lifestyle,67.27,100.33
SKU-16272,TechPro Slim Webcam - Blue,Electronic accessories,137.44,174.25
SKU-16273,ProFit Lightweight Tent - Red,Sports and travel,48.87,69.18
SKU-16274,EcoLiving Minimalist Vase - Grey,Home and lifestyle,43.17,56.24
SKU-16275,LuxeHome Wooden Wall Clock - Oak,Home and lifestyle,36.36,49.83
SKU-16276,Giga Slim Cable - Black,Electronic accessories,149.91,221.88
SKU-16277,Trendy Polarized Belt - Silver,Fashion accessories,60.87,84.56
SKU-16278,Organic Crunchy Almonds - 1Kg,Food and beverages,1.55,1.88
SKU-16279,Vital Vitamin C Conditioner - Pack of 2,Health and beauty,25.96,38.76
SKU-16280,Ultra Portable Headphones - Grey (V91),Electronic accessories,45.85,64.78
SKU-16281,Pulse Heavy Duty Webcam - Red,Electronic accessories,68.53,90.2
SKU-16282,Cozy Minimalist Table Lamp - Beige,Home and lifestyle,49.58,76.42
SKU-16283,Pulse Fast-Charging Charger - White,Electronic accessories,79.42,105.45
SKU-16284,Ultra Bluetooth Headphones - Black,Electronic accessories,56.1,74.35
SKU-16285,Premium Sweet Pasta - 1Kg,Food and beverages,16.37,20.71
SKU-16286,Urban Glass Storage Box - White,Home and lifestyle,54.46,73.64
SKU-16287,Chic Canvas Watch - Silver,Fashion accessories,8.97,12.23
SKU-16288,Derma Vitamin C Conditioner - Pack of 2,Health and beauty,25.06,32.63
SKU-16289,Aero Ergonomic Gym Bag - Neon Green,Sports and travel,73.01,104.97
SKU-16290,Daily Gluten-Free Pasta - 500ml,Food and beverages,10.34,12.61
SKU-16291,Velocity Durable Jump Rope - Red,Sports and travel,62.83,99.44
SKU-16292,Vital Organic Body Wash - 200ml,Health and beauty,59.25,75.22
SKU-16293,Radiant Organic Shampoo - 150g,Health and beauty,77.92,110.32
SKU-16294,Nature's Spicy Green Tea - 1Kg,Food and beverages,4.97,6.13
SKU-16295,Derma Anti-Aging Perfume - 50ml (V40),Health and beauty,45.29,69.72
SKU-16296,HomeStyle Minimalist Cushion - White (V7),Home and lifestyle,58.66,84.36
SKU-16297,Nova Heavy Duty Power Bank - Blue,Electronic accessories,67.91,82.05
SKU-16298,Ultra Mini Adapter - Black (V53),Electronic accessories,138.42,180.05
SKU-16299,Clear Organic Sunscreen - 200ml (V19),Health and beauty,15.31,22.92
SKU-16300,Cozy Rustic Table Lamp - Grey (V91),Home and lifestyle,62.31,91.26
SKU-16301,Zen Cotton Table Lamp - Black,Home and lifestyle,36.94,54.91
SKU-16302,Urban Ceramic Table Lamp - Oak (V74),Home and lifestyle,33.58,43.42
SKU-16303,FarmFresh Gluten-Free Cereal - 1L,Food and beverages,7.3,8.66
SKU-16304,Golden Sweet Coffee Beans - 1Kg,Food and beverages,17.83,22.97
SKU-16305,Elite Vintage Gloves - Brown,Fashion accessories,73.39,115.06
SKU-16306,Eco Fast-Charging Keyboard - Blue,Electronic accessories,140.96,172.88
SKU-16307,Zen Cotton Table Lamp - White,Home and lifestyle,37.25,47.56
SKU-16308,Cyber Bluetooth Headphones - Silver (V55),Electronic accessories,45.96,60.18
SKU-16309,Cyber Wireless Earbuds - Red (V80),Electronic accessories,49.2,68.32
SKU-16310,Golden Spicy Juice - 500ml,Food and beverages,16.85,21.08
SKU-16311,Zen Glass Bed Sheets - Black,Home and lifestyle,44.11,66.31
SKU-16312,Active Waterproof Yoga Mat - Orange (V39),Sports and travel,68.04,89.13
SKU-16313,Cozy Cotton Cushion - Grey,Home and lifestyle,16.18,23.32
SKU-16314,Nature's Gluten-Free Honey - 500g (V40),Food and beverages,15.9,20.46
SKU-16315,Luxe Cotton Belt - Brown,Fashion accessories,67.67,84.63
SKU-16316,FarmFresh Gluten-Free Olive Oil - 500g,Food and beverages,17.99,21.25
SKU-16317,Eco Portable Keyboard - Red,Electronic accessories,116.1,151.14
SKU-16318,ProFit Durable Dumbbells - Black,Sports and travel,56.77,82.32
SKU-16319,Eco Bluetooth Power Bank - Grey,Electronic accessories,79.35,98.5
SKU-16320,Vital Vitamin C Perfume - 100ml,Health and beauty,37.59,54.06
SKU-16321,Golden Spicy Cereal - 500ml,Food and beverages,1.33,1.63
SKU-16322,Giga Fast-Charging Keyboard - Blue,Electronic accessories,88.23,130.24
SKU-16323,Aura Vitamin C Lip Balm - Travel Size,Health and beauty,70.13,88.15
SKU-16324,Essence Organic Sunscreen - 150g,Health and beauty,30.88,40.85
SKU-16325,EcoLiving Minimalist Cushion - White,Home and lifestyle,78.04,109.35
SKU-16326,Pure Soothing Perfume - 100ml,Health and beauty,58.27,79.16
SKU-16327,Nova Bluetooth Webcam - Red (V70),Electronic accessories,142.42,210.38
SKU-16328,Luxe Cotton Tie - Gold,Fashion accessories,16.48,20.99
SKU-16329,Daily Salted Almonds - 250g (V99),Food and beverages,12.22,15.51
SKU-16330,Trendy Vintage Hat - Rose Gold,Fashion accessories,53.2,69.55
SKU-16331,EcoLiving Stainless Steel Candle - Clear,Home and lifestyle,77.07,106.84
SKU-16332,EcoLiving Stainless Steel Coffee Mug - Grey,Home and lifestyle,38.63,54.75
SKU-16333,EcoLiving Cotton Picture Frame - White,Home and lifestyle,54.75,82.33
SKU-16334,Giga Slim Cable - Grey,Electronic accessories,82.54,118.85
SKU-16335,Cyber Bluetooth Mouse - Blue,Electronic accessories,132.93,175.65
SKU-16336,Pure Gluten-Free Juice - Pack of 6,Food and beverages,7.79,9.66
SKU-16337,Nova Fast-Charging Mouse - Black (V22),Electronic accessories,136.51,164.6
SKU-16338,Vogue Cotton Sunglasses - Silver,Fashion accessories,75.06,119.99
SKU-16339,Nova Fast-Charging Adapter - Blue (V8),Electronic accessories,78.03,97.01
SKU-16340,Vogue Silk Sunglasses - Black,Fashion accessories,23.86,31.42
SKU-16341,Trendy Denim Hat - Brown,Fashion accessories,59.85,75.83
SKU-16342,Nature's Crunchy Chocolate - 500ml (V38),Food and beverages,19.83,25.49
SKU-16343,Pulse Wireless Mouse - Red,Electronic accessories,17.77,23.29
SKU-16344,Modern Glass Coffee Mug - Clear (V58),Home and lifestyle,29.33,42.38
SKU-16345,Vital Natural Face Cream - 100ml,Health and beauty,17.32,22.8
SKU-16346,ProFit Waterproof Dumbbells - Blue,Sports and travel,11.63,18.11
SKU-16347,Tasty Sweet Cereal - 1Kg,Food and beverages,10.88,13.51
SKU-16348,Active Lightweight Water Bottle - Black,Sports and travel,5.16,7.42
SKU-16349,Pure Salted Green Tea - 1Kg,Food and beverages,8.67,10.46
SKU-16350,Glow Hydrating Face Cream - 200ml (V78),Health and beauty,37.31,50.35
SKU-16351,Tasty Salted Chocolate - 500ml,Food and beverages,18.78,22.43
SKU-16352,Luxe Silk Sunglasses - Gold (V73),Fashion accessories,46.2,64.15
SKU-16353,Motion Durable Travel Pillow - Red,Sports and travel,50.28,66.34
SKU-16354,Derma Hydrating Lip Balm - 150g,Health and beauty,15.61,21.43
SKU-16355,Chic Denim Backpack - Gold (V54),Fashion accessories,14.14,22.53
SKU-16356,Clear Hydrating Conditioner - 50ml (V23),Health and beauty,57.57,91.64
SKU-16357,Classic Polarized Sunglasses - Black,Fashion accessories,11.58,18.47
SKU-16358,Active Compact Backpack - Blue,Sports and travel,79.56,107.36
SKU-16359,Cozy Minimalist Table Lamp - White,Home and lifestyle,43.82,61.88
SKU-16360,Chic Canvas Watch - Rose Gold (V7),Fashion accessories,30.96,38.9
SKU-16361,Derma Natural Body Wash - 150g (V27),Health and beauty,5.91,8.78
SKU-16362,Smart Heavy Duty Speaker - Black,Electronic accessories,111.08,148.93
SKU-16363,Urban Vintage Gloves - Brown,Fashion accessories,37.56,50.72
SKU-16364,Urban Leather Handbag - Gold,Fashion accessories,14.61,20.73
SKU-16365,Tasty Crunchy Cookies - 500g,Food and beverages,12.63,14.8
SKU-16366,Tasty Spicy Juice - 500g,Food and beverages,12.5,15.16
SKU-16367,Classic Silk Tie - Rose Gold,Fashion accessories,12.04,18.18
SKU-16368,HomeStyle Ceramic Storage Box - Clear,Home and lifestyle,46.52,70.18
SKU-16369,Aura Vitamin C Lip Balm - Travel Size (V67),Health and beauty,7.28,9.45
SKU-16370,Active Lightweight Tent - Orange,Sports and travel,79.66,100.69
SKU-16371,ProFit Compact Resistance Bands - Blue (V21),Sports and travel,65.25,89.74
SKU-16372,Chic Canvas Belt - Rose Gold,Fashion accessories,71.2,105.8
SKU-16373,Cozy Glass Picture Frame - White,Home and lifestyle,37.66,55.24
SKU-16374,Premium Crunchy Cereal - 250g (V2),Food and beverages,19.7,23.92
SKU-16375,Daily Sweet Pasta - 1Kg (V51),Food and beverages,9.35,12.06
SKU-16376,Giga Slim Speaker - Grey,Electronic accessories,34.4,46.21
SKU-16377,Giga Heavy Duty Power Bank - Black,Electronic accessories,32.3,45.55
SKU-16378,FarmFresh Gluten-Free Coffee Beans - 250g,Food and beverages,14.08,16.64
SKU-16379,Clear Soothing Shampoo - 100ml (V41),Health and beauty,67.51,96.99
SKU-16380,Luxe Silk Sunglasses - Silver,Fashion accessories,36.12,45.23
SKU-16381,Nature's Crunchy Juice - 1L,Food and beverages,14.91,17.81
SKU-16382,Elite Leather Watch - Gold (V91),Fashion accessories,74.29,114.83
SKU-16383,Pure Crunchy Green Tea - 1Kg,Food and beverages,11.63,14.94
SKU-16384,Eco Wireless Charger - Silver,Electronic accessories,118.81,168.21
SKU-16385,Premium Gluten-Free Almonds - Pack of 6 (V53),Food and beverages,11.72,14.51
SKU-16386,Velocity Ergonomic Yoga Mat - Black,Sports and travel,52.62,71.32
SKU-16387,Smart Slim Charger - White,Electronic accessories,48.45,62.39
SKU-16388,Essence Natural Perfume - 100ml,Health and beauty,19.49,25.1
SKU-16389,Daily Gluten-Free Olive Oil - 250g (V26),Food and beverages,8.23,10.27
SKU-16390,Classic Polarized Watch - Black,Fashion accessories,59.29,82.05
SKU-16391,Cozy Wooden Storage Box - Beige,Home and lifestyle,50.02,70.57
SKU-16392,Retro Polarized Gloves - Silver (V43),Fashion accessories,33.85,52.65
SKU-16393,Ultra Bluetooth Webcam - White,Electronic accessories,100.15,134.92
SKU-16394,Pulse Mini Adapter - Black,Electronic accessories,132.66,182.62
SKU-16395,Peak Heavy-Duty Dumbbells - Blue,Sports and travel,75.55,109.67
SKU-16396,Classic Stainless Steel Towel Set - Oak (V80),Home and lifestyle,35.87,55.31
SKU-16397,Eco Mini Webcam - White (V81),Electronic accessories,96.68,141.11
SKU-16398,Vital Hydrating Body Lotion - 200ml (V63),Health and beauty,64.64,87.67
SKU-16399,Glow Natural Sunscreen - Travel Size (V42),Health and beauty,58.71,81.35
SKU-16400,Trek Waterproof Travel Pillow - Black (V79),Sports and travel,46.85,68.83
SKU-16401,Premium Salted Chocolate - 500ml (V20),Food and beverages,1.27,1.57
SKU-16402,Urban Rustic Towel Set - Grey,Home and lifestyle,68.42,103.49
SKU-16403,Trendy Canvas Backpack - Silver (V31),Fashion accessories,73.21,112.69
SKU-16404,Derma Soothing Serum - 100ml,Health and beauty,77.89,119.43
SKU-16405,Cyber Mini Mouse - Blue (V22),Electronic accessories,98.21,129.97
SKU-16406,Retro Canvas Hat - Black,Fashion accessories,50.19,65.93
SKU-16407,Premium Sweet Olive Oil - 250g,Food and beverages,3.76,4.51
SKU-16408,Derma Soothing Face Cream - 150g,Health and beauty,10.47,16.41
SKU-16409,Organic Vegan Juice - 1Kg,Food and beverages,11.27,13.51
SKU-16410,Active Ergonomic Backpack - Orange,Sports and travel,62.31,91.28
SKU-16411,Modern Minimalist Wall Clock - Grey,Home and lifestyle,55.14,81.04
SKU-16412,Trek Breathable Travel Pillow - Orange,Sports and travel,7.78,9.91
SKU-16413,Luxe Vintage Handbag - Rose Gold,Fashion accessories,41.58,65.62
SKU-16414,Trendy Denim Tie - Black (V56),Fashion accessories,54.44,72.38
SKU-16415,Motion Breathable Jump Rope - Orange,Sports and travel,29.53,41.49
SKU-16416,Peak Ergonomic Dumbbells - Black,Sports and travel,79.35,116.05
SKU-16417,Premium Salted Chocolate - 500ml (V69),Food and beverages,2.51,2.93
SKU-16418,Vogue Vintage Hat - Black,Fashion accessories,69.9,110.91
SKU-16419,Summit Ergonomic Jump Rope - Neon Green (V46),Sports and travel,42.55,59.56
SKU-16420,Active Heavy-Duty Jump Rope - Red,Sports and travel,47.38,60.21
SKU-16421,Clear Natural Conditioner - 200ml (V50),Health and beauty,6.28,9.03
SKU-16422,Pulse Wireless Charger - Silver,Electronic accessories,123.61,178.74
SKU-16423,Motion Lightweight Travel Pillow - Red,Sports and travel,62.01,80.77
SKU-16424,Zen Glass Candle - Beige,Home and lifestyle,77.25,99.63
SKU-16425,EcoLiving Stainless Steel Storage Box - Beige,Home and lifestyle,33.21,52.18
SKU-16426,Zen Minimalist Cushion - White,Home and lifestyle,63.59,79.81
SKU-16427,Giga Mini Headphones - Grey,Electronic accessories,57.05,81.98
SKU-16428,HomeStyle Glass Wall Clock - Black,Home and lifestyle,47.71,67.4
SKU-16429,Glow Hydrating Serum - 150g,Health and beauty,51.83,66.14
SKU-16430,Aura Vitamin C Serum - 100ml,Health and beauty,25.78,32.8
SKU-16431,Modern Stainless Steel Cushion - Clear (V39),Home and lifestyle,68.58,97.96
SKU-16432,Trendy Canvas Gloves - Black,Fashion accessories,72.92,102.33
SKU-16433,Trek Ergonomic Jump Rope - Blue (V20),Sports and travel,77.13,108.22
SKU-16434,Urban Wooden Vase - Black (V44),Home and lifestyle,26.07,37.51
SKU-16435,Peak Waterproof Water Bottle - Neon Green,Sports and travel,35.73,50.99
SKU-16436,HomeStyle Glass Picture Frame - Oak (V81),Home and lifestyle,66.98,104.28
SKU-16437,Pure Spicy Honey - 500g,Food and beverages,13.6,16.31
SKU-16438,Pure Soothing Sunscreen - 50ml,Health and beauty,45.46,61.28
SKU-16439,Smart Fast-Charging Speaker - Grey,Electronic accessories,77.03,114.4
SKU-16440,Urban Leather Belt - Black,Fashion accessories,23.87,37.35
SKU-16441,Ultra Bluetooth Power Bank - Blue,Electronic accessories,121.28,169.17
SKU-16442,Peak Lightweight Dumbbells - Black,Sports and travel,29.64,39.71
SKU-16443,Daily Salted Honey - 500g,Food and beverages,10.75,12.89
SKU-16444,Motion Durable Dumbbells - Orange,Sports and travel,8.93,12.54
SKU-16445,Daily Vegan Cereal - 500ml,Food and beverages,1.34,1.73
SKU-16446,Cozy Stainless Steel Towel Set - White,Home and lifestyle,22.01,28.23
SKU-16447,Glow Anti-Aging Body Wash - 100ml,Health and beauty,70.96,102.91
SKU-16448,Classic Denim Tie - Navy,Fashion accessories,48.38,68.63
SKU-16449,FarmFresh Crunchy Olive Oil - 250g,Food and beverages,14.21,18.05
SKU-16450,EcoLiving Rustic Storage Box - White,Home and lifestyle,72.43,103.72
SKU-16451,Classic Vintage Hat - Black,Fashion accessories,42.65,64.02
SKU-16452,Urban Leather Handbag - Brown,Fashion accessories,25.04,33.87
SKU-16453,FarmFresh Sweet Almonds - 500ml,Food and beverages,5.91,7.32
SKU-16454,Premium Spicy Cereal - Pack of 6,Food and beverages,9.56,12.18
SKU-16455,Radiant Hydrating Sunscreen - 150g,Health and beauty,40.2,59.26
SKU-16456,Aero Durable Sleeping Bag - Red,Sports and travel,8.91,13.94
SKU-16457,Essence Hydrating Serum - 150g,Health and beauty,30.54,45.68
SKU-16458,Derma Natural Serum - Pack of 2 (V20),Health and beauty,79.04,123.79
SKU-16459,Tasty Crunchy Almonds - 1L,Food and beverages,6.8,8.57
SKU-16460,Radiant Hydrating Shampoo - Travel Size,Health and beauty,11.44,16.54
SKU-16461,Vital Vitamin C Perfume - 50ml,Health and beauty,76.72,106.2
SKU-16462,Essence Natural Shampoo - 100ml (V28),Health and beauty,72.76,101.8
SKU-16463,FarmFresh Vegan Pasta - 1L,Food and beverages,19.77,24.39
SKU-16464,Premium Spicy Olive Oil - Pack of 6,Food and beverages,9.71,11.73
SKU-16465,Elite Cotton Wallet - Gold,Fashion accessories,11.82,15.52
SKU-16466,Radiant Vitamin C Sunscreen - Pack of 2 (V94),Health and beauty,45.3,66.86
SKU-16467,Golden Gluten-Free Almonds - 1L (V74),Food and beverages,15.1,17.88
SKU-16468,Motion Ergonomic Yoga Mat - Orange (V86),Sports and travel,29.35,38.52
SKU-16469,Retro Vintage Watch - Brown,Fashion accessories,64.42,82.68
SKU-16470,Organic Spicy Olive Oil - 250g,Food and beverages,1.72,2.12
SKU-16471,Elite Canvas Backpack - Silver,Fashion accessories,75.16,97.84
SKU-16472,Motion Durable Resistance Bands - Red (V61),Sports and travel,55.71,77.18
SKU-16473,Essence Soothing Face Cream - 200ml,Health and beauty,75.35,110.01
SKU-16474,Aero Ergonomic Resistance Bands - Orange (V93),Sports and travel,72.58,101.04
SKU-16475,Pure Organic Serum - 150g,Health and beauty,29.53,46.01
SKU-16476,Peak Ergonomic Water Bottle - Black,Sports and travel,36.81,52.53
SKU-16477,Tasty Salted Cereal - 500g,Food and beverages,5.53,6.73
SKU-16478,HomeStyle Glass Coffee Mug - Black,Home and lifestyle,13.85,20.96
SKU-16479,Aero Compact Sleeping Bag - Black,Sports and travel,41.4,58.38
SKU-16480,Motion Breathable Yoga Mat - Grey,Sports and travel,45.94,72.42
SKU-16481,EcoLiving Glass Wall Clock - Clear,Home and lifestyle,50.77,77.92
SKU-16482,Aero Lightweight Gym Bag - Blue,Sports and travel,41.34,51.97
SKU-16483,Cyber Slim Speaker - Silver,Electronic accessories,126.95,162.84
SKU-16484,Smart Bluetooth Mouse - Blue,Electronic accessories,68.41,92.43
SKU-16485,Classic Silk Wallet - Navy,Fashion accessories,23.39,30.39
SKU-16486,Classic Rustic Vase - White,Home and lifestyle,16.18,24.4
SKU-16487,Cozy Stainless Steel Cushion - White,Home and lifestyle,22.15,31.34
SKU-16488,Smart Fast-Charging Charger - Red,Electronic accessories,102.96,132.74
SKU-16489,Giga Portable Charger - White,Electronic accessories,111.4,149.94
SKU-16490,Trendy Cotton Sunglasses - Navy,Fashion accessories,79.73,104.58
SKU-16491,Aura Organic Body Lotion - 50ml (V28),Health and beauty,29.94,47.52
SKU-16492,Golden Gluten-Free Cookies - 1Kg (V18),Food and beverages,13.29,16.93
SKU-16493,Nature's Vegan Cookies - 500g,Food and beverages,3.85,4.91
SKU-16494,Motion Durable Dumbbells - Black,Sports and travel,40.48,56.11
SKU-16495,Elite Silk Tie - Silver,Fashion accessories,20.97,26.37
SKU-16496,Cyber Portable Cable - Red,Electronic accessories,57.54,77.67
SKU-16497,FarmFresh Roasted Juice - 250g (V86),Food and beverages,10.52,13.17
SKU-16498,Tasty Spicy Pasta - 1Kg,Food and beverages,9.47,11.43
SKU-16499,Smart Mini Cable - White,Electronic accessories,39.64,55.13
SKU-16500,Golden Salted Juice - 1Kg (V83),Food and beverages,18.83,22.17
SKU-16501,Summit Lightweight Tent - Black,Sports and travel,19.18,26.29
SKU-16502,Vogue Vintage Hat - Rose Gold (V93),Fashion accessories,76.76,118.43
SKU-16503,Smart Portable Earbuds - White,Electronic accessories,121.43,167.68
SKU-16504,Active Waterproof Tent - Blue,Sports and travel,29.82,47.21
SKU-16505,Summit Breathable Dumbbells - Black (V81),Sports and travel,46.59,70.83
SKU-16506,ProFit Lightweight Gym Bag - Black,Sports and travel,78.82,118.99
SKU-16507,FarmFresh Sweet Green Tea - 500ml,Food and beverages,12.12,15.26
SKU-16508,Trendy Cotton Sunglasses - Rose Gold (V60),Fashion accessories,7.69,9.66
SKU-16509,Aero Breathable Tent - Grey (V86),Sports and travel,60.24,86.24
SKU-16510,Modern Rustic Cushion - Grey,Home and lifestyle,20.46,29.33
SKU-16511,Daily Gluten-Free Cookies - Pack of 6,Food and beverages,9.92,12.54
SKU-16512,Aura Vitamin C Perfume - 100ml,Health and beauty,37.31,57.54
SKU-16513,Retro Denim Hat - Brown,Fashion accessories,35.84,48.77
SKU-16514,Ultra Bluetooth Webcam - Grey (V14),Electronic accessories,117.85,149.03
SKU-16515,Radiant Oil-Free Lip Balm - 100ml (V29),Health and beauty,55.83,73.43
SKU-16516,Organic Vegan Coffee Beans - 250g,Food and beverages,17.77,21.58
SKU-16517,Cyber Bluetooth Power Bank - Red,Electronic accessories,139.56,198.59
SKU-16518,Pure Gluten-Free Honey - Pack of 6,Food and beverages,1.87,2.38
SKU-16519,Aura Hydrating Perfume - 200ml,Health and beauty,64.42,99.5
SKU-16520,Aero Compact Sleeping Bag - Black (V53),Sports and travel,74.68,109.72
SKU-16521,Vogue Cotton Tie - Navy,Fashion accessories,61.24,77.53
SKU-16522,FarmFresh Spicy Chocolate - 1Kg,Food and beverages,2.19,2.78
SKU-16523,Retro Silk Wallet - Brown (V31),Fashion accessories,14.29,22.48
SKU-16524,Golden Vegan Olive Oil - Pack of 6 (V7),Food and beverages,14.6,18.75
SKU-16525,Retro Cotton Tie - Black,Fashion accessories,10.54,16.0
SKU-16526,Golden Spicy Cereal - 250g,Food and beverages,8.26,9.92
SKU-16527,Zen Cotton Wall Clock - Black,Home and lifestyle,16.09,20.23
SKU-16528,Vital Vitamin C Perfume - Travel Size,Health and beauty,19.65,30.45
SKU-16529,Ultra Wireless Cable - Grey,Electronic accessories,102.22,134.44
SKU-16530,Elite Leather Tie - Gold (V50),Fashion accessories,47.02,71.38
SKU-16531,Zen Glass Candle - White (V20),Home and lifestyle,72.83,112.34
SKU-16532,Urban Rustic Towel Set - Oak,Home and lifestyle,8.3,10.56
SKU-16533,HomeStyle Wooden Table Lamp - Grey,Home and lifestyle,33.41,51.85
SKU-16534,Smart Portable Webcam - Grey,Electronic accessories,13.85,20.77
SKU-16535,Vital Hydrating Shampoo - 200ml,Health and beauty,11.93,18.78
SKU-16536,Luxe Silk Wallet - Black (V82),Fashion accessories,48.14,60.32
SKU-16537,Velocity Lightweight Tent - Black,Sports and travel,57.98,77.02
SKU-16538,Pure Vegan Pasta - 500ml,Food and beverages,2.23,2.66
SKU-16539,Pure Natural Serum - 50ml,Health and beauty,40.42,60.49
SKU-16540,Urban Cotton Wall Clock - Beige,Home and lifestyle,40.08,61.38
SKU-16541,Active Ergonomic Gym Bag - Red,Sports and travel,75.98,99.62
SKU-16542,Daily Crunchy Green Tea - 500ml (V59),Food and beverages,19.65,25.27
SKU-16543,Urban Glass Coffee Mug - Black,Home and lifestyle,48.89,75.99
SKU-16544,Active Breathable Travel Pillow - Neon Green,Sports and travel,29.79,46.63
SKU-16545,Velocity Breathable Tent - Orange,Sports and travel,27.01,40.01
SKU-16546,Cozy Cotton Wall Clock - White,Home and lifestyle,38.1,60.27
SKU-16547,Velocity Breathable Travel Pillow - Neon Green,Sports and travel,35.68,46.39
SKU-16548,Motion Breathable Travel Pillow - Blue (V3),Sports and travel,9.67,12.56
SKU-16549,Urban Silk Watch - Rose Gold,Fashion accessories,16.14,21.24
SKU-16550,EcoLiving Wooden Towel Set - Beige (V4),Home and lifestyle,63.06,80.97
SKU-16551,Cyber Heavy Duty Power Bank - White,Electronic accessories,75.73,113.39
SKU-16552,Cyber Slim Power Bank - Red,Electronic accessories,66.32,90.97
SKU-16553,Daily Salted Chocolate - 500g (V20),Food and beverages,10.99,13.3
SKU-16554,Pure Roasted Olive Oil - 500g (V34),Food and beverages,16.3,19.8
SKU-16555,Active Heavy-Duty Sleeping Bag - Neon Green,Sports and travel,6.09,9.33
SKU-16556,Retro Canvas Watch - Brown,Fashion accessories,14.16,22.06
SKU-16557,Cyber Fast-Charging Speaker - Grey,Electronic accessories,117.89,147.23
SKU-16558,Pure Oil-Free Shampoo - Travel Size (V62),Health and beauty,71.06,112.45
SKU-16559,Glow Oil-Free Deodorant - 150g (V18),Health and beauty,38.7,59.35
SKU-16560,Aura Hydrating Deodorant - Pack of 2,Health and beauty,73.99,113.87
SKU-16561,Cozy Cotton Cushion - Beige,Home and lifestyle,31.65,46.33
SKU-16562,Golden Crunchy Juice - 1L (V67),Food and beverages,2.13,2.62
SKU-16563,Classic Silk Gloves - Black (V98),Fashion accessories,33.3,45.47
SKU-16564,Eco Fast-Charging Mouse - Grey,Electronic accessories,105.1,151.83
SKU-16565,Zen Rustic Picture Frame - Grey,Home and lifestyle,6.43,10.08
SKU-16566,HomeStyle Glass Vase - Clear,Home and lifestyle,50.35,66.12
SKU-16567,TechPro Mini Adapter - White,Electronic accessories,110.59,142.65
SKU-16568,Derma Anti-Aging Face Cream - 200ml,Health and beauty,55.49,74.57
SKU-16569,FarmFresh Vegan Cereal - 1L,Food and beverages,5.79,6.76
SKU-16570,Tasty Spicy Honey - 1Kg,Food and beverages,3.33,3.96
SKU-16571,Smart Wireless Speaker - Red,Electronic accessories,136.46,182.9
SKU-16572,Tasty Gluten-Free Almonds - 250g,Food and beverages,15.13,18.24
SKU-16573,Smart Fast-Charging Keyboard - Black (V16),Electronic accessories,128.74,180.03
SKU-16574,Cyber Fast-Charging Headphones - Black,Electronic accessories,79.85,107.89
SKU-16575,Radiant Oil-Free Face Cream - 200ml,Health and beauty,15.86,20.26
SKU-16576,Giga Heavy Duty Speaker - Black,Electronic accessories,132.65,197.83
SKU-16577,Active Waterproof Resistance Bands - Red,Sports and travel,77.81,99.12
SKU-16578,Zen Ceramic Coffee Mug - White,Home and lifestyle,49.82,68.38
SKU-16579,Urban Canvas Hat - Rose Gold (V84),Fashion accessories,57.68,88.79
SKU-16580,Modern Rustic Candle - White (V28),Home and lifestyle,12.1,15.25
SKU-16581,Active Waterproof Tent - Grey,Sports and travel,64.78,83.65
SKU-16582,EcoLiving Wooden Candle - White,Home and lifestyle,54.07,77.07
SKU-16583,Modern Cotton Cushion - Black,Home and lifestyle,9.22,13.96
SKU-16584,Pulse Wireless Cable - Grey,Electronic accessories,90.37,113.26
SKU-16585,Summit Compact Tent - Grey,Sports and travel,64.65,84.24
SKU-16586,Golden Crunchy Juice - 500ml,Food and beverages,5.95,7.47
SKU-16587,LuxeHome Minimalist Bed Sheets - Clear,Home and lifestyle,58.07,89.95
SKU-16588,Organic Crunchy Chocolate - 500ml,Food and beverages,15.11,19.07
SKU-16589,TechPro Heavy Duty Adapter - Blue,Electronic accessories,41.57,62.26
SKU-16590,Tasty Roasted Coffee Beans - 1L,Food and beverages,5.28,6.29
SKU-16591,Nature's Salted Coffee Beans - 1Kg,Food and beverages,1.41,1.83
SKU-16592,Classic Cotton Sunglasses - Rose Gold,Fashion accessories,70.27,108.94
SKU-16593,Classic Vintage Backpack - Rose Gold (V47),Fashion accessories,79.61,112.07
SKU-16594,Pulse Bluetooth Adapter - Blue (V6),Electronic accessories,91.89,132.39
SKU-16595,TechPro Wireless Mouse - Blue,Electronic accessories,143.0,184.61
SKU-16596,TechPro Heavy Duty Earbuds - Red,Electronic accessories,64.88,81.53
SKU-16597,Derma Anti-Aging Lip Balm - Pack of 2,Health and beauty,18.79,26.55
SKU-16598,Cozy Wooden Cushion - Black (V23),Home and lifestyle,43.62,63.2
SKU-16599,Nova Wireless Charger - Silver,Electronic accessories,56.35,81.09
SKU-16600,Chic Canvas Sunglasses - Rose Gold,Fashion accessories,14.71,21.39
SKU-16601,Motion Compact Travel Pillow - Neon Green,Sports and travel,5.92,9.15
SKU-16602,Pulse Fast-Charging Speaker - Black,Electronic accessories,143.02,204.53
SKU-16603,Trendy Vintage Belt - Silver,Fashion accessories,61.91,79.96
SKU-16604,Peak Waterproof Water Bottle - Blue,Sports and travel,43.71,60.35
SKU-16605,Active Waterproof Yoga Mat - Black,Sports and travel,6.32,9.2
SKU-16606,Vital Oil-Free Body Wash - 50ml,Health and beauty,73.79,110.94
SKU-16607,Active Compact Dumbbells - Red (V25),Sports and travel,40.14,50.59
SKU-16608,Modern Stainless Steel Wall Clock - Black,Home and lifestyle,32.13,47.45
SKU-16609,Premium Crunchy Pasta - 250g (V15),Food and beverages,2.32,2.75
SKU-16610,Glow Oil-Free Body Lotion - 150g,Health and beauty,51.48,65.87
SKU-16611,Premium Vegan Pasta - 250g,Food and beverages,19.41,22.7
SKU-16612,Classic Wooden Coffee Mug - White,Home and lifestyle,16.31,20.66
SKU-16613,Essence Vitamin C Face Cream - Travel Size,Health and beauty,21.75,29.51
SKU-16614,Premium Spicy Juice - 250g,Food and beverages,17.71,21.89
SKU-16615,Eco Slim Speaker - Silver,Electronic accessories,135.58,185.36
SKU-16616,Aero Lightweight Tent - Red,Sports and travel,63.81,91.47
SKU-16617,Classic Cotton Picture Frame - Oak,Home and lifestyle,77.18,105.77
SKU-16618,Premium Gluten-Free Coffee Beans - 1Kg,Food and beverages,13.27,16.2
SKU-16619,Trendy Vintage Hat - Silver (V27),Fashion accessories,45.31,60.6
SKU-16620,Ultra Slim Power Bank - Black,Electronic accessories,106.05,155.29
SKU-16621,Pulse Bluetooth Keyboard - Blue,Electronic accessories,62.03,83.89
SKU-16622,Pure Oil-Free Conditioner - 100ml,Health and beauty,76.2,103.23
SKU-16623,Peak Breathable Backpack - Grey,Sports and travel,45.93,72.41
SKU-16624,Pure Salted Coffee Beans - 1L (V41),Food and beverages,2.39,3.02
SKU-16625,Urban Polarized Hat - Gold,Fashion accessories,45.36,67.1
SKU-16626,Retro Canvas Gloves - Brown,Fashion accessories,49.3,73.34
SKU-16627,Aura Organic Serum - 150g (V67),Health and beauty,77.04,104.06
SKU-16628,FarmFresh Crunchy Honey - 1Kg,Food and beverages,19.98,23.18
SKU-16629,Motion Durable Travel Pillow - Grey,Sports and travel,6.06,8.59
SKU-16630,Pure Oil-Free Serum - 150g (V91),Health and beauty,19.62,26.81
SKU-16631,Trendy Canvas Backpack - Rose Gold (V58),Fashion accessories,45.55,68.14
SKU-16632,Elite Leather Sunglasses - Rose Gold,Fashion accessories,56.8,86.47
SKU-16633,Pure Spicy Juice - 1Kg,Food and beverages,2.24,2.72
SKU-16634,Smart Wireless Earbuds - Silver,Electronic accessories,28.29,39.35
SKU-16635,Aura Anti-Aging Lip Balm - Pack of 2,Health and beauty,51.69,75.41
SKU-16636,Nova Bluetooth Speaker - Black,Electronic accessories,24.78,31.5
SKU-16637,Cozy Minimalist Cushion - Clear,Home and lifestyle,75.58,102.93
SKU-16638,Summit Waterproof Backpack - Blue (V99),Sports and travel,50.28,71.45
SKU-16639,Chic Leather Belt - Brown,Fashion accessories,78.84,109.66
SKU-16640,Premium Gluten-Free Honey - 500g (V55),Food and beverages,2.03,2.53
SKU-16641,Organic Spicy Cookies - 500g,Food and beverages,18.62,23.03
SKU-16642,Clear Soothing Body Lotion - 100ml,Health and beauty,68.72,102.68
SKU-16643,Aura Hydrating Body Wash - 50ml,Health and beauty,67.47,99.08
SKU-16644,Radiant Vitamin C Body Lotion - 200ml (V54),Health and beauty,9.17,12.45
SKU-16645,Aero Lightweight Jump Rope - Red,Sports and travel,78.87,116.11
SKU-16646,Luxe Silk Hat - Brown (V12),Fashion accessories,51.95,72.42
SKU-16647,EcoLiving Stainless Steel Table Lamp - Clear (V30),Home and lifestyle,28.44,35.7
SKU-16648,Peak Heavy-Duty Resistance Bands - Red (V13),Sports and travel,24.0,36.49
SKU-16649,Aura Hydrating Shampoo - 150g,Health and beauty,51.07,67.8
SKU-16650,Daily Gluten-Free Coffee Beans - 250g,Food and beverages,3.72,4.73
SKU-16651,Premium Crunchy Cereal - 250g (V31),Food and beverages,13.65,17.45
SKU-16652,Velocity Lightweight Dumbbells - Grey (V53),Sports and travel,59.88,75.05
SKU-16653,Clear Organic Sunscreen - 100ml,Health and beauty,21.64,31.37
SKU-16654,Modern Rustic Table Lamp - Clear,Home and lifestyle,38.97,60.73
SKU-16655,Modern Cotton Candle - Black,Home and lifestyle,58.64,90.8
SKU-16656,Aero Waterproof Gym Bag - Black,Sports and travel,54.03,82.51
SKU-16657,Pulse Mini Mouse - Black,Electronic accessories,68.54,101.38
SKU-16658,Premium Crunchy Coffee Beans - Pack of 6,Food and beverages,7.69,9.29
SKU-16659,Peak Compact Tent - Orange,Sports and travel,70.01,92.66
SKU-16660,Trendy Canvas Gloves - Gold (V73),Fashion accessories,37.31,46.78
SKU-16661,TechPro Portable Headphones - Grey,Electronic accessories,101.23,132.05
SKU-16662,Modern Rustic Wall Clock - Grey,Home and lifestyle,50.02,79.47
SKU-16663,Summit Breathable Jump Rope - Black,Sports and travel,36.02,51.75
SKU-16664,Derma Vitamin C Lip Balm - 50ml,Health and beauty,79.55,124.42
SKU-16665,Chic Vintage Sunglasses - Silver,Fashion accessories,13.48,20.99
SKU-16666,Modern Rustic Wall Clock - Beige (V31),Home and lifestyle,61.16,93.02
SKU-16667,Chic Cotton Wallet - Navy,Fashion accessories,17.73,24.74
SKU-16668,Golden Gluten-Free Honey - 500g,Food and beverages,15.26,17.88
SKU-16669,Classic Leather Hat - Navy (V99),Fashion accessories,31.39,46.3
SKU-16670,LuxeHome Stainless Steel Bed Sheets - Oak (V56),Home and lifestyle,49.39,64.88
SKU-16671,Classic Cotton Bed Sheets - Oak,Home and lifestyle,73.33,100.07
SKU-16672,ProFit Waterproof Jump Rope - Red,Sports and travel,36.58,49.23
SKU-16673,Vital Natural Deodorant - 100ml,Health and beauty,43.88,59.5
SKU-16674,Premium Salted Olive Oil - 500ml,Food and beverages,6.21,7.51
SKU-16675,ProFit Durable Jump Rope - Blue,Sports and travel,8.74,11.31
SKU-16676,Clear Soothing Sunscreen - 150g,Health and beauty,33.52,46.32
SKU-16677,Trendy Denim Tie - Gold (V84),Fashion accessories,63.93,99.41
SKU-16678,Elite Leather Tie - Silver,Fashion accessories,33.1,45.28
SKU-16679,Derma Vitamin C Sunscreen - 150g,Health and beauty,59.41,85.61
SKU-16680,Giga Mini Keyboard - Blue,Electronic accessories,141.92,182.58
SKU-16681,Premium Spicy Cookies - 1Kg (V41),Food and beverages,17.25,21.68
SKU-16682,Vital Organic Deodorant - 200ml,Health and beauty,66.23,94.58
SKU-16683,EcoLiving Rustic Cushion - White,Home and lifestyle,10.35,15.76
SKU-16684,Tasty Sweet Honey - 500ml,Food and beverages,8.73,10.78
SKU-16685,Classic Wooden Coffee Mug - Black (V24),Home and lifestyle,32.86,50.76
SKU-16686,Glow Soothing Serum - 150g,Health and beauty,36.96,53.73
SKU-16687,TechPro Mini Cable - Silver,Electronic accessories,70.99,86.41
SKU-16688,EcoLiving Minimalist Vase - White,Home and lifestyle,51.24,71.8
SKU-16689,Daily Sweet Cookies - 500ml,Food and beverages,5.82,7.38
SKU-16690,Giga Fast-Charging Keyboard - White (V62),Electronic accessories,17.94,26.01
SKU-16691,Pure Soothing Body Lotion - 50ml,Health and beauty,24.77,34.71
SKU-16692,Urban Polarized Hat - Rose Gold,Fashion accessories,5.35,8.05
SKU-16693,Summit Compact Travel Pillow - Grey,Sports and travel,10.5,13.43
SKU-16694,Giga Bluetooth Headphones - Grey,Electronic accessories,94.01,131.5
SKU-16695,Glow Organic Face Cream - 100ml (V98),Health and beauty,21.03,27.61
SKU-16696,Modern Rustic Wall Clock - Black (V16),Home and lifestyle,13.2,19.13
SKU-16697,Tasty Vegan Cookies - 1Kg (V58),Food and beverages,16.26,20.8
SKU-16698,TechPro Portable Adapter - Red,Electronic accessories,126.46,189.33
SKU-16699,Nova Bluetooth Webcam - Blue,Electronic accessories,130.48,167.66
SKU-16700,ProFit Waterproof Water Bottle - Black (V13),Sports and travel,40.27,58.69
SKU-16701,Retro Leather Hat - Silver,Fashion accessories,28.35,42.4
SKU-16702,ProFit Durable Water Bottle - Blue,Sports and travel,59.67,84.6
SKU-16703,Nova Slim Charger - Blue (V59),Electronic accessories,143.73,173.06
SKU-16704,Summit Ergonomic Tent - Black,Sports and travel,51.37,80.64
SKU-16705,Luxe Polarized Watch - Gold (V30),Fashion accessories,23.24,35.37
SKU-16706,FarmFresh Gluten-Free Cereal - 500ml,Food and beverages,18.31,22.75
SKU-16707,Vogue Silk Backpack - Navy,Fashion accessories,5.98,8.26
SKU-16708,Premium Crunchy Almonds - 1L,Food and beverages,7.35,8.85
SKU-16709,Aero Heavy-Duty Gym Bag - Grey,Sports and travel,38.62,51.51
SKU-16710,LuxeHome Wooden Picture Frame - White,Home and lifestyle,42.5,62.53
SKU-16711,Aura Vitamin C Shampoo - 200ml,Health and beauty,8.22,11.17
SKU-16712,Cyber Mini Keyboard - Silver,Electronic accessories,112.56,148.39
SKU-16713,Luxe Cotton Wallet - Rose Gold (V40),Fashion accessories,74.04,108.58
SKU-16714,Zen Minimalist Bed Sheets - Beige,Home and lifestyle,55.08,75.9
SKU-16715,ProFit Waterproof Sleeping Bag - Red,Sports and travel,52.82,71.19
SKU-16716,Derma Natural Lip Balm - 50ml (V54),Health and beauty,44.75,66.47
SKU-16717,Eco Wireless Earbuds - White,Electronic accessories,93.4,119.62
SKU-16718,Ultra Fast-Charging Mouse - Silver,Electronic accessories,50.64,75.81
SKU-16719,Daily Sweet Chocolate - 500g,Food and beverages,10.25,12.16
SKU-16720,Ultra Bluetooth Cable - Black (V84),Electronic accessories,15.73,20.17
SKU-16721,Essence Soothing Serum - 50ml,Health and beauty,9.51,13.97
SKU-16722,Smart Bluetooth Adapter - Silver (V41),Electronic accessories,94.96,121.24
SKU-16723,Velocity Breathable Water Bottle - Blue,Sports and travel,32.54,47.37
SKU-16724,Tasty Sweet Pasta - 250g (V43),Food and beverages,13.41,15.91
SKU-16725,Trendy Polarized Gloves - Brown (V86),Fashion accessories,55.01,82.07
SKU-16726,Aero Heavy-Duty Sleeping Bag - Black (V88),Sports and travel,49.2,74.7
SKU-16727,Cozy Ceramic Towel Set - Grey (V39),Home and lifestyle,58.41,88.43
SKU-16728,Nova Portable Charger - Silver,Electronic accessories,117.38,142.69
SKU-16729,Cyber Portable Adapter - Silver (V19),Electronic accessories,99.96,125.22
SKU-16730,Velocity Ergonomic Sleeping Bag - Grey,Sports and travel,70.03,108.34
SKU-16731,Modern Cotton Storage Box - Oak,Home and lifestyle,35.76,47.48
SKU-16732,Tasty Vegan Coffee Beans - 1L,Food and beverages,14.85,18.18
SKU-16733,FarmFresh Gluten-Free Almonds - 500g (V37),Food and beverages,6.47,7.71
SKU-16734,ProFit Heavy-Duty Backpack - Grey,Sports and travel,23.38,29.64
SKU-16735,Giga Portable Keyboard - Black,Electronic accessories,64.24,85.54
SKU-16736,Summit Lightweight Water Bottle - Blue,Sports and travel,53.16,71.94
SKU-16737,TechPro Wireless Mouse - White,Electronic accessories,15.53,20.7
SKU-16738,Motion Waterproof Travel Pillow - Grey,Sports and travel,6.13,9.38
SKU-16739,Trek Breathable Resistance Bands - Orange (V98),Sports and travel,62.79,90.66
SKU-16740,Elite Vintage Tie - Gold,Fashion accessories,46.71,73.17
SKU-16741,Daily Gluten-Free Pasta - 250g (V57),Food and beverages,13.22,15.48
SKU-16742,Classic Denim Wallet - Navy,Fashion accessories,66.07,101.96
SKU-16743,Organic Roasted Olive Oil - 500ml (V86),Food and beverages,9.22,11.87
SKU-16744,Giga Mini Mouse - Red,Electronic accessories,51.01,66.08
SKU-16745,FarmFresh Crunchy Green Tea - 500ml (V35),Food and beverages,12.62,15.06
SKU-16746,Aero Breathable Jump Rope - Grey (V8),Sports and travel,31.2,48.39
SKU-16747,Vogue Denim Hat - Brown,Fashion accessories,10.64,14.02
SKU-16748,ProFit Breathable Travel Pillow - Black,Sports and travel,11.87,16.6
SKU-16749,Organic Spicy Chocolate - 250g,Food and beverages,8.1,10.09
SKU-16750,Summit Ergonomic Gym Bag - Black,Sports and travel,7.52,10.58
SKU-16751,Essence Soothing Shampoo - 50ml,Health and beauty,38.36,57.12
SKU-16752,Peak Breathable Sleeping Bag - Red,Sports and travel,49.99,76.65
SKU-16753,Luxe Vintage Watch - Rose Gold,Fashion accessories,65.01,88.75
SKU-16754,Daily Gluten-Free Juice - 500ml,Food and beverages,6.54,8.47
SKU-16755,Cyber Mini Keyboard - White (V46),Electronic accessories,83.09,118.25
SKU-16756,Radiant Vitamin C Serum - Travel Size (V14),Health and beauty,9.51,13.32
SKU-16757,Daily Roasted Juice - 1L (V89),Food and beverages,8.38,10.32
SKU-16758,EcoLiving Cotton Vase - Black,Home and lifestyle,16.85,22.32
SKU-16759,Peak Heavy-Duty Travel Pillow - Neon Green (V62),Sports and travel,21.13,27.83
SKU-16760,Aura Hydrating Conditioner - 200ml,Health and beauty,24.66,37.28
SKU-16761,Zen Minimalist Towel Set - Clear,Home and lifestyle,70.52,111.39
SKU-16762,Retro Silk Wallet - Black,Fashion accessories,66.67,84.52
SKU-16763,Luxe Vintage Backpack - Silver (V17),Fashion accessories,66.52,91.47
SKU-16764,Tasty Spicy Honey - 1L (V52),Food and beverages,8.96,11.56
SKU-16765,Elite Leather Gloves - Black,Fashion accessories,19.07,30.45
SKU-16766,Luxe Vintage Hat - Silver,Fashion accessories,21.17,32.59
SKU-16767,Aero Breathable Resistance Bands - Black (V67),Sports and travel,55.33,76.89
SKU-16768,Derma Anti-Aging Serum - 150g,Health and beauty,27.52,34.73
SKU-16769,Nova Mini Earbuds - White,Electronic accessories,96.47,117.83
SKU-16770,Nova Portable Earbuds - Silver,Electronic accessories,139.09,204.46
SKU-16771,Active Compact Sleeping Bag - Neon Green (V90),Sports and travel,51.31,70.76
SKU-16772,Pure Hydrating Deodorant - 200ml,Health and beauty,56.97,72.36
SKU-16773,Ultra Portable Cable - Black,Electronic accessories,112.89,165.46
SKU-16774,TechPro Bluetooth Earbuds - Grey,Electronic accessories,32.64,42.97
SKU-16775,Essence Organic Serum - Travel Size,Health and beauty,67.22,94.46
SKU-16776,Trek Heavy-Duty Jump Rope - Black (V7),Sports and travel,21.32,33.61
SKU-16777,TechPro Portable Adapter - Blue (V35),Electronic accessories,71.22,98.83
SKU-16778,Aero Compact Sleeping Bag - Grey (V96),Sports and travel,35.69,46.26
SKU-16779,Classic Canvas Watch - Navy,Fashion accessories,30.73,40.93
SKU-16780,Classic Cotton Gloves - Navy (V72),Fashion accessories,47.41,67.65
SKU-16781,Retro Cotton Scarf - Silver,Fashion accessories,64.34,97.62
SKU-16782,Urban Stainless Steel Picture Frame - Grey (V49),Home and lifestyle,19.76,25.52
SKU-16783,HomeStyle Stainless Steel Wall Clock - Oak,Home and lifestyle,68.31,93.63
SKU-16784,Pulse Portable Earbuds - Grey (V58),Electronic accessories,138.95,186.41
SKU-16785,Elite Vintage Watch - Brown,Fashion accessories,34.97,46.66
SKU-16786,Velocity Durable Sleeping Bag - Blue,Sports and travel,41.36,63.26
SKU-16787,Zen Rustic Wall Clock - Grey,Home and lifestyle,48.05,70.72
SKU-16788,Cyber Fast-Charging Headphones - Black (V85),Electronic accessories,136.86,204.96
SKU-16789,Trendy Cotton Tie - Gold (V28),Fashion accessories,57.68,89.78
SKU-16790,Active Breathable Dumbbells - Red,Sports and travel,70.07,100.5
SKU-16791,Essence Anti-Aging Serum - 100ml (V96),Health and beauty,48.81,67.84
SKU-16792,Derma Natural Deodorant - 150g (V13),Health and beauty,18.3,28.75
SKU-16793,Glow Vitamin C Lip Balm - Pack of 2,Health and beauty,53.95,73.79
SKU-16794,FarmFresh Sweet Cookies - Pack of 6,Food and beverages,5.56,6.59
SKU-16795,Pure Crunchy Honey - 1Kg,Food and beverages,19.35,22.33
SKU-16796,Summit Waterproof Resistance Bands - Orange (V63),Sports and travel,21.07,26.7
SKU-16797,Premium Salted Almonds - 250g,Food and beverages,4.26,5.47
SKU-16798,Premium Roasted Coffee Beans - 1Kg,Food and beverages,16.47,20.76
SKU-16799,Nature's Spicy Green Tea - 1Kg (V78),Food and beverages,9.06,11.62
SKU-16800,TechPro Fast-Charging Power Bank - Black (V86),Electronic accessories,27.51,37.76
SKU-16801,Trek Durable Yoga Mat - Orange (V71),Sports and travel,38.59,55.23
SKU-16802,Eco Heavy Duty Mouse - Black,Electronic accessories,103.55,154.73
SKU-16803,Vital Soothing Lip Balm - 50ml,Health and beauty,37.95,52.38
SKU-16804,Golden Vegan Green Tea - 1Kg,Food and beverages,18.76,23.45
SKU-16805,TechPro Portable Mouse - Blue,Electronic accessories,80.57,103.08
SKU-16806,Urban Glass Cushion - Black,Home and lifestyle,22.62,35.84
SKU-16807,Pure Spicy Juice - 500ml (V6),Food and beverages,18.72,21.62
SKU-16808,Retro Polarized Wallet - Gold,Fashion accessories,14.53,21.8
SKU-16809,Luxe Polarized Belt - Brown,Fashion accessories,61.93,78.52
SKU-16810,Pure Hydrating Body Lotion - 50ml,Health and beauty,51.67,81.76
SKU-16811,Active Waterproof Backpack - Black,Sports and travel,60.14,90.33
SKU-16812,Daily Salted Almonds - 1L,Food and beverages,16.94,20.23
SKU-16813,Urban Stainless Steel Candle - Grey,Home and lifestyle,48.98,76.29
SKU-16814,Elite Vintage Wallet - Rose Gold,Fashion accessories,31.09,41.27
SKU-16815,Premium Sweet Olive Oil - 500g,Food and beverages,12.27,15.52
SKU-16816,Pure Crunchy Cereal - 500g (V29),Food and beverages,3.85,4.59
SKU-16817,Classic Polarized Backpack - Rose Gold (V20),Fashion accessories,15.29,21.03
SKU-16818,Cozy Glass Candle - Grey (V64),Home and lifestyle,26.99,38.62
SKU-16819,Classic Cotton Watch - Navy (V65),Fashion accessories,63.76,101.7
SKU-16820,Aura Anti-Aging Lip Balm - 100ml,Health and beauty,68.72,96.7
SKU-16821,Essence Hydrating Body Lotion - 150g,Health and beauty,38.0,59.99
SKU-16822,Clear Oil-Free Body Wash - 100ml,Health and beauty,35.61,54.09
SKU-16823,Classic Rustic Storage Box - Black,Home and lifestyle,41.58,64.54
SKU-16824,Nova Fast-Charging Headphones - Black,Electronic accessories,71.03,92.39
SKU-16825,Elite Canvas Hat - Black,Fashion accessories,58.61,78.58
SKU-16826,Modern Rustic Bed Sheets - Clear,Home and lifestyle,50.08,64.29
SKU-16827,Smart Wireless Mouse - Red,Electronic accessories,75.28,96.21
SKU-16828,Ultra Mini Cable - Red,Electronic accessories,144.66,192.14
SKU-16829,HomeStyle Glass Candle - White,Home and lifestyle,40.31,58.15
SKU-16830,Nature's Sweet Chocolate - 250g,Food and beverages,12.02,14.18
SKU-16831,Cyber Slim Cable - Blue,Electronic accessories,135.65,194.95
SKU-16832,Peak Breathable Backpack - Orange,Sports and travel,63.55,88.67
SKU-16833,Cozy Stainless Steel Picture Frame - White,Home and lifestyle,18.04,25.16
SKU-16834,HomeStyle Ceramic Picture Frame - Oak (V41),Home and lifestyle,36.94,49.51
SKU-16835,Trendy Canvas Sunglasses - Gold (V92),Fashion accessories,15.23,24.12
SKU-16836,Derma Natural Body Lotion - Pack of 2,Health and beauty,14.61,20.32
SKU-16837,TechPro Fast-Charging Webcam - Blue,Electronic accessories,92.1,119.63
SKU-16838,Cyber Portable Cable - White,Electronic accessories,118.64,146.75
SKU-16839,Summit Lightweight Water Bottle - Orange,Sports and travel,7.12,10.76
SKU-16840,Active Heavy-Duty Jump Rope - Neon Green,Sports and travel,73.28,94.49
SKU-16841,Active Ergonomic Resistance Bands - Orange,Sports and travel,16.64,21.3
SKU-16842,Pure Salted Pasta - 1Kg,Food and beverages,2.59,3.1
SKU-16843,Smart Slim Webcam - White,Electronic accessories,130.61,158.57
SKU-16844,Golden Crunchy Chocolate - 1Kg,Food and beverages,1.99,2.38
SKU-16845,Peak Breathable Gym Bag - Black,Sports and travel,53.86,72.65
SKU-16846,Derma Natural Body Lotion - Pack of 2 (V79),Health and beauty,62.61,94.59
SKU-16847,Cozy Rustic Table Lamp - Clear (V92),Home and lifestyle,75.99,98.15
SKU-16848,Clear Vitamin C Serum - 150g,Health and beauty,49.28,75.98
SKU-16849,FarmFresh Crunchy Cereal - 1Kg,Food and beverages,7.15,8.41
SKU-16850,Zen Cotton Candle - Clear (V95),Home and lifestyle,50.69,72.84
SKU-16851,Active Ergonomic Tent - Orange,Sports and travel,20.09,28.8
SKU-16852,Elite Vintage Backpack - Brown,Fashion accessories,6.58,8.81
SKU-16853,Chic Vintage Gloves - Black (V43),Fashion accessories,43.61,59.69
SKU-16854,Trendy Silk Belt - Gold (V69),Fashion accessories,59.11,74.89
SKU-16855,Giga Portable Cable - White,Electronic accessories,90.84,116.4
SKU-16856,Aura Oil-Free Serum - 100ml (V76),Health and beauty,11.32,16.64
SKU-16857,FarmFresh Vegan Juice - 250g,Food and beverages,7.96,10.26
SKU-16858,Urban Denim Belt - Navy,Fashion accessories,61.46,78.4
SKU-16859,ProFit Breathable Water Bottle - Black,Sports and travel,34.18,43.59
SKU-16860,LuxeHome Stainless Steel Table Lamp - Black,Home and lifestyle,72.72,112.31
SKU-16861,Eco Wireless Keyboard - Blue (V70),Electronic accessories,34.16,45.88
SKU-16862,Tasty Sweet Cookies - Pack of 6 (V8),Food and beverages,2.68,3.14
SKU-16863,Pure Oil-Free Face Cream - Pack of 2,Health and beauty,6.84,10.13
SKU-16864,Urban Canvas Wallet - Rose Gold,Fashion accessories,17.65,22.79
SKU-16865,ProFit Waterproof Gym Bag - Orange,Sports and travel,68.18,96.39
SKU-16866,LuxeHome Glass Towel Set - Grey,Home and lifestyle,32.43,47.78
SKU-16867,Cyber Bluetooth Charger - Grey,Electronic accessories,108.98,151.62
SKU-16868,HomeStyle Cotton Coffee Mug - Oak,Home and lifestyle,30.2,38.09
SKU-16869,Urban Leather Belt - Rose Gold (V76),Fashion accessories,71.69,91.42
SKU-16870,Peak Waterproof Jump Rope - Neon Green (V83),Sports and travel,30.32,46.45
SKU-16871,Aero Waterproof Yoga Mat - Red (V70),Sports and travel,46.64,74.27
SKU-16872,Cozy Glass Towel Set - Grey,Home and lifestyle,58.81,86.95
SKU-16873,Pulse Wireless Charger - Red,Electronic accessories,74.82,104.03
SKU-16874,Smart Heavy Duty Cable - Black,Electronic accessories,70.39,103.57
SKU-16875,Aero Ergonomic Jump Rope - Neon Green,Sports and travel,21.38,32.91
SKU-16876,Vital Oil-Free Serum - 200ml,Health and beauty,51.85,79.41
SKU-16877,Premium Crunchy Honey - 500ml,Food and beverages,15.15,19.16
SKU-16878,Vogue Cotton Wallet - Navy,Fashion accessories,7.15,10.96
SKU-16879,Tasty Salted Chocolate - 500g,Food and beverages,2.09,2.41
SKU-16880,Elite Denim Handbag - Rose Gold,Fashion accessories,34.99,52.79
SKU-16881,Trek Breathable Backpack - Black,Sports and travel,16.79,21.7
SKU-16882,HomeStyle Cotton Vase - Grey,Home and lifestyle,73.56,111.77
SKU-16883,Trendy Leather Backpack - Gold,Fashion accessories,59.08,94.0
SKU-16884,Velocity Lightweight Resistance Bands - Black,Sports and travel,35.9,56.97
SKU-16885,Classic Cotton Bed Sheets - Clear,Home and lifestyle,22.68,31.04
SKU-16886,Tasty Spicy Almonds - 1Kg,Food and beverages,9.31,12.05
SKU-16887,Golden Gluten-Free Cookies - 500g,Food and beverages,2.5,3.21
SKU-16888,Peak Breathable Resistance Bands - Grey,Sports and travel,61.82,88.04
SKU-16889,Derma Natural Lip Balm - Pack of 2 (V38),Health and beauty,18.68,28.79
SKU-16890,Cozy Stainless Steel Bed Sheets - Beige (V81),Home and lifestyle,78.27,111.26
SKU-16891,Daily Sweet Juice - 500ml,Food and beverages,1.1,1.33
SKU-16892,Giga Portable Mouse - Grey,Electronic accessories,55.93,68.64
SKU-16893,Cozy Rustic Towel Set - Grey,Home and lifestyle,25.18,34.08
SKU-16894,Clear Natural Serum - 100ml,Health and beauty,71.23,103.55
SKU-16895,Organic Vegan Juice - 500ml,Food and beverages,2.39,2.79
SKU-16896,HomeStyle Rustic Storage Box - Black (V63),Home and lifestyle,26.2,41.64
SKU-16897,Nature's Sweet Cookies - Pack of 6,Food and beverages,6.63,7.69
SKU-16898,FarmFresh Sweet Olive Oil - 1Kg,Food and beverages,11.64,14.22
SKU-16899,FarmFresh Sweet Olive Oil - 250g (V96),Food and beverages,13.88,17.26
SKU-16900,FarmFresh Salted Pasta - 500ml,Food and beverages,4.47,5.36
SKU-16901,Summit Breathable Dumbbells - Blue,Sports and travel,67.39,86.65
SKU-16902,Vogue Leather Sunglasses - Rose Gold,Fashion accessories,8.25,11.19
SKU-16903,Glow Soothing Body Wash - Pack of 2,Health and beauty,24.39,35.41
SKU-16904,LuxeHome Minimalist Storage Box - Beige,Home and lifestyle,24.98,36.14
SKU-16905,Ultra Slim Cable - Black,Electronic accessories,67.06,97.64
SKU-16906,HomeStyle Wooden Cushion - Grey,Home and lifestyle,26.61,42.03
SKU-16907,Summit Breathable Resistance Bands - Red,Sports and travel,52.46,70.05
SKU-16908,Classic Wooden Storage Box - Clear,Home and lifestyle,11.31,17.36
SKU-16909,Pure Vitamin C Perfume - 200ml,Health and beauty,31.52,45.35
SKU-16910,Clear Anti-Aging Deodorant - Pack of 2,Health and beauty,28.03,40.16
SKU-16911,Zen Cotton Cushion - White (V25),Home and lifestyle,47.06,68.46
SKU-16912,Modern Ceramic Storage Box - Clear (V47),Home and lifestyle,55.5,71.16
SKU-16913,Classic Stainless Steel Vase - White (V24),Home and lifestyle,27.01,35.57
SKU-16914,Clear Organic Body Wash - 50ml,Health and beauty,74.05,114.9
SKU-16915,Daily Roasted Juice - 250g,Food and beverages,13.98,17.67
SKU-16916,Summit Heavy-Duty Yoga Mat - Grey,Sports and travel,16.68,24.93
SKU-16917,Pure Soothing Sunscreen - 100ml,Health and beauty,31.75,46.54
SKU-16918,Modern Glass Candle - Black (V83),Home and lifestyle,58.93,79.62
SKU-16919,HomeStyle Minimalist Candle - Grey (V12),Home and lifestyle,54.91,69.2
SKU-16920,FarmFresh Roasted Cereal - 1L,Food and beverages,7.84,9.59
SKU-16921,Luxe Leather Belt - Black,Fashion accessories,64.2,88.14
SKU-16922,Eco Fast-Charging Headphones - Blue,Electronic accessories,110.81,153.49
SKU-16923,Nature's Crunchy Juice - 500g,Food and beverages,16.95,19.78
SKU-16924,TechPro Bluetooth Headphones - Blue,Electronic accessories,93.15,118.53
SKU-16925,Zen Minimalist Cushion - Grey,Home and lifestyle,22.93,30.52
SKU-16926,Vogue Vintage Sunglasses - Gold,Fashion accessories,68.0,97.34
SKU-16927,Summit Durable Dumbbells - Red,Sports and travel,48.64,63.1
SKU-16928,Pulse Bluetooth Cable - White,Electronic accessories,138.59,186.25
SKU-16929,Tasty Roasted Green Tea - 500g,Food and beverages,10.02,12.43
SKU-16930,Pure Hydrating Serum - Travel Size (V87),Health and beauty,28.48,42.69
SKU-16931,Summit Ergonomic Travel Pillow - Black,Sports and travel,59.39,88.49
SKU-16932,Classic Wooden Storage Box - Clear (V57),Home and lifestyle,33.54,51.13
SKU-16933,Classic Glass Vase - Beige,Home and lifestyle,28.66,42.98
SKU-16934,Cyber Slim Speaker - Grey (V20),Electronic accessories,96.86,120.89
SKU-16935,Aura Soothing Serum - 150g (V3),Health and beauty,23.46,31.31
SKU-16936,Clear Hydrating Conditioner - 150g,Health and beauty,74.25,103.48
SKU-16937,HomeStyle Wooden Candle - Grey (V48),Home and lifestyle,62.26,86.42
SKU-16938,Cyber Portable Power Bank - Blue (V55),Electronic accessories,133.54,162.07
SKU-16939,Urban Vintage Tie - Rose Gold,Fashion accessories,12.15,18.01
SKU-16940,TechPro Heavy Duty Cable - Red (V75),Electronic accessories,37.72,54.58
SKU-16941,Trendy Vintage Hat - Gold (V37),Fashion accessories,10.26,16.4
SKU-16942,Trendy Cotton Watch - Navy,Fashion accessories,29.19,36.97
SKU-16943,Peak Lightweight Water Bottle - Black (V29),Sports and travel,56.65,73.7
SKU-16944,HomeStyle Wooden Cushion - White,Home and lifestyle,38.72,50.31
SKU-16945,Eco Wireless Webcam - Red (V59),Electronic accessories,126.96,166.84
SKU-16946,LuxeHome Stainless Steel Table Lamp - Clear (V21),Home and lifestyle,70.52,96.29
SKU-16947,Cozy Wooden Table Lamp - Grey (V4),Home and lifestyle,14.42,19.05
SKU-16948,Vital Organic Shampoo - 200ml,Health and beauty,64.57,82.87
SKU-16949,Cozy Stainless Steel Coffee Mug - Beige,Home and lifestyle,65.44,92.9
SKU-16950,Summit Lightweight Gym Bag - Grey,Sports and travel,22.54,31.49
SKU-16951,Pure Organic Body Wash - 200ml,Health and beauty,36.16,54.54
SKU-16952,Pulse Slim Adapter - Black,Electronic accessories,109.03,152.65
SKU-16953,Peak Compact Dumbbells - Grey,Sports and travel,41.77,58.11
SKU-16954,Chic Polarized Backpack - Silver,Fashion accessories,6.35,10.11
SKU-16955,Daily Roasted Honey - 500g,Food and beverages,16.0,20.47
SKU-16956,Pure Crunchy Honey - 500ml,Food and beverages,10.61,12.78
SKU-16957,Organic Gluten-Free Cookies - 1L,Food and beverages,18.31,22.35
SKU-16958,EcoLiving Rustic Candle - Black,Home and lifestyle,48.14,67.94
SKU-16959,Peak Lightweight Travel Pillow - Orange (V64),Sports and travel,9.59,15.16
SKU-16960,Pure Salted Pasta - Pack of 6,Food and beverages,5.07,5.84
SKU-16961,Elite Silk Backpack - Navy (V43),Fashion accessories,43.9,64.1
SKU-16962,Peak Waterproof Travel Pillow - Orange (V92),Sports and travel,21.64,34.03
SKU-16963,Cyber Bluetooth Keyboard - Grey (V56),Electronic accessories,144.23,183.95
SKU-16964,Active Compact Gym Bag - Grey (V97),Sports and travel,57.09,75.92
SKU-16965,Cozy Rustic Storage Box - Black (V13),Home and lifestyle,53.81,80.79
SKU-16966,Pure Sweet Cookies - 1L,Food and beverages,11.93,13.79
SKU-16967,Peak Compact Tent - Red,Sports and travel,54.54,81.66
SKU-16968,Nature's Sweet Almonds - 1L,Food and beverages,7.6,9.78
SKU-16969,Daily Salted Honey - Pack of 6,Food and beverages,9.96,12.81
SKU-16970,Pure Anti-Aging Body Lotion - 200ml (V90),Health and beauty,21.78,34.59
SKU-16971,Cozy Stainless Steel Candle - White,Home and lifestyle,27.66,36.56
SKU-16972,Organic Vegan Green Tea - 1L,Food and beverages,19.21,23.14
SKU-16973,Peak Ergonomic Jump Rope - Orange,Sports and travel,69.5,105.98
SKU-16974,Trendy Leather Sunglasses - Brown (V45),Fashion accessories,29.74,47.36
SKU-16975,Nature's Roasted Coffee Beans - 250g (V30),Food and beverages,19.48,24.18
SKU-16976,EcoLiving Wooden Storage Box - White,Home and lifestyle,54.47,84.58
SKU-16977,Aura Vitamin C Lip Balm - 150g,Health and beauty,63.9,94.77
SKU-16978,LuxeHome Glass Towel Set - Black,Home and lifestyle,22.07,29.66
SKU-16979,Tasty Salted Almonds - 1Kg,Food and beverages,8.98,10.96
SKU-16980,Trendy Leather Backpack - Rose Gold,Fashion accessories,22.88,33.57
SKU-16981,Elite Canvas Gloves - Navy (V11),Fashion accessories,47.27,70.05
SKU-16982,Nova Bluetooth Cable - Black,Electronic accessories,30.65,42.38
SKU-16983,Daily Spicy Juice - Pack of 6,Food and beverages,7.86,9.2
SKU-16984,LuxeHome Minimalist Cushion - Oak,Home and lifestyle,33.42,45.49
SKU-16985,Golden Spicy Almonds - 1Kg,Food and beverages,1.65,2.13
SKU-16986,Clear Organic Face Cream - 150g,Health and beauty,73.62,102.69
SKU-16987,Zen Stainless Steel Wall Clock - Grey (V21),Home and lifestyle,29.16,42.7
SKU-16988,Daily Crunchy Pasta - 250g,Food and beverages,3.72,4.31
SKU-16989,Radiant Organic Body Lotion - 50ml,Health and beauty,64.35,97.13
SKU-16990,Aura Vitamin C Face Cream - 100ml (V46),Health and beauty,65.19,100.27
SKU-16991,Giga Wireless Webcam - Silver,Electronic accessories,115.95,149.61
SKU-16992,Eco Portable Mouse - White,Electronic accessories,11.67,16.06
SKU-16993,FarmFresh Gluten-Free Juice - 500ml (V17),Food and beverages,12.14,14.52
SKU-16994,Essence Hydrating Body Lotion - Pack of 2,Health and beauty,18.31,27.12
SKU-16995,EcoLiving Glass Towel Set - Oak (V6),Home and lifestyle,64.18,91.29
SKU-16996,Radiant Natural Serum - 200ml,Health and beauty,37.2,59.44
SKU-16997,Velocity Compact Sleeping Bag - Red,Sports and travel,18.51,27.94
SKU-16998,Nature's Salted Juice - 1L,Food and beverages,15.65,18.01
SKU-16999,Cozy Minimalist Towel Set - Oak,Home and lifestyle,74.95,116.58
SKU-17000,Eco Wireless Mouse - Blue,Electronic accessories,44.69,55.29
SKU-17001,Nature's Vegan Green Tea - 1Kg,Food and beverages,2.44,2.83
SKU-17002,Active Durable Sleeping Bag - Black,Sports and travel,67.11,104.42
SKU-17003,Luxe Canvas Handbag - Rose Gold,Fashion accessories,60.62,76.28
SKU-17004,EcoLiving Stainless Steel Cushion - Black (V51),Home and lifestyle,30.89,48.38
SKU-17005,Essence Anti-Aging Lip Balm - 50ml,Health and beauty,24.38,36.73
SKU-17006,Golden Spicy Pasta - 500g,Food and beverages,3.75,4.63
SKU-17007,Trendy Denim Tie - Black (V6),Fashion accessories,16.24,21.88
SKU-17008,Vogue Canvas Scarf - Brown,Fashion accessories,26.72,39.0
SKU-17009,TechPro Wireless Charger - White,Electronic accessories,92.09,119.65
SKU-17010,Aero Compact Backpack - Black (V67),Sports and travel,20.62,29.97
SKU-17011,Derma Oil-Free Deodorant - 100ml (V11),Health and beauty,10.08,14.63
SKU-17012,Chic Silk Backpack - Rose Gold,Fashion accessories,51.68,70.18
SKU-17013,Motion Durable Tent - Red,Sports and travel,29.58,38.23
SKU-17014,Cozy Cotton Storage Box - Grey (V44),Home and lifestyle,76.63,119.77
SKU-17015,Classic Stainless Steel Bed Sheets - Black,Home and lifestyle,12.26,16.71
SKU-17016,Clear Vitamin C Deodorant - 150g (V13),Health and beauty,23.54,32.4
SKU-17017,Nature's Salted Juice - 250g,Food and beverages,13.8,16.59
SKU-17018,Retro Cotton Tie - Silver,Fashion accessories,24.77,37.12
SKU-17019,TechPro Mini Webcam - Red (V44),Electronic accessories,118.71,162.19
SKU-17020,HomeStyle Wooden Towel Set - Black,Home and lifestyle,8.63,12.12
SKU-17021,Aero Lightweight Yoga Mat - Neon Green,Sports and travel,21.76,30.64
SKU-17022,Tasty Vegan Almonds - Pack of 6,Food and beverages,17.94,22.26
SKU-17023,Derma Hydrating Perfume - 100ml (V92),Health and beauty,15.3,22.99
SKU-17024,Velocity Ergonomic Travel Pillow - Grey,Sports and travel,37.16,54.83
SKU-17025,Pure Spicy Coffee Beans - 1Kg (V70),Food and beverages,7.72,10.01
SKU-17026,Motion Heavy-Duty Tent - Red,Sports and travel,45.37,69.59
SKU-17027,Cozy Wooden Picture Frame - Oak,Home and lifestyle,6.81,10.49
SKU-17028,Cozy Ceramic Vase - Beige,Home and lifestyle,71.69,91.39
SKU-17029,Modern Wooden Cushion - Clear (V58),Home and lifestyle,78.39,122.22
SKU-17030,Pure Crunchy Olive Oil - 1Kg,Food and beverages,11.03,13.75
SKU-17031,Giga Portable Earbuds - Grey (V71),Electronic accessories,98.02,143.36
SKU-17032,Cyber Portable Mouse - Silver (V51),Electronic accessories,142.29,205.73
SKU-17033,Trek Durable Sleeping Bag - Blue,Sports and travel,51.16,72.59
SKU-17034,Ultra Mini Headphones - White,Electronic accessories,83.67,118.22
SKU-17035,Motion Lightweight Backpack - Orange,Sports and travel,9.41,14.16
SKU-17036,Chic Polarized Gloves - Brown (V54),Fashion accessories,31.57,46.24
SKU-17037,Essence Hydrating Sunscreen - 100ml,Health and beauty,17.2,23.34
SKU-17038,Summit Lightweight Water Bottle - Orange (V85),Sports and travel,27.86,41.41
SKU-17039,Clear Organic Deodorant - Pack of 2,Health and beauty,11.68,18.68
SKU-17040,Derma Natural Sunscreen - Travel Size,Health and beauty,55.42,82.82
SKU-17041,Peak Lightweight Dumbbells - Red (V94),Sports and travel,8.12,10.54
SKU-17042,Urban Silk Tie - Gold,Fashion accessories,50.47,63.98
SKU-17043,Elite Leather Backpack - Rose Gold,Fashion accessories,37.05,52.77
SKU-17044,Eco Slim Adapter - Red,Electronic accessories,95.2,115.49
SKU-17045,Urban Glass Coffee Mug - Grey,Home and lifestyle,72.48,112.37
SKU-17046,Modern Cotton Bed Sheets - White,Home and lifestyle,5.21,6.77
SKU-17047,Cozy Wooden Vase - Beige,Home and lifestyle,18.47,29.09
SKU-17048,Urban Canvas Gloves - Navy (V56),Fashion accessories,70.29,97.78
SKU-17049,Pulse Fast-Charging Headphones - Silver (V7),Electronic accessories,115.89,159.07
SKU-17050,Zen Glass Table Lamp - Clear,Home and lifestyle,60.01,94.62
SKU-17051,Cyber Slim Earbuds - Red (V76),Electronic accessories,58.27,81.13
SKU-17052,Derma Soothing Body Wash - Pack of 2,Health and beauty,74.92,100.77
SKU-17053,ProFit Lightweight Jump Rope - Grey,Sports and travel,47.38,70.49
SKU-17054,Giga Mini Adapter - Grey,Electronic accessories,39.65,52.93
SKU-17055,Daily Spicy Honey - 500ml,Food and beverages,7.95,9.91
SKU-17056,Derma Natural Conditioner - 50ml (V41),Health and beauty,78.79,118.21
SKU-17057,Trek Compact Yoga Mat - Red,Sports and travel,78.84,101.82
SKU-17058,Luxe Cotton Belt - Silver,Fashion accessories,36.92,57.03
SKU-17059,Aura Vitamin C Serum - 100ml (V12),Health and beauty,18.47,28.52
SKU-17060,Retro Cotton Watch - Brown,Fashion accessories,59.73,94.19
SKU-17061,Clear Natural Serum - 50ml,Health and beauty,14.46,20.08
SKU-17062,Vogue Cotton Belt - Gold,Fashion accessories,41.54,63.67
SKU-17063,Classic Minimalist Storage Box - White (V2),Home and lifestyle,62.56,86.92
SKU-17064,Retro Cotton Gloves - Rose Gold,Fashion accessories,5.75,7.6
SKU-17065,Elite Polarized Belt - Rose Gold (V70),Fashion accessories,57.38,73.69
SKU-17066,Summit Durable Water Bottle - Neon Green (V29),Sports and travel,49.82,71.73
SKU-17067,Smart Wireless Headphones - Silver,Electronic accessories,139.2,195.72
SKU-17068,Classic Leather Tie - Silver,Fashion accessories,66.56,105.07
SKU-17069,Trendy Cotton Scarf - Black (V80),Fashion accessories,5.62,7.84
SKU-17070,Smart Fast-Charging Charger - Blue,Electronic accessories,124.63,150.83
SKU-17071,Chic Silk Scarf - Gold,Fashion accessories,79.27,109.58
SKU-17072,Elite Canvas Scarf - Navy,Fashion accessories,67.14,92.27
SKU-17073,Luxe Canvas Sunglasses - Rose Gold (V52),Fashion accessories,37.26,54.22
SKU-17074,Vital Oil-Free Conditioner - Travel Size,Health and beauty,9.97,15.6
SKU-17075,Pure Vitamin C Lip Balm - Pack of 2 (V7),Health and beauty,5.75,7.22
SKU-17076,Pure Hydrating Perfume - 150g,Health and beauty,46.83,70.12
SKU-17077,Classic Cotton Cushion - Grey,Home and lifestyle,11.94,16.77
SKU-17078,Essence Soothing Deodorant - 150g,Health and beauty,77.35,123.37
SKU-17079,Motion Heavy-Duty Water Bottle - Blue,Sports and travel,55.08,84.35
SKU-17080,Pure Crunchy Honey - 500g,Food and beverages,2.41,2.94
SKU-17081,EcoLiving Minimalist Cushion - Grey,Home and lifestyle,19.12,24.91
SKU-17082,Tasty Roasted Olive Oil - 500g (V99),Food and beverages,17.26,20.75
SKU-17083,Trek Ergonomic Travel Pillow - Blue (V9),Sports and travel,38.8,50.18
SKU-17084,Classic Silk Belt - Rose Gold,Fashion accessories,34.85,54.78
SKU-17085,Glow Soothing Sunscreen - 100ml,Health and beauty,26.78,39.4
SKU-17086,Aero Durable Tent - Red,Sports and travel,26.85,42.09
SKU-17087,Eco Slim Headphones - Black,Electronic accessories,92.08,112.32
SKU-17088,Urban Canvas Wallet - Silver,Fashion accessories,63.07,82.08
SKU-17089,Urban Cotton Cushion - Grey (V10),Home and lifestyle,25.6,32.99
SKU-17090,Clear Soothing Deodorant - 50ml,Health and beauty,57.84,88.84
SKU-17091,Urban Vintage Scarf - Gold,Fashion accessories,29.32,42.82
SKU-17092,FarmFresh Roasted Juice - 500ml,Food and beverages,14.42,18.68
SKU-17093,Retro Canvas Watch - Gold,Fashion accessories,29.25,45.22
SKU-17094,Luxe Denim Gloves - Silver,Fashion accessories,10.42,14.47
SKU-17095,Peak Lightweight Yoga Mat - Grey (V84),Sports and travel,51.17,80.85
SKU-17096,Tasty Crunchy Almonds - 500g,Food and beverages,8.84,10.49
SKU-17097,Essence Soothing Serum - Travel Size,Health and beauty,49.91,65.24
SKU-17098,Daily Crunchy Chocolate - 1L,Food and beverages,10.65,13.31
SKU-17099,Essence Vitamin C Sunscreen - 200ml,Health and beauty,78.18,116.16
SKU-17100,Velocity Breathable Jump Rope - Neon Green (V49),Sports and travel,75.42,110.39
SKU-17101,Cyber Heavy Duty Headphones - Red,Electronic accessories,74.77,105.94
SKU-17102,TechPro Portable Mouse - Red,Electronic accessories,144.67,188.79
SKU-17103,Classic Canvas Gloves - Navy (V95),Fashion accessories,71.07,102.53
SKU-17104,Aero Durable Dumbbells - Red,Sports and travel,18.2,28.37
SKU-17105,Trek Ergonomic Jump Rope - Orange,Sports and travel,38.79,58.82
SKU-17106,TechPro Heavy Duty Webcam - White,Electronic accessories,116.91,143.13
SKU-17107,Pure Organic Body Wash - 50ml,Health and beauty,66.08,92.29
SKU-17108,TechPro Portable Webcam - Silver,Electronic accessories,140.15,205.06
SKU-17109,Golden Vegan Almonds - 500g,Food and beverages,15.34,19.48
SKU-17110,Nova Bluetooth Earbuds - White (V70),Electronic accessories,123.98,167.37
SKU-17111,Clear Organic Shampoo - 150g,Health and beauty,73.26,105.66
SKU-17112,Luxe Vintage Belt - Rose Gold,Fashion accessories,30.96,48.42
SKU-17113,Pure Vegan Cookies - 500g,Food and beverages,5.11,6.59
SKU-17114,Aero Lightweight Yoga Mat - Grey,Sports and travel,32.48,40.62
SKU-17115,Smart Bluetooth Mouse - White,Electronic accessories,133.96,166.35
SKU-17116,Derma Vitamin C Deodorant - 100ml,Health and beauty,64.44,101.0
SKU-17117,TechPro Bluetooth Headphones - Blue (V53),Electronic accessories,40.36,49.83
SKU-17118,Eco Fast-Charging Earbuds - Red (V33),Electronic accessories,89.13,127.17
SKU-17119,ProFit Lightweight Gym Bag - Black (V82),Sports and travel,25.55,33.81
SKU-17120,Clear Organic Deodorant - 150g,Health and beauty,52.59,74.76
SKU-17121,Active Waterproof Yoga Mat - Black (V94),Sports and travel,12.0,18.11
SKU-17122,Derma Hydrating Shampoo - 200ml (V54),Health and beauty,57.14,78.18
SKU-17123,Daily Vegan Pasta - 500ml (V53),Food and beverages,16.13,20.85
SKU-17124,Glow Vitamin C Serum - Pack of 2,Health and beauty,39.37,56.22
SKU-17125,Vital Hydrating Sunscreen - 100ml (V89),Health and beauty,24.39,32.35
SKU-17126,Chic Vintage Hat - Brown (V19),Fashion accessories,54.39,76.01
SKU-17127,Urban Rustic Picture Frame - Grey (V84),Home and lifestyle,71.81,95.43
SKU-17128,TechPro Mini Webcam - Silver,Electronic accessories,128.79,159.07
SKU-17129,Retro Silk Gloves - Navy,Fashion accessories,42.77,61.8
SKU-17130,Aura Anti-Aging Deodorant - 200ml (V9),Health and beauty,70.52,90.99
SKU-17131,Pure Crunchy Almonds - 1Kg,Food and beverages,17.81,20.73
SKU-17132,Essence Oil-Free Deodorant - Travel Size,Health and beauty,40.18,60.73
SKU-17133,Urban Polarized Belt - Rose Gold,Fashion accessories,68.3,103.27
SKU-17134,HomeStyle Glass Storage Box - Oak,Home and lifestyle,64.86,92.43
SKU-17135,Glow Natural Face Cream - 100ml (V33),Health and beauty,5.29,7.14
SKU-17136,Nature's Gluten-Free Green Tea - 1L (V7),Food and beverages,9.32,11.29
SKU-17137,Clear Anti-Aging Conditioner - 100ml,Health and beauty,79.03,103.4
SKU-17138,Organic Spicy Green Tea - 1Kg,Food and beverages,15.57,20.09
SKU-17139,Luxe Polarized Tie - Black,Fashion accessories,62.14,98.32
SKU-17140,Urban Polarized Wallet - Black (V35),Fashion accessories,5.1,7.58
SKU-17141,Nova Heavy Duty Webcam - Blue,Electronic accessories,62.61,82.51
SKU-17142,Urban Cotton Belt - Silver,Fashion accessories,10.82,16.28
SKU-17143,Derma Anti-Aging Sunscreen - Pack of 2,Health and beauty,57.1,88.67
SKU-17144,Peak Compact Yoga Mat - Blue,Sports and travel,70.7,92.07
SKU-17145,Aero Lightweight Yoga Mat - Orange,Sports and travel,59.98,86.4
SKU-17146,Radiant Anti-Aging Serum - Pack of 2 (V37),Health and beauty,19.53,26.85
SKU-17147,Motion Breathable Tent - Neon Green,Sports and travel,44.79,56.61
SKU-17148,Nova Mini Power Bank - Grey (V29),Electronic accessories,75.29,94.76
SKU-17149,Elite Silk Hat - Silver,Fashion accessories,77.78,100.67
SKU-17150,Active Compact Yoga Mat - Red (V44),Sports and travel,55.4,76.78
SKU-17151,Premium Vegan Juice - Pack of 6,Food and beverages,15.99,20.59
SKU-17152,Pure Spicy Pasta - 1Kg (V46),Food and beverages,1.05,1.28
SKU-17153,Smart Mini Mouse - Black,Electronic accessories,86.72,104.28
SKU-17154,HomeStyle Stainless Steel Vase - Oak,Home and lifestyle,62.96,91.78
SKU-17155,Essence Hydrating Perfume - 100ml,Health and beauty,55.29,69.78
SKU-17156,Urban Polarized Belt - Silver,Fashion accessories,48.0,72.18
SKU-17157,TechPro Fast-Charging Mouse - Grey (V19),Electronic accessories,45.11,66.63
SKU-17158,Nova Wireless Webcam - Black,Electronic accessories,125.65,182.46
SKU-17159,Summit Compact Resistance Bands - Orange,Sports and travel,40.63,63.63
SKU-17160,Golden Gluten-Free Cookies - 1L,Food and beverages,11.23,13.63
SKU-17161,Pure Spicy Cereal - 500g,Food and beverages,8.28,10.16
SKU-17162,Modern Glass Picture Frame - Beige,Home and lifestyle,35.54,47.46
SKU-17163,Classic Ceramic Wall Clock - White,Home and lifestyle,26.95,41.21
SKU-17164,Chic Polarized Backpack - Rose Gold (V77),Fashion accessories,15.35,21.41
SKU-17165,Eco Slim Charger - Silver,Electronic accessories,20.02,29.84
SKU-17166,Giga Slim Speaker - Silver,Electronic accessories,36.33,53.61
SKU-17167,ProFit Ergonomic Tent - Blue,Sports and travel,58.44,82.12
SKU-17168,Pure Crunchy Almonds - 500ml,Food and beverages,12.3,14.28
SKU-17169,Clear Vitamin C Body Wash - 100ml,Health and beauty,30.47,47.65
SKU-17170,Ultra Mini Charger - Silver,Electronic accessories,97.55,142.51
SKU-17171,HomeStyle Ceramic Storage Box - Clear (V77),Home and lifestyle,61.41,76.96
SKU-17172,Smart Wireless Mouse - White (V78),Electronic accessories,16.57,22.08
SKU-17173,TechPro Bluetooth Earbuds - Red,Electronic accessories,10.9,16.11
SKU-17174,Trek Durable Dumbbells - Black,Sports and travel,33.04,41.39
SKU-17175,Motion Lightweight Yoga Mat - Grey,Sports and travel,10.38,14.61
SKU-17176,Aura Natural Sunscreen - 200ml,Health and beauty,39.79,63.62
SKU-17177,FarmFresh Salted Green Tea - 500g (V4),Food and beverages,12.47,14.77
SKU-17178,Peak Heavy-Duty Tent - Neon Green,Sports and travel,37.11,47.47
SKU-17179,Vogue Denim Wallet - Navy,Fashion accessories,72.59,114.53
SKU-17180,Giga Slim Charger - Grey (V96),Electronic accessories,108.44,137.09
SKU-17181,Chic Silk Handbag - Gold,Fashion accessories,6.27,8.2
SKU-17182,Chic Denim Scarf - Navy,Fashion accessories,20.98,31.54
SKU-17183,Velocity Breathable Travel Pillow - Black,Sports and travel,13.6,18.25
SKU-17184,Cozy Ceramic Cushion - Oak,Home and lifestyle,12.75,20.11
SKU-17185,Urban Denim Scarf - Black,Fashion accessories,38.09,54.76
SKU-17186,Pulse Mini Cable - White (V88),Electronic accessories,48.79,65.56
SKU-17187,Luxe Denim Scarf - Rose Gold (V51),Fashion accessories,33.12,48.87
SKU-17188,Velocity Ergonomic Water Bottle - Orange,Sports and travel,63.86,88.72
SKU-17189,Urban Polarized Sunglasses - Rose Gold,Fashion accessories,30.6,43.55
SKU-17190,Pure Organic Body Lotion - Pack of 2 (V85),Health and beauty,31.5,49.24
SKU-17191,Derma Natural Serum - 100ml,Health and beauty,64.65,85.39
SKU-17192,LuxeHome Wooden Wall Clock - Grey,Home and lifestyle,65.86,97.31
SKU-17193,Radiant Hydrating Serum - Pack of 2,Health and beauty,27.47,36.93
SKU-17194,Cozy Wooden Candle - Oak,Home and lifestyle,79.79,109.04
SKU-17195,Eco Portable Adapter - Red,Electronic accessories,112.49,151.25
SKU-17196,Peak Waterproof Yoga Mat - Blue (V44),Sports and travel,18.03,23.09
SKU-17197,Giga Slim Power Bank - White,Electronic accessories,29.51,38.21
SKU-17198,Golden Gluten-Free Almonds - Pack of 6,Food and beverages,13.63,17.1
SKU-17199,Premium Vegan Pasta - 1L (V58),Food and beverages,17.99,21.71
SKU-17200,Active Compact Yoga Mat - Orange,Sports and travel,27.88,38.77
SKU-17201,Pure Roasted Cereal - 1Kg (V14),Food and beverages,10.83,13.95
SKU-17202,Urban Cotton Wall Clock - Beige (V24),Home and lifestyle,14.46,21.06
SKU-17203,Trendy Silk Backpack - Gold (V50),Fashion accessories,25.83,39.63
SKU-17204,Retro Polarized Wallet - Black,Fashion accessories,43.76,68.92
SKU-17205,FarmFresh Sweet Pasta - 500ml,Food and beverages,9.25,11.37
SKU-17206,Nova Heavy Duty Power Bank - Silver (V24),Electronic accessories,146.68,189.95
SKU-17207,Classic Stainless Steel Storage Box - Black (V94),Home and lifestyle,46.89,69.33
SKU-17208,Cozy Stainless Steel Coffee Mug - Beige (V97),Home and lifestyle,60.43,77.31
SKU-17209,Summit Compact Gym Bag - Neon Green (V21),Sports and travel,28.93,46.24
SKU-17210,Vogue Vintage Watch - Navy,Fashion accessories,21.26,33.86
SKU-17211,Organic Roasted Honey - 500g,Food and beverages,8.55,10.51
SKU-17212,Classic Vintage Belt - Brown,Fashion accessories,73.36,116.11
SKU-17213,Trendy Silk Sunglasses - Brown,Fashion accessories,8.56,10.88
SKU-17214,Glow Hydrating Shampoo - Travel Size,Health and beauty,46.39,73.4
SKU-17215,Motion Heavy-Duty Gym Bag - Red,Sports and travel,79.72,110.13
SKU-17216,Glow Anti-Aging Deodorant - 50ml,Health and beauty,62.21,93.48
SKU-17217,Classic Vintage Handbag - Navy,Fashion accessories,46.04,71.04
SKU-17218,Trek Waterproof Backpack - Blue,Sports and travel,26.39,37.35
SKU-17219,Trendy Leather Scarf - Silver,Fashion accessories,28.15,44.93
SKU-17220,Modern Wooden Coffee Mug - Black (V16),Home and lifestyle,45.55,67.94
SKU-17221,Organic Sweet Juice - Pack of 6,Food and beverages,5.93,7.43
SKU-17222,Classic Stainless Steel Cushion - Grey,Home and lifestyle,57.18,77.64
SKU-17223,Elite Polarized Handbag - Silver (V16),Fashion accessories,24.54,31.42
SKU-17224,Summit Compact Resistance Bands - Neon Green,Sports and travel,5.52,8.63
SKU-17225,ProFit Lightweight Gym Bag - Grey,Sports and travel,33.89,53.54
SKU-17226,HomeStyle Ceramic Table Lamp - White (V66),Home and lifestyle,41.55,65.02
SKU-17227,Urban Glass Coffee Mug - Oak,Home and lifestyle,54.08,70.97
SKU-17228,Nature's Salted Chocolate - 250g,Food and beverages,6.8,8.43
SKU-17229,Tasty Roasted Pasta - 500ml (V77),Food and beverages,6.31,8.12
SKU-17230,Pure Gluten-Free Chocolate - Pack of 6 (V20),Food and beverages,3.42,3.94
SKU-17231,Organic Roasted Cookies - 1Kg (V19),Food and beverages,18.0,21.8
SKU-17232,HomeStyle Wooden Bed Sheets - Oak,Home and lifestyle,16.37,24.71
SKU-17233,Luxe Canvas Tie - Black,Fashion accessories,74.73,108.94
SKU-17234,Glow Soothing Sunscreen - 50ml,Health and beauty,39.2,59.09
SKU-17235,Nova Fast-Charging Charger - Blue (V64),Electronic accessories,43.62,54.28
SKU-17236,Summit Lightweight Gym Bag - Orange,Sports and travel,74.68,96.58
SKU-17237,Vogue Leather Handbag - Black,Fashion accessories,72.68,110.18
SKU-17238,Giga Portable Charger - Silver,Electronic accessories,57.78,70.22
SKU-17239,ProFit Waterproof Sleeping Bag - Blue,Sports and travel,34.12,44.89
SKU-17240,Summit Compact Sleeping Bag - Neon Green,Sports and travel,29.73,47.27
SKU-17241,Nature's Sweet Cereal - 500ml (V67),Food and beverages,18.4,23.63
SKU-17242,Premium Roasted Almonds - Pack of 6,Food and beverages,17.72,21.85
SKU-17243,Aura Hydrating Body Wash - 200ml (V32),Health and beauty,25.24,35.93
SKU-17244,Daily Crunchy Juice - 250g (V67),Food and beverages,1.1,1.3
SKU-17245,Cyber Heavy Duty Keyboard - Black,Electronic accessories,98.16,131.34
SKU-17246,Cozy Rustic Bed Sheets - Grey,Home and lifestyle,17.8,27.93
SKU-17247,Nature's Gluten-Free Cereal - 250g (V29),Food and beverages,7.69,9.28
SKU-17248,Retro Cotton Hat - Brown,Fashion accessories,31.58,44.71
SKU-17249,Pure Hydrating Shampoo - Pack of 2 (V71),Health and beauty,30.45,42.44
SKU-17250,Pure Hydrating Body Wash - 200ml (V3),Health and beauty,33.98,44.05
SKU-17251,Pure Roasted Pasta - 500g,Food and beverages,10.86,13.0
SKU-17252,Golden Roasted Cookies - 1Kg (V54),Food and beverages,4.98,5.88
SKU-17253,HomeStyle Ceramic Picture Frame - White,Home and lifestyle,69.15,101.65
SKU-17254,Classic Ceramic Vase - Clear,Home and lifestyle,14.67,20.11
SKU-17255,TechPro Fast-Charging Mouse - Blue,Electronic accessories,62.27,90.32
SKU-17256,Radiant Soothing Sunscreen - 100ml,Health and beauty,14.38,19.76
SKU-17257,HomeStyle Glass Vase - White,Home and lifestyle,32.08,40.48
SKU-17258,Retro Canvas Sunglasses - Brown,Fashion accessories,78.28,106.66
SKU-17259,Pure Natural Body Lotion - 200ml,Health and beauty,17.02,24.18
SKU-17260,Ultra Wireless Mouse - Grey (V81),Electronic accessories,116.53,159.56
SKU-17261,Elite Cotton Gloves - Silver,Fashion accessories,16.87,23.57
SKU-17262,HomeStyle Glass Picture Frame - Grey,Home and lifestyle,48.28,77.23
SKU-17263,Pure Vegan Cereal - 250g,Food and beverages,14.43,17.05
SKU-17264,Cyber Bluetooth Power Bank - Black,Electronic accessories,17.72,23.38
SKU-17265,Derma Vitamin C Face Cream - 200ml,Health and beauty,77.56,114.58
SKU-17266,Cyber Bluetooth Webcam - Grey (V80),Electronic accessories,98.06,129.17
SKU-17267,Derma Soothing Sunscreen - 100ml,Health and beauty,27.7,39.94
SKU-17268,FarmFresh Roasted Green Tea - 500ml,Food and beverages,6.02,6.97
SKU-17269,Daily Crunchy Juice - Pack of 6,Food and beverages,7.81,9.35
SKU-17270,Glow Anti-Aging Serum - 150g,Health and beauty,50.33,77.61
SKU-17271,Aero Lightweight Dumbbells - Grey,Sports and travel,63.75,98.95
SKU-17272,Motion Lightweight Resistance Bands - Neon Green (V34),Sports and travel,32.85,44.64
SKU-17273,Glow Organic Conditioner - Travel Size,Health and beauty,20.61,27.61
SKU-17274,Classic Minimalist Picture Frame - Black (V15),Home and lifestyle,28.51,45.59
SKU-17275,Classic Vintage Hat - Black (V62),Fashion accessories,37.77,55.14
SKU-17276,Derma Hydrating Body Wash - Pack of 2,Health and beauty,61.21,95.27
SKU-17277,Urban Rustic Vase - Oak,Home and lifestyle,7.43,11.86
SKU-17278,Daily Salted Cereal - Pack of 6,Food and beverages,6.17,7.92
SKU-17279,Smart Heavy Duty Speaker - White (V64),Electronic accessories,93.26,123.3
SKU-17280,Luxe Canvas Hat - Navy (V68),Fashion accessories,13.66,19.66
SKU-17281,Essence Anti-Aging Deodorant - 50ml (V43),Health and beauty,6.1,8.85
SKU-17282,Retro Denim Gloves - Brown,Fashion accessories,75.34,105.6
SKU-17283,Chic Canvas Sunglasses - Black (V31),Fashion accessories,11.04,17.47
SKU-17284,HomeStyle Wooden Table Lamp - Beige,Home and lifestyle,6.96,8.91
SKU-17285,FarmFresh Vegan Pasta - 500ml,Food and beverages,1.48,1.78
SKU-17286,Cozy Glass Cushion - Grey (V73),Home and lifestyle,19.72,25.96
SKU-17287,Chic Cotton Watch - Rose Gold,Fashion accessories,14.61,22.27
SKU-17288,Peak Breathable Travel Pillow - Neon Green,Sports and travel,48.73,66.09
SKU-17289,Daily Sweet Honey - 1L,Food and beverages,14.06,17.85
SKU-17290,FarmFresh Crunchy Pasta - Pack of 6,Food and beverages,7.12,8.59
SKU-17291,Nature's Salted Coffee Beans - 250g (V87),Food and beverages,2.01,2.45
SKU-17292,LuxeHome Stainless Steel Cushion - Oak,Home and lifestyle,27.23,35.19
SKU-17293,Giga Fast-Charging Webcam - Black,Electronic accessories,116.26,144.29
SKU-17294,Zen Stainless Steel Candle - Beige,Home and lifestyle,57.44,81.3
SKU-17295,Aero Heavy-Duty Sleeping Bag - Grey,Sports and travel,48.64,66.05
SKU-17296,Summit Breathable Tent - Orange,Sports and travel,50.96,72.38
SKU-17297,Aero Waterproof Yoga Mat - Black,Sports and travel,49.71,70.37
SKU-17298,Aura Hydrating Sunscreen - 50ml,Health and beauty,5.34,7.26
SKU-17299,Summit Waterproof Travel Pillow - Orange (V35),Sports and travel,19.93,31.32
SKU-17300,Clear Hydrating Sunscreen - 200ml,Health and beauty,78.57,118.02
SKU-17301,Aura Hydrating Conditioner - Travel Size (V63),Health and beauty,52.93,84.49
SKU-17302,Vital Vitamin C Body Wash - 100ml (V60),Health and beauty,31.9,48.99
SKU-17303,Zen Glass Storage Box - Beige (V33),Home and lifestyle,57.0,79.04
SKU-17304,Organic Sweet Almonds - 250g (V77),Food and beverages,16.35,20.38
SKU-17305,Essence Organic Sunscreen - 150g (V90),Health and beauty,42.33,66.22
SKU-17306,Peak Ergonomic Tent - Black,Sports and travel,42.28,57.85
SKU-17307,HomeStyle Wooden Bed Sheets - Black,Home and lifestyle,54.39,69.34
SKU-17308,Active Heavy-Duty Resistance Bands - Red,Sports and travel,52.84,67.1
SKU-17309,ProFit Lightweight Jump Rope - Neon Green,Sports and travel,44.8,63.86
SKU-17310,Trendy Silk Wallet - Brown (V35),Fashion accessories,6.98,9.08
SKU-17311,Active Heavy-Duty Yoga Mat - Orange,Sports and travel,74.43,112.59
SKU-17312,FarmFresh Spicy Cereal - Pack of 6,Food and beverages,15.23,18.4
SKU-17313,Elite Vintage Gloves - Rose Gold,Fashion accessories,77.72,114.86
SKU-17314,FarmFresh Crunchy Juice - 500ml,Food and beverages,9.14,10.92
SKU-17315,ProFit Ergonomic Jump Rope - Red,Sports and travel,11.85,16.08
SKU-17316,Active Lightweight Dumbbells - Neon Green (V92),Sports and travel,12.79,19.1
SKU-17317,ProFit Heavy-Duty Gym Bag - Black (V39),Sports and travel,43.71,58.94
SKU-17318,Active Durable Water Bottle - Grey,Sports and travel,72.25,111.11
SKU-17319,Tasty Salted Coffee Beans - 1L,Food and beverages,9.62,11.8
SKU-17320,Active Breathable Water Bottle - Blue (V60),Sports and travel,41.87,66.86
SKU-17321,Cozy Rustic Wall Clock - White,Home and lifestyle,79.76,122.03
SKU-17322,Organic Salted Juice - 250g,Food and beverages,19.37,24.84
SKU-17323,Nova Slim Power Bank - Black,Electronic accessories,110.09,159.13
SKU-17324,Luxe Denim Watch - Silver,Fashion accessories,11.73,16.79
SKU-17325,LuxeHome Ceramic Wall Clock - Black,Home and lifestyle,27.73,43.99
SKU-17326,Peak Breathable Travel Pillow - Black (V53),Sports and travel,51.24,65.07
SKU-17327,Cyber Portable Webcam - Silver,Electronic accessories,21.34,29.45
SKU-17328,Giga Portable Adapter - Black,Electronic accessories,98.41,131.73
SKU-17329,Vogue Denim Scarf - Brown,Fashion accessories,48.2,71.08
SKU-17330,Pure Natural Face Cream - 150g,Health and beauty,54.58,87.09
SKU-17331,LuxeHome Glass Cushion - Beige (V20),Home and lifestyle,17.05,24.02
SKU-17332,Essence Vitamin C Body Wash - Travel Size,Health and beauty,8.58,12.4
SKU-17333,Derma Vitamin C Body Wash - 150g,Health and beauty,64.23,99.52
SKU-17334,Modern Stainless Steel Vase - White,Home and lifestyle,74.63,93.93
SKU-17335,Vital Oil-Free Shampoo - Pack of 2,Health and beauty,62.38,83.62
SKU-17336,Aura Natural Body Lotion - 50ml,Health and beauty,74.66,99.97
SKU-17337,Velocity Waterproof Water Bottle - Red,Sports and travel,56.32,77.65
SKU-17338,Organic Spicy Chocolate - 500g,Food and beverages,6.5,8.03
SKU-17339,Pure Sweet Juice - 1Kg,Food and beverages,10.39,12.42
SKU-17340,Eco Fast-Charging Headphones - Red (V56),Electronic accessories,146.67,184.46
SKU-17341,Summit Lightweight Sleeping Bag - Blue (V29),Sports and travel,53.53,78.68
SKU-17342,Aero Ergonomic Jump Rope - Red,Sports and travel,58.17,84.52
SKU-17343,LuxeHome Stainless Steel Wall Clock - Oak,Home and lifestyle,23.3,32.97
SKU-17344,Derma Anti-Aging Conditioner - 50ml,Health and beauty,57.12,72.49
SKU-17345,Cozy Minimalist Storage Box - White,Home and lifestyle,54.1,81.53
SKU-17346,Essence Oil-Free Sunscreen - 150g,Health and beauty,34.51,53.94
SKU-17347,Pure Natural Lip Balm - 50ml,Health and beauty,68.21,100.71
SKU-17348,Nova Wireless Power Bank - Grey,Electronic accessories,124.1,173.58
SKU-17349,Ultra Mini Headphones - White (V75),Electronic accessories,107.55,160.03
SKU-17350,Smart Slim Adapter - Grey,Electronic accessories,131.0,160.02
SKU-17351,EcoLiving Minimalist Wall Clock - Grey,Home and lifestyle,46.43,67.71
SKU-17352,Nature's Gluten-Free Honey - Pack of 6,Food and beverages,17.99,22.62
SKU-17353,Motion Heavy-Duty Gym Bag - Black,Sports and travel,47.66,64.54
SKU-17354,Golden Salted Cereal - 250g,Food and beverages,1.3,1.56
SKU-17355,Urban Cotton Vase - Black (V90),Home and lifestyle,11.42,15.34
SKU-17356,Zen Stainless Steel Table Lamp - Oak,Home and lifestyle,9.33,13.22
SKU-17357,Ultra Slim Keyboard - Blue (V9),Electronic accessories,92.96,122.81
SKU-17358,Smart Fast-Charging Keyboard - Silver,Electronic accessories,35.8,53.39
SKU-17359,Ultra Portable Power Bank - Grey,Electronic accessories,79.26,100.72
SKU-17360,Vogue Denim Handbag - Gold,Fashion accessories,30.58,44.71
SKU-17361,Summit Lightweight Gym Bag - Grey (V83),Sports and travel,24.79,33.36
SKU-17362,TechPro Slim Earbuds - Red (V98),Electronic accessories,69.2,85.81
SKU-17363,Organic Vegan Cereal - 500g,Food and beverages,18.91,23.42
SKU-17364,Nova Bluetooth Charger - White (V4),Electronic accessories,29.74,42.79
SKU-17365,Ultra Mini Webcam - Blue,Electronic accessories,103.85,140.05
SKU-17366,Giga Portable Adapter - Silver,Electronic accessories,34.73,46.01
SKU-17367,Clear Oil-Free Deodorant - 150g,Health and beauty,22.69,35.3
SKU-17368,Elite Polarized Belt - Black,Fashion accessories,30.76,41.46
SKU-17369,Classic Stainless Steel Coffee Mug - Clear (V93),Home and lifestyle,52.53,74.84
SKU-17370,Vital Organic Conditioner - 150g (V22),Health and beauty,27.3,37.15
SKU-17371,LuxeHome Wooden Bed Sheets - Black,Home and lifestyle,55.36,74.34
SKU-17372,FarmFresh Roasted Olive Oil - 1Kg,Food and beverages,5.15,6.56
SKU-17373,Daily Sweet Almonds - 1L,Food and beverages,1.8,2.28
SKU-17374,Daily Gluten-Free Green Tea - 500ml,Food and beverages,8.07,10.14
SKU-17375,FarmFresh Gluten-Free Olive Oil - 1L,Food and beverages,18.94,24.16
SKU-17376,Eco Bluetooth Earbuds - Red (V61),Electronic accessories,23.02,33.09
SKU-17377,Aero Heavy-Duty Yoga Mat - Grey,Sports and travel,75.46,100.8
SKU-17378,Pure Hydrating Body Lotion - 200ml,Health and beauty,30.79,39.17
SKU-17379,Eco Mini Webcam - White (V4),Electronic accessories,123.88,156.91
SKU-17380,Classic Stainless Steel Bed Sheets - Beige,Home and lifestyle,14.58,22.89
SKU-17381,HomeStyle Wooden Wall Clock - Black,Home and lifestyle,69.76,93.29
SKU-17382,Classic Canvas Gloves - Silver,Fashion accessories,17.21,24.79
SKU-17383,Golden Gluten-Free Green Tea - 1L,Food and beverages,6.61,7.99
SKU-17384,ProFit Heavy-Duty Yoga Mat - Neon Green (V75),Sports and travel,64.49,84.99
SKU-17385,Elite Cotton Belt - Rose Gold,Fashion accessories,18.74,28.75
SKU-17386,Vital Oil-Free Serum - 200ml (V42),Health and beauty,33.21,46.29
SKU-17387,Cyber Heavy Duty Keyboard - Black (V20),Electronic accessories,33.09,40.61
SKU-17388,Nature's Salted Honey - 250g,Food and beverages,18.86,24.22
SKU-17389,Active Compact Sleeping Bag - Grey,Sports and travel,78.95,115.85
SKU-17390,Trek Heavy-Duty Water Bottle - Orange,Sports and travel,12.77,18.21
SKU-17391,Aura Vitamin C Shampoo - Travel Size,Health and beauty,9.98,15.18
SKU-17392,Luxe Polarized Belt - Brown (V39),Fashion accessories,45.24,65.72
SKU-17393,Classic Glass Bed Sheets - Black,Home and lifestyle,16.31,24.36
SKU-17394,Essence Soothing Shampoo - Travel Size (V99),Health and beauty,76.04,121.13
SKU-17395,Retro Cotton Handbag - Silver,Fashion accessories,20.53,26.01
SKU-17396,Vital Vitamin C Sunscreen - 150g,Health and beauty,74.78,97.7
SKU-17397,Active Lightweight Resistance Bands - Blue (V45),Sports and travel,33.49,44.19
SKU-17398,Radiant Oil-Free Serum - 150g (V27),Health and beauty,56.42,88.4
SKU-17399,Daily Crunchy Honey - 500ml (V29),Food and beverages,13.53,16.15
SKU-17400,Giga Slim Power Bank - Blue,Electronic accessories,110.86,163.19
SKU-17401,Nature's Roasted Cookies - 500g,Food and beverages,15.22,19.29
SKU-17402,TechPro Mini Cable - Black (V19),Electronic accessories,88.94,120.6
SKU-17403,Elite Leather Belt - Silver,Fashion accessories,41.76,66.54
SKU-17404,Active Lightweight Resistance Bands - Red (V47),Sports and travel,63.69,98.91
SKU-17405,Peak Waterproof Jump Rope - Red,Sports and travel,79.13,108.08
SKU-17406,Pure Crunchy Cookies - 500g,Food and beverages,11.43,13.39
SKU-17407,Motion Breathable Tent - Red,Sports and travel,76.22,118.43
SKU-17408,Classic Canvas Watch - Black,Fashion accessories,29.27,42.7
SKU-17409,Aura Hydrating Serum - Travel Size,Health and beauty,37.49,58.63
SKU-17410,Pulse Portable Power Bank - Blue,Electronic accessories,11.81,14.61
SKU-17411,Giga Mini Adapter - Red,Electronic accessories,123.87,160.18
SKU-17412,Trek Breathable Yoga Mat - Neon Green,Sports and travel,74.86,98.62
SKU-17413,Aero Compact Travel Pillow - Orange,Sports and travel,61.84,86.89
SKU-17414,Derma Oil-Free Lip Balm - 100ml,Health and beauty,77.52,98.57
SKU-17415,Pure Gluten-Free Olive Oil - 250g,Food and beverages,19.16,23.26
SKU-17416,Retro Vintage Watch - Rose Gold (V35),Fashion accessories,24.41,31.42
SKU-17417,Cyber Portable Keyboard - Black,Electronic accessories,148.12,199.78
SKU-17418,Daily Spicy Cereal - 500ml (V93),Food and beverages,7.71,9.09
SKU-17419,Cyber Mini Cable - Blue,Electronic accessories,89.93,130.38
SKU-17420,ProFit Breathable Yoga Mat - Black (V35),Sports and travel,8.45,12.56
SKU-17421,Cozy Minimalist Storage Box - Grey (V46),Home and lifestyle,57.02,72.94
SKU-17422,Trendy Canvas Watch - Gold (V24),Fashion accessories,27.5,43.72
SKU-17423,Classic Cotton Wall Clock - Oak (V71),Home and lifestyle,21.17,26.91
SKU-17424,Trendy Canvas Handbag - Navy,Fashion accessories,9.77,14.99
SKU-17425,Vital Organic Body Lotion - 50ml (V21),Health and beauty,29.73,41.95
SKU-17426,Trendy Silk Belt - Silver,Fashion accessories,23.09,30.18
SKU-17427,Velocity Heavy-Duty Gym Bag - Blue,Sports and travel,44.34,64.32
SKU-17428,Luxe Leather Hat - Gold (V59),Fashion accessories,6.52,9.93
SKU-17429,Motion Lightweight Sleeping Bag - Blue (V14),Sports and travel,5.26,7.59
SKU-17430,Smart Fast-Charging Keyboard - Blue (V33),Electronic accessories,145.45,177.6
SKU-17431,Organic Roasted Chocolate - 500g,Food and beverages,18.27,21.17
SKU-17432,Aura Vitamin C Body Wash - Pack of 2,Health and beauty,11.38,17.47
SKU-17433,Urban Denim Tie - Brown,Fashion accessories,65.4,98.0
SKU-17434,Nova Fast-Charging Cable - White (V50),Electronic accessories,85.36,107.25
SKU-17435,Urban Cotton Sunglasses - Brown (V65),Fashion accessories,28.93,43.04
SKU-17436,Nature's Roasted Chocolate - 1L,Food and beverages,7.23,9.24
SKU-17437,ProFit Lightweight Jump Rope - Orange (V41),Sports and travel,44.93,60.6
SKU-17438,Elite Polarized Scarf - Navy,Fashion accessories,23.96,37.12
SKU-17439,Aero Ergonomic Backpack - Blue,Sports and travel,46.38,73.68
SKU-17440,Tasty Roasted Almonds - 500ml (V64),Food and beverages,12.41,14.34
SKU-17441,Vogue Canvas Handbag - Silver (V74),Fashion accessories,33.09,49.51
SKU-17442,HomeStyle Rustic Picture Frame - Clear,Home and lifestyle,10.66,13.74
SKU-17443,Giga Bluetooth Earbuds - Silver (V3),Electronic accessories,27.81,37.11
SKU-17444,FarmFresh Sweet Pasta - 1Kg (V8),Food and beverages,13.49,16.23
SKU-17445,Giga Heavy Duty Adapter - Silver,Electronic accessories,53.83,78.61
SKU-17446,Peak Breathable Backpack - Black,Sports and travel,73.19,115.52
SKU-17447,HomeStyle Cotton Vase - White,Home and lifestyle,53.35,78.65
SKU-17448,Vogue Vintage Hat - Gold,Fashion accessories,46.32,66.65
SKU-17449,LuxeHome Minimalist Cushion - Beige (V79),Home and lifestyle,61.44,84.26
SKU-17450,Classic Cotton Storage Box - Grey,Home and lifestyle,11.92,15.23
SKU-17451,Modern Cotton Coffee Mug - Black (V76),Home and lifestyle,61.97,83.1
SKU-17452,Pulse Portable Speaker - Black (V11),Electronic accessories,19.13,25.39
SKU-17453,Organic Salted Green Tea - 1Kg,Food and beverages,18.97,23.31
SKU-17454,Summit Breathable Sleeping Bag - Grey,Sports and travel,72.67,95.52
SKU-17455,Modern Glass Table Lamp - Oak,Home and lifestyle,24.59,32.86
SKU-17456,Elite Cotton Scarf - Navy,Fashion accessories,51.02,79.51
SKU-17457,Classic Cotton Hat - Silver,Fashion accessories,49.72,70.38
SKU-17458,Clear Anti-Aging Perfume - Travel Size,Health and beauty,13.05,17.13
SKU-17459,Peak Ergonomic Water Bottle - Neon Green,Sports and travel,44.76,58.63
SKU-17460,Pure Sweet Chocolate - 1Kg,Food and beverages,3.86,4.83
SKU-17461,Radiant Anti-Aging Perfume - Travel Size,Health and beauty,10.79,14.35
SKU-17462,Golden Spicy Juice - Pack of 6 (V13),Food and beverages,4.34,5.08
SKU-17463,Pure Vitamin C Lip Balm - 100ml,Health and beauty,43.55,57.76
SKU-17464,Luxe Denim Sunglasses - Gold (V74),Fashion accessories,39.92,55.22
SKU-17465,Urban Ceramic Candle - Oak (V31),Home and lifestyle,49.65,71.59
SKU-17466,Peak Lightweight Resistance Bands - Neon Green (V82),Sports and travel,34.77,47.41
SKU-17467,ProFit Waterproof Dumbbells - Red,Sports and travel,74.63,106.63
SKU-17468,Premium Vegan Chocolate - 1Kg,Food and beverages,15.48,18.76
SKU-17469,Premium Crunchy Almonds - 250g,Food and beverages,7.67,9.64
SKU-17470,Ultra Heavy Duty Speaker - Black (V78),Electronic accessories,60.47,85.37
SKU-17471,Classic Polarized Wallet - Brown (V65),Fashion accessories,60.08,82.25
SKU-17472,TechPro Heavy Duty Speaker - Silver,Electronic accessories,53.48,64.81
SKU-17473,Eco Fast-Charging Keyboard - Red (V85),Electronic accessories,90.18,131.91
SKU-17474,Nova Fast-Charging Power Bank - Red,Electronic accessories,51.62,75.94
SKU-17475,Nova Fast-Charging Headphones - Red (V47),Electronic accessories,27.35,34.71
SKU-17476,Modern Minimalist Cushion - Black,Home and lifestyle,26.03,38.16
SKU-17477,Organic Sweet Almonds - 1Kg,Food and beverages,17.28,21.41
SKU-17478,Modern Cotton Vase - Grey,Home and lifestyle,72.07,112.09
SKU-17479,Retro Canvas Wallet - Silver (V98),Fashion accessories,37.3,59.45
SKU-17480,Vogue Canvas Gloves - Brown,Fashion accessories,45.41,65.21
SKU-17481,Daily Gluten-Free Olive Oil - 500g,Food and beverages,16.48,20.95
SKU-17482,ProFit Waterproof Resistance Bands - Black (V52),Sports and travel,19.37,27.57
SKU-17483,Golden Vegan Cereal - 1L,Food and beverages,7.21,8.54
SKU-17484,Aura Oil-Free Serum - 50ml,Health and beauty,10.57,15.69
SKU-17485,Pure Sweet Olive Oil - 1Kg,Food and beverages,19.78,24.86
SKU-17486,Classic Cotton Cushion - White,Home and lifestyle,36.64,46.91
SKU-17487,Nature's Gluten-Free Coffee Beans - Pack of 6,Food and beverages,15.01,17.57
SKU-17488,Pure Natural Body Lotion - 200ml (V34),Health and beauty,54.85,69.16
SKU-17489,ProFit Ergonomic Tent - Black,Sports and travel,18.31,28.16
SKU-17490,Classic Ceramic Towel Set - Clear,Home and lifestyle,73.98,114.07
SKU-17491,Trendy Cotton Handbag - Navy,Fashion accessories,8.63,11.09
SKU-17492,ProFit Ergonomic Yoga Mat - Black,Sports and travel,39.35,51.14
SKU-17493,Elite Leather Wallet - Brown,Fashion accessories,15.06,23.01
SKU-17494,Urban Cotton Towel Set - Grey,Home and lifestyle,66.31,103.44
SKU-17495,TechPro Mini Keyboard - Blue (V15),Electronic accessories,62.75,82.11
SKU-17496,Velocity Breathable Gym Bag - Red,Sports and travel,64.62,94.49
SKU-17497,Zen Wooden Cushion - Black,Home and lifestyle,9.51,12.72
SKU-17498,Pure Soothing Deodorant - 150g,Health and beauty,68.26,92.65
SKU-17499,Pure Vitamin C Body Lotion - Travel Size,Health and beauty,34.43,54.29
SKU-17500,Glow Organic Deodorant - Pack of 2 (V45),Health and beauty,79.3,100.17
SKU-17501,Golden Vegan Chocolate - 500g,Food and beverages,7.04,8.16
SKU-17502,Premium Salted Almonds - 500ml,Food and beverages,16.08,20.35
SKU-17503,Clear Anti-Aging Perfume - 200ml,Health and beauty,13.13,18.71
SKU-17504,Nova Slim Speaker - Silver (V82),Electronic accessories,11.97,14.67
SKU-17505,Peak Lightweight Tent - Blue (V5),Sports and travel,6.73,9.56
SKU-17506,Urban Cotton Wall Clock - Clear,Home and lifestyle,22.16,27.86
SKU-17507,Smart Slim Keyboard - Grey,Electronic accessories,10.72,13.0
SKU-17508,Organic Spicy Chocolate - 1Kg,Food and beverages,6.26,7.81
SKU-17509,Organic Crunchy Pasta - 500g,Food and beverages,4.23,5.45
SKU-17510,Urban Stainless Steel Bed Sheets - Grey,Home and lifestyle,6.48,8.41
SKU-17511,LuxeHome Wooden Cushion - White,Home and lifestyle,10.4,14.02
SKU-17512,Cyber Fast-Charging Earbuds - Red (V51),Electronic accessories,107.77,142.13
SKU-17513,Cyber Mini Earbuds - Red,Electronic accessories,67.32,98.29
SKU-17514,Derma Anti-Aging Sunscreen - 50ml,Health and beauty,35.54,53.32
SKU-17515,Giga Bluetooth Headphones - Red,Electronic accessories,34.27,46.68
SKU-17516,Motion Waterproof Tent - Orange,Sports and travel,74.49,113.56
SKU-17517,HomeStyle Minimalist Picture Frame - Oak,Home and lifestyle,9.4,13.69
SKU-17518,Pure Oil-Free Body Lotion - 100ml (V14),Health and beauty,52.61,67.22
SKU-17519,Active Durable Water Bottle - Black,Sports and travel,37.54,59.93
SKU-17520,Nova Slim Webcam - Blue,Electronic accessories,112.94,153.23
SKU-17521,Nature's Gluten-Free Juice - 500ml (V80),Food and beverages,16.49,19.62
SKU-17522,Ultra Portable Adapter - Grey (V73),Electronic accessories,133.56,174.41
SKU-17523,Active Heavy-Duty Tent - Neon Green,Sports and travel,59.74,94.17
SKU-17524,ProFit Durable Travel Pillow - Neon Green,Sports and travel,62.09,83.59
SKU-17525,Pure Soothing Body Wash - Pack of 2 (V74),Health and beauty,64.89,82.6
SKU-17526,Clear Organic Serum - 50ml,Health and beauty,73.08,101.05
SKU-17527,Giga Slim Power Bank - Black,Electronic accessories,55.24,67.86
SKU-17528,ProFit Breathable Dumbbells - Black,Sports and travel,24.0,32.31
SKU-17529,Chic Silk Tie - Brown,Fashion accessories,17.19,22.23
SKU-17530,Golden Sweet Pasta - 500ml (V33),Food and beverages,3.84,4.77
SKU-17531,Classic Polarized Handbag - Navy,Fashion accessories,33.05,41.81
SKU-17532,Nova Portable Mouse - Blue (V95),Electronic accessories,72.56,97.57
SKU-17533,Velocity Heavy-Duty Jump Rope - Grey,Sports and travel,38.44,54.42
SKU-17534,Giga Portable Charger - Red,Electronic accessories,27.23,35.4
SKU-17535,Zen Ceramic Candle - Black (V39),Home and lifestyle,13.65,17.76
SKU-17536,Giga Mini Power Bank - Black (V72),Electronic accessories,18.83,23.64
SKU-17537,Nova Mini Keyboard - Silver,Electronic accessories,37.84,50.1
SKU-17538,Glow Hydrating Sunscreen - Pack of 2,Health and beauty,13.39,20.1
SKU-17539,Golden Sweet Cereal - 1Kg,Food and beverages,6.88,7.97
SKU-17540,Velocity Compact Yoga Mat - Orange,Sports and travel,17.8,26.61
SKU-17541,FarmFresh Spicy Almonds - 500ml,Food and beverages,17.2,20.41
SKU-17542,Peak Ergonomic Gym Bag - Neon Green,Sports and travel,9.74,13.41
SKU-17543,Organic Salted Olive Oil - 1L (V66),Food and beverages,10.5,13.55
SKU-17544,Pure Anti-Aging Body Wash - Pack of 2,Health and beauty,31.76,47.29
SKU-17545,Velocity Breathable Sleeping Bag - Black,Sports and travel,68.23,102.17
SKU-17546,Urban Cotton Belt - Black,Fashion accessories,71.55,94.81
SKU-17547,Smart Fast-Charging Mouse - Grey (V14),Electronic accessories,111.68,153.91
SKU-17548,Elite Denim Sunglasses - Black,Fashion accessories,6.38,9.98
SKU-17549,Zen Cotton Wall Clock - Clear,Home and lifestyle,76.18,95.54
SKU-17550,Smart Fast-Charging Keyboard - Black (V68),Electronic accessories,94.55,125.15
SKU-17551,Pure Spicy Coffee Beans - 500g,Food and beverages,17.49,21.56
SKU-17552,Cyber Fast-Charging Earbuds - Red (V88),Electronic accessories,72.45,107.14
SKU-17553,Vital Organic Deodorant - Travel Size,Health and beauty,31.18,40.85
SKU-17554,Ultra Slim Speaker - White (V18),Electronic accessories,146.27,207.03
SKU-17555,Chic Leather Belt - Silver,Fashion accessories,62.25,78.23
SKU-17556,ProFit Lightweight Water Bottle - Blue,Sports and travel,17.8,25.26
SKU-17557,Glow Hydrating Face Cream - 50ml,Health and beauty,34.55,52.18
SKU-17558,Trendy Polarized Backpack - Gold (V85),Fashion accessories,5.39,8.06
SKU-17559,Peak Heavy-Duty Tent - Grey,Sports and travel,64.44,98.13
SKU-17560,Essence Organic Body Wash - 200ml,Health and beauty,23.49,31.29
SKU-17561,Classic Cotton Watch - Gold,Fashion accessories,11.63,16.34
SKU-17562,LuxeHome Ceramic Wall Clock - Oak,Home and lifestyle,37.39,56.3
SKU-17563,EcoLiving Minimalist Storage Box - Black,Home and lifestyle,46.22,60.38
SKU-17564,Cozy Cotton Wall Clock - Clear (V99),Home and lifestyle,44.92,60.36
SKU-17565,Chic Polarized Sunglasses - Navy,Fashion accessories,67.0,91.47
SKU-17566,Nature's Gluten-Free Green Tea - 250g,Food and beverages,5.2,6.34
SKU-17567,Nature's Sweet Cereal - 500g,Food and beverages,16.17,20.62
SKU-17568,Radiant Organic Conditioner - 200ml,Health and beauty,42.11,63.86
SKU-17569,Premium Spicy Juice - 250g (V76),Food and beverages,8.35,10.36
SKU-17570,Nature's Spicy Cookies - 500ml,Food and beverages,11.44,14.73
SKU-17571,Peak Ergonomic Water Bottle - Grey (V65),Sports and travel,74.75,94.0
SKU-17572,Pure Vegan Chocolate - 500g,Food and beverages,10.84,13.33
SKU-17573,Aero Heavy-Duty Jump Rope - Neon Green,Sports and travel,62.6,90.13
SKU-17574,Organic Crunchy Juice - 1L (V69),Food and beverages,10.84,13.97
SKU-17575,FarmFresh Spicy Almonds - 1L,Food and beverages,19.2,24.38
SKU-17576,Urban Canvas Scarf - Brown,Fashion accessories,77.05,101.77
SKU-17577,Glow Organic Serum - 150g,Health and beauty,63.74,97.36
SKU-17578,Eco Fast-Charging Earbuds - Silver,Electronic accessories,31.89,41.44
SKU-17579,Aura Vitamin C Perfume - Travel Size,Health and beauty,44.39,55.92
SKU-17580,Nova Bluetooth Cable - Blue,Electronic accessories,21.53,29.59
SKU-17581,Smart Wireless Mouse - Black,Electronic accessories,135.68,170.87
SKU-17582,Vital Oil-Free Perfume - Pack of 2,Health and beauty,28.51,43.13
SKU-17583,Golden Crunchy Almonds - 250g,Food and beverages,15.44,19.62
SKU-17584,Golden Salted Cookies - 1L,Food and beverages,17.91,21.59
SKU-17585,LuxeHome Ceramic Vase - Beige,Home and lifestyle,78.69,101.33
SKU-17586,Eco Portable Mouse - Red,Electronic accessories,83.55,105.38
SKU-17587,Trendy Vintage Hat - Brown (V53),Fashion accessories,28.36,36.63
SKU-17588,Modern Glass Picture Frame - Beige (V21),Home and lifestyle,50.91,80.66
SKU-17589,Tasty Spicy Cookies - 500ml,Food and beverages,3.71,4.58
SKU-17590,Aero Durable Yoga Mat - Orange,Sports and travel,44.28,56.68
SKU-17591,Cozy Stainless Steel Wall Clock - Beige (V11),Home and lifestyle,74.7,114.54
SKU-17592,Pure Roasted Almonds - 250g (V88),Food and beverages,3.84,4.94
SKU-17593,Daily Roasted Pasta - 500ml,Food and beverages,13.92,17.29
SKU-17594,Golden Roasted Almonds - 500g,Food and beverages,5.44,6.56
SKU-17595,Cyber Portable Webcam - Blue,Electronic accessories,67.12,84.49
SKU-17596,Zen Minimalist Vase - Beige (V90),Home and lifestyle,18.01,24.64
SKU-17597,Summit Compact Backpack - Black (V62),Sports and travel,17.41,27.78
SKU-17598,Urban Canvas Hat - Black,Fashion accessories,78.17,121.89
SKU-17599,Glow Natural Face Cream - 200ml,Health and beauty,35.54,51.57
SKU-17600,Derma Organic Shampoo - 100ml,Health and beauty,75.08,116.07
SKU-17601,Cozy Glass Cushion - Clear,Home and lifestyle,45.07,58.16
SKU-17602,Pure Hydrating Body Wash - Travel Size,Health and beauty,18.17,23.44
SKU-17603,Aura Vitamin C Serum - 100ml (V26),Health and beauty,9.68,12.66
SKU-17604,Cyber Heavy Duty Earbuds - Silver,Electronic accessories,100.07,133.67
SKU-17605,Trek Compact Yoga Mat - Neon Green,Sports and travel,38.34,50.18
SKU-17606,Daily Spicy Juice - 500g,Food and beverages,19.94,23.46
SKU-17607,Smart Bluetooth Power Bank - Black (V57),Electronic accessories,52.85,68.33
SKU-17608,Modern Ceramic Wall Clock - Clear,Home and lifestyle,70.78,105.81
SKU-17609,Trek Ergonomic Jump Rope - Orange (V48),Sports and travel,35.89,55.83
SKU-17610,Cyber Mini Power Bank - Black,Electronic accessories,104.06,130.32
SKU-17611,LuxeHome Stainless Steel Candle - Beige (V21),Home and lifestyle,30.17,41.84
SKU-17612,Classic Cotton Handbag - Silver,Fashion accessories,40.28,57.58
SKU-17613,Peak Lightweight Dumbbells - Neon Green,Sports and travel,13.35,18.6
SKU-17614,Chic Leather Backpack - Brown,Fashion accessories,17.99,26.84
SKU-17615,TechPro Bluetooth Power Bank - Black (V28),Electronic accessories,55.1,67.63
SKU-17616,EcoLiving Stainless Steel Bed Sheets - Grey (V8),Home and lifestyle,35.16,51.61
SKU-17617,FarmFresh Roasted Cereal - 250g (V62),Food and beverages,11.94,14.91
SKU-17618,Peak Compact Gym Bag - Red,Sports and travel,44.82,58.79
SKU-17619,Pure Anti-Aging Serum - 100ml,Health and beauty,64.05,99.72
SKU-17620,Elite Polarized Tie - Black (V4),Fashion accessories,36.84,47.65
SKU-17621,Motion Ergonomic Travel Pillow - Black,Sports and travel,59.52,87.3
SKU-17622,Clear Hydrating Deodorant - 150g,Health and beauty,51.57,67.1
SKU-17623,Daily Roasted Chocolate - 250g (V25),Food and beverages,19.13,23.69
SKU-17624,HomeStyle Ceramic Table Lamp - White (V9),Home and lifestyle,19.05,28.6
SKU-17625,Trek Durable Backpack - Red,Sports and travel,39.86,51.22
SKU-17626,LuxeHome Rustic Towel Set - Clear,Home and lifestyle,19.8,26.79
SKU-17627,Urban Minimalist Cushion - Clear,Home and lifestyle,68.16,105.92
SKU-17628,Glow Anti-Aging Sunscreen - 150g,Health and beauty,43.89,67.9
SKU-17629,Ultra Mini Webcam - Silver,Electronic accessories,91.66,120.83
SKU-17630,EcoLiving Stainless Steel Storage Box - Clear,Home and lifestyle,36.66,58.1
SKU-17631,Trek Waterproof Sleeping Bag - Black,Sports and travel,24.96,39.54
SKU-17632,Trendy Canvas Belt - Brown,Fashion accessories,33.65,45.02
SKU-17633,Nature's Spicy Coffee Beans - 500g,Food and beverages,16.1,19.73
SKU-17634,Aura Anti-Aging Body Lotion - 150g,Health and beauty,70.71,105.95
SKU-17635,TechPro Bluetooth Charger - Grey,Electronic accessories,22.8,33.74
SKU-17636,Eco Fast-Charging Headphones - Black,Electronic accessories,105.32,129.35
SKU-17637,Trendy Silk Backpack - Navy,Fashion accessories,71.78,94.07
SKU-17638,Velocity Lightweight Backpack - Grey (V67),Sports and travel,70.17,103.54
SKU-17639,Derma Vitamin C Body Lotion - 100ml (V69),Health and beauty,40.89,64.43
SKU-17640,Trek Ergonomic Travel Pillow - Red,Sports and travel,24.2,34.94
SKU-17641,Giga Heavy Duty Webcam - Grey,Electronic accessories,20.78,29.88
SKU-17642,LuxeHome Cotton Cushion - Beige (V60),Home and lifestyle,10.6,15.89
SKU-17643,Classic Cotton Picture Frame - Black,Home and lifestyle,65.75,104.72
SKU-17644,Trek Lightweight Dumbbells - Grey,Sports and travel,53.37,75.62
SKU-17645,TechPro Fast-Charging Adapter - Blue (V54),Electronic accessories,112.97,161.87
SKU-17646,Chic Vintage Gloves - Black (V87),Fashion accessories,66.55,87.56
SKU-17647,Clear Natural Sunscreen - 100ml,Health and beauty,56.51,86.99
SKU-17648,Luxe Leather Sunglasses - Rose Gold (V80),Fashion accessories,11.99,15.4
SKU-17649,Urban Minimalist Candle - Beige,Home and lifestyle,33.22,53.1
SKU-17650,Peak Ergonomic Sleeping Bag - Neon Green,Sports and travel,31.63,44.84
SKU-17651,Smart Wireless Power Bank - Silver,Electronic accessories,142.93,197.35
SKU-17652,Elite Silk Hat - Navy (V95),Fashion accessories,62.86,95.95
SKU-17653,Motion Heavy-Duty Tent - Grey,Sports and travel,18.06,23.36
SKU-17654,Elite Vintage Hat - Navy,Fashion accessories,65.33,93.4
SKU-17655,Nature's Crunchy Cereal - 1L,Food and beverages,1.07,1.39
SKU-17656,Organic Vegan Cereal - 500g (V14),Food and beverages,9.0,10.65
SKU-17657,Smart Fast-Charging Webcam - Grey,Electronic accessories,103.68,144.64
SKU-17658,Classic Leather Backpack - Black,Fashion accessories,40.62,62.33
SKU-17659,Golden Vegan Pasta - 250g,Food and beverages,5.99,7.5
SKU-17660,Essence Organic Shampoo - Travel Size,Health and beauty,74.13,114.92
SKU-17661,Vogue Vintage Sunglasses - Silver (V66),Fashion accessories,72.48,92.52
SKU-17662,ProFit Durable Yoga Mat - Blue (V12),Sports and travel,65.55,103.75
SKU-17663,Essence Vitamin C Conditioner - 150g,Health and beauty,12.66,18.79
SKU-17664,Urban Wooden Wall Clock - Oak,Home and lifestyle,49.27,69.75
SKU-17665,Essence Organic Shampoo - 200ml,Health and beauty,36.82,57.85
SKU-17666,FarmFresh Vegan Olive Oil - 250g,Food and beverages,12.38,14.3
SKU-17667,Golden Vegan Cereal - 1L (V84),Food and beverages,8.76,11.06
SKU-17668,Modern Rustic Bed Sheets - Black,Home and lifestyle,35.88,54.74
SKU-17669,Radiant Oil-Free Face Cream - 200ml (V16),Health and beauty,16.24,25.73
SKU-17670,Derma Oil-Free Conditioner - 100ml,Health and beauty,56.37,89.76
SKU-17671,LuxeHome Ceramic Bed Sheets - Grey,Home and lifestyle,37.62,57.28
SKU-17672,Trendy Vintage Gloves - Gold,Fashion accessories,46.48,71.8
SKU-17673,Luxe Denim Belt - Navy (V62),Fashion accessories,70.93,106.84
SKU-17674,EcoLiving Ceramic Wall Clock - Beige,Home and lifestyle,64.85,88.91
SKU-17675,Aura Anti-Aging Deodorant - 100ml (V59),Health and beauty,35.98,54.36
SKU-17676,HomeStyle Ceramic Towel Set - Clear,Home and lifestyle,38.64,51.59
SKU-17677,Eco Slim Keyboard - White,Electronic accessories,132.48,167.14
SKU-17678,EcoLiving Cotton Vase - Beige,Home and lifestyle,11.87,15.22
SKU-17679,Nova Heavy Duty Cable - Black,Electronic accessories,72.5,91.32
SKU-17680,Modern Cotton Vase - Clear,Home and lifestyle,49.48,65.93
SKU-17681,LuxeHome Cotton Cushion - Grey (V69),Home and lifestyle,45.1,61.05
SKU-17682,Smart Heavy Duty Charger - Blue,Electronic accessories,110.74,148.23
SKU-17683,Nova Bluetooth Adapter - Black,Electronic accessories,24.71,31.04
SKU-17684,Essence Hydrating Conditioner - 200ml,Health and beauty,7.87,12.48
SKU-17685,Aura Hydrating Perfume - 200ml (V28),Health and beauty,18.18,26.51
SKU-17686,Urban Glass Candle - Beige,Home and lifestyle,10.11,15.16
SKU-17687,Ultra Mini Speaker - Black,Electronic accessories,22.49,33.11
SKU-17688,Retro Cotton Sunglasses - Black,Fashion accessories,50.0,71.24
SKU-17689,Peak Breathable Yoga Mat - Black,Sports and travel,39.88,57.37
SKU-17690,Pure Oil-Free Conditioner - Pack of 2,Health and beauty,75.12,108.33
SKU-17691,Velocity Compact Dumbbells - Orange,Sports and travel,24.15,32.71
SKU-17692,Premium Spicy Cereal - 500ml,Food and beverages,1.75,2.26
SKU-17693,Urban Glass Candle - Oak (V80),Home and lifestyle,10.88,14.37
SKU-17694,LuxeHome Ceramic Bed Sheets - White (V23),Home and lifestyle,53.94,85.26
SKU-17695,Ultra Portable Headphones - Red (V61),Electronic accessories,18.18,23.33
SKU-17696,Trek Durable Sleeping Bag - Black,Sports and travel,34.6,47.99
SKU-17697,Motion Heavy-Duty Resistance Bands - Orange,Sports and travel,79.19,105.75
SKU-17698,Motion Durable Dumbbells - Red (V41),Sports and travel,60.91,78.33
SKU-17699,Clear Anti-Aging Perfume - 200ml (V33),Health and beauty,29.85,41.52
SKU-17700,Aero Compact Travel Pillow - Blue,Sports and travel,64.86,96.26
SKU-17701,TechPro Portable Charger - White,Electronic accessories,148.9,215.32
SKU-17702,Zen Ceramic Towel Set - Black,Home and lifestyle,55.98,73.14
SKU-17703,ProFit Heavy-Duty Jump Rope - Grey,Sports and travel,33.97,42.95
SKU-17704,Organic Gluten-Free Honey - 1L,Food and beverages,10.55,12.35
SKU-17705,Aura Anti-Aging Deodorant - Pack of 2 (V90),Health and beauty,44.36,56.02
SKU-17706,Luxe Leather Gloves - Rose Gold (V20),Fashion accessories,21.15,32.97
SKU-17707,Pure Natural Serum - 200ml,Health and beauty,66.64,83.53
SKU-17708,ProFit Ergonomic Backpack - Grey (V33),Sports and travel,25.51,37.48
SKU-17709,Cyber Portable Charger - Grey,Electronic accessories,118.99,156.75
SKU-17710,Retro Leather Wallet - Brown (V61),Fashion accessories,78.9,112.17
SKU-17711,Classic Wooden Towel Set - White (V43),Home and lifestyle,10.49,16.13
SKU-17712,Essence Organic Lip Balm - 200ml (V17),Health and beauty,78.14,98.52
SKU-17713,Aero Ergonomic Tent - Orange,Sports and travel,29.25,42.91
SKU-17714,Organic Salted Juice - 1Kg,Food and beverages,4.01,4.82
SKU-17715,Active Durable Backpack - Orange,Sports and travel,22.34,35.54
SKU-17716,Aero Compact Jump Rope - Neon Green (V81),Sports and travel,28.28,37.59
SKU-17717,Pure Natural Face Cream - 50ml (V78),Health and beauty,55.94,76.26
SKU-17718,Organic Gluten-Free Honey - 500g (V3),Food and beverages,14.85,19.09
SKU-17719,Essence Oil-Free Lip Balm - 50ml,Health and beauty,17.64,24.21
SKU-17720,Smart Portable Headphones - Blue,Electronic accessories,85.3,105.82
SKU-17721,Urban Vintage Sunglasses - Navy (V18),Fashion accessories,40.24,59.46
SKU-17722,Clear Soothing Body Wash - Travel Size (V42),Health and beauty,57.76,90.78
SKU-17723,Radiant Oil-Free Body Lotion - 50ml,Health and beauty,39.63,51.95
SKU-17724,Pure Gluten-Free Olive Oil - 500g (V26),Food and beverages,2.96,3.42
SKU-17725,Vital Soothing Body Wash - Pack of 2,Health and beauty,59.85,77.76
SKU-17726,Radiant Anti-Aging Deodorant - 50ml (V22),Health and beauty,16.22,24.91
SKU-17727,EcoLiving Wooden Picture Frame - Grey,Home and lifestyle,74.51,104.82
SKU-17728,Luxe Leather Sunglasses - Gold,Fashion accessories,43.0,61.34
SKU-17729,HomeStyle Stainless Steel Cushion - Black,Home and lifestyle,16.53,25.22
SKU-17730,Nature's Crunchy Cookies - 500g (V49),Food and beverages,10.21,12.6
SKU-17731,Daily Crunchy Green Tea - 1Kg (V26),Food and beverages,4.8,5.97
SKU-17732,Elite Vintage Watch - Black,Fashion accessories,79.76,115.07
SKU-17733,HomeStyle Glass Cushion - Black (V9),Home and lifestyle,15.74,20.2
SKU-17734,Cyber Mini Keyboard - Silver (V23),Electronic accessories,16.08,21.48
SKU-17735,Chic Leather Backpack - Navy,Fashion accessories,65.83,99.8
SKU-17736,Pulse Portable Keyboard - White,Electronic accessories,91.65,127.85
SKU-17737,Ultra Fast-Charging Mouse - White,Electronic accessories,146.28,210.28
SKU-17738,Ultra Wireless Earbuds - Silver,Electronic accessories,144.19,197.36
SKU-17739,Trendy Leather Hat - Silver,Fashion accessories,70.36,105.8
SKU-17740,Active Ergonomic Gym Bag - Orange (V58),Sports and travel,79.18,120.8
SKU-17741,Clear Organic Shampoo - 50ml,Health and beauty,65.24,85.62
SKU-17742,Derma Oil-Free Face Cream - Pack of 2,Health and beauty,26.56,38.91
SKU-17743,Aero Durable Yoga Mat - Orange (V51),Sports and travel,54.25,82.95
SKU-17744,Urban Cotton Towel Set - Clear,Home and lifestyle,33.49,51.96
SKU-17745,Nature's Gluten-Free Juice - 250g,Food and beverages,5.03,6.03
SKU-17746,Cozy Ceramic Storage Box - Grey,Home and lifestyle,12.54,16.79
SKU-17747,Golden Salted Honey - 250g,Food and beverages,13.97,17.36
SKU-17748,Vital Natural Body Wash - 50ml (V64),Health and beauty,68.27,89.45
SKU-17749,Classic Stainless Steel Cushion - Grey (V31),Home and lifestyle,64.86,99.44
SKU-17750,Aero Compact Gym Bag - Grey,Sports and travel,28.88,44.02
SKU-17751,Premium Salted Olive Oil - 1Kg (V48),Food and beverages,8.71,10.07
SKU-17752,Retro Cotton Gloves - Navy,Fashion accessories,60.83,81.67
SKU-17753,HomeStyle Glass Candle - Black,Home and lifestyle,18.8,27.17
SKU-17754,Golden Roasted Pasta - Pack of 6,Food and beverages,15.3,19.66
SKU-17755,Cozy Stainless Steel Cushion - Beige (V72),Home and lifestyle,47.77,73.17
SKU-17756,Retro Cotton Gloves - Black,Fashion accessories,27.11,40.4
SKU-17757,Modern Rustic Candle - White (V22),Home and lifestyle,78.13,117.08
SKU-17758,Cozy Glass Storage Box - Grey (V14),Home and lifestyle,67.99,99.04
SKU-17759,ProFit Compact Jump Rope - Blue,Sports and travel,29.71,39.78
SKU-17760,TechPro Mini Keyboard - Silver,Electronic accessories,140.46,196.39
SKU-17761,Cyber Wireless Charger - White,Electronic accessories,132.09,179.74
SKU-17762,Trek Lightweight Yoga Mat - Red (V36),Sports and travel,5.21,7.29
SKU-17763,TechPro Wireless Cable - White (V61),Electronic accessories,134.8,176.43
SKU-17764,Aero Breathable Resistance Bands - Neon Green,Sports and travel,76.67,104.81
SKU-17765,Velocity Lightweight Backpack - Blue,Sports and travel,43.66,65.48
SKU-17766,Vogue Denim Hat - Gold,Fashion accessories,58.27,81.66
SKU-17767,Derma Soothing Body Lotion - 200ml,Health and beauty,45.77,71.0
SKU-17768,Cyber Slim Speaker - Red (V11),Electronic accessories,145.39,212.94
SKU-17769,Daily Vegan Pasta - Pack of 6,Food and beverages,19.17,23.72
SKU-17770,TechPro Fast-Charging Headphones - Silver,Electronic accessories,113.83,149.54
SKU-17771,Daily Roasted Honey - 250g,Food and beverages,4.39,5.46
SKU-17772,Trek Compact Jump Rope - Grey,Sports and travel,27.23,41.15
SKU-17773,Classic Glass Table Lamp - White,Home and lifestyle,65.16,94.78
SKU-17774,Essence Anti-Aging Sunscreen - Pack of 2,Health and beauty,36.9,54.13
SKU-17775,Urban Rustic Vase - Beige,Home and lifestyle,18.81,25.73
SKU-17776,HomeStyle Wooden Cushion - Grey (V28),Home and lifestyle,38.85,50.14
SKU-17777,Trek Lightweight Gym Bag - Blue,Sports and travel,18.35,28.9
SKU-17778,Aero Durable Yoga Mat - Orange (V99),Sports and travel,77.51,123.65
SKU-17779,Giga Bluetooth Charger - Grey (V41),Electronic accessories,41.18,50.36
SKU-17780,Pure Hydrating Shampoo - 100ml,Health and beauty,40.78,62.57
SKU-17781,Urban Glass Storage Box - Oak (V81),Home and lifestyle,10.32,15.32
SKU-17782,Trek Ergonomic Resistance Bands - Red (V13),Sports and travel,10.42,14.74
SKU-17783,Tasty Crunchy Green Tea - 250g,Food and beverages,2.69,3.28
SKU-17784,Glow Anti-Aging Body Lotion - Pack of 2,Health and beauty,70.73,101.31
SKU-17785,Zen Ceramic Picture Frame - Oak,Home and lifestyle,26.9,36.24
SKU-17786,Pure Gluten-Free Juice - 500g,Food and beverages,17.06,20.09
SKU-17787,Trendy Leather Hat - Black,Fashion accessories,33.79,50.24
SKU-17788,Giga Bluetooth Headphones - Red (V2),Electronic accessories,80.9,115.39
SKU-17789,Elite Vintage Sunglasses - Navy,Fashion accessories,41.6,58.84
SKU-17790,Vital Organic Serum - Travel Size (V98),Health and beauty,66.59,91.2
SKU-17791,Pulse Fast-Charging Power Bank - Red,Electronic accessories,63.96,80.76
SKU-17792,Pure Vegan Chocolate - 500ml (V17),Food and beverages,4.59,5.94
SKU-17793,Cozy Cotton Cushion - Black,Home and lifestyle,23.04,36.81
SKU-17794,Giga Portable Keyboard - White,Electronic accessories,137.67,189.12
SKU-17795,Glow Natural Body Lotion - 100ml (V32),Health and beauty,17.53,25.06
SKU-17796,Classic Rustic Vase - Clear,Home and lifestyle,76.98,121.24
SKU-17797,LuxeHome Cotton Towel Set - Beige,Home and lifestyle,16.6,23.05
SKU-17798,FarmFresh Vegan Pasta - 1L (V30),Food and beverages,13.17,16.71
SKU-17799,Organic Spicy Cookies - 1Kg,Food and beverages,10.6,12.64
SKU-17800,Smart Mini Charger - Blue (V73),Electronic accessories,130.53,162.51
SKU-17801,Chic Vintage Wallet - Brown,Fashion accessories,29.88,42.07
SKU-17802,Derma Oil-Free Body Wash - 150g (V46),Health and beauty,76.63,112.46
SKU-17803,Retro Canvas Wallet - Navy,Fashion accessories,41.17,63.49
SKU-17804,Vogue Silk Belt - Navy,Fashion accessories,42.26,61.79
SKU-17805,Modern Rustic Bed Sheets - Oak (V36),Home and lifestyle,18.16,27.9
SKU-17806,Motion Breathable Resistance Bands - Red,Sports and travel,11.97,18.67
SKU-17807,Smart Slim Adapter - Blue,Electronic accessories,43.3,63.29
SKU-17808,Vogue Silk Tie - Black,Fashion accessories,38.9,54.17
SKU-17809,Vogue Canvas Belt - Brown,Fashion accessories,60.82,88.56
SKU-17810,EcoLiving Cotton Wall Clock - White (V69),Home and lifestyle,11.77,18.02
SKU-17811,Retro Leather Gloves - Silver,Fashion accessories,46.92,67.89
SKU-17812,Summit Durable Gym Bag - Blue (V33),Sports and travel,45.35,69.47
SKU-17813,Pulse Bluetooth Charger - Silver,Electronic accessories,80.26,108.97
SKU-17814,Velocity Lightweight Backpack - Red,Sports and travel,10.2,12.79
SKU-17815,Pulse Fast-Charging Cable - Grey (V6),Electronic accessories,110.01,140.24
SKU-17816,Pure Soothing Shampoo - Pack of 2 (V35),Health and beauty,69.6,88.57
SKU-17817,Pure Anti-Aging Perfume - 200ml,Health and beauty,13.23,18.19
SKU-17818,Active Durable Yoga Mat - Blue,Sports and travel,52.34,80.14
SKU-17819,Classic Glass Storage Box - Beige,Home and lifestyle,30.03,41.2
SKU-17820,Nature's Roasted Pasta - 500g,Food and beverages,1.21,1.52
SKU-17821,Trendy Vintage Belt - Rose Gold,Fashion accessories,22.26,32.91
SKU-17822,HomeStyle Glass Towel Set - Black,Home and lifestyle,63.61,101.21
SKU-17823,Summit Waterproof Resistance Bands - Blue,Sports and travel,42.36,54.4
SKU-17824,Urban Ceramic Coffee Mug - Clear,Home and lifestyle,61.42,97.93
SKU-17825,Aura Hydrating Sunscreen - 200ml (V88),Health and beauty,28.91,43.09
SKU-17826,Golden Vegan Pasta - 1L (V51),Food and beverages,3.59,4.34
SKU-17827,Summit Compact Water Bottle - Blue,Sports and travel,68.48,109.46
SKU-17828,Retro Leather Sunglasses - Gold,Fashion accessories,66.54,98.86
SKU-17829,TechPro Bluetooth Headphones - Grey (V55),Electronic accessories,138.09,186.02
SKU-17830,Eco Slim Cable - Red (V62),Electronic accessories,58.74,74.66
SKU-17831,Vital Anti-Aging Conditioner - 150g,Health and beauty,55.15,74.66
SKU-17832,Active Lightweight Water Bottle - Neon Green (V81),Sports and travel,49.63,74.09
SKU-17833,Luxe Polarized Scarf - Brown,Fashion accessories,49.96,66.34
SKU-17834,Modern Wooden Bed Sheets - Oak,Home and lifestyle,70.99,93.48
SKU-17835,Aura Organic Shampoo - 50ml,Health and beauty,29.61,47.0
SKU-17836,LuxeHome Glass Towel Set - Grey (V97),Home and lifestyle,58.81,88.37
SKU-17837,Luxe Leather Tie - Brown,Fashion accessories,63.66,98.48
SKU-17838,Golden Sweet Juice - 250g,Food and beverages,10.37,12.24
SKU-17839,Zen Rustic Storage Box - Beige,Home and lifestyle,34.22,49.51
SKU-17840,ProFit Breathable Yoga Mat - Blue,Sports and travel,13.71,19.32
SKU-17841,Active Waterproof Tent - Grey (V35),Sports and travel,47.19,65.89
SKU-17842,Daily Vegan Pasta - 1Kg (V46),Food and beverages,13.75,16.96
SKU-17843,Summit Ergonomic Gym Bag - Blue (V78),Sports and travel,46.95,69.46
SKU-17844,Essence Oil-Free Serum - 200ml,Health and beauty,30.2,40.08
SKU-17845,Aura Oil-Free Face Cream - Pack of 2 (V19),Health and beauty,71.78,107.8
SKU-17846,Zen Wooden Towel Set - Black,Home and lifestyle,34.85,48.38
SKU-17847,Pure Oil-Free Shampoo - Pack of 2,Health and beauty,45.11,67.47
SKU-17848,Cozy Cotton Coffee Mug - Clear,Home and lifestyle,64.05,85.62
SKU-17849,Radiant Organic Sunscreen - 150g (V55),Health and beauty,26.54,37.39
SKU-17850,Golden Roasted Chocolate - 500ml,Food and beverages,3.85,4.72
SKU-17851,Trek Ergonomic Water Bottle - Blue,Sports and travel,75.77,107.12
SKU-17852,LuxeHome Stainless Steel Table Lamp - Oak,Home and lifestyle,61.71,97.39
SKU-17853,TechPro Wireless Earbuds - White,Electronic accessories,122.8,165.12
SKU-17854,Nova Mini Power Bank - Red,Electronic accessories,85.62,125.82
SKU-17855,Trek Durable Water Bottle - Grey (V9),Sports and travel,77.49,109.11
SKU-17856,Eco Heavy Duty Headphones - Grey,Electronic accessories,68.64,89.91
SKU-17857,FarmFresh Sweet Cereal - Pack of 6,Food and beverages,11.77,14.71
SKU-17858,Velocity Lightweight Backpack - Red (V21),Sports and travel,18.84,24.35
SKU-17859,Motion Durable Yoga Mat - Grey (V38),Sports and travel,47.51,72.52
SKU-17860,Cozy Rustic Table Lamp - Clear (V60),Home and lifestyle,69.83,106.18
SKU-17861,Essence Natural Lip Balm - Pack of 2,Health and beauty,73.88,117.66
SKU-17862,Cyber Portable Adapter - Black,Electronic accessories,122.23,151.54
SKU-17863,Modern Glass Table Lamp - Clear,Home and lifestyle,28.48,42.17
SKU-17864,Active Ergonomic Yoga Mat - Blue (V56),Sports and travel,22.4,28.42
SKU-17865,Cozy Rustic Wall Clock - Black,Home and lifestyle,52.93,77.17
SKU-17866,Organic Sweet Olive Oil - 250g,Food and beverages,8.35,9.74
SKU-17867,Retro Vintage Belt - Navy,Fashion accessories,71.5,101.55
SKU-17868,ProFit Ergonomic Resistance Bands - Black (V54),Sports and travel,74.65,109.81
SKU-17869,Eco Portable Cable - Grey,Electronic accessories,34.32,50.99
SKU-17870,Chic Silk Hat - Brown,Fashion accessories,74.73,102.48
SKU-17871,Organic Vegan Honey - 500g,Food and beverages,10.66,12.46
SKU-17872,LuxeHome Stainless Steel Table Lamp - Grey,Home and lifestyle,53.7,76.55
SKU-17873,Nature's Roasted Cereal - 250g,Food and beverages,1.05,1.22
SKU-17874,EcoLiving Rustic Storage Box - Beige (V8),Home and lifestyle,52.47,71.47
SKU-17875,Derma Oil-Free Deodorant - Pack of 2,Health and beauty,19.81,26.04
SKU-17876,Summit Compact Yoga Mat - Black,Sports and travel,69.47,90.75
SKU-17877,Nature's Salted Cereal - 250g (V29),Food and beverages,3.83,4.59
SKU-17878,Active Lightweight Travel Pillow - Orange,Sports and travel,10.47,15.27
SKU-17879,Pure Salted Green Tea - 500g,Food and beverages,2.7,3.42
SKU-17880,Luxe Silk Watch - Gold,Fashion accessories,5.11,6.85
SKU-17881,Essence Oil-Free Deodorant - Pack of 2,Health and beauty,38.58,52.21
SKU-17882,Trek Breathable Water Bottle - Neon Green (V21),Sports and travel,60.14,75.51
SKU-17883,Ultra Portable Earbuds - Red,Electronic accessories,86.94,122.05
SKU-17884,Eco Mini Power Bank - Black,Electronic accessories,41.62,50.01
SKU-17885,Smart Fast-Charging Webcam - Black,Electronic accessories,111.3,137.0
SKU-17886,ProFit Durable Tent - Blue (V95),Sports and travel,31.08,43.28
SKU-17887,Active Heavy-Duty Jump Rope - Orange,Sports and travel,61.92,82.07
SKU-17888,Cozy Stainless Steel Wall Clock - Beige (V14),Home and lifestyle,7.27,9.91
SKU-17889,Trendy Silk Backpack - Silver,Fashion accessories,56.89,83.42
SKU-17890,Summit Heavy-Duty Tent - Black,Sports and travel,36.8,54.96
SKU-17891,Elite Denim Gloves - Black,Fashion accessories,33.03,48.03
SKU-17892,Premium Gluten-Free Olive Oil - Pack of 6,Food and beverages,17.5,20.26
SKU-17893,Organic Sweet Honey - 250g,Food and beverages,3.4,3.98
SKU-17894,ProFit Heavy-Duty Sleeping Bag - Orange,Sports and travel,42.03,67.01
SKU-17895,Smart Mini Webcam - Blue (V18),Electronic accessories,79.96,103.03
SKU-17896,Trek Ergonomic Gym Bag - Neon Green (V80),Sports and travel,53.54,69.49
SKU-17897,Ultra Slim Keyboard - Blue (V65),Electronic accessories,140.14,209.23
SKU-17898,Classic Polarized Sunglasses - Rose Gold (V26),Fashion accessories,56.79,90.02
SKU-17899,Classic Stainless Steel Candle - White,Home and lifestyle,8.0,12.69
SKU-17900,Modern Cotton Cushion - Black (V70),Home and lifestyle,60.68,86.53
SKU-17901,Organic Roasted Cereal - 500g (V23),Food and beverages,4.97,5.88
SKU-17902,TechPro Bluetooth Keyboard - Black,Electronic accessories,10.91,15.38
SKU-17903,Eco Portable Headphones - Blue,Electronic accessories,142.42,187.85
SKU-17904,Tasty Roasted Green Tea - Pack of 6,Food and beverages,15.92,20.15
SKU-17905,Glow Organic Shampoo - 100ml,Health and beauty,23.46,30.5
SKU-17906,Elite Canvas Wallet - Black (V6),Fashion accessories,6.26,9.22
SKU-17907,Classic Denim Sunglasses - Silver,Fashion accessories,49.68,75.3
SKU-17908,Trek Ergonomic Dumbbells - Black (V63),Sports and travel,78.04,108.26
SKU-17909,Cozy Glass Bed Sheets - Grey (V49),Home and lifestyle,60.22,84.83
SKU-17910,HomeStyle Wooden Cushion - Oak,Home and lifestyle,56.91,80.4
SKU-17911,Peak Lightweight Gym Bag - Orange,Sports and travel,58.36,92.25
SKU-17912,Velocity Breathable Tent - Red,Sports and travel,68.62,105.34
SKU-17913,Trendy Denim Wallet - Silver (V94),Fashion accessories,7.5,10.51
SKU-17914,Cozy Ceramic Coffee Mug - Beige (V11),Home and lifestyle,61.21,84.21
SKU-17915,Radiant Soothing Serum - Pack of 2,Health and beauty,13.15,20.12
SKU-17916,Retro Denim Watch - Black (V56),Fashion accessories,78.56,107.88
SKU-17917,Urban Ceramic Cushion - Oak (V73),Home and lifestyle,68.69,86.38
SKU-17918,Premium Gluten-Free Olive Oil - Pack of 6 (V65),Food and beverages,5.16,6.28
SKU-17919,Vital Hydrating Serum - 100ml (V70),Health and beauty,25.98,37.98
SKU-17920,Pulse Mini Cable - Silver,Electronic accessories,79.83,117.8
SKU-17921,Elite Leather Backpack - Brown,Fashion accessories,59.44,88.78
SKU-17922,Aero Lightweight Backpack - Blue,Sports and travel,73.52,104.08
SKU-17923,Classic Rustic Table Lamp - White (V63),Home and lifestyle,8.76,11.75
SKU-17924,Vital Hydrating Lip Balm - 150g,Health and beauty,58.77,78.19
SKU-17925,Eco Wireless Speaker - Black,Electronic accessories,37.85,54.84
SKU-17926,HomeStyle Wooden Towel Set - Oak,Home and lifestyle,77.37,109.42
SKU-17927,Nature's Spicy Juice - 500g,Food and beverages,9.59,11.74
SKU-17928,Radiant Oil-Free Face Cream - Travel Size (V88),Health and beauty,75.36,107.09
SKU-17929,Motion Heavy-Duty Backpack - Orange,Sports and travel,34.39,47.38
SKU-17930,Aero Heavy-Duty Backpack - Grey,Sports and travel,36.42,49.22
SKU-17931,Retro Leather Watch - Gold,Fashion accessories,61.19,77.26
SKU-17932,Ultra Wireless Webcam - White,Electronic accessories,94.6,130.16
SKU-17933,Retro Denim Wallet - Rose Gold (V60),Fashion accessories,21.18,28.29
SKU-17934,Aura Vitamin C Face Cream - Pack of 2,Health and beauty,30.49,42.11
SKU-17935,Pure Organic Body Wash - 150g (V34),Health and beauty,76.32,113.19
SKU-17936,Ultra Bluetooth Mouse - Blue,Electronic accessories,30.28,41.84
SKU-17937,Premium Gluten-Free Coffee Beans - 500g,Food and beverages,16.97,21.93
SKU-17938,Eco Bluetooth Adapter - Grey (V39),Electronic accessories,47.56,61.45
SKU-17939,Derma Natural Shampoo - 50ml,Health and beauty,10.11,13.38
SKU-17940,Urban Polarized Backpack - Black,Fashion accessories,79.9,108.73
SKU-17941,Nova Mini Mouse - White,Electronic accessories,113.25,137.17
SKU-17942,FarmFresh Vegan Cereal - 500g,Food and beverages,7.31,9.04
SKU-17943,Smart Fast-Charging Keyboard - Silver (V99),Electronic accessories,28.97,41.52
SKU-17944,Tasty Crunchy Almonds - 1Kg,Food and beverages,4.52,5.38
SKU-17945,Clear Hydrating Body Wash - 200ml (V75),Health and beauty,5.81,9.19
SKU-17946,Pure Spicy Honey - 1Kg,Food and beverages,8.63,10.32
SKU-17947,TechPro Slim Headphones - White,Electronic accessories,14.18,20.82
SKU-17948,Ultra Fast-Charging Power Bank - Red (V68),Electronic accessories,103.27,138.43
SKU-17949,Chic Polarized Tie - Navy,Fashion accessories,13.1,20.73
SKU-17950,ProFit Waterproof Water Bottle - Neon Green,Sports and travel,36.73,50.7
SKU-17951,Classic Cotton Cushion - Clear,Home and lifestyle,44.82,56.11
SKU-17952,LuxeHome Cotton Cushion - Grey (V52),Home and lifestyle,55.34,77.76
SKU-17953,Motion Compact Sleeping Bag - Blue,Sports and travel,24.83,33.95
SKU-17954,Urban Rustic Wall Clock - Grey,Home and lifestyle,75.9,110.93
SKU-17955,Essence Anti-Aging Body Wash - Pack of 2,Health and beauty,60.18,85.18
SKU-17956,EcoLiving Minimalist Cushion - Black (V36),Home and lifestyle,21.31,30.19
SKU-17957,Trek Heavy-Duty Tent - Orange (V19),Sports and travel,9.04,13.8
SKU-17958,Summit Lightweight Sleeping Bag - Red,Sports and travel,21.83,32.05
SKU-17959,ProFit Durable Water Bottle - Blue (V76),Sports and travel,71.01,101.58
SKU-17960,Daily Crunchy Cookies - 1Kg,Food and beverages,2.02,2.59
SKU-17961,Premium Salted Honey - Pack of 6,Food and beverages,5.48,6.49
SKU-17962,Modern Stainless Steel Bed Sheets - Grey,Home and lifestyle,65.46,91.46
SKU-17963,Aero Heavy-Duty Travel Pillow - Neon Green (V71),Sports and travel,13.31,19.34
SKU-17964,Peak Waterproof Yoga Mat - Blue (V93),Sports and travel,9.05,12.26
SKU-17965,Chic Silk Scarf - Rose Gold,Fashion accessories,36.58,53.08
SKU-17966,Tasty Sweet Almonds - 1L,Food and beverages,1.93,2.34
SKU-17967,Elite Polarized Wallet - Silver (V51),Fashion accessories,49.51,71.2
SKU-17968,Nature's Spicy Almonds - Pack of 6 (V12),Food and beverages,1.44,1.87
SKU-17969,Cyber Heavy Duty Mouse - Red,Electronic accessories,122.18,148.19
SKU-17970,Aura Organic Body Lotion - 50ml (V73),Health and beauty,50.16,67.53
SKU-17971,Aura Soothing Sunscreen - 100ml,Health and beauty,19.74,27.08
SKU-17972,Luxe Polarized Tie - Brown,Fashion accessories,66.93,85.61
SKU-17973,Modern Ceramic Storage Box - Oak,Home and lifestyle,31.94,47.36
SKU-17974,Velocity Heavy-Duty Gym Bag - Orange,Sports and travel,75.18,99.76
SKU-17975,Smart Wireless Keyboard - Grey,Electronic accessories,91.23,119.47
SKU-17976,Peak Compact Backpack - Orange,Sports and travel,24.66,34.54
SKU-17977,Cozy Stainless Steel Table Lamp - Clear,Home and lifestyle,68.26,90.95
SKU-17978,Vogue Leather Gloves - Navy (V76),Fashion accessories,54.98,80.92
SKU-17979,Elite Leather Scarf - Brown,Fashion accessories,61.09,89.79
SKU-17980,Eco Portable Adapter - Black,Electronic accessories,33.64,50.1
SKU-17981,Vogue Cotton Tie - Black,Fashion accessories,67.48,94.47
SKU-17982,Elite Polarized Tie - Navy,Fashion accessories,9.3,14.56
SKU-17983,Daily Vegan Olive Oil - 1Kg,Food and beverages,2.56,3.01
SKU-17984,Elite Denim Backpack - Brown,Fashion accessories,46.64,63.14
SKU-17985,Trendy Polarized Hat - Navy,Fashion accessories,43.63,65.35
SKU-17986,Radiant Hydrating Lip Balm - Travel Size,Health and beauty,49.52,68.83
SKU-17987,Motion Breathable Sleeping Bag - Orange,Sports and travel,71.63,106.07
SKU-17988,Aura Organic Conditioner - 150g,Health and beauty,16.75,24.4
SKU-17989,Cyber Heavy Duty Cable - Red,Electronic accessories,127.63,158.61
SKU-17990,Luxe Vintage Wallet - Silver,Fashion accessories,73.5,96.16
SKU-17991,Active Heavy-Duty Sleeping Bag - Orange,Sports and travel,34.16,52.81
SKU-17992,Summit Breathable Sleeping Bag - Red,Sports and travel,60.22,88.59
SKU-17993,Tasty Vegan Chocolate - 1Kg,Food and beverages,15.86,19.41
SKU-17994,Retro Canvas Scarf - Gold (V76),Fashion accessories,57.35,77.8
SKU-17995,Modern Rustic Coffee Mug - Clear,Home and lifestyle,70.06,106.14
SKU-17996,Summit Waterproof Resistance Bands - Red,Sports and travel,6.77,8.85
SKU-17997,Classic Cotton Towel Set - Clear (V19),Home and lifestyle,38.74,53.2
SKU-17998,Radiant Hydrating Perfume - Pack of 2,Health and beauty,39.75,56.71
SKU-17999,Chic Silk Gloves - Black,Fashion accessories,21.02,29.31
SKU-18000,Giga Heavy Duty Speaker - Blue,Electronic accessories,142.91,213.75
SKU-18001,Urban Cotton Sunglasses - Brown (V16),Fashion accessories,52.7,84.13
SKU-18002,Vital Organic Perfume - 150g,Health and beauty,27.79,38.57
SKU-18003,Cozy Glass Bed Sheets - Clear (V12),Home and lifestyle,34.97,48.94
SKU-18004,Classic Leather Wallet - Rose Gold (V74),Fashion accessories,14.37,21.07
SKU-18005,Tasty Sweet Chocolate - 1L,Food and beverages,9.5,11.85
SKU-18006,Trendy Polarized Scarf - Brown (V91),Fashion accessories,19.39,29.53
SKU-18007,Classic Wooden Bed Sheets - Oak,Home and lifestyle,40.62,60.91
SKU-18008,Elite Vintage Belt - Silver,Fashion accessories,59.61,81.17
SKU-18009,Active Ergonomic Travel Pillow - Grey,Sports and travel,78.64,110.21
SKU-18010,Motion Compact Yoga Mat - Red,Sports and travel,66.31,91.63
SKU-18011,Luxe Denim Wallet - Brown,Fashion accessories,50.9,71.48
SKU-18012,Eco Mini Earbuds - Grey,Electronic accessories,112.59,148.31
SKU-18013,Smart Mini Adapter - Black,Electronic accessories,106.42,132.32
SKU-18014,HomeStyle Cotton Table Lamp - Grey,Home and lifestyle,79.75,105.0
SKU-18015,Vogue Canvas Watch - Brown (V84),Fashion accessories,42.11,57.97
SKU-18016,Glow Hydrating Body Lotion - 200ml,Health and beauty,31.7,49.78
SKU-18017,Aero Heavy-Duty Water Bottle - Orange,Sports and travel,32.89,51.12
SKU-18018,HomeStyle Glass Vase - White (V56),Home and lifestyle,9.52,13.87
SKU-18019,EcoLiving Glass Storage Box - Black (V49),Home and lifestyle,59.19,79.17
SKU-18020,HomeStyle Rustic Towel Set - Black (V43),Home and lifestyle,5.45,8.14
SKU-18021,Nova Portable Headphones - Blue,Electronic accessories,90.18,117.13
SKU-18022,Zen Stainless Steel Storage Box - Black,Home and lifestyle,25.49,32.56
SKU-18023,Radiant Hydrating Conditioner - 100ml,Health and beauty,38.0,56.02
SKU-18024,Urban Denim Belt - Black,Fashion accessories,33.95,42.99
SKU-18025,Trendy Canvas Wallet - Rose Gold (V11),Fashion accessories,74.98,103.35
SKU-18026,Pure Salted Cookies - 500ml,Food and beverages,11.7,14.45
SKU-18027,Urban Vintage Backpack - Rose Gold,Fashion accessories,21.84,29.06
SKU-18028,LuxeHome Cotton Bed Sheets - Beige,Home and lifestyle,21.6,30.64
SKU-18029,Urban Vintage Tie - Brown,Fashion accessories,75.81,109.32
SKU-18030,Velocity Heavy-Duty Backpack - Neon Green,Sports and travel,30.92,47.1
SKU-18031,Peak Compact Water Bottle - Orange,Sports and travel,48.01,75.49
SKU-18032,Nature's Gluten-Free Cereal - 250g (V82),Food and beverages,11.25,14.56
SKU-18033,Vogue Denim Hat - Navy,Fashion accessories,31.06,43.96
SKU-18034,LuxeHome Rustic Cushion - Beige,Home and lifestyle,28.88,39.36
SKU-18035,Organic Sweet Pasta - 1Kg,Food and beverages,13.04,16.22
SKU-18036,Cozy Cotton Candle - Grey,Home and lifestyle,70.73,97.98
SKU-18037,Derma Oil-Free Perfume - Travel Size,Health and beauty,75.16,119.06
SKU-18038,Organic Vegan Pasta - 250g,Food and beverages,19.09,23.59
SKU-18039,Modern Cotton Towel Set - Grey,Home and lifestyle,78.67,100.72
SKU-18040,Nature's Sweet Cookies - Pack of 6 (V32),Food and beverages,13.3,16.4
SKU-18041,Urban Wooden Candle - White,Home and lifestyle,38.13,50.04
SKU-18042,Aero Durable Travel Pillow - Neon Green,Sports and travel,39.03,56.31
SKU-18043,Organic Spicy Pasta - 250g,Food and beverages,5.9,7.62
SKU-18044,Aura Organic Deodorant - 50ml,Health and beauty,68.23,106.95
SKU-18045,Cozy Glass Coffee Mug - Oak,Home and lifestyle,28.23,36.25
SKU-18046,Velocity Ergonomic Tent - Blue,Sports and travel,49.47,74.74
SKU-18047,EcoLiving Rustic Storage Box - Oak,Home and lifestyle,30.41,47.53
SKU-18048,Organic Crunchy Honey - 250g,Food and beverages,19.96,25.75
SKU-18049,Trendy Leather Tie - Rose Gold,Fashion accessories,24.74,31.07
SKU-18050,Smart Mini Webcam - White,Electronic accessories,132.47,161.03
SKU-18051,Classic Ceramic Picture Frame - White,Home and lifestyle,55.47,74.72
SKU-18052,Nova Mini Speaker - Blue (V10),Electronic accessories,120.6,177.96
SKU-18053,Chic Vintage Sunglasses - Silver (V20),Fashion accessories,79.47,113.49
SKU-18054,Modern Wooden Bed Sheets - Clear,Home and lifestyle,64.46,87.93
SKU-18055,ProFit Durable Jump Rope - Black,Sports and travel,42.84,62.29
SKU-18056,Smart Heavy Duty Webcam - White,Electronic accessories,109.06,132.01
SKU-18057,Modern Stainless Steel Towel Set - Oak (V5),Home and lifestyle,22.21,32.26
SKU-18058,Velocity Breathable Tent - Orange (V79),Sports and travel,13.05,16.51
SKU-18059,Nature's Sweet Coffee Beans - Pack of 6,Food and beverages,10.3,13.04
SKU-18060,Clear Oil-Free Serum - 100ml,Health and beauty,58.06,80.69
SKU-18061,Pure Anti-Aging Deodorant - 150g,Health and beauty,43.01,65.58
SKU-18062,Summit Ergonomic Yoga Mat - Blue,Sports and travel,59.93,93.15
SKU-18063,Clear Hydrating Body Wash - Travel Size (V73),Health and beauty,13.67,21.86
SKU-18064,Glow Oil-Free Perfume - Travel Size,Health and beauty,64.1,86.35
SKU-18065,Essence Soothing Perfume - Travel Size,Health and beauty,43.79,59.41
SKU-18066,Glow Hydrating Perfume - Pack of 2 (V19),Health and beauty,5.06,6.88
SKU-18067,Eco Slim Charger - Grey (V34),Electronic accessories,70.86,97.68
SKU-18068,Cozy Cotton Storage Box - Black,Home and lifestyle,68.22,98.68
SKU-18069,Trendy Silk Handbag - Brown (V7),Fashion accessories,8.45,10.62
SKU-18070,Pure Vitamin C Lip Balm - 200ml,Health and beauty,34.63,52.0
SKU-18071,Nature's Gluten-Free Pasta - Pack of 6,Food and beverages,7.81,9.68
SKU-18072,Eco Portable Keyboard - Black (V12),Electronic accessories,145.38,215.62
SKU-18073,FarmFresh Spicy Cereal - 250g,Food and beverages,16.9,21.6
SKU-18074,EcoLiving Ceramic Bed Sheets - Black,Home and lifestyle,26.12,33.43
SKU-18075,Urban Vintage Belt - Black,Fashion accessories,53.66,74.55
SKU-18076,Classic Leather Sunglasses - Brown,Fashion accessories,38.45,53.71
SKU-18077,Trendy Leather Backpack - Rose Gold (V34),Fashion accessories,20.14,29.81
SKU-18078,Pure Salted Pasta - 500ml,Food and beverages,14.98,18.44
SKU-18079,Eco Portable Webcam - White,Electronic accessories,133.1,169.15
SKU-18080,Clear Oil-Free Perfume - Travel Size (V37),Health and beauty,54.66,78.02
SKU-18081,Organic Gluten-Free Coffee Beans - 250g,Food and beverages,18.89,24.42
SKU-18082,Eco Portable Charger - Blue,Electronic accessories,33.18,43.0
SKU-18083,Trendy Silk Tie - Gold,Fashion accessories,35.23,49.38
SKU-18084,Clear Anti-Aging Shampoo - 50ml,Health and beauty,69.51,107.15
SKU-18085,Radiant Natural Shampoo - 50ml,Health and beauty,17.05,23.12
SKU-18086,Elite Silk Backpack - Navy (V7),Fashion accessories,44.25,67.78
SKU-18087,EcoLiving Stainless Steel Picture Frame - Oak,Home and lifestyle,71.3,104.61
SKU-18088,Ultra Heavy Duty Speaker - Grey,Electronic accessories,145.1,214.4
SKU-18089,Clear Anti-Aging Lip Balm - Travel Size,Health and beauty,52.5,68.01
SKU-18090,Aero Ergonomic Water Bottle - Orange,Sports and travel,75.24,96.15
SKU-18091,Pulse Wireless Headphones - Silver,Electronic accessories,135.32,163.47
SKU-18092,Clear Vitamin C Sunscreen - Travel Size (V11),Health and beauty,18.17,26.14
SKU-18093,Active Durable Backpack - Grey (V89),Sports and travel,36.78,47.43
SKU-18094,Daily Roasted Green Tea - 250g,Food and beverages,7.52,9.57
SKU-18095,Urban Denim Scarf - Rose Gold (V13),Fashion accessories,54.3,85.95
SKU-18096,Pulse Slim Keyboard - Grey,Electronic accessories,125.4,157.05
SKU-18097,Glow Anti-Aging Body Lotion - 50ml,Health and beauty,6.43,9.69
SKU-18098,Chic Canvas Scarf - Navy,Fashion accessories,54.11,80.44
SKU-18099,Organic Roasted Coffee Beans - 250g,Food and beverages,1.11,1.43
SKU-18100,Daily Sweet Almonds - 500ml,Food and beverages,12.55,16.15
SKU-18101,Retro Canvas Watch - Rose Gold (V96),Fashion accessories,34.64,47.72
SKU-18102,Vogue Leather Wallet - Brown,Fashion accessories,7.07,9.71
SKU-18103,Retro Canvas Belt - Black (V11),Fashion accessories,46.66,66.68
SKU-18104,LuxeHome Minimalist Bed Sheets - Clear (V25),Home and lifestyle,45.54,68.01
SKU-18105,EcoLiving Cotton Picture Frame - Oak,Home and lifestyle,13.42,17.33
SKU-18106,Classic Glass Wall Clock - Beige,Home and lifestyle,55.85,88.07
SKU-18107,Radiant Vitamin C Sunscreen - 150g (V26),Health and beauty,55.19,76.41
SKU-18108,Peak Heavy-Duty Backpack - Blue,Sports and travel,14.0,18.81
SKU-18109,Retro Denim Belt - Brown (V87),Fashion accessories,74.83,94.43
SKU-18110,EcoLiving Minimalist Wall Clock - Clear (V26),Home and lifestyle,42.56,63.9
SKU-18111,Summit Ergonomic Backpack - Grey,Sports and travel,23.58,37.56
SKU-18112,Aero Lightweight Yoga Mat - Blue,Sports and travel,47.51,61.04
SKU-18113,Derma Vitamin C Deodorant - Travel Size,Health and beauty,48.52,72.61
SKU-18114,Pulse Wireless Speaker - Black (V13),Electronic accessories,51.27,72.35
SKU-18115,Trek Compact Jump Rope - Blue (V13),Sports and travel,69.9,110.02
SKU-18116,Vogue Polarized Hat - Silver,Fashion accessories,35.98,47.61
SKU-18117,Tasty Spicy Chocolate - 1Kg,Food and beverages,11.76,14.46
SKU-18118,Nature's Gluten-Free Cereal - Pack of 6 (V81),Food and beverages,2.09,2.64
SKU-18119,Nova Heavy Duty Headphones - Grey,Electronic accessories,101.28,132.26
SKU-18120,Vital Oil-Free Lip Balm - 200ml,Health and beauty,23.11,34.33
SKU-18121,Derma Anti-Aging Conditioner - 200ml,Health and beauty,65.32,84.77
SKU-18122,Nature's Sweet Juice - 1L,Food and beverages,10.59,13.01
SKU-18123,Pure Organic Body Wash - 150g (V5),Health and beauty,43.95,61.59
SKU-18124,Luxe Denim Gloves - Navy (V54),Fashion accessories,54.09,80.77
SKU-18125,Clear Oil-Free Face Cream - Travel Size (V18),Health and beauty,64.88,86.44
SKU-18126,Luxe Polarized Wallet - Silver (V75),Fashion accessories,45.72,57.24
SKU-18127,Tasty Sweet Olive Oil - 1L,Food and beverages,9.42,12.23
SKU-18128,Daily Crunchy Honey - Pack of 6,Food and beverages,8.87,10.82
SKU-18129,HomeStyle Wooden Candle - Clear,Home and lifestyle,59.71,91.23
SKU-18130,Glow Hydrating Sunscreen - 100ml,Health and beauty,10.07,14.95
SKU-18131,Tasty Roasted Honey - 1L,Food and beverages,15.3,18.06
SKU-18132,Derma Hydrating Sunscreen - Pack of 2,Health and beauty,44.89,68.76
SKU-18133,Nova Bluetooth Keyboard - Silver,Electronic accessories,20.96,29.84
SKU-18134,Radiant Natural Shampoo - 100ml,Health and beauty,9.4,14.89
SKU-18135,Smart Mini Webcam - Grey (V84),Electronic accessories,28.58,42.26
SKU-18136,Eco Fast-Charging Speaker - Black,Electronic accessories,37.56,55.58
SKU-18137,Tasty Spicy Coffee Beans - 1Kg,Food and beverages,14.86,18.28
SKU-18138,Elite Leather Gloves - Rose Gold (V47),Fashion accessories,71.36,109.36
SKU-18139,Golden Vegan Almonds - 1L,Food and beverages,7.75,9.77
SKU-18140,Nature's Spicy Pasta - 500ml,Food and beverages,3.79,4.5
SKU-18141,Smart Fast-Charging Charger - Blue (V13),Electronic accessories,119.85,150.38
SKU-18142,Motion Ergonomic Gym Bag - Red,Sports and travel,70.87,105.58
SKU-18143,Nova Portable Earbuds - Black,Electronic accessories,121.16,172.55
SKU-18144,Pulse Portable Earbuds - Silver,Electronic accessories,147.25,193.46
SKU-18145,ProFit Durable Gym Bag - Red,Sports and travel,60.95,82.54
SKU-18146,Glow Hydrating Shampoo - Pack of 2,Health and beauty,54.8,82.67
SKU-18147,Radiant Oil-Free Deodorant - 50ml,Health and beauty,28.97,38.7
SKU-18148,Ultra Bluetooth Adapter - Silver (V11),Electronic accessories,35.57,45.55
SKU-18149,Pure Anti-Aging Body Lotion - 100ml,Health and beauty,26.79,38.13
SKU-18150,Organic Spicy Coffee Beans - 500ml,Food and beverages,17.39,20.84
SKU-18151,Vogue Silk Watch - Navy,Fashion accessories,60.54,80.27
SKU-18152,ProFit Ergonomic Jump Rope - Blue,Sports and travel,14.77,20.04
SKU-18153,Classic Ceramic Cushion - White (V93),Home and lifestyle,44.89,62.5
SKU-18154,Derma Hydrating Perfume - 50ml,Health and beauty,74.07,103.73
SKU-18155,Premium Crunchy Coffee Beans - 500g,Food and beverages,16.73,20.74
SKU-18156,Cozy Rustic Table Lamp - Clear (V98),Home and lifestyle,50.47,78.85
SKU-18157,Daily Vegan Chocolate - Pack of 6 (V11),Food and beverages,4.21,5.0
SKU-18158,Pure Roasted Pasta - 500ml,Food and beverages,3.3,4.07
SKU-18159,Elite Silk Watch - Rose Gold,Fashion accessories,25.16,39.27
SKU-18160,Golden Spicy Honey - Pack of 6,Food and beverages,8.52,10.38
SKU-18161,Vital Organic Lip Balm - 150g,Health and beauty,12.24,17.38
SKU-18162,Cyber Mini Charger - Silver (V39),Electronic accessories,70.94,89.19
SKU-18163,Cozy Wooden Coffee Mug - Grey,Home and lifestyle,76.54,116.14
SKU-18164,Nova Mini Adapter - Red (V95),Electronic accessories,31.8,44.62
SKU-18165,Eco Slim Power Bank - Silver,Electronic accessories,111.8,137.55
SKU-18166,Vital Soothing Body Lotion - Pack of 2,Health and beauty,70.57,112.74
SKU-18167,Urban Silk Tie - Rose Gold (V12),Fashion accessories,50.86,63.98
SKU-18168,Aero Durable Tent - Black,Sports and travel,60.37,82.51
SKU-18169,Derma Hydrating Face Cream - 150g,Health and beauty,78.95,117.57
SKU-18170,Essence Organic Body Wash - 100ml,Health and beauty,75.43,100.83
SKU-18171,FarmFresh Vegan Honey - 500ml,Food and beverages,4.96,5.93
SKU-18172,Urban Cotton Cushion - Clear,Home and lifestyle,33.7,51.17
SKU-18173,Chic Silk Backpack - Gold,Fashion accessories,35.14,47.65
SKU-18174,Premium Spicy Cereal - 500g (V74),Food and beverages,1.96,2.52
SKU-18175,Chic Vintage Hat - Black,Fashion accessories,79.3,119.46
SKU-18176,Nature's Gluten-Free Pasta - 1L,Food and beverages,13.69,17.36
SKU-18177,Pure Oil-Free Lip Balm - 50ml,Health and beauty,31.92,39.93
SKU-18178,Active Durable Gym Bag - Orange (V10),Sports and travel,59.72,82.77
SKU-18179,Trendy Leather Gloves - Silver,Fashion accessories,49.41,77.66
SKU-18180,Smart Portable Earbuds - Red,Electronic accessories,82.31,116.6
SKU-18181,TechPro Heavy Duty Speaker - Silver (V97),Electronic accessories,113.79,141.61
SKU-18182,Elite Vintage Scarf - Rose Gold,Fashion accessories,76.0,109.97
SKU-18183,Luxe Silk Handbag - Rose Gold,Fashion accessories,34.25,44.06
SKU-18184,Trendy Silk Gloves - Gold (V32),Fashion accessories,39.02,59.45
SKU-18185,Classic Leather Belt - Brown,Fashion accessories,48.88,64.74
SKU-18186,Golden Gluten-Free Cereal - Pack of 6,Food and beverages,16.9,19.84
SKU-18187,Peak Durable Dumbbells - Black (V56),Sports and travel,44.01,59.06
SKU-18188,Urban Cotton Gloves - Silver,Fashion accessories,8.15,12.57
SKU-18189,Daily Salted Almonds - Pack of 6 (V97),Food and beverages,19.39,23.97
SKU-18190,Retro Leather Wallet - Rose Gold (V24),Fashion accessories,68.95,109.17
SKU-18191,Classic Polarized Gloves - Brown,Fashion accessories,39.11,60.29
SKU-18192,Vital Hydrating Deodorant - 150g,Health and beauty,32.97,43.9
SKU-18193,Aero Heavy-Duty Dumbbells - Neon Green,Sports and travel,75.02,101.97
SKU-18194,Derma Organic Shampoo - 200ml,Health and beauty,53.79,78.99
SKU-18195,Summit Ergonomic Travel Pillow - Red,Sports and travel,49.45,63.07
SKU-18196,Golden Crunchy Olive Oil - 500ml,Food and beverages,10.39,13.33
SKU-18197,Modern Cotton Vase - Grey (V77),Home and lifestyle,56.55,70.9
SKU-18198,ProFit Lightweight Water Bottle - Red,Sports and travel,14.37,18.39
SKU-18199,Luxe Polarized Hat - Gold,Fashion accessories,64.95,84.56
SKU-18200,Nature's Vegan Coffee Beans - 500g,Food and beverages,18.56,22.43
SKU-18201,Pure Vitamin C Perfume - 150g,Health and beauty,32.56,49.69
SKU-18202,Tasty Crunchy Almonds - 500ml,Food and beverages,7.14,8.94
SKU-18203,Active Breathable Resistance Bands - Blue (V16),Sports and travel,19.48,24.88
SKU-18204,Radiant Vitamin C Body Lotion - 50ml,Health and beauty,73.49,98.21
SKU-18205,Retro Cotton Backpack - Navy,Fashion accessories,10.6,15.85
SKU-18206,EcoLiving Rustic Storage Box - Beige (V50),Home and lifestyle,48.18,64.54
SKU-18207,Tasty Sweet Almonds - 250g,Food and beverages,14.24,17.79
SKU-18208,Essence Oil-Free Lip Balm - 200ml,Health and beauty,77.89,120.24
SKU-18209,Nature's Gluten-Free Honey - 500g (V9),Food and beverages,15.87,19.71
SKU-18210,Premium Roasted Coffee Beans - Pack of 6,Food and beverages,11.18,13.02
SKU-18211,Peak Breathable Jump Rope - Orange (V12),Sports and travel,70.15,96.72
SKU-18212,Trek Waterproof Sleeping Bag - Blue (V29),Sports and travel,69.73,89.74
SKU-18213,Zen Minimalist Storage Box - White (V22),Home and lifestyle,79.12,119.02
SKU-18214,Essence Hydrating Perfume - 50ml (V88),Health and beauty,76.39,119.52
SKU-18215,Luxe Cotton Scarf - Black,Fashion accessories,52.23,72.0
SKU-18216,Vogue Cotton Sunglasses - Black (V48),Fashion accessories,13.33,20.58
SKU-18217,Trek Lightweight Water Bottle - Grey,Sports and travel,26.08,34.1
SKU-18218,Cozy Ceramic Wall Clock - White,Home and lifestyle,15.51,21.48
SKU-18219,ProFit Durable Sleeping Bag - Orange,Sports and travel,16.49,22.33
SKU-18220,Daily Spicy Cereal - Pack of 6,Food and beverages,8.42,10.35
SKU-18221,FarmFresh Vegan Green Tea - 1Kg,Food and beverages,1.24,1.44
SKU-18222,Daily Roasted Chocolate - 1L,Food and beverages,2.89,3.71
SKU-18223,Cyber Mini Mouse - Black,Electronic accessories,84.45,121.65
SKU-18224,Organic Spicy Green Tea - 500ml,Food and beverages,6.9,8.11
SKU-18225,Pulse Slim Charger - Silver,Electronic accessories,118.49,163.23
SKU-18226,Zen Stainless Steel Picture Frame - Oak,Home and lifestyle,6.75,9.07
SKU-18227,HomeStyle Minimalist Storage Box - Oak,Home and lifestyle,5.91,9.17
SKU-18228,Classic Denim Backpack - Black,Fashion accessories,24.92,33.81
SKU-18229,Cyber Wireless Cable - White,Electronic accessories,118.5,160.02
SKU-18230,Nova Heavy Duty Adapter - Grey,Electronic accessories,47.01,59.59
SKU-18231,Trek Durable Sleeping Bag - Black (V13),Sports and travel,44.06,65.94
SKU-18232,Retro Vintage Tie - Gold,Fashion accessories,30.08,38.48
SKU-18233,Pure Vitamin C Deodorant - 100ml (V34),Health and beauty,27.44,41.35
SKU-18234,Pulse Slim Adapter - Blue,Electronic accessories,142.87,205.05
SKU-18235,Trendy Leather Scarf - Silver (V41),Fashion accessories,17.96,26.88
SKU-18236,Zen Stainless Steel Table Lamp - Clear,Home and lifestyle,21.75,34.24
SKU-18237,Trendy Canvas Wallet - Silver (V14),Fashion accessories,72.09,95.95
SKU-18238,Nature's Vegan Honey - 500g (V91),Food and beverages,15.17,18.65
SKU-18239,EcoLiving Wooden Picture Frame - Clear,Home and lifestyle,64.19,92.16
SKU-18240,TechPro Slim Webcam - White (V89),Electronic accessories,73.84,104.48
SKU-18241,Trendy Vintage Wallet - Gold,Fashion accessories,69.55,110.2
SKU-18242,Modern Cotton Coffee Mug - Black (V26),Home and lifestyle,10.7,15.2
SKU-18243,Urban Cotton Cushion - Grey (V99),Home and lifestyle,15.4,20.08
SKU-18244,Premium Gluten-Free Almonds - 500ml,Food and beverages,3.03,3.85
SKU-18245,FarmFresh Salted Olive Oil - Pack of 6,Food and beverages,4.1,4.88
SKU-18246,Retro Cotton Handbag - Navy,Fashion accessories,55.1,87.58
SKU-18247,Cozy Glass Coffee Mug - Clear (V39),Home and lifestyle,15.06,22.83
SKU-18248,Urban Canvas Watch - Rose Gold,Fashion accessories,41.68,59.18
SKU-18249,Pure Spicy Almonds - 1Kg,Food and beverages,13.78,16.46
SKU-18250,Pulse Wireless Headphones - Red,Electronic accessories,35.05,48.76
SKU-18251,Urban Leather Watch - Silver,Fashion accessories,47.37,63.93
SKU-18252,Urban Canvas Wallet - Navy,Fashion accessories,20.06,28.02
SKU-18253,Vital Natural Serum - Pack of 2,Health and beauty,9.39,14.7
SKU-18254,Retro Cotton Sunglasses - Black (V20),Fashion accessories,9.85,14.83
SKU-18255,TechPro Heavy Duty Earbuds - Grey,Electronic accessories,16.43,23.59
SKU-18256,EcoLiving Cotton Towel Set - Oak,Home and lifestyle,10.61,14.78
SKU-18257,Nova Slim Cable - White,Electronic accessories,18.53,27.6
SKU-18258,TechPro Slim Headphones - Grey (V13),Electronic accessories,51.81,71.68
SKU-18259,HomeStyle Glass Vase - Grey,Home and lifestyle,18.19,26.63
SKU-18260,Radiant Oil-Free Shampoo - 150g (V4),Health and beauty,28.41,42.68
SKU-18261,Vogue Polarized Gloves - Silver (V20),Fashion accessories,48.26,74.66
SKU-18262,Cozy Cotton Coffee Mug - White,Home and lifestyle,73.79,110.55
SKU-18263,Active Breathable Yoga Mat - Black,Sports and travel,22.04,28.6
SKU-18264,FarmFresh Salted Coffee Beans - 250g,Food and beverages,14.47,17.88
SKU-18265,Nova Heavy Duty Power Bank - Red,Electronic accessories,105.3,146.86
SKU-18266,Cyber Bluetooth Keyboard - Grey (V27),Electronic accessories,15.31,19.66
SKU-18267,Pulse Bluetooth Cable - Grey,Electronic accessories,80.07,114.51
SKU-18268,LuxeHome Wooden Vase - Oak,Home and lifestyle,57.22,78.1
SKU-18269,Eco Heavy Duty Headphones - Grey (V90),Electronic accessories,91.0,115.42
SKU-18270,Derma Oil-Free Body Wash - 150g (V95),Health and beauty,51.53,64.79
SKU-18271,Pulse Portable Mouse - Blue,Electronic accessories,99.41,135.58
SKU-18272,Pure Organic Serum - 150g (V57),Health and beauty,20.0,25.26
SKU-18273,Summit Heavy-Duty Backpack - Red (V70),Sports and travel,25.58,40.61
SKU-18274,ProFit Heavy-Duty Dumbbells - Neon Green,Sports and travel,75.58,109.83
SKU-18275,Vital Oil-Free Lip Balm - 200ml (V30),Health and beauty,38.56,52.97
SKU-18276,TechPro Wireless Keyboard - Grey,Electronic accessories,69.06,91.31
SKU-18277,Eco Portable Earbuds - Black,Electronic accessories,102.43,123.72
SKU-18278,Pure Soothing Sunscreen - 200ml,Health and beauty,8.22,13.08
SKU-18279,EcoLiving Stainless Steel Vase - Grey,Home and lifestyle,60.65,92.56
SKU-18280,Luxe Cotton Gloves - Silver,Fashion accessories,63.52,99.65
SKU-18281,EcoLiving Glass Bed Sheets - Beige,Home and lifestyle,74.0,93.38
SKU-18282,TechPro Portable Charger - Red,Electronic accessories,82.72,120.08
SKU-18283,Classic Stainless Steel Cushion - Oak (V65),Home and lifestyle,70.19,88.14
SKU-18284,Vital Vitamin C Body Wash - 200ml (V69),Health and beauty,28.8,44.48
SKU-18285,Urban Leather Gloves - Brown,Fashion accessories,47.56,65.77
SKU-18286,Nature's Crunchy Green Tea - 250g,Food and beverages,5.53,6.94
SKU-18287,Ultra Wireless Mouse - Blue (V99),Electronic accessories,27.42,37.69
SKU-18288,Chic Polarized Backpack - Silver (V87),Fashion accessories,8.98,12.64
SKU-18289,EcoLiving Stainless Steel Table Lamp - Black,Home and lifestyle,38.66,55.79
SKU-18290,Velocity Ergonomic Yoga Mat - Grey,Sports and travel,71.6,112.3
SKU-18291,LuxeHome Wooden Table Lamp - Oak,Home and lifestyle,11.41,17.17
SKU-18292,Ultra Slim Mouse - Red,Electronic accessories,131.78,160.69
SKU-18293,Motion Breathable Sleeping Bag - Grey,Sports and travel,9.44,11.97
SKU-18294,Nova Slim Cable - Red,Electronic accessories,121.92,159.83
SKU-18295,Nature's Gluten-Free Honey - Pack of 6 (V39),Food and beverages,7.93,10.15
SKU-18296,LuxeHome Ceramic Towel Set - Grey (V72),Home and lifestyle,51.75,82.7
SKU-18297,Luxe Cotton Gloves - Rose Gold (V25),Fashion accessories,10.3,13.18
SKU-18298,Glow Hydrating Conditioner - 150g,Health and beauty,13.64,18.25
SKU-18299,Modern Wooden Table Lamp - Oak,Home and lifestyle,12.79,19.86
SKU-18300,Derma Soothing Body Lotion - 50ml (V11),Health and beauty,5.75,7.6
SKU-18301,Trendy Silk Handbag - Brown (V66),Fashion accessories,68.29,104.35
SKU-18302,Nature's Vegan Cereal - 1Kg,Food and beverages,15.11,17.81
SKU-18303,Golden Vegan Pasta - 500ml (V71),Food and beverages,14.61,18.32
SKU-18304,Vital Organic Deodorant - 50ml,Health and beauty,6.58,10.13
SKU-18305,Classic Ceramic Cushion - Oak,Home and lifestyle,76.83,100.72
SKU-18306,Peak Breathable Dumbbells - Neon Green,Sports and travel,61.68,82.24
SKU-18307,Chic Polarized Belt - Silver (V86),Fashion accessories,56.99,74.17
SKU-18308,Vital Anti-Aging Shampoo - 100ml,Health and beauty,70.96,104.75
SKU-18309,Chic Silk Scarf - Silver,Fashion accessories,29.26,43.4
SKU-18310,Urban Stainless Steel Table Lamp - White,Home and lifestyle,72.71,114.69
SKU-18311,HomeStyle Ceramic Picture Frame - Grey (V13),Home and lifestyle,50.37,77.29
SKU-18312,Organic Vegan Cereal - 1L,Food and beverages,11.14,13.85
SKU-18313,Aero Lightweight Travel Pillow - Orange,Sports and travel,37.42,56.94
SKU-18314,TechPro Mini Webcam - Silver (V35),Electronic accessories,134.24,198.86
SKU-18315,Radiant Vitamin C Body Lotion - 150g,Health and beauty,77.64,123.35
SKU-18316,HomeStyle Cotton Bed Sheets - Clear,Home and lifestyle,40.54,63.18
SKU-18317,Pulse Slim Webcam - Blue,Electronic accessories,49.43,64.81
SKU-18318,Pure Salted Honey - 250g,Food and beverages,15.03,17.69
SKU-18319,Nova Portable Mouse - Red (V74),Electronic accessories,60.06,89.32
SKU-18320,Summit Compact Travel Pillow - Neon Green,Sports and travel,71.1,97.7
SKU-18321,Zen Stainless Steel Picture Frame - Grey,Home and lifestyle,10.69,15.18
SKU-18322,Cyber Portable Cable - Grey (V72),Electronic accessories,68.94,94.88
SKU-18323,Nature's Spicy Coffee Beans - 500g (V20),Food and beverages,5.07,6.24
SKU-18324,Elite Leather Hat - Gold (V42),Fashion accessories,63.53,82.75
SKU-18325,FarmFresh Sweet Juice - 250g,Food and beverages,1.19,1.47
SKU-18326,HomeStyle Wooden Table Lamp - Black,Home and lifestyle,58.12,85.94
SKU-18327,Trendy Canvas Gloves - Rose Gold,Fashion accessories,53.79,74.29
SKU-18328,Daily Vegan Juice - 1L,Food and beverages,10.51,12.74
SKU-18329,Golden Roasted Honey - 1Kg,Food and beverages,2.77,3.34
SKU-18330,LuxeHome Wooden Candle - Grey (V54),Home and lifestyle,45.02,70.34
SKU-18331,Classic Ceramic Towel Set - Clear (V43),Home and lifestyle,18.03,27.81
SKU-18332,Pulse Heavy Duty Webcam - Black,Electronic accessories,35.88,52.49
SKU-18333,Urban Rustic Cushion - Black (V93),Home and lifestyle,59.35,75.3
SKU-18334,HomeStyle Rustic Wall Clock - Oak,Home and lifestyle,5.47,7.29
SKU-18335,Nova Wireless Headphones - Black,Electronic accessories,98.56,128.82
SKU-18336,Derma Vitamin C Face Cream - Pack of 2,Health and beauty,21.41,32.28
SKU-18337,Urban Cotton Wall Clock - Beige (V83),Home and lifestyle,47.37,70.51
SKU-18338,Peak Lightweight Tent - Red,Sports and travel,7.12,11.06
SKU-18339,FarmFresh Sweet Almonds - Pack of 6 (V55),Food and beverages,9.32,11.42
SKU-18340,LuxeHome Rustic Wall Clock - Oak,Home and lifestyle,44.99,59.16
SKU-18341,Trek Ergonomic Tent - Grey,Sports and travel,37.28,53.01
SKU-18342,Essence Vitamin C Body Wash - 150g,Health and beauty,19.89,31.58
SKU-18343,Retro Silk Wallet - Brown (V82),Fashion accessories,39.17,55.34
SKU-18344,Glow Hydrating Shampoo - 150g (V30),Health and beauty,12.97,16.44
SKU-18345,Giga Fast-Charging Speaker - Grey,Electronic accessories,108.42,140.93
SKU-18346,Eco Slim Earbuds - Grey,Electronic accessories,70.64,88.95
SKU-18347,Aero Compact Tent - Black,Sports and travel,29.52,38.82
SKU-18348,Zen Glass Picture Frame - Oak (V36),Home and lifestyle,11.69,15.8
SKU-18349,Pure Oil-Free Body Wash - Pack of 2 (V71),Health and beauty,40.61,57.09
SKU-18350,ProFit Breathable Gym Bag - Black (V78),Sports and travel,10.53,14.47
SKU-18351,Pulse Heavy Duty Keyboard - Silver,Electronic accessories,72.06,102.25
SKU-18352,Motion Heavy-Duty Water Bottle - Black (V6),Sports and travel,13.16,18.86
SKU-18353,Nature's Vegan Cereal - 500g,Food and beverages,19.81,23.89
SKU-18354,LuxeHome Stainless Steel Coffee Mug - Black,Home and lifestyle,14.73,18.84
SKU-18355,Classic Polarized Gloves - Navy (V87),Fashion accessories,74.21,111.38
SKU-18356,Summit Heavy-Duty Travel Pillow - Blue,Sports and travel,15.55,24.5
SKU-18357,Velocity Lightweight Gym Bag - Neon Green,Sports and travel,5.12,7.89
SKU-18358,Chic Leather Gloves - Rose Gold,Fashion accessories,12.36,19.33
SKU-18359,Retro Denim Tie - Gold,Fashion accessories,24.73,36.07
SKU-18360,HomeStyle Minimalist Bed Sheets - Clear,Home and lifestyle,65.81,89.88
SKU-18361,Aero Compact Water Bottle - Neon Green,Sports and travel,48.04,73.18
SKU-18362,Elite Denim Sunglasses - Gold,Fashion accessories,77.75,119.22
SKU-18363,Vogue Cotton Tie - Black (V5),Fashion accessories,58.71,79.75
SKU-18364,Retro Canvas Tie - Silver (V27),Fashion accessories,26.7,36.52
SKU-18365,Peak Heavy-Duty Travel Pillow - Red (V14),Sports and travel,12.42,15.93
SKU-18366,Ultra Fast-Charging Cable - Grey,Electronic accessories,134.25,179.67
SKU-18367,Nova Mini Speaker - Silver,Electronic accessories,53.0,77.67
SKU-18368,Golden Crunchy Coffee Beans - 1L,Food and beverages,18.45,22.34
SKU-18369,Cyber Mini Headphones - White (V72),Electronic accessories,13.48,16.23
SKU-18370,Aero Durable Yoga Mat - Blue,Sports and travel,9.26,12.91
SKU-18371,Derma Natural Sunscreen - Travel Size (V17),Health and beauty,19.29,25.35
SKU-18372,Summit Heavy-Duty Dumbbells - Red,Sports and travel,53.35,81.91
SKU-18373,Classic Rustic Table Lamp - Grey,Home and lifestyle,56.43,74.08
SKU-18374,Vital Hydrating Deodorant - 150g (V85),Health and beauty,54.61,84.14
SKU-18375,Tasty Vegan Green Tea - 1Kg,Food and beverages,10.22,12.44
SKU-18376,Aero Waterproof Sleeping Bag - Red (V50),Sports and travel,54.04,74.11
SKU-18377,Aura Organic Body Lotion - 100ml,Health and beauty,44.82,57.87
SKU-18378,Radiant Natural Perfume - Pack of 2,Health and beauty,20.13,25.25
SKU-18379,Daily Salted Pasta - 500ml,Food and beverages,10.02,12.05
SKU-18380,Derma Vitamin C Sunscreen - 100ml,Health and beauty,56.76,79.37
SKU-18381,Pulse Heavy Duty Webcam - Red (V52),Electronic accessories,66.63,85.14
SKU-18382,Nova Slim Speaker - Silver (V29),Electronic accessories,82.37,107.21
SKU-18383,Radiant Hydrating Body Lotion - 50ml,Health and beauty,56.46,87.41
SKU-18384,Vital Soothing Conditioner - Travel Size,Health and beauty,75.58,110.69
SKU-18385,Pure Vegan Pasta - Pack of 6,Food and beverages,5.03,6.01
SKU-18386,FarmFresh Roasted Cookies - 250g (V83),Food and beverages,7.77,9.71
SKU-18387,Summit Waterproof Backpack - Orange,Sports and travel,19.3,28.92
SKU-18388,Zen Glass Cushion - White,Home and lifestyle,21.12,27.21
SKU-18389,Radiant Anti-Aging Sunscreen - 150g,Health and beauty,7.74,9.91
SKU-18390,Active Waterproof Dumbbells - Orange,Sports and travel,37.0,49.15
SKU-18391,Peak Heavy-Duty Gym Bag - Orange,Sports and travel,31.3,46.12
SKU-18392,Nova Wireless Charger - Silver (V31),Electronic accessories,63.82,85.32
SKU-18393,Trek Waterproof Yoga Mat - Neon Green,Sports and travel,62.47,78.77
SKU-18394,Clear Anti-Aging Sunscreen - 150g,Health and beauty,48.74,61.88
SKU-18395,Pure Salted Green Tea - Pack of 6,Food and beverages,5.86,7.23
SKU-18396,Pure Anti-Aging Deodorant - 50ml,Health and beauty,52.45,72.64
SKU-18397,Smart Mini Power Bank - Grey,Electronic accessories,24.38,34.59
SKU-18398,ProFit Ergonomic Jump Rope - Grey,Sports and travel,17.2,26.3
SKU-18399,HomeStyle Stainless Steel Towel Set - Grey,Home and lifestyle,51.94,71.1
SKU-18400,Retro Vintage Gloves - Black,Fashion accessories,64.19,87.17
SKU-18401,Velocity Ergonomic Dumbbells - Red,Sports and travel,12.76,19.08
SKU-18402,Pure Spicy Pasta - 1L,Food and beverages,1.91,2.27
SKU-18403,Daily Sweet Green Tea - 500g,Food and beverages,17.37,22.19
SKU-18404,Urban Cotton Candle - Beige,Home and lifestyle,17.23,26.49
SKU-18405,Modern Ceramic Candle - Clear,Home and lifestyle,21.07,29.83
SKU-18406,Eco Mini Mouse - Black,Electronic accessories,99.99,142.52
SKU-18407,ProFit Heavy-Duty Backpack - Neon Green,Sports and travel,76.96,114.96
SKU-18408,ProFit Compact Water Bottle - Neon Green,Sports and travel,41.7,54.73
SKU-18409,EcoLiving Glass Candle - Grey (V25),Home and lifestyle,29.03,37.72
SKU-18410,Trek Heavy-Duty Resistance Bands - Red (V97),Sports and travel,32.73,49.65
SKU-18411,Radiant Vitamin C Deodorant - 50ml,Health and beauty,71.17,92.43
SKU-18412,Premium Roasted Pasta - 1Kg,Food and beverages,10.65,12.96
SKU-18413,Vital Anti-Aging Serum - 50ml (V59),Health and beauty,60.88,77.01
SKU-18414,Urban Cotton Sunglasses - Gold,Fashion accessories,30.27,39.92
SKU-18415,TechPro Heavy Duty Power Bank - Red,Electronic accessories,24.22,32.15
SKU-18416,Elite Canvas Hat - Brown,Fashion accessories,68.18,103.97
SKU-18417,Summit Breathable Jump Rope - Grey (V47),Sports and travel,78.37,112.31
SKU-18418,HomeStyle Wooden Cushion - White (V13),Home and lifestyle,59.09,78.39
SKU-18419,Elite Denim Tie - Black (V76),Fashion accessories,71.79,108.27
SKU-18420,Modern Wooden Candle - Grey (V22),Home and lifestyle,66.69,97.6
SKU-18421,Velocity Compact Resistance Bands - Black,Sports and travel,51.03,68.8
SKU-18422,Peak Ergonomic Yoga Mat - Grey (V49),Sports and travel,49.82,74.38
SKU-18423,Premium Vegan Honey - 1L,Food and beverages,7.61,8.8
SKU-18424,EcoLiving Rustic Towel Set - Black,Home and lifestyle,59.18,85.66
SKU-18425,Pure Gluten-Free Coffee Beans - Pack of 6 (V65),Food and beverages,2.67,3.08
SKU-18426,Urban Leather Scarf - Rose Gold,Fashion accessories,5.36,8.57
SKU-18427,TechPro Wireless Keyboard - White (V38),Electronic accessories,68.7,90.43
SKU-18428,Aero Ergonomic Backpack - Neon Green,Sports and travel,17.99,23.65
SKU-18429,Chic Cotton Sunglasses - Navy,Fashion accessories,67.8,97.44
SKU-18430,ProFit Lightweight Tent - Grey,Sports and travel,27.85,41.52
SKU-18431,FarmFresh Spicy Green Tea - 500ml,Food and beverages,19.26,22.97
SKU-18432,Eco Fast-Charging Cable - White,Electronic accessories,45.2,61.85
SKU-18433,Aura Hydrating Body Wash - Travel Size,Health and beauty,56.04,74.2
SKU-18434,Modern Cotton Candle - Grey (V42),Home and lifestyle,30.12,40.1
SKU-18435,Smart Portable Power Bank - Red,Electronic accessories,86.51,113.76
SKU-18436,Vogue Polarized Tie - Rose Gold (V96),Fashion accessories,61.97,82.7
SKU-18437,Classic Stainless Steel Bed Sheets - Clear (V34),Home and lifestyle,70.12,92.98
SKU-18438,Elite Silk Tie - Rose Gold,Fashion accessories,29.8,38.86
SKU-18439,Golden Roasted Pasta - 500ml,Food and beverages,16.35,18.99
SKU-18440,Active Compact Dumbbells - Neon Green,Sports and travel,12.2,15.48
SKU-18441,Essence Natural Serum - Pack of 2 (V62),Health and beauty,65.9,102.59
SKU-18442,Modern Ceramic Cushion - Black,Home and lifestyle,19.11,26.16
SKU-18443,Chic Polarized Backpack - Brown,Fashion accessories,15.0,21.1
SKU-18444,Golden Roasted Juice - 250g,Food and beverages,14.05,18.04
SKU-18445,Premium Sweet Olive Oil - Pack of 6,Food and beverages,10.94,14.08
SKU-18446,Summit Waterproof Gym Bag - Neon Green,Sports and travel,9.22,14.49
SKU-18447,ProFit Ergonomic Sleeping Bag - Neon Green,Sports and travel,16.14,23.03
SKU-18448,Clear Anti-Aging Body Lotion - Travel Size (V55),Health and beauty,35.73,46.54
SKU-18449,Aura Organic Perfume - 50ml,Health and beauty,37.62,49.97
SKU-18450,Pulse Portable Headphones - Silver,Electronic accessories,146.94,196.15
SKU-18451,Zen Stainless Steel Cushion - Black (V86),Home and lifestyle,67.05,105.38
SKU-18452,Giga Mini Speaker - Grey (V96),Electronic accessories,126.86,167.48
SKU-18453,Smart Fast-Charging Headphones - Grey,Electronic accessories,73.32,98.19
SKU-18454,Velocity Durable Sleeping Bag - Red,Sports and travel,77.11,103.82
SKU-18455,Classic Ceramic Towel Set - Oak,Home and lifestyle,27.76,36.12
SKU-18456,Peak Breathable Gym Bag - Grey,Sports and travel,63.28,94.94
SKU-18457,Luxe Denim Tie - Rose Gold,Fashion accessories,24.78,34.18
SKU-18458,Cyber Wireless Headphones - Blue,Electronic accessories,140.61,170.12
SKU-18459,Premium Salted Pasta - 500g,Food and beverages,6.14,7.31
SKU-18460,Giga Portable Power Bank - Grey,Electronic accessories,114.95,147.19
SKU-18461,Derma Soothing Body Lotion - Pack of 2 (V70),Health and beauty,62.91,78.68
SKU-18462,Smart Mini Charger - White,Electronic accessories,102.1,152.99
SKU-18463,Tasty Sweet Chocolate - 1L (V4),Food and beverages,17.22,21.88
SKU-18464,Smart Heavy Duty Power Bank - Silver,Electronic accessories,94.87,122.38
SKU-18465,Vital Oil-Free Conditioner - Pack of 2,Health and beauty,37.25,51.84
SKU-18466,Vogue Canvas Hat - Brown,Fashion accessories,65.47,84.38
SKU-18467,Peak Breathable Resistance Bands - Blue (V15),Sports and travel,21.84,34.51
SKU-18468,Velocity Durable Backpack - Grey (V16),Sports and travel,66.87,101.79
SKU-18469,Vogue Leather Watch - Rose Gold (V2),Fashion accessories,49.09,72.0
SKU-18470,Pulse Portable Charger - Blue,Electronic accessories,12.01,15.83
SKU-18471,Smart Slim Speaker - Grey,Electronic accessories,146.7,214.91
SKU-18472,Elite Canvas Belt - Black,Fashion accessories,18.11,24.42
SKU-18473,Velocity Compact Backpack - Black (V5),Sports and travel,79.41,111.77
SKU-18474,Chic Leather Gloves - Silver,Fashion accessories,63.29,82.89
SKU-18475,Organic Vegan Cookies - 1L,Food and beverages,1.5,1.86
SKU-18476,Urban Stainless Steel Picture Frame - Oak,Home and lifestyle,31.39,41.68
SKU-18477,Derma Natural Sunscreen - 150g (V59),Health and beauty,54.91,75.7
SKU-18478,Nature's Spicy Green Tea - Pack of 6,Food and beverages,16.15,20.12
SKU-18479,Zen Cotton Picture Frame - White,Home and lifestyle,20.68,27.97
SKU-18480,Vogue Canvas Tie - Silver,Fashion accessories,5.44,7.89
SKU-18481,HomeStyle Stainless Steel Table Lamp - Clear,Home and lifestyle,65.94,104.72
SKU-18482,Velocity Breathable Dumbbells - Red,Sports and travel,63.75,98.73
SKU-18483,Classic Rustic Coffee Mug - Beige,Home and lifestyle,38.45,58.44
SKU-18484,Retro Canvas Watch - Rose Gold (V51),Fashion accessories,76.76,121.4
SKU-18485,Smart Fast-Charging Adapter - Red,Electronic accessories,52.69,68.13
SKU-18486,Essence Natural Sunscreen - Pack of 2,Health and beauty,35.04,47.12
SKU-18487,FarmFresh Spicy Coffee Beans - Pack of 6,Food and beverages,14.38,17.56
SKU-18488,Derma Natural Body Wash - Travel Size,Health and beauty,43.78,59.88
SKU-18489,FarmFresh Sweet Coffee Beans - 1Kg,Food and beverages,15.69,19.13
SKU-18490,Daily Crunchy Almonds - 1L,Food and beverages,12.7,14.78
SKU-18491,Cyber Wireless Adapter - Red,Electronic accessories,50.49,73.8
SKU-18492,Radiant Hydrating Conditioner - Travel Size,Health and beauty,33.33,45.76
SKU-18493,Motion Compact Tent - Grey,Sports and travel,14.15,20.05
SKU-18494,Vogue Denim Wallet - Navy (V12),Fashion accessories,16.09,24.58
SKU-18495,Organic Sweet Honey - 1Kg,Food and beverages,9.58,11.74
SKU-18496,ProFit Durable Water Bottle - Neon Green,Sports and travel,5.46,7.51
SKU-18497,Nature's Roasted Green Tea - 1L,Food and beverages,3.37,4.23
SKU-18498,Giga Wireless Adapter - Blue,Electronic accessories,17.01,24.21
SKU-18499,Cozy Rustic Picture Frame - Grey,Home and lifestyle,22.87,29.83
SKU-18500,Clear Soothing Perfume - 100ml,Health and beauty,41.24,53.65
SKU-18501,HomeStyle Wooden Wall Clock - Clear,Home and lifestyle,16.62,25.11
SKU-18502,LuxeHome Cotton Vase - Black,Home and lifestyle,47.51,71.47
SKU-18503,Luxe Cotton Wallet - Silver,Fashion accessories,15.02,23.22
SKU-18504,Active Durable Jump Rope - Grey,Sports and travel,58.75,84.65
SKU-18505,Vogue Cotton Wallet - Brown (V97),Fashion accessories,72.34,92.95
SKU-18506,EcoLiving Wooden Table Lamp - Grey,Home and lifestyle,37.32,56.95
SKU-18507,Luxe Vintage Wallet - Navy (V92),Fashion accessories,76.86,100.93
SKU-18508,Peak Heavy-Duty Gym Bag - Neon Green (V14),Sports and travel,45.74,65.44
SKU-18509,Cyber Heavy Duty Speaker - Red,Electronic accessories,104.93,131.43
SKU-18510,Pulse Heavy Duty Keyboard - Black,Electronic accessories,119.37,165.99
SKU-18511,Cozy Glass Towel Set - Grey (V8),Home and lifestyle,36.37,52.32
SKU-18512,Motion Breathable Gym Bag - Orange (V6),Sports and travel,42.48,67.9
SKU-18513,Ultra Heavy Duty Charger - Red (V95),Electronic accessories,66.47,90.8
SKU-18514,Tasty Crunchy Cookies - 1Kg (V6),Food and beverages,14.44,16.71
SKU-18515,Summit Compact Travel Pillow - Black,Sports and travel,68.34,107.9
SKU-18516,Pure Natural Serum - Travel Size (V4),Health and beauty,78.29,115.54
SKU-18517,Summit Lightweight Jump Rope - Red,Sports and travel,53.29,82.68
SKU-18518,Essence Oil-Free Shampoo - Travel Size (V22),Health and beauty,24.07,37.86
SKU-18519,Summit Breathable Jump Rope - Black (V61),Sports and travel,11.68,15.7
SKU-18520,Vogue Denim Tie - Black,Fashion accessories,77.82,119.56
SKU-18521,Classic Wooden Picture Frame - Grey,Home and lifestyle,60.04,79.87
SKU-18522,Urban Rustic Vase - Clear (V78),Home and lifestyle,39.67,54.31
SKU-18523,LuxeHome Minimalist Coffee Mug - White,Home and lifestyle,63.28,81.67
SKU-18524,Organic Roasted Olive Oil - Pack of 6,Food and beverages,4.24,5.47
SKU-18525,Golden Spicy Cereal - 250g (V8),Food and beverages,7.92,9.83
SKU-18526,TechPro Fast-Charging Headphones - Grey,Electronic accessories,148.6,222.0
SKU-18527,Luxe Leather Sunglasses - Navy (V37),Fashion accessories,70.97,97.43
SKU-18528,Chic Leather Scarf - Rose Gold,Fashion accessories,31.48,45.11
SKU-18529,Tasty Gluten-Free Cookies - 1L (V98),Food and beverages,17.23,21.89
SKU-18530,Cyber Portable Speaker - Grey,Electronic accessories,113.69,160.03
SKU-18531,TechPro Slim Keyboard - Red,Electronic accessories,126.89,187.87
SKU-18532,Pure Roasted Pasta - 500g (V18),Food and beverages,18.2,22.39
SKU-18533,Essence Organic Sunscreen - Travel Size,Health and beauty,41.0,60.8
SKU-18534,Trendy Leather Sunglasses - Black,Fashion accessories,26.85,37.5
SKU-18535,Retro Vintage Scarf - Rose Gold (V2),Fashion accessories,46.72,64.58
SKU-18536,Eco Fast-Charging Keyboard - Black,Electronic accessories,110.71,133.55
SKU-18537,Velocity Breathable Tent - Black (V15),Sports and travel,33.63,53.55
SKU-18538,Classic Stainless Steel Vase - Oak (V12),Home and lifestyle,22.62,35.49
SKU-18539,Golden Sweet Olive Oil - 1L (V26),Food and beverages,6.08,7.47
SKU-18540,Aero Waterproof Jump Rope - Black,Sports and travel,28.32,44.17
SKU-18541,Tasty Sweet Coffee Beans - 1L (V13),Food and beverages,6.98,9.01
SKU-18542,Aura Oil-Free Conditioner - Pack of 2,Health and beauty,61.59,78.7
SKU-18543,Modern Ceramic Candle - Black (V19),Home and lifestyle,10.53,14.45
SKU-18544,Retro Denim Watch - Black (V32),Fashion accessories,78.01,119.42
SKU-18545,Trendy Denim Backpack - Brown,Fashion accessories,64.39,86.41
SKU-18546,Velocity Lightweight Tent - Blue,Sports and travel,30.78,43.2
SKU-18547,Nature's Salted Almonds - 1Kg,Food and beverages,3.86,4.44
SKU-18548,Premium Crunchy Honey - 500g,Food and beverages,18.34,23.18
SKU-18549,Essence Anti-Aging Body Lotion - 50ml (V46),Health and beauty,57.95,75.36
SKU-18550,Pure Vitamin C Body Lotion - 100ml,Health and beauty,27.52,40.5
SKU-18551,Cozy Rustic Coffee Mug - Oak,Home and lifestyle,79.73,112.48
SKU-18552,Modern Glass Vase - Black,Home and lifestyle,47.67,62.6
SKU-18553,EcoLiving Rustic Storage Box - Black (V55),Home and lifestyle,72.44,94.84
SKU-18554,Premium Roasted Green Tea - 1L,Food and beverages,17.65,22.42
SKU-18555,Urban Denim Backpack - Silver,Fashion accessories,14.26,19.33
SKU-18556,Vital Natural Sunscreen - 50ml (V85),Health and beauty,39.11,50.43
SKU-18557,Nova Fast-Charging Speaker - Black,Electronic accessories,86.85,106.6
SKU-18558,Aero Heavy-Duty Yoga Mat - Black,Sports and travel,7.64,9.69
SKU-18559,Summit Durable Jump Rope - Black,Sports and travel,32.81,42.27
SKU-18560,Modern Stainless Steel Table Lamp - White,Home and lifestyle,28.84,37.23
SKU-18561,Cozy Minimalist Bed Sheets - Oak (V41),Home and lifestyle,68.93,94.96
SKU-18562,Ultra Fast-Charging Cable - Grey (V3),Electronic accessories,56.14,77.61
SKU-18563,Motion Waterproof Jump Rope - Orange,Sports and travel,35.94,56.66
SKU-18564,Daily Spicy Coffee Beans - 250g (V40),Food and beverages,17.97,22.35
SKU-18565,Daily Salted Green Tea - 1L (V92),Food and beverages,11.15,13.33
SKU-18566,Cyber Mini Earbuds - Grey,Electronic accessories,61.16,80.42
SKU-18567,LuxeHome Wooden Wall Clock - Grey (V31),Home and lifestyle,74.63,95.27
SKU-18568,Modern Glass Table Lamp - Grey,Home and lifestyle,74.51,99.94
SKU-18569,Elite Cotton Belt - Silver,Fashion accessories,20.23,28.83
SKU-18570,Luxe Silk Gloves - Rose Gold,Fashion accessories,40.13,59.18
SKU-18571,Summit Waterproof Yoga Mat - Orange,Sports and travel,35.12,45.78
SKU-18572,Elite Denim Handbag - Gold,Fashion accessories,45.93,70.73
SKU-18573,Peak Durable Gym Bag - Black,Sports and travel,53.35,78.14
SKU-18574,Nova Slim Power Bank - Red,Electronic accessories,111.8,166.8
SKU-18575,Smart Slim Cable - Grey,Electronic accessories,104.09,142.92
SKU-18576,Chic Canvas Belt - Silver,Fashion accessories,70.79,96.72
SKU-18577,Nova Mini Mouse - White (V14),Electronic accessories,34.15,46.0
SKU-18578,Trek Ergonomic Tent - Neon Green,Sports and travel,19.78,29.32
SKU-18579,ProFit Lightweight Resistance Bands - Red (V5),Sports and travel,13.61,17.83
SKU-18580,Derma Soothing Body Wash - Pack of 2 (V73),Health and beauty,21.91,28.38
SKU-18581,Trendy Polarized Handbag - Black,Fashion accessories,9.48,13.23
SKU-18582,Smart Fast-Charging Mouse - Silver,Electronic accessories,137.59,192.81
SKU-18583,Giga Bluetooth Speaker - Blue,Electronic accessories,63.99,92.86
SKU-18584,Zen Ceramic Coffee Mug - Clear,Home and lifestyle,74.48,114.47
SKU-18585,Smart Mini Headphones - Black,Electronic accessories,145.73,208.75
SKU-18586,Velocity Breathable Yoga Mat - Red,Sports and travel,66.15,89.03
SKU-18587,EcoLiving Stainless Steel Bed Sheets - Grey (V85),Home and lifestyle,8.77,12.91
SKU-18588,Tasty Sweet Green Tea - 1L,Food and beverages,3.25,3.8
SKU-18589,Essence Hydrating Perfume - 150g (V24),Health and beauty,40.47,63.49
SKU-18590,Derma Hydrating Shampoo - 50ml,Health and beauty,20.12,25.16
SKU-18591,Trendy Vintage Scarf - Rose Gold (V77),Fashion accessories,69.58,88.11
SKU-18592,Premium Sweet Cookies - 500g,Food and beverages,8.3,10.33
SKU-18593,Glow Vitamin C Serum - 200ml,Health and beauty,67.77,87.22
SKU-18594,Eco Mini Headphones - Silver (V5),Electronic accessories,19.8,27.49
SKU-18595,Nature's Sweet Green Tea - Pack of 6,Food and beverages,13.89,17.13
SKU-18596,Derma Anti-Aging Sunscreen - 200ml (V25),Health and beauty,61.64,82.23
SKU-18597,FarmFresh Vegan Olive Oil - 500g,Food and beverages,16.46,21.03
SKU-18598,Premium Gluten-Free Almonds - 500g,Food and beverages,11.29,13.48
SKU-18599,Chic Denim Sunglasses - Rose Gold,Fashion accessories,30.81,39.55
SKU-18600,LuxeHome Glass Candle - Clear (V9),Home and lifestyle,9.61,12.16
SKU-18601,Pure Hydrating Face Cream - 200ml,Health and beauty,34.67,43.77
SKU-18602,Aura Anti-Aging Deodorant - 200ml (V94),Health and beauty,66.69,96.95
SKU-18603,Daily Vegan Chocolate - Pack of 6 (V76),Food and beverages,5.35,6.8
SKU-18604,Nova Mini Earbuds - White (V27),Electronic accessories,54.45,78.73
SKU-18605,Glow Oil-Free Conditioner - 200ml,Health and beauty,24.23,37.11
SKU-18606,EcoLiving Rustic Candle - Clear (V55),Home and lifestyle,30.62,44.72
SKU-18607,Classic Vintage Gloves - Rose Gold (V5),Fashion accessories,56.2,71.21
SKU-18608,Aero Breathable Sleeping Bag - Grey (V48),Sports and travel,5.03,7.32
SKU-18609,Active Breathable Travel Pillow - Orange (V2),Sports and travel,22.84,32.84
SKU-18610,Clear Oil-Free Conditioner - Pack of 2,Health and beauty,77.25,101.84
SKU-18611,Golden Crunchy Cookies - Pack of 6,Food and beverages,14.64,17.99
SKU-18612,Glow Oil-Free Conditioner - 100ml,Health and beauty,37.45,56.68
SKU-18613,Aero Ergonomic Jump Rope - Red (V86),Sports and travel,9.63,14.34
SKU-18614,Urban Cotton Picture Frame - Beige (V88),Home and lifestyle,6.78,8.88
SKU-18615,Chic Silk Backpack - Navy,Fashion accessories,19.26,25.54
SKU-18616,Tasty Gluten-Free Pasta - Pack of 6,Food and beverages,15.17,17.91
SKU-18617,Golden Gluten-Free Pasta - 1Kg,Food and beverages,13.78,15.97
SKU-18618,Classic Denim Handbag - Silver,Fashion accessories,73.65,95.22
SKU-18619,Peak Ergonomic Resistance Bands - Grey (V2),Sports and travel,26.19,37.84
SKU-18620,Radiant Anti-Aging Conditioner - Pack of 2 (V73),Health and beauty,76.35,98.54
SKU-18621,Ultra Bluetooth Keyboard - Black,Electronic accessories,146.29,199.13
SKU-18622,Vital Organic Serum - 100ml,Health and beauty,50.45,80.55
SKU-18623,Clear Oil-Free Lip Balm - 150g (V35),Health and beauty,50.13,71.62
SKU-18624,Vogue Denim Sunglasses - Silver,Fashion accessories,33.85,48.07
SKU-18625,Giga Portable Adapter - Silver (V89),Electronic accessories,38.58,49.5
SKU-18626,Nature's Salted Chocolate - 500g,Food and beverages,1.17,1.37
SKU-18627,Classic Silk Gloves - Gold (V36),Fashion accessories,34.16,45.86
SKU-18628,Luxe Canvas Belt - Silver,Fashion accessories,61.94,81.46
SKU-18629,Ultra Wireless Earbuds - Grey (V85),Electronic accessories,42.83,61.13
SKU-18630,Daily Roasted Pasta - Pack of 6,Food and beverages,7.1,8.65
SKU-18631,TechPro Bluetooth Adapter - White,Electronic accessories,106.28,155.32
SKU-18632,Vogue Leather Hat - Navy,Fashion accessories,57.57,78.24
SKU-18633,Essence Hydrating Face Cream - Travel Size,Health and beauty,77.97,102.77
SKU-18634,Smart Portable Speaker - Black,Electronic accessories,61.9,82.41
SKU-18635,Pure Hydrating Body Wash - Pack of 2,Health and beauty,72.87,115.78
SKU-18636,Cyber Mini Adapter - Silver,Electronic accessories,140.5,199.82
SKU-18637,Modern Wooden Bed Sheets - Grey (V85),Home and lifestyle,30.36,43.76
SKU-18638,Derma Organic Lip Balm - 150g,Health and beauty,5.29,7.89
SKU-18639,Cyber Portable Keyboard - White,Electronic accessories,90.05,126.59
SKU-18640,Nova Fast-Charging Cable - White (V34),Electronic accessories,37.44,53.12
SKU-18641,Clear Oil-Free Shampoo - 50ml,Health and beauty,22.22,28.82
SKU-18642,Active Compact Backpack - Blue (V95),Sports and travel,73.36,93.77
SKU-18643,Classic Denim Hat - Black,Fashion accessories,10.17,15.14
SKU-18644,Aura Oil-Free Sunscreen - 200ml (V37),Health and beauty,61.33,78.35
SKU-18645,Aura Organic Body Wash - Pack of 2,Health and beauty,34.23,52.12
SKU-18646,Chic Cotton Hat - Silver,Fashion accessories,54.83,81.61
SKU-18647,Pure Gluten-Free Juice - 250g,Food and beverages,5.38,6.65
SKU-18648,Essence Oil-Free Conditioner - 200ml (V29),Health and beauty,61.8,79.97
SKU-18649,Cozy Cotton Picture Frame - Black,Home and lifestyle,41.68,62.59
SKU-18650,HomeStyle Stainless Steel Wall Clock - Grey,Home and lifestyle,75.32,108.87
SKU-18651,Giga Portable Keyboard - White (V61),Electronic accessories,144.53,200.69
SKU-18652,Aero Ergonomic Jump Rope - Black,Sports and travel,26.08,37.48
SKU-18653,Eco Fast-Charging Mouse - Silver,Electronic accessories,129.83,174.74
SKU-18654,Pure Oil-Free Sunscreen - 50ml,Health and beauty,26.51,39.81
SKU-18655,Zen Minimalist Storage Box - Black,Home and lifestyle,12.96,18.11
SKU-18656,Pure Spicy Cookies - 500ml,Food and beverages,2.7,3.46
SKU-18657,Trendy Silk Backpack - Gold (V89),Fashion accessories,15.02,23.78
SKU-18658,Retro Denim Gloves - Rose Gold,Fashion accessories,76.05,105.72
SKU-18659,Urban Cotton Tie - Rose Gold,Fashion accessories,58.64,78.24
SKU-18660,Trendy Cotton Sunglasses - Navy (V40),Fashion accessories,39.54,59.54
SKU-18661,Glow Hydrating Body Lotion - Pack of 2,Health and beauty,47.08,73.13
SKU-18662,Trek Waterproof Travel Pillow - Neon Green (V65),Sports and travel,21.07,32.73
SKU-18663,FarmFresh Crunchy Coffee Beans - 500ml,Food and beverages,17.6,22.02
SKU-18664,Organic Salted Almonds - Pack of 6,Food and beverages,5.06,6.42
SKU-18665,Pulse Mini Adapter - Silver,Electronic accessories,37.69,46.94
SKU-18666,Active Waterproof Yoga Mat - Grey (V29),Sports and travel,63.74,97.87
SKU-18667,Modern Stainless Steel Storage Box - Oak,Home and lifestyle,64.06,98.49
SKU-18668,Clear Anti-Aging Face Cream - 50ml,Health and beauty,65.25,100.35
SKU-18669,Smart Portable Adapter - Black,Electronic accessories,28.75,37.45
SKU-18670,ProFit Waterproof Tent - Red,Sports and travel,34.63,44.03
SKU-18671,Pulse Fast-Charging Cable - Grey (V67),Electronic accessories,139.36,194.07
SKU-18672,Nature's Roasted Juice - 1L,Food and beverages,1.62,1.87
SKU-18673,ProFit Waterproof Backpack - Black (V71),Sports and travel,12.8,16.62
SKU-18674,Urban Canvas Sunglasses - Rose Gold,Fashion accessories,23.81,33.05
SKU-18675,Pure Roasted Pasta - 1Kg,Food and beverages,15.58,18.27
SKU-18676,LuxeHome Rustic Table Lamp - White,Home and lifestyle,32.96,46.31
SKU-18677,Nature's Roasted Honey - 1Kg (V71),Food and beverages,19.33,22.79
SKU-18678,Trek Compact Tent - Black (V76),Sports and travel,25.77,39.64
SKU-18679,Daily Spicy Juice - 500g (V67),Food and beverages,15.35,19.0
SKU-18680,Cyber Bluetooth Adapter - Grey (V58),Electronic accessories,68.41,95.58
SKU-18681,Velocity Ergonomic Gym Bag - Red,Sports and travel,17.63,23.17
SKU-18682,Premium Sweet Honey - 250g,Food and beverages,8.84,10.71
SKU-18683,Velocity Ergonomic Backpack - Neon Green,Sports and travel,29.94,45.51
SKU-18684,Pulse Fast-Charging Cable - Red,Electronic accessories,59.08,75.42
SKU-18685,Active Compact Jump Rope - Black,Sports and travel,66.89,91.91
SKU-18686,Urban Silk Backpack - Navy,Fashion accessories,9.38,14.22
SKU-18687,Radiant Oil-Free Sunscreen - 50ml,Health and beauty,42.08,67.23
SKU-18688,TechPro Mini Speaker - Silver (V40),Electronic accessories,26.54,33.91
SKU-18689,Zen Wooden Bed Sheets - Clear,Home and lifestyle,25.72,37.1
SKU-18690,Organic Sweet Green Tea - 250g,Food and beverages,6.09,7.85
SKU-18691,Summit Breathable Gym Bag - Black,Sports and travel,39.36,49.29
SKU-18692,Aura Natural Deodorant - 50ml,Health and beauty,51.58,80.03
SKU-18693,Smart Fast-Charging Keyboard - Blue (V38),Electronic accessories,146.09,215.95
SKU-18694,Daily Salted Juice - 500ml,Food and beverages,8.88,11.41
SKU-18695,Organic Salted Chocolate - Pack of 6 (V6),Food and beverages,9.87,12.79
SKU-18696,Tasty Gluten-Free Cookies - Pack of 6,Food and beverages,18.22,23.12
SKU-18697,Daily Salted Honey - Pack of 6 (V47),Food and beverages,14.82,18.46
SKU-18698,Chic Cotton Belt - Brown,Fashion accessories,46.97,70.79
SKU-18699,HomeStyle Minimalist Bed Sheets - Grey,Home and lifestyle,71.82,100.52
SKU-18700,Pure Salted Juice - Pack of 6,Food and beverages,12.18,14.54
SKU-18701,Smart Mini Speaker - Black,Electronic accessories,80.47,120.62
SKU-18702,Summit Heavy-Duty Travel Pillow - Red,Sports and travel,30.68,38.86
SKU-18703,Clear Natural Serum - Pack of 2,Health and beauty,38.58,54.89
SKU-18704,Premium Sweet Chocolate - 1L,Food and beverages,5.02,6.18
SKU-18705,ProFit Ergonomic Jump Rope - Red (V14),Sports and travel,73.11,113.18
SKU-18706,Cozy Wooden Candle - Beige,Home and lifestyle,72.64,110.99
SKU-18707,Trek Heavy-Duty Water Bottle - Black (V7),Sports and travel,10.72,17.15
SKU-18708,HomeStyle Ceramic Wall Clock - Oak,Home and lifestyle,53.9,67.5
SKU-18709,Active Waterproof Gym Bag - Orange (V82),Sports and travel,29.36,43.09
SKU-18710,Chic Polarized Handbag - Black,Fashion accessories,42.8,64.03
SKU-18711,Pulse Heavy Duty Mouse - Black,Electronic accessories,69.83,102.41
SKU-18712,LuxeHome Glass Cushion - Black,Home and lifestyle,14.8,22.26
SKU-18713,Vital Organic Perfume - Travel Size,Health and beauty,19.74,29.8
SKU-18714,Nature's Roasted Almonds - 1Kg,Food and beverages,16.58,19.88
SKU-18715,Premium Sweet Cookies - 1Kg,Food and beverages,5.71,7.3
SKU-18716,TechPro Fast-Charging Power Bank - White,Electronic accessories,137.3,172.61
SKU-18717,Golden Roasted Almonds - 1Kg,Food and beverages,2.12,2.74
SKU-18718,Vogue Cotton Wallet - Silver,Fashion accessories,61.79,97.75
SKU-18719,Pure Soothing Body Wash - 50ml,Health and beauty,26.7,37.17
SKU-18720,Radiant Natural Face Cream - Pack of 2,Health and beauty,57.65,87.59
SKU-18721,Urban Minimalist Coffee Mug - Oak,Home and lifestyle,43.36,68.63
SKU-18722,Glow Oil-Free Face Cream - Travel Size (V98),Health and beauty,8.51,11.58
SKU-18723,Vogue Denim Sunglasses - Black (V82),Fashion accessories,23.26,35.98
SKU-18724,Nature's Vegan Olive Oil - 250g,Food and beverages,2.47,2.94
SKU-18725,Cozy Ceramic Coffee Mug - White,Home and lifestyle,29.61,39.13
SKU-18726,Glow Hydrating Perfume - 50ml,Health and beauty,75.02,96.99
SKU-18727,Giga Wireless Power Bank - Blue (V58),Electronic accessories,34.5,42.76
SKU-18728,Active Ergonomic Tent - Grey,Sports and travel,54.47,82.75
SKU-18729,Giga Mini Speaker - Red (V97),Electronic accessories,72.57,89.18
SKU-18730,EcoLiving Stainless Steel Cushion - Grey,Home and lifestyle,73.88,114.74
SKU-18731,Classic Stainless Steel Table Lamp - Grey,Home and lifestyle,31.02,39.26
SKU-18732,HomeStyle Ceramic Cushion - White,Home and lifestyle,5.22,7.67
SKU-18733,Glow Anti-Aging Lip Balm - 150g (V60),Health and beauty,16.83,25.07
SKU-18734,Active Breathable Backpack - Grey (V30),Sports and travel,15.33,22.57
SKU-18735,Eco Mini Mouse - Silver,Electronic accessories,62.37,82.09
SKU-18736,Modern Glass Bed Sheets - Black (V70),Home and lifestyle,33.77,42.61
SKU-18737,Giga Bluetooth Adapter - Black,Electronic accessories,119.2,163.23
SKU-18738,Premium Gluten-Free Cereal - 1Kg,Food and beverages,9.07,11.61
SKU-18739,LuxeHome Glass Storage Box - White,Home and lifestyle,35.41,47.82
SKU-18740,Peak Breathable Backpack - Blue,Sports and travel,7.11,10.27
SKU-18741,LuxeHome Stainless Steel Table Lamp - Oak (V31),Home and lifestyle,38.25,58.29
SKU-18742,Giga Fast-Charging Cable - Red,Electronic accessories,12.88,16.47
SKU-18743,Nova Fast-Charging Cable - Red,Electronic accessories,119.79,171.19
SKU-18744,Cozy Rustic Wall Clock - Grey,Home and lifestyle,48.16,72.42
SKU-18745,Ultra Portable Earbuds - Black,Electronic accessories,80.64,97.3
SKU-18746,Golden Vegan Cereal - 500g,Food and beverages,8.15,10.14
SKU-18747,Smart Wireless Earbuds - White,Electronic accessories,91.79,130.16
SKU-18748,Classic Canvas Handbag - Navy,Fashion accessories,23.17,33.45
SKU-18749,Nature's Gluten-Free Pasta - 500g,Food and beverages,4.63,5.55
SKU-18750,Velocity Durable Sleeping Bag - Orange,Sports and travel,46.23,67.96
SKU-18751,Clear Natural Deodorant - Pack of 2,Health and beauty,11.75,17.77
SKU-18752,Cyber Portable Adapter - Black (V25),Electronic accessories,39.78,54.89
SKU-18753,Pure Roasted Cereal - 1Kg (V95),Food and beverages,7.95,9.6
SKU-18754,Nature's Spicy Almonds - 250g,Food and beverages,11.73,13.98
SKU-18755,Tasty Sweet Green Tea - 1Kg,Food and beverages,2.08,2.52
SKU-18756,EcoLiving Ceramic Cushion - White,Home and lifestyle,12.58,17.62
SKU-18757,Essence Hydrating Sunscreen - 200ml,Health and beauty,47.7,63.32
SKU-18758,ProFit Durable Water Bottle - Black (V32),Sports and travel,77.86,123.18
SKU-18759,Velocity Durable Resistance Bands - Neon Green,Sports and travel,47.12,74.46
SKU-18760,LuxeHome Stainless Steel Storage Box - Oak,Home and lifestyle,24.42,34.38
SKU-18761,Organic Crunchy Pasta - 1Kg (V30),Food and beverages,16.58,20.49
SKU-18762,Classic Vintage Watch - Gold,Fashion accessories,51.35,64.29
SKU-18763,Vogue Canvas Handbag - Silver (V29),Fashion accessories,67.1,89.29
SKU-18764,Velocity Lightweight Tent - Black (V5),Sports and travel,52.17,66.55
SKU-18765,Peak Lightweight Jump Rope - Red,Sports and travel,41.91,60.91
SKU-18766,Aura Soothing Sunscreen - Pack of 2,Health and beauty,54.63,79.57
SKU-18767,Urban Silk Gloves - Black,Fashion accessories,67.27,93.05
SKU-18768,Luxe Vintage Scarf - Gold (V61),Fashion accessories,33.36,52.58
SKU-18769,Summit Ergonomic Dumbbells - Blue (V3),Sports and travel,36.38,46.3
SKU-18770,Cozy Wooden Candle - Grey,Home and lifestyle,33.13,51.05
SKU-18771,HomeStyle Ceramic Towel Set - Grey,Home and lifestyle,62.63,94.66
SKU-18772,Pure Soothing Conditioner - 200ml (V66),Health and beauty,75.26,106.4
SKU-18773,Organic Sweet Pasta - Pack of 6,Food and beverages,16.2,19.32
SKU-18774,Retro Silk Tie - Rose Gold (V14),Fashion accessories,30.33,41.7
SKU-18775,Urban Silk Watch - Brown,Fashion accessories,21.17,30.13
SKU-18776,Motion Compact Water Bottle - Black,Sports and travel,60.35,76.14
SKU-18777,Derma Anti-Aging Sunscreen - Travel Size,Health and beauty,58.81,82.02
SKU-18778,LuxeHome Stainless Steel Candle - Oak,Home and lifestyle,79.31,121.95
SKU-18779,Modern Glass Wall Clock - Grey,Home and lifestyle,43.24,66.83
SKU-18780,HomeStyle Rustic Coffee Mug - Black (V69),Home and lifestyle,64.67,92.37
SKU-18781,Nature's Spicy Cereal - 1L (V13),Food and beverages,11.08,13.47
SKU-18782,Trek Breathable Jump Rope - Blue,Sports and travel,6.45,9.06
SKU-18783,Nature's Salted Coffee Beans - 1L,Food and beverages,4.6,5.62
SKU-18784,Tasty Sweet Pasta - 1L,Food and beverages,1.45,1.84
SKU-18785,Premium Spicy Olive Oil - 500g (V32),Food and beverages,4.87,5.75
SKU-18786,Peak Heavy-Duty Travel Pillow - Black,Sports and travel,13.57,19.52
SKU-18787,Eco Mini Keyboard - Black,Electronic accessories,103.44,153.46
SKU-18788,Elite Cotton Backpack - Gold,Fashion accessories,30.42,38.47
SKU-18789,Pure Vegan Cereal - 1L,Food and beverages,9.77,11.74
SKU-18790,Tasty Roasted Coffee Beans - 500g,Food and beverages,15.65,19.59
SKU-18791,Pure Spicy Honey - 1Kg (V45),Food and beverages,3.87,4.83
SKU-18792,LuxeHome Stainless Steel Picture Frame - Clear,Home and lifestyle,68.04,89.92
SKU-18793,Nova Heavy Duty Cable - Grey,Electronic accessories,126.65,161.52
SKU-18794,EcoLiving Cotton Cushion - Oak (V37),Home and lifestyle,52.33,80.04
SKU-18795,Essence Soothing Sunscreen - 200ml,Health and beauty,71.34,106.69
SKU-18796,Modern Stainless Steel Wall Clock - Grey (V64),Home and lifestyle,70.0,101.22
SKU-18797,Elite Leather Hat - Black (V19),Fashion accessories,11.72,15.49
SKU-18798,Vogue Denim Hat - Silver,Fashion accessories,31.08,44.67
SKU-18799,Zen Glass Picture Frame - Black (V28),Home and lifestyle,50.64,66.39
SKU-18800,Peak Lightweight Tent - Neon Green (V95),Sports and travel,51.98,65.67
SKU-18801,TechPro Wireless Cable - Silver,Electronic accessories,101.51,126.42
SKU-18802,Derma Vitamin C Lip Balm - 50ml (V69),Health and beauty,18.79,26.32
SKU-18803,Derma Natural Body Lotion - Travel Size (V41),Health and beauty,20.97,30.9
SKU-18804,EcoLiving Minimalist Vase - Black,Home and lifestyle,69.06,103.46
SKU-18805,Aura Organic Deodorant - 100ml,Health and beauty,71.4,101.46
SKU-18806,Pure Organic Sunscreen - 100ml,Health and beauty,45.68,67.79
SKU-18807,Peak Breathable Tent - Red (V64),Sports and travel,23.19,29.83
SKU-18808,Elite Denim Backpack - Brown (V14),Fashion accessories,41.0,56.15
SKU-18809,Urban Cotton Table Lamp - Black,Home and lifestyle,5.72,8.37
SKU-18810,FarmFresh Sweet Juice - Pack of 6,Food and beverages,10.28,12.33
SKU-18811,Pure Sweet Coffee Beans - 250g,Food and beverages,18.03,21.02
SKU-18812,Tasty Vegan Cookies - 500ml,Food and beverages,4.29,5.25
SKU-18813,Radiant Soothing Sunscreen - 100ml (V56),Health and beauty,43.18,67.3
SKU-18814,ProFit Breathable Backpack - Neon Green (V94),Sports and travel,21.46,31.29
SKU-18815,Organic Salted Cookies - 500ml,Food and beverages,13.9,17.62
SKU-18816,Derma Soothing Deodorant - 50ml,Health and beauty,14.24,20.33
SKU-18817,Active Compact Dumbbells - Red (V84),Sports and travel,23.83,35.94
SKU-18818,EcoLiving Cotton Coffee Mug - White,Home and lifestyle,34.23,49.54
SKU-18819,EcoLiving Stainless Steel Towel Set - Beige,Home and lifestyle,42.66,65.07
SKU-18820,Peak Heavy-Duty Tent - Grey (V45),Sports and travel,42.15,56.35
SKU-18821,Glow Hydrating Lip Balm - Pack of 2 (V70),Health and beauty,30.14,38.52
SKU-18822,Golden Vegan Cookies - 500g,Food and beverages,10.93,13.98
SKU-18823,LuxeHome Stainless Steel Storage Box - Black,Home and lifestyle,17.44,22.9
SKU-18824,Essence Vitamin C Shampoo - 100ml,Health and beauty,41.21,64.3
SKU-18825,Pure Oil-Free Perfume - 100ml,Health and beauty,56.18,87.68
SKU-18826,HomeStyle Rustic Candle - Grey (V22),Home and lifestyle,31.2,39.47
SKU-18827,EcoLiving Glass Candle - White (V15),Home and lifestyle,70.34,105.86
SKU-18828,Summit Lightweight Dumbbells - Red,Sports and travel,44.15,68.09
SKU-18829,Clear Anti-Aging Face Cream - 150g,Health and beauty,9.2,14.04
SKU-18830,Smart Portable Power Bank - Blue (V87),Electronic accessories,71.68,87.86
SKU-18831,Zen Stainless Steel Vase - Grey,Home and lifestyle,63.67,83.49
SKU-18832,Classic Cotton Towel Set - Grey,Home and lifestyle,57.55,73.28
SKU-18833,Ultra Fast-Charging Adapter - Blue (V44),Electronic accessories,125.93,172.9
SKU-18834,Pure Natural Body Wash - 200ml (V53),Health and beauty,60.29,90.24
SKU-18835,Motion Ergonomic Resistance Bands - Neon Green,Sports and travel,76.42,112.38
SKU-18836,Essence Anti-Aging Body Lotion - 50ml (V45),Health and beauty,48.5,76.97
SKU-18837,LuxeHome Rustic Vase - Grey,Home and lifestyle,28.25,44.52
SKU-18838,Vogue Canvas Hat - Navy,Fashion accessories,78.51,124.53
SKU-18839,Summit Durable Water Bottle - Orange,Sports and travel,24.3,31.99
SKU-18840,Peak Ergonomic Resistance Bands - Grey (V51),Sports and travel,25.22,39.12
SKU-18841,Aero Ergonomic Dumbbells - Blue,Sports and travel,35.27,53.61
SKU-18842,Tasty Spicy Pasta - Pack of 6,Food and beverages,8.48,11.0
SKU-18843,ProFit Waterproof Tent - Grey (V37),Sports and travel,74.22,112.49
SKU-18844,Clear Anti-Aging Deodorant - 150g (V52),Health and beauty,26.94,40.03
SKU-18845,Ultra Heavy Duty Cable - White (V26),Electronic accessories,29.4,37.95
SKU-18846,Pure Spicy Olive Oil - 1Kg (V52),Food and beverages,2.47,3.1
SKU-18847,Trendy Polarized Belt - Gold,Fashion accessories,76.29,98.48
SKU-18848,Urban Silk Handbag - Rose Gold,Fashion accessories,44.93,63.94
SKU-18849,Cyber Wireless Keyboard - Black,Electronic accessories,122.26,161.72
SKU-18850,Retro Cotton Sunglasses - Gold,Fashion accessories,57.14,87.21
SKU-18851,Motion Ergonomic Tent - Neon Green (V26),Sports and travel,24.5,35.99
SKU-18852,Clear Organic Body Wash - 50ml (V24),Health and beauty,17.16,26.08
SKU-18853,Eco Wireless Charger - Blue,Electronic accessories,56.48,81.33
SKU-18854,Essence Organic Shampoo - Travel Size (V57),Health and beauty,34.94,52.17
SKU-18855,Organic Spicy Cookies - 1L,Food and beverages,6.69,8.01
SKU-18856,TechPro Wireless Mouse - Silver (V4),Electronic accessories,56.88,84.58
SKU-18857,Radiant Soothing Conditioner - 50ml (V35),Health and beauty,65.46,86.94
SKU-18858,FarmFresh Sweet Juice - 1L (V3),Food and beverages,14.51,17.52
SKU-18859,Glow Natural Sunscreen - 150g,Health and beauty,50.64,69.8
SKU-18860,Daily Gluten-Free Olive Oil - 500ml,Food and beverages,14.35,17.84
SKU-18861,Glow Soothing Perfume - 200ml (V61),Health and beauty,78.31,116.27
SKU-18862,Vogue Vintage Scarf - Black,Fashion accessories,17.24,23.77
SKU-18863,Aero Ergonomic Backpack - Red,Sports and travel,63.91,88.6
SKU-18864,Cozy Wooden Candle - Grey (V7),Home and lifestyle,74.21,118.62
SKU-18865,Eco Heavy Duty Earbuds - Silver,Electronic accessories,26.19,34.83
SKU-18866,Essence Hydrating Sunscreen - 50ml,Health and beauty,27.68,40.18
SKU-18867,Cyber Heavy Duty Cable - Silver,Electronic accessories,139.35,178.58
SKU-18868,Pure Anti-Aging Body Wash - 50ml (V83),Health and beauty,64.88,90.1
SKU-18869,Pure Salted Cereal - 250g,Food and beverages,16.46,21.31
SKU-18870,Trendy Cotton Belt - Brown (V48),Fashion accessories,60.0,81.95
SKU-18871,Aero Waterproof Travel Pillow - Orange,Sports and travel,62.88,92.49
SKU-18872,Active Ergonomic Yoga Mat - Orange,Sports and travel,5.72,7.2
SKU-18873,Premium Vegan Almonds - 1L (V90),Food and beverages,9.07,11.61
SKU-18874,Classic Canvas Sunglasses - Rose Gold (V2),Fashion accessories,31.35,45.46
SKU-18875,Golden Gluten-Free Honey - 1Kg,Food and beverages,8.52,9.99
SKU-18876,Modern Cotton Vase - Clear (V99),Home and lifestyle,79.21,107.31
SKU-18877,HomeStyle Stainless Steel Bed Sheets - Grey,Home and lifestyle,22.02,30.63
SKU-18878,HomeStyle Glass Candle - Clear (V77),Home and lifestyle,71.16,95.27
SKU-18879,Elite Denim Wallet - Silver,Fashion accessories,12.41,19.7
SKU-18880,Pure Natural Shampoo - Travel Size,Health and beauty,78.16,118.71
SKU-18881,Classic Denim Watch - Navy (V98),Fashion accessories,66.38,100.47
SKU-18882,Cyber Portable Keyboard - Black (V62),Electronic accessories,58.37,76.57
SKU-18883,Eco Mini Power Bank - Grey (V60),Electronic accessories,12.56,15.23
SKU-18884,Summit Ergonomic Sleeping Bag - Grey,Sports and travel,7.52,11.81
SKU-18885,Summit Compact Dumbbells - Black,Sports and travel,78.05,112.29
SKU-18886,Pulse Mini Keyboard - Blue,Electronic accessories,149.47,213.24
SKU-18887,Pure Hydrating Body Lotion - Travel Size,Health and beauty,74.78,118.48
SKU-18888,Daily Roasted Chocolate - Pack of 6,Food and beverages,9.27,11.05
SKU-18889,Peak Ergonomic Water Bottle - Orange,Sports and travel,67.6,87.4
SKU-18890,Active Heavy-Duty Gym Bag - Red,Sports and travel,51.95,69.71
SKU-18891,Aero Compact Water Bottle - Red,Sports and travel,28.12,40.83
SKU-18892,Classic Vintage Backpack - Navy,Fashion accessories,8.77,12.36
SKU-18893,HomeStyle Ceramic Coffee Mug - Grey,Home and lifestyle,34.75,44.42
SKU-18894,Clear Organic Lip Balm - 100ml,Health and beauty,47.05,71.54
SKU-18895,TechPro Slim Cable - Blue,Electronic accessories,66.02,94.86
SKU-18896,Organic Salted Almonds - 250g,Food and beverages,16.47,20.47
SKU-18897,Tasty Gluten-Free Olive Oil - Pack of 6 (V72),Food and beverages,5.94,6.84
SKU-18898,Aura Vitamin C Sunscreen - 100ml,Health and beauty,50.91,76.64
SKU-18899,Tasty Gluten-Free Juice - 1L (V37),Food and beverages,16.47,19.91
SKU-18900,Clear Organic Sunscreen - 200ml (V29),Health and beauty,16.13,25.08
SKU-18901,Giga Slim Earbuds - Silver,Electronic accessories,137.7,166.17
SKU-18902,Golden Roasted Cereal - 250g,Food and beverages,14.89,17.85
SKU-18903,Essence Anti-Aging Shampoo - 200ml,Health and beauty,7.79,12.4
SKU-18904,Chic Denim Gloves - Brown,Fashion accessories,37.13,59.24
SKU-18905,Peak Durable Resistance Bands - Black,Sports and travel,36.6,47.46
SKU-18906,Trendy Leather Belt - Rose Gold,Fashion accessories,68.52,86.7
SKU-18907,Ultra Bluetooth Power Bank - Grey,Electronic accessories,22.46,28.98
SKU-18908,Classic Silk Scarf - Navy,Fashion accessories,33.27,46.28
SKU-18909,Smart Slim Mouse - Silver (V16),Electronic accessories,130.79,162.78
SKU-18910,Smart Fast-Charging Mouse - Grey (V89),Electronic accessories,28.1,40.71
SKU-18911,Ultra Wireless Webcam - Grey,Electronic accessories,48.83,69.65
SKU-18912,TechPro Wireless Power Bank - Grey,Electronic accessories,146.04,207.19
SKU-18913,Eco Wireless Speaker - Black (V59),Electronic accessories,121.94,146.49
SKU-18914,Urban Denim Backpack - Rose Gold,Fashion accessories,46.92,61.89
SKU-18915,EcoLiving Rustic Bed Sheets - Oak,Home and lifestyle,14.85,21.09
SKU-18916,Cyber Wireless Headphones - White (V62),Electronic accessories,77.56,98.57
SKU-18917,Retro Vintage Sunglasses - Black (V31),Fashion accessories,61.18,86.98
SKU-18918,LuxeHome Cotton Vase - Beige,Home and lifestyle,58.38,73.83
SKU-18919,Essence Hydrating Deodorant - Travel Size,Health and beauty,18.05,25.95
SKU-18920,Vogue Cotton Tie - Navy (V69),Fashion accessories,64.05,99.03
SKU-18921,Elite Denim Gloves - Silver,Fashion accessories,43.16,58.6
SKU-18922,Daily Spicy Cookies - 1Kg,Food and beverages,18.18,23.4
SKU-18923,ProFit Ergonomic Resistance Bands - Black (V86),Sports and travel,33.85,46.13
SKU-18924,Elite Denim Gloves - Black (V52),Fashion accessories,43.12,64.17
SKU-18925,Modern Stainless Steel Candle - White,Home and lifestyle,22.05,28.2
SKU-18926,Modern Cotton Storage Box - Oak (V4),Home and lifestyle,65.93,103.65
SKU-18927,Cyber Bluetooth Charger - Red,Electronic accessories,94.21,130.45
SKU-18928,EcoLiving Wooden Vase - Clear,Home and lifestyle,70.31,111.75
SKU-18929,Pure Vitamin C Perfume - 50ml (V38),Health and beauty,57.66,80.9
SKU-18930,Nature's Roasted Honey - 1Kg (V67),Food and beverages,15.36,17.91
SKU-18931,Urban Cotton Belt - Silver (V76),Fashion accessories,44.68,70.13
SKU-18932,Luxe Vintage Belt - Gold,Fashion accessories,15.61,20.72
SKU-18933,Pure Gluten-Free Almonds - Pack of 6 (V89),Food and beverages,16.58,20.31
SKU-18934,Giga Fast-Charging Charger - Blue,Electronic accessories,69.93,85.69
SKU-18935,Daily Sweet Almonds - 500ml (V91),Food and beverages,11.72,14.64
SKU-18936,Radiant Vitamin C Perfume - 100ml,Health and beauty,29.0,45.78
SKU-18937,Luxe Cotton Backpack - Rose Gold,Fashion accessories,12.41,16.3
SKU-18938,Aero Heavy-Duty Resistance Bands - Orange,Sports and travel,51.05,65.78
SKU-18939,Ultra Heavy Duty Mouse - Red,Electronic accessories,21.2,31.05
SKU-18940,Vogue Canvas Scarf - Gold,Fashion accessories,47.66,62.08
SKU-18941,Trek Breathable Gym Bag - Blue (V54),Sports and travel,7.54,12.01
SKU-18942,TechPro Wireless Keyboard - Silver,Electronic accessories,26.32,38.58
SKU-18943,Trek Lightweight Travel Pillow - Orange (V79),Sports and travel,34.02,45.58
SKU-18944,Cozy Stainless Steel Storage Box - Clear,Home and lifestyle,11.28,14.2
SKU-18945,Urban Glass Bed Sheets - White (V53),Home and lifestyle,39.02,57.59
SKU-18946,Daily Sweet Cereal - 250g,Food and beverages,1.38,1.76
SKU-18947,Golden Salted Juice - 1L,Food and beverages,14.25,16.53
SKU-18948,TechPro Portable Cable - Blue,Electronic accessories,127.57,155.49
SKU-18949,Cyber Wireless Webcam - Black,Electronic accessories,81.36,97.83
SKU-18950,Pure Roasted Olive Oil - 500ml,Food and beverages,5.55,6.86
SKU-18951,Derma Natural Sunscreen - Pack of 2,Health and beauty,50.35,70.64
SKU-18952,FarmFresh Sweet Coffee Beans - 1L,Food and beverages,11.4,13.78
SKU-18953,Active Durable Sleeping Bag - Grey (V90),Sports and travel,32.28,46.35
SKU-18954,Giga Bluetooth Charger - White,Electronic accessories,22.35,28.15
SKU-18955,HomeStyle Cotton Coffee Mug - Beige,Home and lifestyle,35.26,52.28
SKU-18956,Eco Slim Power Bank - Silver (V85),Electronic accessories,140.23,187.54
SKU-18957,Radiant Organic Conditioner - 150g,Health and beauty,68.54,108.05
SKU-18958,Tasty Crunchy Juice - 1L,Food and beverages,12.66,15.34
SKU-18959,Smart Bluetooth Power Bank - Grey,Electronic accessories,121.06,155.68
SKU-18960,Nature's Crunchy Cereal - 500g (V46),Food and beverages,16.63,20.58
SKU-18961,Retro Cotton Sunglasses - Navy (V12),Fashion accessories,37.56,59.37
SKU-18962,Pure Gluten-Free Green Tea - 1L (V59),Food and beverages,1.12,1.43
SKU-18963,Peak Heavy-Duty Gym Bag - Neon Green (V33),Sports and travel,6.93,10.03
SKU-18964,LuxeHome Stainless Steel Vase - Black,Home and lifestyle,13.46,19.21
SKU-18965,Trendy Cotton Sunglasses - Brown,Fashion accessories,13.9,19.74
SKU-18966,Elite Denim Watch - Navy,Fashion accessories,64.94,99.99
SKU-18967,Aero Durable Tent - Red (V98),Sports and travel,28.2,44.54
SKU-18968,FarmFresh Crunchy Chocolate - 500ml,Food and beverages,2.09,2.61
SKU-18969,Nova Portable Adapter - Silver,Electronic accessories,22.51,29.79
SKU-18970,Pure Organic Deodorant - 150g,Health and beauty,7.88,10.65
SKU-18971,Eco Wireless Power Bank - Blue (V39),Electronic accessories,129.71,159.49
SKU-18972,Trek Ergonomic Gym Bag - Orange,Sports and travel,79.37,113.58
SKU-18973,Summit Durable Yoga Mat - Neon Green,Sports and travel,71.75,92.48
SKU-18974,Essence Soothing Deodorant - Travel Size,Health and beauty,15.12,22.57
SKU-18975,Ultra Fast-Charging Charger - Blue (V63),Electronic accessories,123.52,170.98
SKU-18976,Luxe Polarized Gloves - Gold,Fashion accessories,49.31,77.44
SKU-18977,Modern Minimalist Towel Set - Grey,Home and lifestyle,14.82,23.56
SKU-18978,ProFit Durable Backpack - Grey,Sports and travel,23.16,32.9
SKU-18979,Derma Organic Body Lotion - Travel Size,Health and beauty,39.07,51.48
SKU-18980,Classic Leather Backpack - Silver,Fashion accessories,35.26,46.86
SKU-18981,Elite Polarized Gloves - Rose Gold,Fashion accessories,34.81,51.81
SKU-18982,Elite Polarized Scarf - Silver (V79),Fashion accessories,79.06,108.71
SKU-18983,Giga Fast-Charging Headphones - Blue,Electronic accessories,149.33,196.16
SKU-18984,Aura Organic Sunscreen - Travel Size,Health and beauty,32.96,49.65
SKU-18985,Elite Silk Scarf - Rose Gold,Fashion accessories,31.35,49.14
SKU-18986,Cyber Fast-Charging Earbuds - Silver,Electronic accessories,19.05,27.92
SKU-18987,Trek Lightweight Jump Rope - Blue,Sports and travel,37.23,48.74
SKU-18988,Radiant Vitamin C Deodorant - 200ml (V98),Health and beauty,15.29,21.36
SKU-18989,Cyber Heavy Duty Mouse - White,Electronic accessories,114.11,170.31
SKU-18990,Derma Oil-Free Body Wash - Travel Size,Health and beauty,70.75,89.26
SKU-18991,Vital Soothing Body Lotion - 100ml,Health and beauty,69.89,103.33
SKU-18992,Luxe Vintage Scarf - Brown,Fashion accessories,6.84,9.9
SKU-18993,Summit Ergonomic Dumbbells - Neon Green,Sports and travel,36.49,57.15
SKU-18994,Eco Portable Earbuds - White,Electronic accessories,67.77,97.82
SKU-18995,Vital Organic Sunscreen - 150g,Health and beauty,34.96,44.76
SKU-18996,Trek Durable Resistance Bands - Grey,Sports and travel,72.9,108.4
SKU-18997,Cozy Cotton Cushion - Beige (V57),Home and lifestyle,75.8,105.29
SKU-18998,Luxe Leather Gloves - Gold (V56),Fashion accessories,10.18,15.29
SKU-18999,Urban Silk Gloves - Silver,Fashion accessories,15.16,23.32
SKU-19000,Pulse Bluetooth Speaker - Blue,Electronic accessories,36.15,53.63
SKU-19001,Vogue Cotton Belt - Brown (V2),Fashion accessories,43.96,57.11
SKU-19002,Tasty Vegan Coffee Beans - 500g,Food and beverages,1.18,1.45
SKU-19003,Peak Waterproof Resistance Bands - Grey,Sports and travel,79.33,101.55
SKU-19004,Glow Soothing Body Lotion - 150g,Health and beauty,44.3,60.76
SKU-19005,Classic Silk Wallet - Rose Gold,Fashion accessories,39.56,56.41
SKU-19006,Pure Vitamin C Face Cream - 150g,Health and beauty,58.95,89.01
SKU-19007,Elite Leather Handbag - Navy,Fashion accessories,13.41,17.66
SKU-19008,Glow Oil-Free Serum - Pack of 2,Health and beauty,8.02,10.23
SKU-19009,Classic Denim Wallet - Rose Gold,Fashion accessories,48.04,68.01
SKU-19010,Trek Ergonomic Resistance Bands - Grey (V54),Sports and travel,59.6,86.22
SKU-19011,Essence Organic Body Wash - Pack of 2,Health and beauty,14.62,20.29
SKU-19012,Eco Fast-Charging Adapter - Red,Electronic accessories,67.22,89.65
SKU-19013,Luxe Cotton Sunglasses - Navy (V15),Fashion accessories,35.43,45.01
SKU-19014,Modern Minimalist Vase - White,Home and lifestyle,25.36,35.88
SKU-19015,Smart Slim Mouse - White,Electronic accessories,122.45,148.1
SKU-19016,Trek Ergonomic Travel Pillow - Red (V94),Sports and travel,75.43,110.66
SKU-19017,Trendy Silk Hat - Silver,Fashion accessories,27.46,40.35
SKU-19018,Derma Hydrating Perfume - Pack of 2,Health and beauty,60.48,84.58
SKU-19019,FarmFresh Spicy Cereal - 1Kg,Food and beverages,16.64,20.88
SKU-19020,Glow Hydrating Body Lotion - Pack of 2 (V11),Health and beauty,21.84,33.57
SKU-19021,Giga Mini Power Bank - Grey (V45),Electronic accessories,38.47,47.72
SKU-19022,Premium Gluten-Free Chocolate - 500g,Food and beverages,3.5,4.05
SKU-19023,Urban Denim Tie - Black (V70),Fashion accessories,33.01,44.01
SKU-19024,Radiant Organic Body Wash - Pack of 2,Health and beauty,49.76,77.63
SKU-19025,Glow Organic Conditioner - 100ml,Health and beauty,25.43,38.54
SKU-19026,Trek Waterproof Tent - Grey (V47),Sports and travel,37.79,54.01
SKU-19027,Pulse Portable Keyboard - Blue (V90),Electronic accessories,118.15,167.66
SKU-19028,Daily Vegan Honey - 250g,Food and beverages,8.47,10.23
SKU-19029,Luxe Canvas Hat - Brown (V55),Fashion accessories,12.79,17.56
SKU-19030,TechPro Heavy Duty Cable - White,Electronic accessories,50.83,61.19
SKU-19031,Active Heavy-Duty Tent - Neon Green (V5),Sports and travel,14.46,20.15
SKU-19032,Cozy Glass Bed Sheets - White,Home and lifestyle,47.43,62.6
SKU-19033,Nature's Crunchy Olive Oil - 500ml,Food and beverages,5.08,6.06
SKU-19034,Peak Durable Travel Pillow - Black,Sports and travel,14.41,19.48
SKU-19035,Urban Rustic Picture Frame - Black,Home and lifestyle,11.5,15.71
SKU-19036,Velocity Breathable Sleeping Bag - Red,Sports and travel,73.68,107.46
SKU-19037,Nature's Sweet Olive Oil - 500g,Food and beverages,7.77,9.01
SKU-19038,Radiant Organic Shampoo - 200ml,Health and beauty,25.71,40.72
SKU-19039,Elite Leather Hat - Brown,Fashion accessories,68.74,108.25
SKU-19040,Golden Sweet Cereal - Pack of 6 (V83),Food and beverages,2.31,2.83
SKU-19041,Radiant Organic Body Wash - 100ml,Health and beauty,60.34,77.95
SKU-19042,Derma Organic Body Wash - Travel Size (V92),Health and beauty,65.29,93.97
SKU-19043,Active Ergonomic Yoga Mat - Orange (V39),Sports and travel,20.34,25.66
SKU-19044,EcoLiving Wooden Vase - White,Home and lifestyle,61.01,76.93
SKU-19045,Luxe Leather Belt - Navy (V75),Fashion accessories,10.51,14.03
SKU-19046,Premium Sweet Juice - 1Kg,Food and beverages,8.53,10.53
SKU-19047,Vital Hydrating Shampoo - 150g,Health and beauty,50.59,69.97
SKU-19048,Aura Anti-Aging Perfume - 100ml,Health and beauty,74.94,102.02
SKU-19049,Pure Gluten-Free Olive Oil - 1Kg,Food and beverages,14.96,18.06
SKU-19050,TechPro Heavy Duty Charger - White,Electronic accessories,100.1,120.68
SKU-19051,Velocity Waterproof Yoga Mat - Black,Sports and travel,58.26,75.21
SKU-19052,Glow Organic Sunscreen - Pack of 2,Health and beauty,33.42,47.78
SKU-19053,Elite Canvas Scarf - Black (V46),Fashion accessories,24.4,34.58
SKU-19054,Vogue Silk Sunglasses - Gold (V90),Fashion accessories,60.12,91.2
SKU-19055,FarmFresh Crunchy Chocolate - 1Kg,Food and beverages,10.33,12.1
SKU-19056,Glow Hydrating Perfume - 150g,Health and beauty,28.01,38.11
SKU-19057,Golden Vegan Green Tea - 500ml,Food and beverages,7.72,8.95
SKU-19058,Organic Salted Honey - 500ml,Food and beverages,5.3,6.56
SKU-19059,TechPro Slim Headphones - Grey (V50),Electronic accessories,47.86,71.75
SKU-19060,Organic Salted Almonds - 1L,Food and beverages,8.49,10.03
SKU-19061,Urban Canvas Hat - Gold,Fashion accessories,26.82,38.15
SKU-19062,HomeStyle Wooden Bed Sheets - Grey,Home and lifestyle,11.26,14.16
SKU-19063,Zen Stainless Steel Vase - Beige,Home and lifestyle,54.15,75.23
SKU-19064,Ultra Bluetooth Headphones - Silver,Electronic accessories,139.45,189.47
SKU-19065,Cozy Glass Table Lamp - Clear,Home and lifestyle,27.9,35.79
SKU-19066,Giga Portable Mouse - Blue,Electronic accessories,143.45,188.29
SKU-19067,Nature's Roasted Cookies - 500g (V52),Food and beverages,10.79,12.75
SKU-19068,Velocity Waterproof Sleeping Bag - Blue,Sports and travel,74.07,107.31
SKU-19069,Luxe Leather Gloves - Black,Fashion accessories,46.87,59.91
SKU-19070,Cyber Mini Webcam - Grey (V37),Electronic accessories,145.73,179.83
SKU-19071,Nova Slim Cable - Grey (V55),Electronic accessories,133.48,168.81
SKU-19072,Urban Rustic Wall Clock - Black,Home and lifestyle,19.68,27.76
SKU-19073,Glow Vitamin C Body Wash - 100ml,Health and beauty,7.13,9.01
SKU-19074,Retro Polarized Gloves - Brown,Fashion accessories,45.07,60.99
SKU-19075,Chic Cotton Handbag - Gold (V57),Fashion accessories,74.82,110.47
SKU-19076,Cyber Portable Power Bank - Blue (V4),Electronic accessories,84.82,102.99
SKU-19077,Giga Mini Charger - Blue (V62),Electronic accessories,125.96,181.04
SKU-19078,Vogue Canvas Wallet - Gold (V15),Fashion accessories,26.62,36.57
SKU-19079,Chic Canvas Backpack - Rose Gold,Fashion accessories,78.56,98.3
SKU-19080,Clear Soothing Sunscreen - 150g (V32),Health and beauty,50.55,72.13
SKU-19081,Vital Soothing Body Wash - 200ml,Health and beauty,53.38,67.86
SKU-19082,Vital Hydrating Lip Balm - Pack of 2,Health and beauty,68.14,90.69
SKU-19083,Zen Glass Towel Set - White,Home and lifestyle,59.39,87.54
SKU-19084,Velocity Durable Yoga Mat - Orange,Sports and travel,59.88,76.98
SKU-19085,Tasty Crunchy Green Tea - Pack of 6,Food and beverages,19.8,22.82
SKU-19086,LuxeHome Ceramic Storage Box - Clear,Home and lifestyle,77.16,107.34
SKU-19087,Golden Salted Almonds - 500g,Food and beverages,18.91,24.38
SKU-19088,Modern Ceramic Vase - White (V44),Home and lifestyle,50.23,63.95
SKU-19089,Trek Compact Backpack - Neon Green,Sports and travel,64.87,94.41
SKU-19090,Aura Soothing Serum - Travel Size,Health and beauty,47.23,59.44
SKU-19091,FarmFresh Spicy Green Tea - 250g,Food and beverages,18.53,23.78
SKU-19092,Motion Lightweight Resistance Bands - Red,Sports and travel,50.66,72.71
SKU-19093,Retro Cotton Scarf - Brown,Fashion accessories,18.08,27.94
SKU-19094,HomeStyle Stainless Steel Candle - Oak,Home and lifestyle,33.1,45.47
SKU-19095,Ultra Heavy Duty Webcam - Grey,Electronic accessories,52.53,65.94
SKU-19096,ProFit Breathable Backpack - Black,Sports and travel,42.55,56.94
SKU-19097,Chic Vintage Backpack - Gold (V11),Fashion accessories,24.3,30.45
SKU-19098,Zen Cotton Bed Sheets - Grey (V31),Home and lifestyle,5.55,7.35
SKU-19099,TechPro Portable Headphones - Grey (V13),Electronic accessories,134.33,201.46
SKU-19100,Glow Oil-Free Conditioner - 150g (V59),Health and beauty,44.82,56.78
SKU-19101,Smart Slim Power Bank - Silver,Electronic accessories,103.04,139.14
SKU-19102,Modern Minimalist Cushion - Grey,Home and lifestyle,10.81,16.15
SKU-19103,Active Breathable Travel Pillow - Orange (V67),Sports and travel,60.72,90.49
SKU-19104,Urban Polarized Handbag - Navy,Fashion accessories,9.82,15.34
SKU-19105,Giga Mini Earbuds - Silver (V3),Electronic accessories,68.02,85.73
SKU-19106,HomeStyle Minimalist Coffee Mug - Grey (V56),Home and lifestyle,60.37,88.99
SKU-19107,Classic Minimalist Wall Clock - Beige (V39),Home and lifestyle,59.83,81.18
SKU-19108,LuxeHome Wooden Wall Clock - Black,Home and lifestyle,53.16,77.98
SKU-19109,Clear Natural Body Wash - Travel Size,Health and beauty,57.68,91.2
SKU-19110,Summit Durable Yoga Mat - Neon Green (V77),Sports and travel,32.0,44.54
SKU-19111,Cozy Stainless Steel Bed Sheets - Beige (V71),Home and lifestyle,46.75,73.33
SKU-19112,Eco Wireless Mouse - Grey,Electronic accessories,71.36,92.87
SKU-19113,Trendy Polarized Hat - Brown (V92),Fashion accessories,75.53,100.76
SKU-19114,Luxe Canvas Wallet - Black,Fashion accessories,50.35,75.19
SKU-19115,Pulse Slim Power Bank - White,Electronic accessories,29.87,37.45
SKU-19116,Aero Durable Jump Rope - Orange,Sports and travel,71.78,105.36
SKU-19117,Peak Lightweight Yoga Mat - Grey (V81),Sports and travel,68.0,99.04
SKU-19118,Radiant Anti-Aging Perfume - 200ml (V40),Health and beauty,44.38,57.35
SKU-19119,Pulse Portable Mouse - Red,Electronic accessories,80.83,99.66
SKU-19120,ProFit Durable Backpack - Blue (V48),Sports and travel,49.2,69.74
SKU-19121,Trendy Leather Belt - Navy,Fashion accessories,69.98,105.18
SKU-19122,LuxeHome Minimalist Storage Box - Grey,Home and lifestyle,70.89,104.91
SKU-19123,Modern Rustic Table Lamp - Grey,Home and lifestyle,49.74,71.4
SKU-19124,Cyber Fast-Charging Earbuds - Black,Electronic accessories,121.13,149.34
SKU-19125,Luxe Cotton Scarf - Gold,Fashion accessories,53.53,75.77
SKU-19126,Ultra Bluetooth Mouse - Silver (V70),Electronic accessories,58.68,71.04
SKU-19127,Essence Natural Deodorant - 200ml,Health and beauty,69.94,97.36
SKU-19128,Daily Gluten-Free Cookies - 500ml (V49),Food and beverages,8.23,10.18
SKU-19129,Chic Vintage Belt - Black,Fashion accessories,13.53,18.07
SKU-19130,Trek Waterproof Backpack - Orange (V88),Sports and travel,57.1,82.37
SKU-19131,Tasty Vegan Chocolate - 1Kg (V19),Food and beverages,2.49,3.12
SKU-19132,Smart Fast-Charging Speaker - Silver,Electronic accessories,124.88,164.24
SKU-19133,LuxeHome Stainless Steel Bed Sheets - Beige,Home and lifestyle,14.28,22.39
SKU-19134,ProFit Compact Jump Rope - Grey,Sports and travel,13.85,19.63
SKU-19135,HomeStyle Ceramic Vase - Clear (V49),Home and lifestyle,19.14,26.25
SKU-19136,LuxeHome Cotton Vase - Black (V48),Home and lifestyle,38.11,59.88
SKU-19137,Radiant Anti-Aging Shampoo - Travel Size,Health and beauty,75.62,104.32
SKU-19138,Classic Stainless Steel Wall Clock - Oak (V59),Home and lifestyle,64.12,98.06
SKU-19139,Daily Gluten-Free Cereal - 250g,Food and beverages,11.63,13.81
SKU-19140,Classic Cotton Coffee Mug - Clear,Home and lifestyle,14.96,21.82
SKU-19141,Cozy Rustic Wall Clock - Black (V84),Home and lifestyle,49.67,78.75
SKU-19142,Summit Waterproof Backpack - Black,Sports and travel,59.43,93.39
SKU-19143,HomeStyle Stainless Steel Coffee Mug - Clear,Home and lifestyle,71.33,104.63
SKU-19144,Modern Rustic Wall Clock - Oak,Home and lifestyle,44.32,69.91
SKU-19145,Velocity Durable Dumbbells - Grey,Sports and travel,14.72,18.67
SKU-19146,Aura Organic Conditioner - 100ml,Health and beauty,45.82,67.36
SKU-19147,Peak Lightweight Travel Pillow - Neon Green,Sports and travel,29.88,40.39
SKU-19148,ProFit Compact Travel Pillow - Orange,Sports and travel,21.05,30.69
SKU-19149,EcoLiving Glass Bed Sheets - Clear,Home and lifestyle,33.76,48.43
SKU-19150,Pulse Fast-Charging Webcam - White,Electronic accessories,54.63,70.26
SKU-19151,HomeStyle Stainless Steel Cushion - Beige (V88),Home and lifestyle,51.87,75.71
SKU-19152,Giga Slim Mouse - Grey,Electronic accessories,51.74,73.53
SKU-19153,Ultra Fast-Charging Earbuds - Black,Electronic accessories,149.96,207.95
SKU-19154,Aura Vitamin C Sunscreen - Pack of 2,Health and beauty,67.66,101.34
SKU-19155,Urban Denim Handbag - Navy,Fashion accessories,65.72,90.51
SKU-19156,Zen Rustic Storage Box - White,Home and lifestyle,41.13,51.97
SKU-19157,Pure Oil-Free Conditioner - Pack of 2 (V93),Health and beauty,44.03,58.88
SKU-19158,Motion Waterproof Jump Rope - Neon Green,Sports and travel,41.32,51.72
SKU-19159,Summit Heavy-Duty Resistance Bands - Neon Green,Sports and travel,31.17,41.9
SKU-19160,HomeStyle Minimalist Candle - Clear,Home and lifestyle,47.53,72.73
SKU-19161,EcoLiving Cotton Vase - Black (V66),Home and lifestyle,61.5,89.6
SKU-19162,Retro Canvas Sunglasses - Gold,Fashion accessories,38.13,50.2
SKU-19163,Glow Anti-Aging Shampoo - Travel Size (V82),Health and beauty,73.65,95.27
SKU-19164,Aero Ergonomic Yoga Mat - Grey (V33),Sports and travel,11.63,14.61
SKU-19165,Summit Waterproof Gym Bag - Blue (V35),Sports and travel,18.92,27.15
SKU-19166,Nature's Crunchy Chocolate - 500ml (V21),Food and beverages,19.74,23.91
SKU-19167,Velocity Breathable Yoga Mat - Red (V41),Sports and travel,32.0,40.54
SKU-19168,Pure Natural Body Wash - Travel Size (V84),Health and beauty,73.51,109.98
SKU-19169,FarmFresh Sweet Chocolate - Pack of 6 (V15),Food and beverages,13.46,15.92
SKU-19170,Modern Cotton Coffee Mug - Beige (V85),Home and lifestyle,27.64,38.45
SKU-19171,HomeStyle Ceramic Vase - Beige (V5),Home and lifestyle,45.95,72.66
SKU-19172,Active Lightweight Gym Bag - Blue,Sports and travel,72.37,108.4
SKU-19173,Vital Vitamin C Body Lotion - Travel Size,Health and beauty,79.75,117.08
SKU-19174,Organic Gluten-Free Cereal - 500ml,Food and beverages,6.81,8.44
SKU-19175,Urban Denim Handbag - Black,Fashion accessories,5.57,7.32
SKU-19176,Radiant Anti-Aging Shampoo - Pack of 2,Health and beauty,51.39,72.85
SKU-19177,Elite Canvas Handbag - Black,Fashion accessories,35.36,53.31
SKU-19178,Urban Minimalist Wall Clock - Clear,Home and lifestyle,12.24,16.09
SKU-19179,HomeStyle Glass Bed Sheets - White (V71),Home and lifestyle,42.84,59.39
SKU-19180,Essence Vitamin C Body Lotion - Travel Size,Health and beauty,65.53,87.05
SKU-19181,Classic Glass Wall Clock - Beige (V5),Home and lifestyle,49.19,61.86
SKU-19182,Classic Silk Scarf - Gold,Fashion accessories,44.68,64.43
SKU-19183,Cyber Fast-Charging Webcam - Blue,Electronic accessories,105.25,130.69
SKU-19184,Clear Natural Serum - 200ml,Health and beauty,69.7,110.57
SKU-19185,Cozy Wooden Candle - Oak (V56),Home and lifestyle,14.33,20.34
SKU-19186,Giga Wireless Cable - Black,Electronic accessories,99.2,139.17
SKU-19187,Aero Compact Gym Bag - Neon Green,Sports and travel,12.9,18.84
SKU-19188,Aura Oil-Free Perfume - Pack of 2,Health and beauty,26.78,34.45
SKU-19189,Motion Compact Tent - Red (V81),Sports and travel,8.13,11.62
SKU-19190,Elite Leather Handbag - Black,Fashion accessories,28.16,42.31
SKU-19191,Classic Wooden Coffee Mug - Grey (V38),Home and lifestyle,78.66,124.74
SKU-19192,Essence Oil-Free Serum - 50ml,Health and beauty,75.85,96.07
SKU-19193,Pure Sweet Coffee Beans - 500ml,Food and beverages,5.16,6.21
SKU-19194,Zen Minimalist Coffee Mug - Beige (V13),Home and lifestyle,64.21,97.55
SKU-19195,Retro Polarized Hat - Silver,Fashion accessories,22.1,31.36
SKU-19196,HomeStyle Minimalist Towel Set - Clear,Home and lifestyle,20.58,31.85
SKU-19197,Organic Crunchy Coffee Beans - 500g,Food and beverages,17.58,22.01
SKU-19198,Tasty Gluten-Free Cereal - 1Kg,Food and beverages,12.85,16.19
SKU-19199,Retro Denim Backpack - Navy,Fashion accessories,13.35,18.36
SKU-19200,ProFit Breathable Water Bottle - Grey,Sports and travel,42.03,59.0
SKU-19201,ProFit Ergonomic Tent - Blue (V39),Sports and travel,68.45,86.7
SKU-19202,Vital Soothing Sunscreen - Pack of 2,Health and beauty,72.41,106.65
SKU-19203,Essence Oil-Free Serum - Pack of 2,Health and beauty,9.23,12.95
SKU-19204,Velocity Durable Tent - Neon Green,Sports and travel,6.04,8.77
SKU-19205,Vital Hydrating Shampoo - 150g (V81),Health and beauty,46.56,73.11
SKU-19206,Retro Denim Sunglasses - Black (V70),Fashion accessories,30.34,47.48
SKU-19207,Classic Vintage Gloves - Silver,Fashion accessories,24.42,35.9
SKU-19208,Pure Salted Cookies - 250g,Food and beverages,8.47,10.29
SKU-19209,Giga Slim Cable - Blue (V42),Electronic accessories,132.28,164.28
SKU-19210,Nature's Sweet Almonds - Pack of 6,Food and beverages,6.91,8.24
SKU-19211,FarmFresh Spicy Cereal - 500g,Food and beverages,17.83,21.85
SKU-19212,Nature's Spicy Honey - 500g,Food and beverages,7.52,9.03
SKU-19213,Cyber Mini Cable - White,Electronic accessories,114.37,147.36
SKU-19214,Ultra Portable Charger - Grey,Electronic accessories,115.53,150.57
SKU-19215,FarmFresh Spicy Coffee Beans - 250g,Food and beverages,7.8,9.79
SKU-19216,Pure Roasted Pasta - 500g (V91),Food and beverages,10.16,12.34
SKU-19217,Vital Natural Perfume - 150g,Health and beauty,15.26,22.3
SKU-19218,Trendy Cotton Tie - Gold (V25),Fashion accessories,7.83,12.28
SKU-19219,Daily Gluten-Free Honey - 500g,Food and beverages,14.14,16.39
SKU-19220,Urban Glass Candle - Grey,Home and lifestyle,13.98,21.0
SKU-19221,Derma Hydrating Serum - 150g,Health and beauty,15.79,21.26
SKU-19222,Cyber Wireless Webcam - Grey,Electronic accessories,28.27,38.23
SKU-19223,FarmFresh Crunchy Green Tea - 250g (V59),Food and beverages,18.77,23.59
SKU-19224,Nova Fast-Charging Webcam - Black,Electronic accessories,122.4,173.33
SKU-19225,Motion Waterproof Tent - Blue,Sports and travel,37.27,57.0
SKU-19226,Cozy Cotton Table Lamp - Oak,Home and lifestyle,78.67,100.97
SKU-19227,Cozy Wooden Picture Frame - Oak (V36),Home and lifestyle,69.62,103.06
SKU-19228,Motion Breathable Tent - Neon Green (V39),Sports and travel,60.9,89.66
SKU-19229,Modern Wooden Wall Clock - Beige,Home and lifestyle,51.12,79.78
SKU-19230,Active Breathable Gym Bag - Red,Sports and travel,35.38,53.76
SKU-19231,Luxe Cotton Tie - Black,Fashion accessories,44.26,59.54
SKU-19232,Motion Lightweight Sleeping Bag - Grey (V53),Sports and travel,19.32,25.71
SKU-19233,Vogue Canvas Watch - Brown (V36),Fashion accessories,56.27,79.94
SKU-19234,Aura Organic Face Cream - Pack of 2 (V10),Health and beauty,69.52,98.29
SKU-19235,Clear Hydrating Shampoo - 200ml,Health and beauty,24.34,32.14
SKU-19236,Cyber Portable Webcam - White (V28),Electronic accessories,123.57,160.03
SKU-19237,Pure Crunchy Chocolate - 500ml (V2),Food and beverages,11.62,13.97
SKU-19238,Chic Canvas Gloves - Rose Gold,Fashion accessories,71.52,96.29
SKU-19239,EcoLiving Minimalist Cushion - Beige,Home and lifestyle,35.67,56.57
SKU-19240,Luxe Silk Gloves - Navy (V32),Fashion accessories,67.01,90.33
SKU-19241,Organic Spicy Almonds - Pack of 6,Food and beverages,10.2,12.12
SKU-19242,Premium Spicy Chocolate - 500ml,Food and beverages,1.2,1.56
SKU-19243,EcoLiving Ceramic Vase - Oak,Home and lifestyle,37.92,49.07
SKU-19244,Retro Cotton Wallet - Navy,Fashion accessories,29.3,38.68
SKU-19245,Velocity Compact Sleeping Bag - Red (V49),Sports and travel,26.0,40.07
SKU-19246,Modern Ceramic Storage Box - Grey,Home and lifestyle,62.81,93.49
SKU-19247,Trendy Denim Tie - Rose Gold,Fashion accessories,25.16,37.51
SKU-19248,Nature's Roasted Cereal - 1L,Food and beverages,1.63,1.92
SKU-19249,Pulse Heavy Duty Headphones - Red (V80),Electronic accessories,125.74,168.64
SKU-19250,Smart Mini Earbuds - White,Electronic accessories,125.33,187.56
SKU-19251,Retro Vintage Wallet - Rose Gold (V60),Fashion accessories,20.12,28.11
SKU-19252,Motion Waterproof Yoga Mat - Grey,Sports and travel,79.24,104.44
SKU-19253,Urban Glass Cushion - Grey,Home and lifestyle,13.86,18.13
SKU-19254,Premium Crunchy Honey - 1Kg,Food and beverages,14.1,16.75
SKU-19255,Cozy Minimalist Wall Clock - Beige (V66),Home and lifestyle,44.99,60.49
SKU-19256,Glow Natural Face Cream - Pack of 2,Health and beauty,8.98,12.94
SKU-19257,ProFit Durable Resistance Bands - Grey,Sports and travel,47.22,74.68
SKU-19258,Urban Vintage Belt - Silver,Fashion accessories,53.69,85.13
SKU-19259,Aura Natural Lip Balm - Pack of 2,Health and beauty,68.6,100.86
SKU-19260,ProFit Breathable Water Bottle - Neon Green,Sports and travel,36.35,52.39
SKU-19261,Smart Bluetooth Headphones - Black (V64),Electronic accessories,147.88,180.25
SKU-19262,Radiant Oil-Free Deodorant - 100ml (V47),Health and beauty,78.31,122.84
SKU-19263,Essence Soothing Conditioner - Travel Size,Health and beauty,13.79,22.02
SKU-19264,Active Compact Backpack - Black (V94),Sports and travel,29.19,41.05
SKU-19265,Smart Fast-Charging Headphones - Black,Electronic accessories,107.77,129.45
SKU-19266,Golden Roasted Honey - 1L,Food and beverages,17.25,21.55
SKU-19267,Ultra Mini Mouse - Black,Electronic accessories,140.3,173.55
SKU-19268,Essence Vitamin C Sunscreen - 150g,Health and beauty,12.84,16.44
SKU-19269,Active Breathable Resistance Bands - Black,Sports and travel,19.35,26.1
SKU-19270,Clear Vitamin C Body Lotion - 100ml (V79),Health and beauty,63.71,80.25
SKU-19271,Eco Fast-Charging Mouse - Silver (V78),Electronic accessories,148.41,179.69
SKU-19272,Zen Wooden Towel Set - Grey,Home and lifestyle,41.61,59.57
SKU-19273,Luxe Polarized Tie - Black (V71),Fashion accessories,71.37,113.19
SKU-19274,TechPro Wireless Keyboard - Silver (V27),Electronic accessories,87.33,114.8
SKU-19275,Clear Hydrating Perfume - 150g,Health and beauty,48.68,73.91
SKU-19276,Pure Hydrating Body Wash - 200ml (V63),Health and beauty,44.81,57.29
SKU-19277,Nature's Sweet Green Tea - Pack of 6 (V64),Food and beverages,3.36,4.19
SKU-19278,Velocity Lightweight Travel Pillow - Grey,Sports and travel,38.51,55.72
SKU-19279,Tasty Salted Coffee Beans - 1Kg (V78),Food and beverages,16.84,20.64
SKU-19280,Glow Oil-Free Body Lotion - Pack of 2 (V95),Health and beauty,66.81,84.63
SKU-19281,Golden Gluten-Free Olive Oil - 500ml (V36),Food and beverages,12.12,15.55
SKU-19282,Luxe Polarized Watch - Rose Gold,Fashion accessories,72.37,107.56
SKU-19283,Retro Canvas Wallet - Brown,Fashion accessories,9.12,13.08
SKU-19284,Glow Natural Conditioner - 150g,Health and beauty,47.96,75.31
SKU-19285,Modern Rustic Table Lamp - Beige (V80),Home and lifestyle,61.95,91.78
SKU-19286,Luxe Silk Wallet - Gold,Fashion accessories,37.52,52.66
SKU-19287,Smart Wireless Keyboard - White,Electronic accessories,144.63,195.95
SKU-19288,TechPro Slim Keyboard - Grey,Electronic accessories,129.38,178.15
SKU-19289,Pulse Mini Headphones - White (V36),Electronic accessories,25.75,36.94
SKU-19290,Elite Canvas Scarf - Rose Gold,Fashion accessories,78.6,111.14
SKU-19291,Aura Hydrating Deodorant - Travel Size (V82),Health and beauty,31.85,50.4
SKU-19292,Giga Mini Cable - Grey,Electronic accessories,21.72,32.02
SKU-19293,Radiant Soothing Body Lotion - Pack of 2,Health and beauty,18.18,24.1
SKU-19294,Retro Silk Gloves - Gold (V81),Fashion accessories,24.59,36.78
SKU-19295,ProFit Compact Tent - Blue,Sports and travel,26.35,34.95
SKU-19296,Radiant Oil-Free Shampoo - 200ml,Health and beauty,47.27,59.31
SKU-19297,Organic Roasted Coffee Beans - 250g (V54),Food and beverages,13.46,15.7
SKU-19298,Trendy Cotton Hat - Navy,Fashion accessories,31.9,41.28
SKU-19299,Tasty Crunchy Cookies - Pack of 6,Food and beverages,19.82,23.36
SKU-19300,Aero Compact Backpack - Grey,Sports and travel,63.13,83.82
SKU-19301,Pure Vegan Olive Oil - 1L,Food and beverages,7.92,9.96
SKU-19302,ProFit Ergonomic Backpack - Red,Sports and travel,42.72,63.4
SKU-19303,Trendy Cotton Handbag - Navy (V4),Fashion accessories,33.28,53.06
SKU-19304,Pure Sweet Green Tea - 500ml,Food and beverages,9.76,11.47
SKU-19305,Nova Slim Earbuds - White,Electronic accessories,141.2,191.02
SKU-19306,Smart Heavy Duty Speaker - Black (V75),Electronic accessories,56.57,81.44
SKU-19307,Premium Salted Coffee Beans - 500g,Food and beverages,3.68,4.41
SKU-19308,Golden Vegan Pasta - 250g (V68),Food and beverages,15.05,17.67
SKU-19309,Luxe Vintage Handbag - Silver (V42),Fashion accessories,74.77,108.59
SKU-19310,Summit Durable Tent - Black,Sports and travel,39.83,56.49
SKU-19311,Daily Spicy Honey - 1Kg (V66),Food and beverages,2.71,3.19
SKU-19312,Giga Heavy Duty Webcam - Red,Electronic accessories,75.92,109.15
SKU-19313,TechPro Mini Webcam - Grey,Electronic accessories,69.63,90.61
SKU-19314,Ultra Fast-Charging Cable - Grey (V4),Electronic accessories,146.5,199.16
SKU-19315,Peak Waterproof Resistance Bands - Orange,Sports and travel,14.94,21.33
SKU-19316,Organic Salted Pasta - 250g (V39),Food and beverages,13.71,15.91
SKU-19317,Giga Fast-Charging Charger - Black,Electronic accessories,46.79,68.89
SKU-19318,Peak Compact Gym Bag - Neon Green,Sports and travel,77.49,117.23
SKU-19319,ProFit Breathable Backpack - Neon Green (V15),Sports and travel,5.01,7.1
SKU-19320,Nova Slim Power Bank - Black (V93),Electronic accessories,80.99,98.91
SKU-19321,HomeStyle Rustic Wall Clock - Oak (V9),Home and lifestyle,49.5,62.02
SKU-19322,Organic Roasted Almonds - 500ml (V81),Food and beverages,1.67,2.15
SKU-19323,Giga Portable Earbuds - Grey (V17),Electronic accessories,110.68,135.07
SKU-19324,Cozy Cotton Vase - Grey,Home and lifestyle,22.18,28.93
SKU-19325,Giga Bluetooth Webcam - Blue,Electronic accessories,137.99,182.67
SKU-19326,EcoLiving Cotton Bed Sheets - Grey (V90),Home and lifestyle,20.91,29.71
SKU-19327,Pure Spicy Green Tea - Pack of 6,Food and beverages,6.52,7.76
SKU-19328,Motion Lightweight Gym Bag - Grey,Sports and travel,67.8,106.29
SKU-19329,Pure Roasted Cookies - 250g,Food and beverages,8.15,10.17
SKU-19330,Vital Oil-Free Deodorant - 50ml,Health and beauty,7.42,9.74
SKU-19331,Retro Cotton Wallet - Brown (V17),Fashion accessories,45.31,70.42
SKU-19332,Retro Silk Backpack - Silver,Fashion accessories,75.07,105.25
SKU-19333,Retro Vintage Handbag - Rose Gold,Fashion accessories,12.15,16.22
SKU-19334,Motion Heavy-Duty Dumbbells - Black (V94),Sports and travel,53.51,70.65
SKU-19335,LuxeHome Glass Table Lamp - Beige,Home and lifestyle,38.75,57.9
SKU-19336,Urban Wooden Candle - Oak,Home and lifestyle,30.93,45.64
SKU-19337,LuxeHome Glass Wall Clock - Beige,Home and lifestyle,58.61,77.29
SKU-19338,Pure Roasted Cookies - 250g (V14),Food and beverages,17.36,22.03
SKU-19339,Aero Lightweight Dumbbells - Neon Green (V87),Sports and travel,74.8,95.11
SKU-19340,Modern Rustic Picture Frame - Grey,Home and lifestyle,48.52,72.69
SKU-19341,Daily Vegan Green Tea - 1Kg,Food and beverages,13.04,15.48
SKU-19342,Daily Sweet Olive Oil - Pack of 6 (V61),Food and beverages,12.12,14.08
SKU-19343,Motion Compact Resistance Bands - Blue (V31),Sports and travel,25.82,35.71
SKU-19344,Derma Anti-Aging Body Wash - 150g (V72),Health and beauty,77.84,101.21
SKU-19345,Organic Vegan Olive Oil - 250g,Food and beverages,3.65,4.22
SKU-19346,LuxeHome Glass Coffee Mug - Oak,Home and lifestyle,56.78,88.1
SKU-19347,Urban Denim Wallet - Rose Gold,Fashion accessories,43.52,59.5
SKU-19348,Aero Compact Resistance Bands - Red (V8),Sports and travel,56.77,79.15
SKU-19349,Elite Denim Handbag - Rose Gold (V99),Fashion accessories,77.06,111.95
SKU-19350,Ultra Bluetooth Webcam - White (V57),Electronic accessories,74.28,100.93
SKU-19351,Nature's Crunchy Honey - 500ml,Food and beverages,13.2,15.68
SKU-19352,Elite Canvas Scarf - Gold,Fashion accessories,79.25,108.37
SKU-19353,Smart Fast-Charging Adapter - Red (V31),Electronic accessories,46.4,62.49
SKU-19354,Peak Waterproof Water Bottle - Orange,Sports and travel,55.43,75.16
SKU-19355,Velocity Waterproof Jump Rope - Black,Sports and travel,7.26,11.51
SKU-19356,Eco Mini Charger - Blue (V86),Electronic accessories,116.22,159.46
SKU-19357,Giga Heavy Duty Adapter - White (V60),Electronic accessories,104.71,130.4
SKU-19358,HomeStyle Cotton Wall Clock - Beige,Home and lifestyle,51.37,80.74
SKU-19359,Vital Anti-Aging Body Wash - 100ml (V31),Health and beauty,34.2,47.05
SKU-19360,ProFit Waterproof Water Bottle - Blue,Sports and travel,75.07,114.81
SKU-19361,Luxe Polarized Gloves - Navy,Fashion accessories,24.44,35.48
SKU-19362,Active Durable Water Bottle - Black (V88),Sports and travel,11.91,18.97
SKU-19363,Nova Slim Headphones - White,Electronic accessories,46.41,57.79
SKU-19364,Vital Soothing Conditioner - Pack of 2,Health and beauty,31.37,48.16
SKU-19365,EcoLiving Rustic Wall Clock - Black,Home and lifestyle,55.11,79.84
SKU-19366,Chic Denim Handbag - Brown,Fashion accessories,40.85,55.53
SKU-19367,Derma Vitamin C Face Cream - 50ml,Health and beauty,10.97,15.39
SKU-19368,Aura Natural Deodorant - 100ml,Health and beauty,17.02,23.96
SKU-19369,Nova Wireless Adapter - Silver,Electronic accessories,88.26,121.6
SKU-19370,FarmFresh Sweet Coffee Beans - 1Kg (V38),Food and beverages,16.99,21.7
SKU-19371,Zen Glass Storage Box - Black,Home and lifestyle,42.01,62.16
SKU-19372,Glow Organic Perfume - 150g (V54),Health and beauty,56.83,81.39
SKU-19373,Classic Minimalist Coffee Mug - Black,Home and lifestyle,22.63,35.81
SKU-19374,Pure Oil-Free Body Wash - 150g,Health and beauty,36.5,56.45
SKU-19375,Essence Organic Serum - 150g,Health and beauty,19.18,27.61
SKU-19376,Urban Stainless Steel Picture Frame - Grey (V30),Home and lifestyle,53.75,69.32
SKU-19377,Velocity Durable Gym Bag - Red,Sports and travel,26.47,34.5
SKU-19378,Modern Wooden Bed Sheets - White,Home and lifestyle,35.01,47.42
SKU-19379,Trendy Denim Scarf - Navy,Fashion accessories,58.63,79.69
SKU-19380,Giga Heavy Duty Speaker - White,Electronic accessories,20.1,28.56
SKU-19381,Cyber Bluetooth Earbuds - Blue (V92),Electronic accessories,134.85,197.93
SKU-19382,Vital Anti-Aging Deodorant - 50ml (V73),Health and beauty,32.23,47.66
SKU-19383,Clear Natural Shampoo - 150g (V19),Health and beauty,61.33,82.74
SKU-19384,Pulse Fast-Charging Headphones - Grey,Electronic accessories,17.99,22.17
SKU-19385,Pure Soothing Sunscreen - Pack of 2,Health and beauty,8.99,12.64
SKU-19386,Chic Silk Wallet - Black,Fashion accessories,51.47,67.44
SKU-19387,Modern Stainless Steel Wall Clock - Beige (V3),Home and lifestyle,38.96,56.55
SKU-19388,Eco Mini Power Bank - Blue (V38),Electronic accessories,139.68,201.56
SKU-19389,Urban Rustic Storage Box - Grey,Home and lifestyle,47.35,64.82
SKU-19390,Clear Oil-Free Face Cream - 150g (V32),Health and beauty,79.06,124.86
SKU-19391,Vital Anti-Aging Sunscreen - Pack of 2,Health and beauty,11.59,15.65
SKU-19392,Urban Wooden Table Lamp - Grey,Home and lifestyle,39.07,54.43
SKU-19393,Classic Ceramic Vase - White,Home and lifestyle,60.43,86.01
SKU-19394,EcoLiving Stainless Steel Bed Sheets - Grey (V21),Home and lifestyle,22.69,35.73
SKU-19395,Glow Anti-Aging Conditioner - Pack of 2,Health and beauty,71.48,94.26
SKU-19396,TechPro Slim Mouse - Red (V51),Electronic accessories,122.97,166.07
SKU-19397,Elite Polarized Backpack - Gold (V92),Fashion accessories,46.99,63.95
SKU-19398,Essence Natural Shampoo - Pack of 2,Health and beauty,31.83,50.72
SKU-19399,FarmFresh Crunchy Chocolate - 500g,Food and beverages,15.65,18.45
SKU-19400,ProFit Waterproof Yoga Mat - Red,Sports and travel,13.37,20.08
SKU-19401,Vogue Canvas Hat - Brown (V99),Fashion accessories,19.58,30.36
SKU-19402,Glow Anti-Aging Deodorant - Travel Size (V45),Health and beauty,70.94,93.8
SKU-19403,Golden Salted Olive Oil - Pack of 6,Food and beverages,1.4,1.79
SKU-19404,Eco Portable Power Bank - Silver,Electronic accessories,77.91,116.77
SKU-19405,TechPro Bluetooth Adapter - Blue,Electronic accessories,99.56,121.61
SKU-19406,Summit Lightweight Sleeping Bag - Grey,Sports and travel,31.83,40.09
SKU-19407,FarmFresh Roasted Pasta - 1L,Food and beverages,5.43,6.28
SKU-19408,Nova Wireless Headphones - White,Electronic accessories,70.32,104.99
SKU-19409,Motion Breathable Water Bottle - Neon Green,Sports and travel,24.53,33.07
SKU-19410,Ultra Heavy Duty Adapter - White (V12),Electronic accessories,72.98,91.59
SKU-19411,Urban Leather Belt - Rose Gold (V26),Fashion accessories,59.36,93.61
SKU-19412,HomeStyle Glass Cushion - White (V52),Home and lifestyle,26.17,40.1
SKU-19413,Velocity Durable Water Bottle - Black,Sports and travel,27.83,43.58
SKU-19414,Ultra Wireless Cable - Grey (V14),Electronic accessories,43.4,55.91
SKU-19415,Classic Silk Handbag - Silver (V12),Fashion accessories,38.29,48.6
SKU-19416,Cyber Heavy Duty Mouse - Black (V8),Electronic accessories,19.39,26.67
SKU-19417,Trek Compact Yoga Mat - Blue,Sports and travel,52.73,71.35
SKU-19418,Tasty Gluten-Free Almonds - 500ml,Food and beverages,13.64,17.58
SKU-19419,Classic Vintage Wallet - Brown,Fashion accessories,60.4,94.99
SKU-19420,Pure Soothing Sunscreen - 50ml (V79),Health and beauty,75.54,109.4
SKU-19421,Retro Vintage Sunglasses - Gold,Fashion accessories,64.37,93.03
SKU-19422,Urban Minimalist Wall Clock - Oak,Home and lifestyle,69.32,93.11
SKU-19423,Vogue Vintage Belt - Silver,Fashion accessories,72.03,99.7
SKU-19424,Radiant Organic Deodorant - Travel Size,Health and beauty,13.11,18.04
SKU-19425,Derma Anti-Aging Sunscreen - Pack of 2 (V53),Health and beauty,22.84,29.36
SKU-19426,Velocity Compact Yoga Mat - Red,Sports and travel,28.76,45.25
SKU-19427,Trek Breathable Yoga Mat - Grey,Sports and travel,65.22,102.14
SKU-19428,Tasty Vegan Chocolate - 1L (V82),Food and beverages,4.22,4.93
SKU-19429,Daily Gluten-Free Coffee Beans - Pack of 6,Food and beverages,13.97,17.52
SKU-19430,Vogue Silk Sunglasses - Brown (V92),Fashion accessories,76.82,100.55
SKU-19431,Aero Ergonomic Sleeping Bag - Orange (V75),Sports and travel,33.43,45.5
SKU-19432,Cozy Glass Table Lamp - White,Home and lifestyle,19.67,29.13
SKU-19433,HomeStyle Ceramic Cushion - Clear,Home and lifestyle,73.78,109.81
SKU-19434,HomeStyle Stainless Steel Cushion - Grey,Home and lifestyle,10.13,15.27
SKU-19435,Glow Natural Face Cream - 200ml (V86),Health and beauty,7.4,10.46
SKU-19436,Trendy Canvas Backpack - Rose Gold (V20),Fashion accessories,25.94,38.59
SKU-19437,Aero Compact Backpack - Grey (V43),Sports and travel,22.86,28.65
SKU-19438,Pure Gluten-Free Coffee Beans - 1L,Food and beverages,4.12,5.32
SKU-19439,Vogue Polarized Watch - Black (V69),Fashion accessories,31.82,45.33
SKU-19440,Smart Mini Webcam - Red,Electronic accessories,143.45,174.37
SKU-19441,Radiant Hydrating Body Wash - 150g,Health and beauty,17.12,24.02
SKU-19442,Motion Durable Dumbbells - Blue (V44),Sports and travel,71.22,102.85
SKU-19443,Chic Silk Gloves - Silver,Fashion accessories,49.62,72.77
SKU-19444,Aura Hydrating Lip Balm - 150g,Health and beauty,31.31,46.89
SKU-19445,Motion Waterproof Tent - Orange (V25),Sports and travel,64.38,91.52
SKU-19446,Pure Vitamin C Perfume - 50ml (V86),Health and beauty,13.12,20.27
SKU-19447,Velocity Durable Travel Pillow - Neon Green,Sports and travel,42.52,53.59
SKU-19448,ProFit Breathable Travel Pillow - Neon Green,Sports and travel,30.95,40.61
SKU-19449,Classic Vintage Sunglasses - Silver (V83),Fashion accessories,40.6,56.05
SKU-19450,Modern Glass Candle - Black (V35),Home and lifestyle,69.92,93.96
SKU-19451,Golden Sweet Chocolate - 1Kg,Food and beverages,17.09,22.08
SKU-19452,Active Durable Gym Bag - Neon Green,Sports and travel,68.11,94.87
SKU-19453,Derma Natural Conditioner - 50ml (V80),Health and beauty,56.95,86.94
SKU-19454,Urban Cotton Gloves - Gold (V18),Fashion accessories,36.95,54.15
SKU-19455,Classic Vintage Gloves - Rose Gold (V37),Fashion accessories,55.75,80.38
SKU-19456,Nova Slim Cable - Silver,Electronic accessories,120.0,149.62
SKU-19457,EcoLiving Stainless Steel Cushion - Grey (V4),Home and lifestyle,64.54,98.69
SKU-19458,Summit Durable Backpack - Orange (V64),Sports and travel,46.3,71.93
SKU-19459,Daily Gluten-Free Pasta - 500g,Food and beverages,2.51,3.22
SKU-19460,Peak Lightweight Sleeping Bag - Red,Sports and travel,52.75,79.02
SKU-19461,Trendy Leather Tie - Gold,Fashion accessories,77.57,122.74
SKU-19462,Aura Oil-Free Body Wash - 50ml,Health and beauty,26.77,35.53
SKU-19463,Pure Spicy Almonds - 500g,Food and beverages,14.72,17.53
SKU-19464,Organic Spicy Juice - Pack of 6,Food and beverages,16.03,19.82
SKU-19465,Urban Silk Handbag - Navy,Fashion accessories,16.03,20.87
SKU-19466,Golden Gluten-Free Pasta - 1L,Food and beverages,15.86,19.9
SKU-19467,Giga Portable Earbuds - Grey (V37),Electronic accessories,80.91,105.68
SKU-19468,Premium Roasted Coffee Beans - 500g,Food and beverages,9.44,11.87
SKU-19469,Pure Natural Conditioner - 150g,Health and beauty,66.82,99.9
SKU-19470,Golden Salted Green Tea - 250g,Food and beverages,6.52,8.28
SKU-19471,Glow Organic Shampoo - 50ml,Health and beauty,29.73,46.5
SKU-19472,Essence Vitamin C Face Cream - 50ml (V21),Health and beauty,28.95,46.26
SKU-19473,Chic Canvas Tie - Gold,Fashion accessories,60.64,88.54
SKU-19474,FarmFresh Gluten-Free Cookies - 1L,Food and beverages,16.57,19.22
SKU-19475,Luxe Denim Hat - Rose Gold (V96),Fashion accessories,78.83,109.72
SKU-19476,Aura Oil-Free Serum - 150g,Health and beauty,55.58,74.23
SKU-19477,Nature's Sweet Coffee Beans - 250g,Food and beverages,12.64,15.91
SKU-19478,Smart Heavy Duty Charger - Red,Electronic accessories,33.8,44.26
SKU-19479,Aura Oil-Free Perfume - 200ml,Health and beauty,7.81,10.63
SKU-19480,Elite Leather Gloves - Brown,Fashion accessories,46.65,70.93
SKU-19481,Tasty Gluten-Free Olive Oil - Pack of 6 (V85),Food and beverages,11.08,13.54
SKU-19482,Vital Oil-Free Body Lotion - Travel Size,Health and beauty,73.76,101.94
SKU-19483,Golden Sweet Almonds - 1L,Food and beverages,11.63,13.52
SKU-19484,Urban Ceramic Cushion - Clear (V65),Home and lifestyle,13.07,19.47
SKU-19485,Velocity Lightweight Resistance Bands - Red,Sports and travel,10.08,13.45
SKU-19486,Essence Organic Lip Balm - 100ml,Health and beauty,53.78,78.69
SKU-19487,Giga Mini Speaker - White (V67),Electronic accessories,40.53,50.44
SKU-19488,Vital Anti-Aging Serum - Travel Size (V62),Health and beauty,32.45,46.16
SKU-19489,Retro Denim Sunglasses - Black (V24),Fashion accessories,56.33,83.8
SKU-19490,Retro Canvas Backpack - Rose Gold,Fashion accessories,34.34,43.06
SKU-19491,Pure Soothing Face Cream - 50ml,Health and beauty,35.77,46.89
SKU-19492,Giga Portable Adapter - Black (V73),Electronic accessories,67.36,92.25
SKU-19493,Summit Breathable Resistance Bands - Red (V47),Sports and travel,30.54,39.3
SKU-19494,Aura Hydrating Face Cream - Pack of 2,Health and beauty,44.7,67.54
SKU-19495,Urban Canvas Tie - Rose Gold,Fashion accessories,34.36,49.87
SKU-19496,Velocity Waterproof Sleeping Bag - Grey,Sports and travel,63.4,99.39
SKU-19497,Pure Salted Chocolate - Pack of 6,Food and beverages,13.39,16.19
SKU-19498,Essence Oil-Free Sunscreen - 150g (V40),Health and beauty,9.21,12.07
SKU-19499,Chic Canvas Tie - Gold (V77),Fashion accessories,29.76,44.47
SKU-19500,Peak Lightweight Travel Pillow - Blue (V90),Sports and travel,8.48,13.04
SKU-19501,Peak Lightweight Water Bottle - Grey (V16),Sports and travel,19.29,29.54
SKU-19502,Urban Canvas Belt - Gold,Fashion accessories,59.72,80.69
SKU-19503,Retro Canvas Hat - Brown,Fashion accessories,14.97,19.04
SKU-19504,Eco Mini Keyboard - White,Electronic accessories,22.38,29.88
SKU-19505,Premium Spicy Chocolate - 500g,Food and beverages,3.09,3.61
SKU-19506,Daily Vegan Olive Oil - 1L (V91),Food and beverages,7.99,9.69
SKU-19507,Nova Mini Charger - Red (V79),Electronic accessories,29.9,39.86
SKU-19508,LuxeHome Wooden Storage Box - Grey,Home and lifestyle,14.78,21.0
SKU-19509,Elite Silk Wallet - Black,Fashion accessories,33.05,42.3
SKU-19510,Urban Polarized Wallet - Gold (V67),Fashion accessories,64.24,97.1
SKU-19511,Chic Canvas Tie - Silver (V80),Fashion accessories,41.87,58.96
SKU-19512,Chic Denim Handbag - Brown (V43),Fashion accessories,16.45,25.94
SKU-19513,Active Breathable Jump Rope - Grey,Sports and travel,56.73,71.28
SKU-19514,FarmFresh Gluten-Free Honey - 1L (V54),Food and beverages,18.97,22.52
SKU-19515,Eco Heavy Duty Charger - Red,Electronic accessories,19.02,26.07
SKU-19516,ProFit Ergonomic Sleeping Bag - Grey,Sports and travel,31.55,49.72
SKU-19517,Pure Natural Lip Balm - 200ml (V33),Health and beauty,21.68,32.65
SKU-19518,Clear Soothing Conditioner - 100ml,Health and beauty,39.15,61.0
SKU-19519,Motion Lightweight Gym Bag - Blue (V22),Sports and travel,37.5,57.18
SKU-19520,Trendy Polarized Handbag - Brown,Fashion accessories,26.28,35.09
SKU-19521,Glow Oil-Free Sunscreen - 200ml,Health and beauty,78.3,103.27
SKU-19522,Radiant Soothing Body Lotion - Travel Size,Health and beauty,67.79,103.89
SKU-19523,HomeStyle Rustic Candle - Beige,Home and lifestyle,26.13,40.65
SKU-19524,Retro Vintage Watch - Rose Gold (V17),Fashion accessories,32.14,48.96
SKU-19525,Peak Ergonomic Water Bottle - Black (V67),Sports and travel,16.14,23.15
SKU-19526,Motion Waterproof Tent - Blue (V51),Sports and travel,20.04,30.84
SKU-19527,Tasty Gluten-Free Chocolate - Pack of 6,Food and beverages,6.1,7.59
SKU-19528,Elite Denim Tie - Gold,Fashion accessories,8.76,12.71
SKU-19529,LuxeHome Wooden Storage Box - White (V32),Home and lifestyle,18.73,29.79
SKU-19530,Nature's Salted Olive Oil - Pack of 6,Food and beverages,9.61,12.01
SKU-19531,Aero Ergonomic Gym Bag - Neon Green (V86),Sports and travel,43.94,66.61
SKU-19532,EcoLiving Cotton Picture Frame - Black (V92),Home and lifestyle,74.73,109.19
SKU-19533,Nature's Vegan Olive Oil - 1L,Food and beverages,8.75,10.44
SKU-19534,Vital Organic Deodorant - Pack of 2,Health and beauty,68.78,105.66
SKU-19535,Daily Crunchy Cereal - 500g,Food and beverages,4.37,5.53
SKU-19536,Luxe Canvas Scarf - Navy,Fashion accessories,61.62,88.68
SKU-19537,Derma Oil-Free Body Wash - 150g (V66),Health and beauty,18.75,26.34
SKU-19538,Nova Mini Cable - Grey,Electronic accessories,121.28,152.29
SKU-19539,Velocity Waterproof Travel Pillow - Grey,Sports and travel,64.9,87.61
SKU-19540,Pulse Heavy Duty Mouse - Blue,Electronic accessories,79.48,111.86
SKU-19541,Urban Vintage Watch - Brown (V74),Fashion accessories,51.73,74.26
SKU-19542,Pulse Portable Keyboard - Silver,Electronic accessories,29.89,36.62
SKU-19543,Luxe Polarized Hat - Brown,Fashion accessories,52.38,70.88
SKU-19544,Pure Salted Cookies - 1L,Food and beverages,11.78,14.27
SKU-19545,Zen Ceramic Cushion - Black (V74),Home and lifestyle,32.24,49.36
SKU-19546,Zen Ceramic Towel Set - Grey,Home and lifestyle,17.92,25.5
SKU-19547,ProFit Heavy-Duty Water Bottle - Orange,Sports and travel,43.56,69.32
SKU-19548,Eco Fast-Charging Power Bank - White (V68),Electronic accessories,61.96,82.06
SKU-19549,Retro Vintage Watch - Brown (V59),Fashion accessories,13.37,16.77
SKU-19550,Urban Leather Backpack - Navy (V94),Fashion accessories,7.12,9.69
SKU-19551,LuxeHome Minimalist Cushion - Beige (V94),Home and lifestyle,37.01,58.34
SKU-19552,Golden Roasted Chocolate - 250g,Food and beverages,16.56,20.88
SKU-19553,Modern Minimalist Wall Clock - Black,Home and lifestyle,72.83,111.08
SKU-19554,Velocity Ergonomic Dumbbells - Black (V43),Sports and travel,47.47,62.64
SKU-19555,Summit Breathable Travel Pillow - Grey,Sports and travel,20.44,31.44
SKU-19556,Classic Polarized Wallet - Brown (V91),Fashion accessories,71.61,109.62
SKU-19557,Organic Vegan Coffee Beans - Pack of 6,Food and beverages,12.34,15.17
SKU-19558,HomeStyle Stainless Steel Towel Set - Clear,Home and lifestyle,11.11,15.81
SKU-19559,Premium Roasted Juice - Pack of 6 (V54),Food and beverages,6.23,8.08
SKU-19560,Derma Soothing Deodorant - 200ml,Health and beauty,75.94,98.34
SKU-19561,Chic Polarized Tie - Silver (V71),Fashion accessories,6.32,8.7
SKU-19562,Elite Cotton Handbag - Brown (V36),Fashion accessories,35.17,46.75
SKU-19563,Pure Anti-Aging Sunscreen - 100ml,Health and beauty,63.6,92.68
SKU-19564,Nature's Salted Almonds - 1L,Food and beverages,18.91,23.05
SKU-19565,ProFit Ergonomic Resistance Bands - Red,Sports and travel,73.84,94.97
SKU-19566,Urban Polarized Tie - Navy (V4),Fashion accessories,56.66,79.62
SKU-19567,Modern Ceramic Vase - Oak,Home and lifestyle,15.99,20.33
SKU-19568,Elite Leather Tie - Rose Gold,Fashion accessories,24.28,31.46
SKU-19569,EcoLiving Cotton Towel Set - Oak (V68),Home and lifestyle,31.38,45.37
SKU-19570,Modern Rustic Table Lamp - Oak,Home and lifestyle,45.98,68.12
SKU-19571,Urban Canvas Tie - Silver,Fashion accessories,48.89,62.28
SKU-19572,TechPro Portable Speaker - Blue,Electronic accessories,78.52,110.41
SKU-19573,Classic Cotton Tie - Black,Fashion accessories,24.22,37.97
SKU-19574,Essence Natural Conditioner - Travel Size,Health and beauty,58.65,82.79
SKU-19575,Nature's Gluten-Free Honey - Pack of 6 (V69),Food and beverages,17.82,20.84
SKU-19576,Zen Glass Coffee Mug - White,Home and lifestyle,45.14,69.91
SKU-19577,Aero Lightweight Water Bottle - Red,Sports and travel,32.22,46.34
SKU-19578,Smart Wireless Mouse - White (V91),Electronic accessories,17.86,22.44
SKU-19579,Aero Durable Gym Bag - Red,Sports and travel,35.61,46.66
SKU-19580,Nova Portable Keyboard - Black (V45),Electronic accessories,120.07,165.93
SKU-19581,EcoLiving Stainless Steel Storage Box - Grey,Home and lifestyle,58.4,92.29
SKU-19582,Urban Rustic Candle - Oak,Home and lifestyle,41.71,58.46
SKU-19583,Zen Wooden Wall Clock - White,Home and lifestyle,19.15,26.27
SKU-19584,Daily Spicy Cereal - Pack of 6 (V57),Food and beverages,4.11,5.06
SKU-19585,EcoLiving Rustic Wall Clock - Beige (V91),Home and lifestyle,14.89,19.53
SKU-19586,ProFit Lightweight Tent - Red (V30),Sports and travel,69.89,105.88
SKU-19587,Daily Salted Cereal - 1L,Food and beverages,5.9,7.07
SKU-19588,Giga Heavy Duty Headphones - White (V97),Electronic accessories,46.88,56.96
SKU-19589,Radiant Organic Face Cream - 150g,Health and beauty,44.09,65.32
SKU-19590,Clear Natural Perfume - Travel Size,Health and beauty,37.11,57.5
SKU-19591,Cozy Ceramic Picture Frame - Clear,Home and lifestyle,31.3,49.92
SKU-19592,Urban Glass Coffee Mug - Beige,Home and lifestyle,21.07,26.85
SKU-19593,Velocity Compact Resistance Bands - Blue,Sports and travel,57.1,84.14
SKU-19594,Pure Vegan Juice - 500ml,Food and beverages,15.88,20.22
SKU-19595,Aero Compact Sleeping Bag - Black (V16),Sports and travel,50.95,67.53
SKU-19596,Urban Stainless Steel Cushion - Oak,Home and lifestyle,67.66,95.23
SKU-19597,Derma Oil-Free Body Wash - Pack of 2 (V74),Health and beauty,59.63,79.64
SKU-19598,Cyber Heavy Duty Speaker - Red (V47),Electronic accessories,126.21,152.98
SKU-19599,Cyber Wireless Cable - Red,Electronic accessories,51.07,75.38
SKU-19600,Giga Wireless Adapter - Blue (V18),Electronic accessories,68.16,96.67
SKU-19601,Golden Roasted Coffee Beans - 1Kg,Food and beverages,15.34,18.42
SKU-19602,Elite Vintage Handbag - Brown,Fashion accessories,34.85,46.62
SKU-19603,EcoLiving Minimalist Table Lamp - Black,Home and lifestyle,72.2,93.98
SKU-19604,Pure Gluten-Free Cookies - 250g,Food and beverages,16.8,20.79
SKU-19605,Cozy Glass Vase - Oak,Home and lifestyle,57.27,75.57
SKU-19606,Cyber Fast-Charging Adapter - Grey (V33),Electronic accessories,50.84,67.14
SKU-19607,Active Heavy-Duty Jump Rope - Orange (V59),Sports and travel,70.87,88.64
SKU-19608,ProFit Durable Gym Bag - Red (V65),Sports and travel,65.79,87.47
SKU-19609,Smart Slim Headphones - Silver,Electronic accessories,145.47,177.08
SKU-19610,Vogue Cotton Wallet - Rose Gold,Fashion accessories,7.9,11.65
SKU-19611,TechPro Slim Mouse - Black,Electronic accessories,138.55,176.24
SKU-19612,Trendy Cotton Watch - Black,Fashion accessories,20.07,26.29
SKU-19613,Summit Heavy-Duty Travel Pillow - Grey,Sports and travel,30.76,46.59
SKU-19614,Elite Leather Handbag - Gold,Fashion accessories,15.58,20.05
SKU-19615,Daily Salted Cookies - 500g (V26),Food and beverages,17.76,21.6
SKU-19616,Nature's Sweet Almonds - 1L (V97),Food and beverages,8.15,9.63
SKU-19617,Nature's Sweet Juice - 1L (V78),Food and beverages,18.36,22.76
SKU-19618,Modern Wooden Bed Sheets - Black,Home and lifestyle,47.01,67.8
SKU-19619,Classic Rustic Cushion - Black (V19),Home and lifestyle,34.87,49.03
SKU-19620,Glow Organic Serum - Travel Size,Health and beauty,45.05,61.19
SKU-19621,Peak Ergonomic Sleeping Bag - Red,Sports and travel,66.05,93.06
SKU-19622,Eco Slim Power Bank - Silver (V37),Electronic accessories,61.51,91.54
SKU-19623,Velocity Ergonomic Tent - Neon Green,Sports and travel,34.15,49.43
SKU-19624,Cozy Glass Vase - Black (V51),Home and lifestyle,33.84,51.21
SKU-19625,Trek Waterproof Sleeping Bag - Black (V93),Sports and travel,6.55,9.92
SKU-19626,Luxe Silk Scarf - Rose Gold,Fashion accessories,30.73,44.18
SKU-19627,Glow Soothing Deodorant - Pack of 2 (V61),Health and beauty,50.31,68.16
SKU-19628,Cozy Rustic Storage Box - Black (V84),Home and lifestyle,32.45,44.48
SKU-19629,Smart Bluetooth Power Bank - Red,Electronic accessories,141.97,212.2
SKU-19630,Smart Mini Speaker - Silver (V97),Electronic accessories,35.38,47.64
SKU-19631,Luxe Denim Scarf - Rose Gold (V44),Fashion accessories,53.5,76.18
SKU-19632,Smart Heavy Duty Headphones - Black,Electronic accessories,25.16,36.53
SKU-19633,Derma Anti-Aging Face Cream - Travel Size,Health and beauty,17.59,27.2
SKU-19634,Urban Cotton Belt - Silver (V8),Fashion accessories,20.99,29.29
SKU-19635,Pulse Portable Earbuds - Red,Electronic accessories,136.27,168.33
SKU-19636,Motion Heavy-Duty Sleeping Bag - Orange,Sports and travel,78.5,120.19
SKU-19637,Elite Vintage Backpack - Silver (V12),Fashion accessories,72.75,110.45
SKU-19638,Aero Compact Dumbbells - Orange (V18),Sports and travel,62.75,95.53
SKU-19639,Urban Canvas Sunglasses - Silver,Fashion accessories,43.82,62.89
SKU-19640,Trendy Leather Backpack - Gold (V84),Fashion accessories,79.36,102.67
SKU-19641,Luxe Canvas Hat - Black,Fashion accessories,5.65,7.09
SKU-19642,Radiant Natural Conditioner - 150g,Health and beauty,6.67,8.63
SKU-19643,Essence Anti-Aging Deodorant - Travel Size,Health and beauty,40.84,51.92
SKU-19644,Clear Natural Serum - Pack of 2 (V7),Health and beauty,64.79,81.92
SKU-19645,HomeStyle Stainless Steel Wall Clock - Grey (V64),Home and lifestyle,38.04,52.07
SKU-19646,Radiant Anti-Aging Serum - Travel Size (V16),Health and beauty,22.15,32.49
SKU-19647,EcoLiving Cotton Candle - White,Home and lifestyle,56.76,80.67
SKU-19648,Urban Silk Gloves - Silver (V20),Fashion accessories,78.03,105.08
SKU-19649,Urban Glass Towel Set - White,Home and lifestyle,35.8,57.01
SKU-19650,Aero Durable Travel Pillow - Neon Green (V8),Sports and travel,22.08,33.17
SKU-19651,Glow Soothing Sunscreen - 200ml (V76),Health and beauty,75.69,102.81
SKU-19652,Summit Compact Water Bottle - Neon Green,Sports and travel,39.34,51.61
SKU-19653,Modern Stainless Steel Cushion - Beige,Home and lifestyle,26.6,41.54
SKU-19654,FarmFresh Roasted Olive Oil - 250g (V5),Food and beverages,19.67,22.75
SKU-19655,Luxe Denim Wallet - Gold,Fashion accessories,50.88,74.87
SKU-19656,Smart Bluetooth Headphones - Silver (V58),Electronic accessories,16.07,20.21
SKU-19657,Daily Vegan Coffee Beans - 250g,Food and beverages,14.56,17.76
SKU-19658,Daily Crunchy Olive Oil - 1Kg,Food and beverages,18.0,23.09
SKU-19659,Clear Anti-Aging Body Wash - Pack of 2 (V49),Health and beauty,76.28,97.0
SKU-19660,Active Ergonomic Backpack - Red,Sports and travel,36.95,46.22
SKU-19661,Classic Denim Scarf - Silver (V4),Fashion accessories,21.96,32.04
SKU-19662,Peak Durable Resistance Bands - Grey (V8),Sports and travel,21.69,28.9
SKU-19663,Aura Oil-Free Body Lotion - 50ml,Health and beauty,11.45,18.31
SKU-19664,Ultra Slim Webcam - Blue,Electronic accessories,138.55,193.68
SKU-19665,Pulse Heavy Duty Power Bank - White,Electronic accessories,95.76,130.42
SKU-19666,Luxe Vintage Sunglasses - Rose Gold (V88),Fashion accessories,59.65,93.57
SKU-19667,Urban Leather Wallet - Rose Gold (V83),Fashion accessories,29.3,41.6
SKU-19668,Retro Silk Tie - Gold (V89),Fashion accessories,36.77,53.87
SKU-19669,Aero Heavy-Duty Backpack - Blue,Sports and travel,37.05,56.75
SKU-19670,LuxeHome Wooden Bed Sheets - Clear,Home and lifestyle,51.84,69.87
SKU-19671,EcoLiving Glass Picture Frame - White,Home and lifestyle,68.98,86.51
SKU-19672,Vogue Leather Belt - Brown,Fashion accessories,65.21,90.51
SKU-19673,Trendy Leather Backpack - Navy,Fashion accessories,37.82,59.41
SKU-19674,Trendy Leather Hat - Gold,Fashion accessories,69.09,98.1
SKU-19675,ProFit Waterproof Travel Pillow - Grey,Sports and travel,45.09,59.17
SKU-19676,Vogue Vintage Handbag - Black,Fashion accessories,9.37,12.61
SKU-19677,Nova Bluetooth Power Bank - Red (V81),Electronic accessories,48.17,66.25
SKU-19678,Aero Compact Sleeping Bag - Red,Sports and travel,65.38,85.49
SKU-19679,Radiant Oil-Free Lip Balm - Travel Size (V7),Health and beauty,19.1,29.35
SKU-19680,Classic Cotton Coffee Mug - Clear (V95),Home and lifestyle,15.13,24.04
SKU-19681,Daily Salted Honey - 1Kg,Food and beverages,10.44,12.3
SKU-19682,Retro Canvas Scarf - Navy,Fashion accessories,78.37,123.91
SKU-19683,FarmFresh Gluten-Free Chocolate - 500g,Food and beverages,16.87,21.44
SKU-19684,ProFit Ergonomic Jump Rope - Grey (V41),Sports and travel,63.75,101.89
SKU-19685,HomeStyle Rustic Vase - Grey,Home and lifestyle,33.23,46.89
SKU-19686,Radiant Natural Lip Balm - 150g (V73),Health and beauty,22.76,36.08
SKU-19687,Trendy Canvas Scarf - Gold,Fashion accessories,31.8,39.92
SKU-19688,Glow Vitamin C Lip Balm - 200ml,Health and beauty,5.64,8.91
SKU-19689,Essence Organic Deodorant - 100ml,Health and beauty,34.85,48.96
SKU-19690,Radiant Anti-Aging Perfume - 150g,Health and beauty,44.1,70.31
SKU-19691,Pure Vegan Cereal - 250g (V7),Food and beverages,4.61,5.53
SKU-19692,Cyber Mini Power Bank - White,Electronic accessories,96.89,121.65
SKU-19693,Modern Stainless Steel Vase - Grey,Home and lifestyle,15.64,21.22
SKU-19694,ProFit Heavy-Duty Resistance Bands - Neon Green,Sports and travel,66.75,93.03
SKU-19695,Glow Vitamin C Conditioner - Pack of 2 (V17),Health and beauty,73.55,100.69
SKU-19696,Clear Oil-Free Sunscreen - 150g,Health and beauty,6.84,10.23
SKU-19697,Urban Canvas Watch - Brown,Fashion accessories,65.58,104.91
SKU-19698,TechPro Heavy Duty Keyboard - Red,Electronic accessories,100.05,132.16
SKU-19699,Premium Vegan Almonds - 500ml,Food and beverages,9.81,11.42
SKU-19700,Pulse Bluetooth Adapter - Blue (V71),Electronic accessories,90.06,111.83
SKU-19701,Vital Hydrating Serum - Pack of 2,Health and beauty,8.24,11.32
SKU-19702,Velocity Lightweight Water Bottle - Black,Sports and travel,8.55,10.84
SKU-19703,EcoLiving Cotton Coffee Mug - Clear,Home and lifestyle,34.36,45.97
SKU-19704,Cyber Heavy Duty Speaker - White,Electronic accessories,142.66,208.45
SKU-19705,Nature's Gluten-Free Olive Oil - 1L,Food and beverages,14.78,17.0
SKU-19706,Urban Leather Watch - Black,Fashion accessories,16.66,24.67
SKU-19707,Motion Lightweight Travel Pillow - Red (V28),Sports and travel,71.25,95.7
SKU-19708,Trek Heavy-Duty Gym Bag - Blue (V30),Sports and travel,44.9,64.37
SKU-19709,Velocity Heavy-Duty Yoga Mat - Neon Green,Sports and travel,10.93,15.29
SKU-19710,Essence Soothing Serum - 100ml,Health and beauty,46.07,62.4
SKU-19711,Classic Polarized Watch - Silver,Fashion accessories,7.85,12.05
SKU-19712,LuxeHome Minimalist Wall Clock - Beige (V91),Home and lifestyle,46.24,60.88
SKU-19713,Modern Cotton Storage Box - Black,Home and lifestyle,36.55,45.94
SKU-19714,Clear Natural Deodorant - Pack of 2 (V27),Health and beauty,19.37,28.22
SKU-19715,Glow Hydrating Body Lotion - 150g (V29),Health and beauty,5.72,8.29
SKU-19716,Trendy Polarized Belt - Silver (V97),Fashion accessories,32.55,41.9
SKU-19717,Trek Heavy-Duty Resistance Bands - Grey,Sports and travel,48.89,77.12
SKU-19718,Cozy Ceramic Storage Box - Beige (V99),Home and lifestyle,66.24,93.37
SKU-19719,Pure Gluten-Free Honey - Pack of 6 (V73),Food and beverages,2.33,2.98
SKU-19720,Aero Ergonomic Water Bottle - Neon Green,Sports and travel,77.04,118.74
SKU-19721,Cyber Mini Adapter - Grey,Electronic accessories,111.85,156.97
SKU-19722,Cyber Portable Mouse - Blue (V65),Electronic accessories,106.99,149.16
SKU-19723,Trendy Vintage Sunglasses - Rose Gold,Fashion accessories,64.66,88.02
SKU-19724,Nova Wireless Speaker - White,Electronic accessories,45.15,67.24
SKU-19725,Tasty Salted Honey - 1L (V40),Food and beverages,12.3,15.06
SKU-19726,Aero Compact Backpack - Neon Green,Sports and travel,30.95,46.08
SKU-19727,Trendy Denim Gloves - Black,Fashion accessories,50.22,76.98
SKU-19728,Glow Natural Face Cream - 200ml (V25),Health and beauty,20.23,25.89
SKU-19729,Smart Heavy Duty Webcam - Black (V78),Electronic accessories,88.51,124.8
SKU-19730,Zen Stainless Steel Coffee Mug - Beige,Home and lifestyle,26.83,41.07
SKU-19731,Classic Glass Cushion - White,Home and lifestyle,16.81,23.32
SKU-19732,Clear Soothing Deodorant - 200ml,Health and beauty,63.2,82.58
SKU-19733,Urban Ceramic Cushion - Clear (V60),Home and lifestyle,10.55,15.53
SKU-19734,Vogue Leather Watch - Black,Fashion accessories,13.28,20.06
SKU-19735,Summit Breathable Resistance Bands - Neon Green (V84),Sports and travel,25.12,32.8
SKU-19736,Urban Glass Towel Set - White (V80),Home and lifestyle,37.1,56.2
SKU-19737,Clear Natural Body Lotion - Travel Size,Health and beauty,79.14,117.85
SKU-19738,Luxe Vintage Sunglasses - Brown,Fashion accessories,55.57,74.67
SKU-19739,Nova Wireless Webcam - White (V24),Electronic accessories,70.66,104.01
SKU-19740,Eco Mini Keyboard - White (V53),Electronic accessories,49.04,72.97
SKU-19741,Motion Waterproof Resistance Bands - Neon Green,Sports and travel,77.0,122.09
SKU-19742,FarmFresh Sweet Green Tea - 1L,Food and beverages,17.68,22.07
SKU-19743,Classic Cotton Backpack - Black,Fashion accessories,35.71,56.24
SKU-19744,Summit Durable Tent - Neon Green (V86),Sports and travel,71.97,96.12
SKU-19745,Chic Polarized Belt - Brown,Fashion accessories,79.97,122.19
SKU-19746,Giga Fast-Charging Speaker - Red,Electronic accessories,39.86,56.99
SKU-19747,Nova Heavy Duty Webcam - Black (V55),Electronic accessories,37.34,46.28
SKU-19748,LuxeHome Ceramic Cushion - Oak (V78),Home and lifestyle,71.75,97.98
SKU-19749,Golden Crunchy Cereal - 1Kg,Food and beverages,5.53,6.81
SKU-19750,Aura Natural Conditioner - 150g (V58),Health and beauty,20.48,26.96
SKU-19751,Aero Ergonomic Tent - Red (V74),Sports and travel,19.16,27.45
SKU-19752,Zen Rustic Towel Set - Black,Home and lifestyle,42.71,59.95
SKU-19753,Peak Compact Resistance Bands - Red,Sports and travel,37.69,48.39
SKU-19754,Pulse Portable Mouse - Black,Electronic accessories,72.36,95.65
SKU-19755,Glow Vitamin C Face Cream - Pack of 2,Health and beauty,60.39,87.81
SKU-19756,LuxeHome Glass Bed Sheets - Oak,Home and lifestyle,65.34,96.84
SKU-19757,Summit Durable Water Bottle - Grey (V41),Sports and travel,37.8,50.06
SKU-19758,Vogue Denim Handbag - Gold (V76),Fashion accessories,47.84,75.62
SKU-19759,Vogue Leather Gloves - Silver,Fashion accessories,8.14,12.14
SKU-19760,Modern Wooden Coffee Mug - Beige,Home and lifestyle,11.34,16.97
SKU-19761,ProFit Breathable Dumbbells - Black (V25),Sports and travel,53.07,84.88
SKU-19762,Urban Polarized Scarf - Rose Gold,Fashion accessories,58.07,72.61
SKU-19763,Aura Hydrating Perfume - 200ml (V93),Health and beauty,73.26,110.38
SKU-19764,Trek Durable Jump Rope - Blue,Sports and travel,71.34,105.29
SKU-19765,Summit Durable Tent - Grey,Sports and travel,58.53,87.87
SKU-19766,Ultra Slim Adapter - White,Electronic accessories,32.82,46.15
SKU-19767,EcoLiving Minimalist Storage Box - Oak,Home and lifestyle,72.85,110.11
SKU-19768,Summit Heavy-Duty Dumbbells - Black (V90),Sports and travel,68.37,91.45
SKU-19769,HomeStyle Ceramic Coffee Mug - White,Home and lifestyle,63.51,79.95
SKU-19770,Trek Lightweight Sleeping Bag - Neon Green,Sports and travel,9.06,12.69
SKU-19771,Nova Mini Headphones - White,Electronic accessories,139.11,169.39
SKU-19772,Zen Glass Cushion - Beige,Home and lifestyle,61.94,88.45
SKU-19773,Active Breathable Tent - Grey,Sports and travel,40.31,64.07
SKU-19774,Nova Bluetooth Webcam - Blue (V23),Electronic accessories,127.0,159.62
SKU-19775,Tasty Sweet Pasta - 500ml,Food and beverages,16.05,19.2
SKU-19776,Daily Spicy Cereal - Pack of 6 (V58),Food and beverages,7.16,8.61
SKU-19777,Aura Natural Lip Balm - 200ml (V70),Health and beauty,20.2,32.2
SKU-19778,Aero Ergonomic Jump Rope - Black (V8),Sports and travel,61.04,82.64
SKU-19779,Retro Denim Tie - Rose Gold,Fashion accessories,22.77,31.58
SKU-19780,Zen Wooden Cushion - Beige,Home and lifestyle,34.35,50.81
SKU-19781,Chic Cotton Tie - Navy,Fashion accessories,67.48,104.99
SKU-19782,Chic Silk Handbag - Black (V90),Fashion accessories,17.29,22.71
SKU-19783,Nature's Vegan Cereal - 500ml (V72),Food and beverages,13.18,15.65
SKU-19784,Smart Mini Webcam - Silver (V92),Electronic accessories,70.9,101.81
SKU-19785,Nova Wireless Earbuds - White,Electronic accessories,123.01,162.05
SKU-19786,Chic Silk Watch - Brown (V35),Fashion accessories,74.88,106.09
SKU-19787,Peak Breathable Travel Pillow - Black (V9),Sports and travel,22.14,33.24
SKU-19788,Golden Roasted Coffee Beans - 250g,Food and beverages,4.2,4.95
SKU-19789,Essence Vitamin C Sunscreen - Pack of 2,Health and beauty,28.81,43.65
SKU-19790,Trek Ergonomic Sleeping Bag - Blue,Sports and travel,74.25,110.6
SKU-19791,Cyber Mini Speaker - Red,Electronic accessories,68.24,102.18
SKU-19792,FarmFresh Sweet Green Tea - Pack of 6,Food and beverages,1.57,1.83
SKU-19793,Pulse Fast-Charging Headphones - Black,Electronic accessories,37.15,51.32
SKU-19794,Vital Anti-Aging Perfume - 200ml,Health and beauty,66.14,89.91
SKU-19795,Velocity Compact Gym Bag - Grey (V61),Sports and travel,79.3,101.11
SKU-19796,TechPro Wireless Adapter - White (V73),Electronic accessories,100.62,130.15
SKU-19797,Chic Denim Hat - Navy,Fashion accessories,20.15,29.39
SKU-19798,Modern Cotton Cushion - Grey,Home and lifestyle,63.24,96.6
SKU-19799,Tasty Sweet Pasta - 1Kg,Food and beverages,16.48,19.04
SKU-19800,Essence Soothing Conditioner - Pack of 2,Health and beauty,17.52,24.08
SKU-19801,Motion Heavy-Duty Travel Pillow - Black (V30),Sports and travel,44.72,57.12
SKU-19802,Tasty Salted Almonds - Pack of 6,Food and beverages,7.21,9.23
SKU-19803,Cyber Portable Adapter - Grey (V87),Electronic accessories,64.35,94.34
SKU-19804,FarmFresh Roasted Cookies - 250g (V66),Food and beverages,2.66,3.44
SKU-19805,Urban Cotton Cushion - Oak,Home and lifestyle,64.42,81.33
SKU-19806,HomeStyle Cotton Vase - Grey (V23),Home and lifestyle,50.08,70.45
SKU-19807,Essence Vitamin C Conditioner - 100ml,Health and beauty,45.6,66.05
SKU-19808,Urban Glass Vase - Black (V92),Home and lifestyle,70.29,109.25
SKU-19809,Daily Gluten-Free Juice - 500ml (V75),Food and beverages,6.41,7.68
SKU-19810,Trendy Polarized Sunglasses - Silver,Fashion accessories,42.34,60.08
SKU-19811,Peak Waterproof Yoga Mat - Blue (V56),Sports and travel,75.51,108.84
SKU-19812,ProFit Ergonomic Resistance Bands - Neon Green,Sports and travel,43.3,64.34
SKU-19813,Modern Glass Picture Frame - Beige (V87),Home and lifestyle,60.27,93.88
SKU-19814,Radiant Oil-Free Conditioner - 200ml,Health and beauty,8.39,12.24
SKU-19815,Trendy Canvas Backpack - Brown,Fashion accessories,63.67,82.74
SKU-19816,Giga Portable Speaker - Silver,Electronic accessories,10.08,13.03
SKU-19817,Derma Hydrating Deodorant - Travel Size,Health and beauty,38.96,62.19
SKU-19818,Nature's Sweet Coffee Beans - 1L,Food and beverages,11.02,13.29
SKU-19819,Essence Soothing Body Lotion - 200ml (V52),Health and beauty,55.6,74.77
SKU-19820,Derma Oil-Free Face Cream - 100ml,Health and beauty,38.45,53.16
SKU-19821,Giga Wireless Mouse - Red,Electronic accessories,85.47,104.04
SKU-19822,Pure Organic Shampoo - Pack of 2,Health and beauty,53.99,83.39
SKU-19823,Vital Natural Shampoo - 100ml,Health and beauty,75.09,110.38
SKU-19824,Giga Slim Charger - Blue,Electronic accessories,120.51,148.85
SKU-19825,Classic Silk Hat - Silver (V96),Fashion accessories,16.09,24.1
SKU-19826,Aura Natural Deodorant - 200ml (V45),Health and beauty,17.04,25.84
SKU-19827,Organic Vegan Almonds - 500ml (V11),Food and beverages,4.52,5.74
SKU-19828,Golden Gluten-Free Honey - 1Kg (V80),Food and beverages,8.8,10.46
SKU-19829,Smart Bluetooth Speaker - Grey,Electronic accessories,76.0,99.4
SKU-19830,Zen Cotton Candle - Clear (V28),Home and lifestyle,7.17,10.97
SKU-19831,Retro Denim Wallet - Navy,Fashion accessories,59.52,88.84
SKU-19832,Pure Salted Honey - 1Kg,Food and beverages,9.72,12.56
SKU-19833,Retro Denim Sunglasses - Gold (V45),Fashion accessories,7.24,10.61
SKU-19834,Radiant Soothing Body Lotion - 150g (V89),Health and beauty,73.55,99.3
SKU-19835,Essence Organic Conditioner - Pack of 2 (V60),Health and beauty,79.59,118.8
SKU-19836,Cyber Portable Charger - Blue,Electronic accessories,59.53,82.7
SKU-19837,Classic Glass Candle - Clear (V45),Home and lifestyle,12.31,15.85
SKU-19838,Cyber Wireless Cable - Black (V64),Electronic accessories,116.35,156.78
SKU-19839,Vital Natural Body Wash - 150g (V47),Health and beauty,29.67,38.88
SKU-19840,HomeStyle Ceramic Coffee Mug - Grey (V5),Home and lifestyle,27.41,36.22
SKU-19841,Classic Minimalist Coffee Mug - Oak,Home and lifestyle,7.81,11.88
SKU-19842,Radiant Anti-Aging Body Wash - Pack of 2,Health and beauty,21.94,29.86
SKU-19843,Essence Soothing Conditioner - Pack of 2 (V34),Health and beauty,59.01,74.48
SKU-19844,Cyber Bluetooth Adapter - Red,Electronic accessories,50.48,64.99
SKU-19845,Derma Oil-Free Perfume - 200ml,Health and beauty,48.72,76.38
SKU-19846,Clear Anti-Aging Lip Balm - Travel Size (V82),Health and beauty,67.76,103.03
SKU-19847,Trendy Vintage Backpack - Black,Fashion accessories,78.76,101.34
SKU-19848,Golden Vegan Chocolate - 500g (V30),Food and beverages,19.22,22.57
SKU-19849,FarmFresh Gluten-Free Honey - 1L (V42),Food and beverages,16.15,19.98
SKU-19850,EcoLiving Rustic Wall Clock - White,Home and lifestyle,7.17,10.62
SKU-19851,Vital Soothing Serum - 50ml (V48),Health and beauty,54.45,71.01
SKU-19852,Classic Cotton Storage Box - Beige (V85),Home and lifestyle,20.3,31.21
SKU-19853,Urban Ceramic Candle - White,Home and lifestyle,56.74,79.43
SKU-19854,Motion Heavy-Duty Jump Rope - Blue (V30),Sports and travel,53.5,80.09
SKU-19855,LuxeHome Ceramic Bed Sheets - Oak,Home and lifestyle,17.77,24.34
SKU-19856,Daily Spicy Green Tea - Pack of 6 (V86),Food and beverages,8.02,10.4
SKU-19857,ProFit Compact Water Bottle - Red (V42),Sports and travel,65.03,92.3
SKU-19858,Cyber Heavy Duty Keyboard - Black (V61),Electronic accessories,135.83,185.27
SKU-19859,Glow Organic Body Lotion - Pack of 2 (V58),Health and beauty,67.6,107.4
SKU-19860,Modern Cotton Storage Box - Oak (V48),Home and lifestyle,25.31,38.54
SKU-19861,HomeStyle Rustic Picture Frame - Clear (V78),Home and lifestyle,17.38,23.67
SKU-19862,FarmFresh Roasted Almonds - Pack of 6,Food and beverages,2.62,3.12
SKU-19863,Smart Bluetooth Headphones - Blue (V5),Electronic accessories,94.57,129.99
SKU-19864,Derma Hydrating Lip Balm - 150g (V16),Health and beauty,26.31,39.39
SKU-19865,Urban Leather Wallet - Silver,Fashion accessories,51.78,73.48
SKU-19866,Motion Lightweight Resistance Bands - Black,Sports and travel,37.99,57.22
SKU-19867,Smart Bluetooth Cable - Grey,Electronic accessories,136.74,169.97
SKU-19868,Motion Compact Sleeping Bag - Black (V69),Sports and travel,16.63,23.58
SKU-19869,Clear Anti-Aging Body Wash - Pack of 2 (V67),Health and beauty,10.73,15.35
SKU-19870,Daily Crunchy Juice - 1L (V92),Food and beverages,5.69,6.95
SKU-19871,Urban Wooden Cushion - Black,Home and lifestyle,14.83,21.75
SKU-19872,Urban Stainless Steel Candle - Black,Home and lifestyle,58.96,84.46
SKU-19873,Organic Crunchy Olive Oil - 250g,Food and beverages,8.06,9.87
SKU-19874,Trek Ergonomic Dumbbells - Red (V98),Sports and travel,8.36,11.53
SKU-19875,Cyber Fast-Charging Headphones - Red,Electronic accessories,73.97,97.87
SKU-19876,Cozy Glass Bed Sheets - Beige (V33),Home and lifestyle,41.6,53.29
SKU-19877,Aero Ergonomic Tent - Blue,Sports and travel,72.25,101.27
SKU-19878,Cozy Wooden Coffee Mug - Oak (V14),Home and lifestyle,45.12,68.61
SKU-19879,Trendy Cotton Scarf - Silver,Fashion accessories,24.77,36.38
SKU-19880,Cozy Cotton Table Lamp - White (V36),Home and lifestyle,10.43,15.36
SKU-19881,ProFit Durable Dumbbells - Grey,Sports and travel,61.22,94.92
SKU-19882,Pure Vegan Cookies - 500ml,Food and beverages,9.17,11.01
SKU-19883,Peak Heavy-Duty Travel Pillow - Red (V6),Sports and travel,18.31,25.08
SKU-19884,Aura Anti-Aging Shampoo - 200ml,Health and beauty,61.7,82.29
SKU-19885,Velocity Waterproof Yoga Mat - Orange (V26),Sports and travel,36.63,50.18
SKU-19886,HomeStyle Minimalist Picture Frame - Oak (V75),Home and lifestyle,49.09,78.33
SKU-19887,TechPro Mini Charger - Blue,Electronic accessories,66.39,94.21
SKU-19888,Pure Vegan Coffee Beans - 1L,Food and beverages,16.65,20.23
SKU-19889,HomeStyle Wooden Table Lamp - Grey (V47),Home and lifestyle,42.57,55.92
SKU-19890,Derma Soothing Body Wash - 150g (V41),Health and beauty,17.92,28.47
SKU-19891,Nova Fast-Charging Earbuds - Blue (V57),Electronic accessories,147.79,178.19
SKU-19892,Smart Wireless Earbuds - Blue,Electronic accessories,65.77,80.2
SKU-19893,Modern Rustic Table Lamp - Black,Home and lifestyle,20.96,30.42
SKU-19894,Tasty Salted Chocolate - 500g (V68),Food and beverages,1.32,1.69
SKU-19895,Elite Leather Handbag - Navy (V39),Fashion accessories,52.47,74.37
SKU-19896,Pure Roasted Coffee Beans - 1Kg,Food and beverages,15.03,17.51
SKU-19897,Pure Crunchy Olive Oil - 1Kg (V30),Food and beverages,9.04,11.52
SKU-19898,HomeStyle Rustic Picture Frame - Beige,Home and lifestyle,20.12,29.29
SKU-19899,Vital Vitamin C Deodorant - 150g,Health and beauty,56.48,79.81
SKU-19900,Eco Portable Cable - Grey (V93),Electronic accessories,28.93,43.14
SKU-19901,Classic Denim Tie - Brown,Fashion accessories,6.17,9.74
SKU-19902,Nova Bluetooth Headphones - Silver,Electronic accessories,95.55,132.58
SKU-19903,Eco Wireless Headphones - Grey (V20),Electronic accessories,76.75,97.26
SKU-19904,Motion Breathable Sleeping Bag - Red,Sports and travel,56.54,87.95
SKU-19905,Eco Bluetooth Mouse - Silver,Electronic accessories,25.08,32.99
SKU-19906,Urban Cotton Scarf - Rose Gold,Fashion accessories,74.76,110.69
SKU-19907,Summit Compact Dumbbells - Black (V66),Sports and travel,52.1,70.64
SKU-19908,Chic Canvas Sunglasses - Silver,Fashion accessories,53.26,74.54
SKU-19909,Cyber Wireless Keyboard - Grey,Electronic accessories,55.46,73.39
SKU-19910,Radiant Oil-Free Deodorant - 50ml (V55),Health and beauty,28.45,42.63
SKU-19911,Daily Roasted Cereal - 500ml (V10),Food and beverages,5.93,6.97
SKU-19912,Retro Polarized Wallet - Black (V15),Fashion accessories,43.26,67.26
SKU-19913,Urban Canvas Wallet - Gold,Fashion accessories,39.02,55.63
SKU-19914,Luxe Polarized Hat - Navy,Fashion accessories,63.42,84.57
SKU-19915,ProFit Compact Sleeping Bag - Blue,Sports and travel,31.64,41.54
SKU-19916,Golden Sweet Almonds - 500g,Food and beverages,3.21,3.98
SKU-19917,Glow Anti-Aging Conditioner - 50ml,Health and beauty,62.31,87.25
SKU-19918,Pulse Slim Charger - Grey,Electronic accessories,15.79,22.88
SKU-19919,Peak Durable Gym Bag - Neon Green,Sports and travel,39.55,57.18
SKU-19920,Motion Heavy-Duty Yoga Mat - Neon Green,Sports and travel,65.81,95.18
SKU-19921,Motion Ergonomic Sleeping Bag - Orange (V32),Sports and travel,5.08,7.56
SKU-19922,Pulse Mini Cable - Red,Electronic accessories,132.39,174.7
SKU-19923,Tasty Sweet Juice - 250g (V71),Food and beverages,9.06,10.51
SKU-19924,Urban Vintage Sunglasses - Navy (V53),Fashion accessories,26.5,41.24
SKU-19925,Cozy Rustic Table Lamp - Grey (V45),Home and lifestyle,65.98,85.4
SKU-19926,Derma Natural Body Wash - 150g (V66),Health and beauty,12.57,18.18
SKU-19927,Essence Anti-Aging Shampoo - Travel Size,Health and beauty,41.27,62.14
SKU-19928,Eco Wireless Webcam - Black,Electronic accessories,53.5,68.18
SKU-19929,Nova Bluetooth Cable - Silver (V78),Electronic accessories,98.81,130.64
SKU-19930,Luxe Vintage Backpack - Navy,Fashion accessories,60.78,95.8
SKU-19931,Modern Minimalist Towel Set - Clear,Home and lifestyle,75.51,113.57
SKU-19932,Trendy Vintage Watch - Silver,Fashion accessories,58.08,86.53
SKU-19933,Trendy Cotton Sunglasses - Navy (V44),Fashion accessories,35.57,51.49
SKU-19934,Smart Portable Headphones - White,Electronic accessories,141.63,170.01
SKU-19935,Essence Anti-Aging Shampoo - Pack of 2 (V11),Health and beauty,59.42,75.72
SKU-19936,Active Lightweight Sleeping Bag - Red,Sports and travel,18.55,29.07
SKU-19937,TechPro Heavy Duty Charger - White (V77),Electronic accessories,74.3,103.28
SKU-19938,Golden Salted Juice - 1L (V18),Food and beverages,9.57,11.12
SKU-19939,Vital Vitamin C Serum - Travel Size,Health and beauty,31.41,45.1
SKU-19940,Zen Ceramic Storage Box - Oak,Home and lifestyle,9.52,12.37
SKU-19941,Tasty Vegan Olive Oil - 1L (V42),Food and beverages,1.04,1.27
SKU-19942,HomeStyle Stainless Steel Coffee Mug - Clear (V99),Home and lifestyle,20.11,28.17
SKU-19943,Derma Organic Conditioner - 100ml (V38),Health and beauty,22.38,32.18
SKU-19944,Summit Lightweight Jump Rope - Black,Sports and travel,66.89,87.62
SKU-19945,Elite Canvas Tie - Black,Fashion accessories,41.49,56.57
SKU-19946,Essence Soothing Face Cream - 100ml,Health and beauty,65.64,84.1
SKU-19947,Derma Anti-Aging Body Lotion - Travel Size (V14),Health and beauty,14.42,18.32
SKU-19948,Summit Heavy-Duty Water Bottle - Red,Sports and travel,73.13,108.22
SKU-19949,Organic Spicy Chocolate - 1L,Food and beverages,12.91,16.5
SKU-19950,Glow Anti-Aging Body Lotion - Pack of 2 (V59),Health and beauty,28.49,36.34
SKU-19951,Ultra Bluetooth Speaker - Red,Electronic accessories,122.84,172.76
SKU-19952,Elite Canvas Watch - Navy,Fashion accessories,52.04,69.18
SKU-19953,Retro Cotton Sunglasses - Gold (V42),Fashion accessories,38.92,61.43
SKU-19954,Luxe Leather Hat - Black,Fashion accessories,77.01,99.55
SKU-19955,Eco Wireless Earbuds - Silver,Electronic accessories,67.19,93.59
SKU-19956,Derma Vitamin C Face Cream - Travel Size (V57),Health and beauty,11.02,16.61
SKU-19957,Clear Hydrating Face Cream - 200ml,Health and beauty,55.76,85.33
SKU-19958,Nature's Crunchy Almonds - 250g,Food and beverages,17.3,20.43
SKU-19959,Classic Silk Handbag - Brown,Fashion accessories,61.28,87.04
SKU-19960,Active Ergonomic Yoga Mat - Neon Green (V61),Sports and travel,23.13,33.01
SKU-19961,Luxe Cotton Sunglasses - Brown (V76),Fashion accessories,6.27,8.34
SKU-19962,Ultra Bluetooth Charger - Silver,Electronic accessories,146.47,216.69
SKU-19963,Smart Heavy Duty Power Bank - Black (V56),Electronic accessories,62.05,76.36
SKU-19964,Elite Cotton Tie - Navy,Fashion accessories,68.17,98.97
SKU-19965,Derma Organic Face Cream - 150g,Health and beauty,35.37,49.17
SKU-19966,Vital Natural Serum - 200ml,Health and beauty,69.68,98.35
SKU-19967,ProFit Compact Yoga Mat - Orange,Sports and travel,74.67,114.92
SKU-19968,Elite Vintage Backpack - Gold (V89),Fashion accessories,33.17,45.09
SKU-19969,Trendy Silk Tie - Black,Fashion accessories,56.16,81.33
SKU-19970,ProFit Heavy-Duty Yoga Mat - Blue,Sports and travel,41.24,60.15
SKU-19971,Elite Silk Backpack - Navy (V39),Fashion accessories,19.07,27.98
SKU-19972,Chic Silk Watch - Navy,Fashion accessories,47.51,74.33
SKU-19973,ProFit Waterproof Dumbbells - Blue (V27),Sports and travel,22.92,33.7
SKU-19974,Essence Anti-Aging Face Cream - 200ml,Health and beauty,79.95,116.42
SKU-19975,Tasty Salted Cereal - 1Kg,Food and beverages,15.08,17.74
SKU-19976,FarmFresh Crunchy Coffee Beans - 1Kg,Food and beverages,5.57,6.76
SKU-19977,Summit Lightweight Backpack - Neon Green (V62),Sports and travel,40.36,56.52
SKU-19978,Trendy Cotton Wallet - Rose Gold,Fashion accessories,23.18,34.66
SKU-19979,Summit Ergonomic Dumbbells - Neon Green (V51),Sports and travel,14.89,20.26
SKU-19980,Cyber Slim Headphones - Silver (V35),Electronic accessories,70.67,93.39
SKU-19981,Aura Hydrating Shampoo - 200ml,Health and beauty,68.42,89.72
SKU-19982,Daily Gluten-Free Cookies - Pack of 6 (V72),Food and beverages,13.68,17.34
SKU-19983,Nova Portable Cable - Red,Electronic accessories,40.04,57.02
SKU-19984,Pulse Fast-Charging Mouse - Silver,Electronic accessories,22.92,34.28
SKU-19985,Clear Hydrating Deodorant - 150g (V77),Health and beauty,46.44,61.8
SKU-19986,Modern Glass Bed Sheets - Beige,Home and lifestyle,62.62,95.75
SKU-19987,Elite Leather Handbag - Silver,Fashion accessories,22.2,29.58
SKU-19988,Nature's Roasted Coffee Beans - 500g,Food and beverages,7.5,9.22
SKU-19989,Classic Denim Gloves - Rose Gold,Fashion accessories,20.77,28.72
SKU-19990,Urban Leather Handbag - Rose Gold,Fashion accessories,19.42,27.06
SKU-19991,Retro Silk Belt - Navy (V17),Fashion accessories,48.83,78.06
SKU-19992,Radiant Organic Lip Balm - Travel Size (V62),Health and beauty,45.58,59.71
SKU-19993,Tasty Vegan Green Tea - 500g,Food and beverages,12.28,15.42
SKU-19994,Trendy Denim Scarf - Rose Gold,Fashion accessories,48.02,63.66
SKU-19995,Smart Mini Adapter - White,Electronic accessories,80.22,119.93
SKU-19996,Elite Silk Handbag - Brown,Fashion accessories,58.1,78.53
SKU-19997,Modern Ceramic Wall Clock - Clear (V72),Home and lifestyle,46.08,57.73
SKU-19998,Pulse Fast-Charging Mouse - White,Electronic accessories,44.83,55.53
SKU-19999,Urban Leather Scarf - Navy,Fashion accessories,50.81,65.07
SKU-20000,Urban Denim Hat - Brown,Fashion accessories,11.63,18.17
