transaction_id,transaction_date,branch_id,itemean,barcode,qty_sold,qty_returned,net_qty,unit_price,unit_cost,total_sales_value,total_return_value,net_sales_value,net_cost_value,profit_amount
TRX-20260212-00791,2026-02-12 07:24:18,2,00003604,622300360400,3,0,3,50.0,40.0,150.0,0.0,150.0,120.0,30.0
TRX-20260212-00932,2026-02-12 07:32:14,1,00003600,622300360000,5,0,5,135.0,110.0,675.0,0.0,675.0,550.0,125.0
TRX-20260212-03747,2026-02-12 08:03:29,2,00003572,622300357200,3,0,3,23.0,18.0,69.0,0.0,69.0,54.0,15.0
TRX-20260212-00367,2026-02-12 08:19:01,1,00003593,622300359300,1,0,1,18.0,14.0,18.0,0.0,18.0,14.0,4.0
TRX-20260212-02268,2026-02-12 08:19:47,3,00003613,622300361324,1,1,0,2394.0,2040.0,2394.0,2394.0,0.0,0.0,0.0
TRX-20260212-04500,2026-02-12 08:34:22,2,00003600,622300360000,4,0,4,135.0,110.0,540.0,0.0,540.0,440.0,100.0
TRX-20260212-04629,2026-02-12 08:43:57,4,00003585,622300358500,2,0,2,220.0,180.0,440.0,0.0,440.0,360.0,80.0
TRX-20260212-01441,2026-02-12 08:55:59,1,00003566,622300356600,4,0,4,180.0,150.0,720.0,0.0,720.0,600.0,120.0
TRX-20260212-03774,2026-02-12 08:59:42,2,00003595,622300359500,2,0,2,110.0,85.0,220.0,0.0,220.0,170.0,50.0
TRX-20260212-01735,2026-02-12 09:39:24,1,00003611,622300361124,2,1,1,638.4,528.0,1276.8,638.4,638.4,528.0,110.4
TRX-20260212-01562,2026-02-12 09:50:54,5,00003552,622300355200,2,0,2,420.0,380.0,840.0,0.0,840.0,760.0,80.0
TRX-20260212-00089,2026-02-12 09:56:03,3,00003611,622300361100,1,0,1,28.0,22.0,28.0,0.0,28.0,22.0,6.0
TRX-20260212-00287,2026-02-12 10:03:48,1,00003579,622300357900,3,0,3,110.0,85.0,330.0,0.0,330.0,255.0,75.0
TRX-20260212-01727,2026-02-12 10:20:18,1,00003590,622300359000,4,0,4,23.0,18.0,92.0,0.0,92.0,72.0,20.0
TRX-20260212-01764,2026-02-12 10:57:32,4,00003575,622300357500,2,0,2,55.0,45.0,110.0,0.0,110.0,90.0,20.0
TRX-20260212-03228,2026-02-12 11:05:50,1,00003572,622300357200,1,0,1,23.0,18.0,23.0,0.0,23.0,18.0,5.0
TRX-20260212-03374,2026-02-12 12:46:35,1,00003574,622300357400,3,0,3,155.0,135.0,465.0,0.0,465.0,405.0,60.0
TRX-20260212-00789,2026-02-12 12:56:45,3,00003607,622300360700,2,0,2,125.0,95.0,250.0,0.0,250.0,190.0,60.0
TRX-20260212-03527,2026-02-12 13:37:13,3,00003563,622300356300,4,3,1,12.0,9.0,48.0,36.0,12.0,9.0,3.0
TRX-20260212-00085,2026-02-12 13:39:42,4,00003569,622300356900,2,0,2,14.0,11.0,28.0,0.0,28.0,22.0,6.0
TRX-20260212-01549,2026-02-12 14:04:21,1,00003577,622300357700,2,0,2,65.0,50.0,130.0,0.0,130.0,100.0,30.0
TRX-20260212-01157,2026-02-12 14:15:27,1,00003604,622300360400,5,0,5,50.0,40.0,250.0,0.0,250.0,200.0,50.0
TRX-20260212-02816,2026-02-12 15:27:03,2,00003566,622300356600,3,0,3,180.0,150.0,540.0,0.0,540.0,450.0,90.0
TRX-20260212-03933,2026-02-12 15:45:21,2,00003598,622300359800,3,0,3,245.0,210.0,735.0,0.0,735.0,630.0,105.0
TRX-20260212-00353,2026-02-12 15:54:47,2,00003591,622300359100,5,0,5,7.0,5.0,35.0,0.0,35.0,25.0,10.0
TRX-20260212-01139,2026-02-12 16:25:03,5,00003610,622300361000,1,0,1,75.0,60.0,75.0,0.0,75.0,60.0,15.0
TRX-20260212-02069,2026-02-12 16:40:04,1,00003573,622300357324,1,0,1,2006.4,1800.0,2006.4,0.0,2006.4,1800.0,206.4
TRX-20260212-01487,2026-02-12 17:30:14,2,00003574,622300357400,3,0,3,155.0,135.0,465.0,0.0,465.0,405.0,60.0
TRX-20260212-02825,2026-02-12 17:42:38,1,00003610,622300361000,3,0,3,75.0,60.0,225.0,0.0,225.0,180.0,45.0
TRX-20260212-00823,2026-02-12 18:11:18,1,00003555,622300355500,2,2,0,480.0,420.0,960.0,960.0,0.0,0.0,0.0
TRX-20260212-04931,2026-02-12 18:40:26,5,00003580,622300358000,5,0,5,38.0,30.0,190.0,0.0,190.0,150.0,40.0
TRX-20260212-03789,2026-02-12 19:18:00,3,00003562,622300356200,2,0,2,60.0,50.0,120.0,0.0,120.0,100.0,20.0
TRX-20260212-00180,2026-02-12 19:46:25,2,00003613,622300361300,4,0,4,105.0,85.0,420.0,0.0,420.0,340.0,80.0
TRX-20260212-04555,2026-02-12 20:04:51,3,00003580,622300358000,5,0,5,38.0,30.0,190.0,0.0,190.0,150.0,40.0
TRX-20260212-03699,2026-02-12 20:14:29,3,00003554,622300355400,3,0,3,435.0,390.0,1305.0,0.0,1305.0,1170.0,135.0
TRX-20260212-04723,2026-02-12 20:57:09,4,00003566,622300356600,3,0,3,180.0,150.0,540.0,0.0,540.0,450.0,90.0
TRX-20260212-00048,2026-02-12 21:00:49,1,00003584,622300358400,2,0,2,26.0,20.0,52.0,0.0,52.0,40.0,12.0
TRX-20260212-02889,2026-02-12 21:08:00,2,00003600,622300360000,5,0,5,135.0,110.0,675.0,0.0,675.0,550.0,125.0
TRX-20260212-03619,2026-02-12 21:41:08,1,00003557,622300355700,5,0,5,7.0,5.5,35.0,0.0,35.0,27.5,7.5
TRX-20260212-00184,2026-02-12 22:36:39,4,00003596,622300359600,2,0,2,120.0,95.0,240.0,0.0,240.0,190.0,50.0
TRX-20260212-04606,2026-02-12 23:15:02,2,00003574,622300357400,1,0,1,155.0,135.0,155.0,0.0,155.0,135.0,20.0
TRX-20260212-04595,2026-02-12 23:43:27,1,00003606,622300360600,4,0,4,85.0,65.0,340.0,0.0,340.0,260.0,80.0
TRX-20260213-04038,2026-02-13 00:21:31,1,00003563,622300356300,4,0,4,12.0,9.0,48.0,0.0,48.0,36.0,12.0
TRX-20260213-02126,2026-02-13 00:46:39,1,00003560,622300356000,1,0,1,135.0,110.0,135.0,0.0,135.0,110.0,25.0
TRX-20260213-01356,2026-02-13 01:27:14,1,00003591,622300359100,1,0,1,7.0,5.0,7.0,0.0,7.0,5.0,2.0
TRX-20260213-00811,2026-02-13 02:15:16,4,00003556,622300355600,3,0,3,7.0,5.5,21.0,0.0,21.0,16.5,4.5
TRX-20260213-01459,2026-02-13 02:32:44,2,00003570,622300357000,4,0,4,20.0,16.0,80.0,0.0,80.0,64.0,16.0
TRX-20260213-03321,2026-02-13 02:38:29,5,00003605,622300360500,3,3,0,58.0,45.0,174.0,174.0,0.0,0.0,0.0
TRX-20260213-01219,2026-02-13 04:04:47,3,00003577,622300357700,3,0,3,65.0,50.0,195.0,0.0,195.0,150.0,45.0
TRX-20260213-03413,2026-02-13 04:43:22,1,00003599,622300359900,3,0,3,380.0,320.0,1140.0,0.0,1140.0,960.0,180.0
TRX-20260213-01366,2026-02-13 04:54:55,3,00003558,622300355800,1,0,1,8.0,6.5,8.0,0.0,8.0,6.5,1.5
TRX-20260213-03825,2026-02-13 05:06:14,3,00003567,622300356724,2,1,1,775.2,696.0,1550.4,775.2,775.2,696.0,79.2
TRX-20260213-00379,2026-02-13 05:54:14,1,00003608,622300360800,1,0,1,78.0,60.0,78.0,0.0,78.0,60.0,18.0
TRX-20260213-03742,2026-02-13 06:22:01,3,00003604,622300360400,2,0,2,50.0,40.0,100.0,0.0,100.0,80.0,20.0
TRX-20260213-03129,2026-02-13 06:26:42,4,00003566,622300356600,2,0,2,180.0,150.0,360.0,0.0,360.0,300.0,60.0
TRX-20260213-00242,2026-02-13 06:26:55,5,00003561,622300356100,1,0,1,42.0,35.0,42.0,0.0,42.0,35.0,7.0
TRX-20260213-00311,2026-02-13 06:41:17,3,00003566,622300356600,1,0,1,180.0,150.0,180.0,0.0,180.0,150.0,30.0
TRX-20260213-00043,2026-02-13 06:41:42,4,00003602,622300360200,2,0,2,45.0,35.0,90.0,0.0,90.0,70.0,20.0
TRX-20260213-04548,2026-02-13 06:56:49,3,00003557,622300355700,4,0,4,7.0,5.5,28.0,0.0,28.0,22.0,6.0
TRX-20260213-00123,2026-02-13 06:57:36,5,00003556,622300355624,2,0,2,159.6,132.0,319.2,0.0,319.2,264.0,55.2
TRX-20260213-04229,2026-02-13 07:20:14,1,00003593,622300359300,3,0,3,18.0,14.0,54.0,0.0,54.0,42.0,12.0
TRX-20260213-01866,2026-02-13 09:08:57,4,00003581,622300358100,1,0,1,32.0,25.0,32.0,0.0,32.0,25.0,7.0
TRX-20260213-03162,2026-02-13 09:41:39,3,00003576,622300357606,2,0,2,1396.5,1260.0,2793.0,0.0,2793.0,2520.0,273.0
TRX-20260213-00254,2026-02-13 10:04:32,1,00003606,622300360600,1,0,1,85.0,65.0,85.0,0.0,85.0,65.0,20.0
TRX-20260213-01301,2026-02-13 10:12:45,4,00003567,622300356700,5,1,4,34.0,29.0,170.0,34.0,136.0,116.0,20.0
TRX-20260213-01091,2026-02-13 11:20:51,2,00003592,622300359200,3,0,3,4.5,3.0,13.5,0.0,13.5,9.0,4.5
TRX-20260213-03660,2026-02-13 11:26:50,1,00003576,622300357600,5,0,5,245.0,210.0,1225.0,0.0,1225.0,1050.0,175.0
TRX-20260213-03988,2026-02-13 11:41:32,1,00003592,622300359200,5,0,5,4.5,3.0,22.5,0.0,22.5,15.0,7.5
TRX-20260213-02553,2026-02-13 12:24:41,1,00003600,622300360000,1,0,1,135.0,110.0,135.0,0.0,135.0,110.0,25.0
TRX-20260213-00402,2026-02-13 12:37:47,3,00003552,622300355200,5,0,5,420.0,380.0,2100.0,0.0,2100.0,1900.0,200.0
TRX-20260213-02466,2026-02-13 12:58:51,1,00003609,622300360900,3,0,3,110.0,85.0,330.0,0.0,330.0,255.0,75.0
TRX-20260213-03477,2026-02-13 13:00:30,1,00003558,622300355800,4,0,4,8.0,6.5,32.0,0.0,32.0,26.0,6.0
TRX-20260213-03371,2026-02-13 13:50:11,3,00003589,622300358900,1,1,0,10.0,8.0,10.0,10.0,0.0,0.0,0.0
TRX-20260213-02288,2026-02-13 14:45:56,3,00003600,622300360000,4,0,4,135.0,110.0,540.0,0.0,540.0,440.0,100.0
TRX-20260213-03226,2026-02-13 15:39:37,3,00003576,622300357600,2,0,2,245.0,210.0,490.0,0.0,490.0,420.0,70.0
TRX-20260213-03769,2026-02-13 15:43:15,3,00003595,622300359500,4,0,4,110.0,85.0,440.0,0.0,440.0,340.0,100.0
TRX-20260213-02103,2026-02-13 16:16:55,2,00003583,622300358300,5,0,5,5.5,4.0,27.5,0.0,27.5,20.0,7.5
TRX-20260213-02788,2026-02-13 16:32:17,2,00003606,622300360600,1,0,1,85.0,65.0,85.0,0.0,85.0,65.0,20.0
TRX-20260213-00897,2026-02-13 16:52:01,4,00003577,622300357700,1,0,1,65.0,50.0,65.0,0.0,65.0,50.0,15.0
TRX-20260213-01421,2026-02-13 17:35:41,5,00003569,622300356900,5,0,5,14.0,11.0,70.0,0.0,70.0,55.0,15.0
TRX-20260213-04799,2026-02-13 17:36:19,1,00003586,622300358600,4,0,4,55.0,45.0,220.0,0.0,220.0,180.0,40.0
TRX-20260213-02033,2026-02-13 17:39:02,5,00003587,622300358700,4,0,4,135.0,110.0,540.0,0.0,540.0,440.0,100.0
TRX-20260213-00417,2026-02-13 18:40:12,2,00003555,622300355500,3,0,3,480.0,420.0,1440.0,0.0,1440.0,1260.0,180.0
TRX-20260213-03184,2026-02-13 18:43:24,3,00003574,622300357400,2,2,0,155.0,135.0,310.0,310.0,0.0,0.0,0.0
TRX-20260213-03452,2026-02-13 19:19:29,2,00003603,622300360300,3,0,3,35.0,28.0,105.0,0.0,105.0,84.0,21.0
TRX-20260213-01658,2026-02-13 19:23:15,3,00003563,622300356300,2,0,2,12.0,9.0,24.0,0.0,24.0,18.0,6.0
TRX-20260213-02817,2026-02-13 19:40:37,3,00003570,622300357000,4,0,4,20.0,16.0,80.0,0.0,80.0,64.0,16.0
TRX-20260213-01180,2026-02-13 20:55:39,2,00003584,622300358400,5,0,5,26.0,20.0,130.0,0.0,130.0,100.0,30.0
TRX-20260213-01674,2026-02-13 20:58:46,3,00003553,622300355300,3,0,3,450.0,400.0,1350.0,0.0,1350.0,1200.0,150.0
TRX-20260213-01159,2026-02-13 21:05:26,2,00003561,622300356100,3,0,3,42.0,35.0,126.0,0.0,126.0,105.0,21.0
TRX-20260213-03806,2026-02-13 21:10:57,1,00003601,622300360100,1,0,1,205.0,175.0,205.0,0.0,205.0,175.0,30.0
TRX-20260213-02478,2026-02-13 21:16:06,2,00003604,622300360400,5,0,5,50.0,40.0,250.0,0.0,250.0,200.0,50.0
TRX-20260213-03241,2026-02-13 21:54:59,5,00003613,622300361300,1,0,1,105.0,85.0,105.0,0.0,105.0,85.0,20.0
TRX-20260213-02444,2026-02-13 22:18:31,2,00003589,622300358900,3,0,3,10.0,8.0,30.0,0.0,30.0,24.0,6.0
TRX-20260213-04695,2026-02-13 22:30:03,1,00003565,622300356500,4,1,3,38.0,32.0,152.0,38.0,114.0,96.0,18.0
TRX-20260213-04298,2026-02-13 22:39:03,1,00003564,622300356400,2,0,2,20.0,16.0,40.0,0.0,40.0,32.0,8.0
TRX-20260213-00454,2026-02-13 23:09:07,5,00003606,622300360600,4,4,0,85.0,65.0,340.0,340.0,0.0,0.0,0.0
TRX-20260214-01179,2026-02-14 00:01:40,1,00003610,622300361000,5,0,5,75.0,60.0,375.0,0.0,375.0,300.0,75.0
TRX-20260214-00226,2026-02-14 00:57:37,2,00003607,622300360700,4,0,4,125.0,95.0,500.0,0.0,500.0,380.0,120.0
TRX-20260214-02035,2026-02-14 01:48:10,3,00003565,622300356500,2,1,1,38.0,32.0,76.0,38.0,38.0,32.0,6.0
TRX-20260214-04792,2026-02-14 02:01:46,2,00003588,622300358800,2,0,2,95.0,75.0,190.0,0.0,190.0,150.0,40.0
TRX-20260214-04462,2026-02-14 02:42:47,3,00003600,622300360000,4,0,4,135.0,110.0,540.0,0.0,540.0,440.0,100.0
TRX-20260214-00513,2026-02-14 02:45:11,1,00003592,622300359224,2,0,2,102.6,72.0,205.2,0.0,205.2,144.0,61.2
TRX-20260214-04309,2026-02-14 03:47:48,2,00003575,622300357500,1,0,1,55.0,45.0,55.0,0.0,55.0,45.0,10.0
TRX-20260214-03277,2026-02-14 04:06:27,2,00003582,622300358200,5,0,5,28.0,22.0,140.0,0.0,140.0,110.0,30.0
TRX-20260214-01974,2026-02-14 04:47:37,3,00003610,622300361000,1,0,1,75.0,60.0,75.0,0.0,75.0,60.0,15.0
TRX-20260214-03798,2026-02-14 04:53:38,2,00003594,622300359400,5,0,5,195.0,160.0,975.0,0.0,975.0,800.0,175.0
TRX-20260214-04798,2026-02-14 05:52:17,4,00003573,622300357300,3,0,3,88.0,75.0,264.0,0.0,264.0,225.0,39.0
TRX-20260214-00945,2026-02-14 06:36:38,2,00003555,622300355500,1,0,1,480.0,420.0,480.0,0.0,480.0,420.0,60.0
TRX-20260214-03323,2026-02-14 06:39:38,1,00003555,622300355500,1,1,0,480.0,420.0,480.0,480.0,0.0,0.0,0.0
TRX-20260214-04522,2026-02-14 06:43:42,1,00003609,622300360900,5,0,5,110.0,85.0,550.0,0.0,550.0,425.0,125.0
TRX-20260214-04469,2026-02-14 06:45:58,2,00003571,622300357100,2,0,2,17.5,14.0,35.0,0.0,35.0,28.0,7.0
TRX-20260214-01288,2026-02-14 07:00:26,1,00003571,622300357100,3,0,3,17.5,14.0,52.5,0.0,52.5,42.0,10.5
TRX-20260214-04778,2026-02-14 07:01:08,1,00003574,622300357400,2,0,2,155.0,135.0,310.0,0.0,310.0,270.0,40.0
TRX-20260214-01995,2026-02-14 07:47:45,1,00003561,622300356100,2,0,2,42.0,35.0,84.0,0.0,84.0,70.0,14.0
TRX-20260214-01579,2026-02-14 07:52:20,4,00003591,622300359100,1,0,1,7.0,5.0,7.0,0.0,7.0,5.0,2.0
TRX-20260214-00642,2026-02-14 08:53:30,1,00003590,622300359000,4,0,4,23.0,18.0,92.0,0.0,92.0,72.0,20.0
TRX-20260214-01706,2026-02-14 08:55:55,2,00003596,622300359600,1,0,1,120.0,95.0,120.0,0.0,120.0,95.0,25.0
TRX-20260214-03794,2026-02-14 09:58:15,2,00003574,622300357400,3,0,3,155.0,135.0,465.0,0.0,465.0,405.0,60.0
TRX-20260214-02414,2026-02-14 12:52:31,4,00003559,622300355900,1,0,1,28.0,22.0,28.0,0.0,28.0,22.0,6.0
TRX-20260214-04513,2026-02-14 13:16:36,2,00003584,622300358400,3,0,3,26.0,20.0,78.0,0.0,78.0,60.0,18.0
TRX-20260214-01337,2026-02-14 14:11:55,5,00003576,622300357600,3,0,3,245.0,210.0,735.0,0.0,735.0,630.0,105.0
TRX-20260214-02469,2026-02-14 14:17:09,3,00003583,622300358300,2,0,2,5.5,4.0,11.0,0.0,11.0,8.0,3.0
TRX-20260214-04141,2026-02-14 15:19:34,2,00003560,622300356000,2,0,2,135.0,110.0,270.0,0.0,270.0,220.0,50.0
TRX-20260214-00527,2026-02-14 15:57:20,3,00003606,622300360606,1,0,1,484.5,390.0,484.5,0.0,484.5,390.0,94.5
TRX-20260214-01636,2026-02-14 16:35:49,4,00003595,622300359500,5,0,5,110.0,85.0,550.0,0.0,550.0,425.0,125.0
TRX-20260214-02030,2026-02-14 17:18:57,5,00003563,622300356300,4,0,4,12.0,9.0,48.0,0.0,48.0,36.0,12.0
TRX-20260214-04589,2026-02-14 17:56:14,2,00003561,622300356100,5,0,5,42.0,35.0,210.0,0.0,210.0,175.0,35.0
TRX-20260214-00858,2026-02-14 18:14:49,1,00003595,622300359500,3,0,3,110.0,85.0,330.0,0.0,330.0,255.0,75.0
TRX-20260214-03986,2026-02-14 18:20:45,1,00003605,622300360500,2,0,2,58.0,45.0,116.0,0.0,116.0,90.0,26.0
TRX-20260214-01749,2026-02-14 19:00:22,1,00003586,622300358600,2,0,2,55.0,45.0,110.0,0.0,110.0,90.0,20.0
TRX-20260214-00393,2026-02-14 19:26:30,1,00003565,622300356500,1,0,1,38.0,32.0,38.0,0.0,38.0,32.0,6.0
TRX-20260214-04779,2026-02-14 19:28:51,1,00003564,622300356400,5,0,5,20.0,16.0,100.0,0.0,100.0,80.0,20.0
TRX-20260214-04124,2026-02-14 19:36:03,2,00003596,622300359624,1,0,1,2736.0,2280.0,2736.0,0.0,2736.0,2280.0,456.0
TRX-20260214-00869,2026-02-14 20:07:27,3,00003588,622300358800,4,0,4,95.0,75.0,380.0,0.0,380.0,300.0,80.0
TRX-20260214-04914,2026-02-14 20:25:25,5,00003610,622300361006,2,0,2,427.5,360.0,855.0,0.0,855.0,720.0,135.0
TRX-20260214-02718,2026-02-14 20:36:45,2,00003584,622300358400,3,0,3,26.0,20.0,78.0,0.0,78.0,60.0,18.0
TRX-20260214-01391,2026-02-14 20:48:40,1,00003565,622300356500,2,0,2,38.0,32.0,76.0,0.0,76.0,64.0,12.0
TRX-20260214-02269,2026-02-14 21:35:59,2,00003580,622300358000,3,0,3,38.0,30.0,114.0,0.0,114.0,90.0,24.0
TRX-20260214-00988,2026-02-14 21:50:32,2,00003557,622300355700,2,2,0,7.0,5.5,14.0,14.0,0.0,0.0,0.0
TRX-20260214-04514,2026-02-14 22:06:35,1,00003593,622300359300,2,1,1,18.0,14.0,36.0,18.0,18.0,14.0,4.0
TRX-20260214-02001,2026-02-14 22:41:01,3,00003603,622300360300,4,0,4,35.0,28.0,140.0,0.0,140.0,112.0,28.0
TRX-20260214-02867,2026-02-14 22:45:01,5,00003589,622300358900,3,0,3,10.0,8.0,30.0,0.0,30.0,24.0,6.0
TRX-20260214-01145,2026-02-14 23:55:48,3,00003559,622300355900,2,0,2,28.0,22.0,56.0,0.0,56.0,44.0,12.0
TRX-20260215-03285,2026-02-15 00:03:08,2,00003561,622300356100,1,0,1,42.0,35.0,42.0,0.0,42.0,35.0,7.0
TRX-20260215-00649,2026-02-15 00:38:31,3,00003598,622300359800,2,0,2,245.0,210.0,490.0,0.0,490.0,420.0,70.0
TRX-20260215-01323,2026-02-15 00:42:09,1,00003586,622300358600,3,0,3,55.0,45.0,165.0,0.0,165.0,135.0,30.0
TRX-20260215-01848,2026-02-15 00:45:37,2,00003606,622300360600,3,0,3,85.0,65.0,255.0,0.0,255.0,195.0,60.0
TRX-20260215-00772,2026-02-15 00:51:54,4,00003559,622300355900,4,0,4,28.0,22.0,112.0,0.0,112.0,88.0,24.0
TRX-20260215-04617,2026-02-15 01:02:17,4,00003595,622300359500,5,0,5,110.0,85.0,550.0,0.0,550.0,425.0,125.0
TRX-20260215-03757,2026-02-15 03:02:39,5,00003589,622300358900,2,0,2,10.0,8.0,20.0,0.0,20.0,16.0,4.0
TRX-20260215-04615,2026-02-15 03:21:28,2,00003592,622300359200,2,0,2,4.5,3.0,9.0,0.0,9.0,6.0,3.0
TRX-20260215-02346,2026-02-15 03:41:27,5,00003596,622300359600,5,0,5,120.0,95.0,600.0,0.0,600.0,475.0,125.0
TRX-20260215-04452,2026-02-15 03:52:22,3,00003582,622300358200,2,0,2,28.0,22.0,56.0,0.0,56.0,44.0,12.0
TRX-20260215-03746,2026-02-15 04:09:13,4,00003592,622300359200,4,0,4,4.5,3.0,18.0,0.0,18.0,12.0,6.0
TRX-20260215-00741,2026-02-15 04:20:46,1,00003561,622300356100,5,0,5,42.0,35.0,210.0,0.0,210.0,175.0,35.0
TRX-20260215-02260,2026-02-15 04:43:28,2,00003603,622300360300,1,0,1,35.0,28.0,35.0,0.0,35.0,28.0,7.0
TRX-20260215-04227,2026-02-15 04:46:42,1,00003555,622300355500,3,0,3,480.0,420.0,1440.0,0.0,1440.0,1260.0,180.0
TRX-20260215-02983,2026-02-15 05:13:50,3,00003593,622300359300,2,1,1,18.0,14.0,36.0,18.0,18.0,14.0,4.0
TRX-20260215-00549,2026-02-15 05:31:53,1,00003558,622300355800,4,0,4,8.0,6.5,32.0,0.0,32.0,26.0,6.0
TRX-20260215-00142,2026-02-15 06:17:09,3,00003560,622300356000,3,1,2,135.0,110.0,405.0,135.0,270.0,220.0,50.0
TRX-20260215-04647,2026-02-15 06:36:20,5,00003612,622300361200,3,0,3,16.0,12.0,48.0,0.0,48.0,36.0,12.0
TRX-20260215-02557,2026-02-15 06:37:42,3,00003559,622300355900,3,0,3,28.0,22.0,84.0,0.0,84.0,66.0,18.0
TRX-20260215-02829,2026-02-15 06:39:02,3,00003586,622300358600,2,0,2,55.0,45.0,110.0,0.0,110.0,90.0,20.0
TRX-20260215-02301,2026-02-15 06:42:39,3,00003563,622300356300,2,0,2,12.0,9.0,24.0,0.0,24.0,18.0,6.0
TRX-20260215-02199,2026-02-15 07:14:23,5,00003555,622300355500,3,1,2,480.0,420.0,1440.0,480.0,960.0,840.0,120.0
TRX-20260215-03783,2026-02-15 07:27:41,1,00003565,622300356500,1,0,1,38.0,32.0,38.0,0.0,38.0,32.0,6.0
TRX-20260215-02921,2026-02-15 07:55:18,4,00003571,622300357100,2,0,2,17.5,14.0,35.0,0.0,35.0,28.0,7.0
TRX-20260215-03762,2026-02-15 08:56:58,2,00003579,622300357900,3,0,3,110.0,85.0,330.0,0.0,330.0,255.0,75.0
TRX-20260215-02500,2026-02-15 09:52:17,1,00003585,622300358500,5,0,5,220.0,180.0,1100.0,0.0,1100.0,900.0,200.0
TRX-20260215-00069,2026-02-15 09:58:18,1,00003612,622300361200,3,0,3,16.0,12.0,48.0,0.0,48.0,36.0,12.0
TRX-20260215-00192,2026-02-15 10:19:24,3,00003567,622300356724,1,0,1,775.2,696.0,775.2,0.0,775.2,696.0,79.2
TRX-20260215-04261,2026-02-15 10:40:10,1,00003596,622300359600,3,0,3,120.0,95.0,360.0,0.0,360.0,285.0,75.0
TRX-20260215-02546,2026-02-15 11:44:36,1,00003604,622300360400,1,0,1,50.0,40.0,50.0,0.0,50.0,40.0,10.0
TRX-20260215-01644,2026-02-15 12:01:18,2,00003608,622300360800,5,0,5,78.0,60.0,390.0,0.0,390.0,300.0,90.0
TRX-20260215-00864,2026-02-15 12:14:56,3,00003599,622300359900,5,2,3,380.0,320.0,1900.0,760.0,1140.0,960.0,180.0
TRX-20260215-02901,2026-02-15 12:38:18,2,00003559,622300355900,3,0,3,28.0,22.0,84.0,0.0,84.0,66.0,18.0
TRX-20260215-00796,2026-02-15 13:04:49,4,00003554,622300355400,5,0,5,435.0,390.0,2175.0,0.0,2175.0,1950.0,225.0
TRX-20260215-03706,2026-02-15 13:30:43,1,00003579,622300357900,2,0,2,110.0,85.0,220.0,0.0,220.0,170.0,50.0
TRX-20260215-03830,2026-02-15 13:32:19,2,00003563,622300356300,3,0,3,12.0,9.0,36.0,0.0,36.0,27.0,9.0
TRX-20260215-04836,2026-02-15 13:40:00,4,00003561,622300356100,3,0,3,42.0,35.0,126.0,0.0,126.0,105.0,21.0
TRX-20260215-03056,2026-02-15 13:45:35,1,00003563,622300356312,2,0,2,136.8,108.0,273.6,0.0,273.6,216.0,57.6
TRX-20260215-02779,2026-02-15 13:49:52,2,00003599,622300359900,5,0,5,380.0,320.0,1900.0,0.0,1900.0,1600.0,300.0
TRX-20260215-02510,2026-02-15 13:57:37,2,00003561,622300356100,5,0,5,42.0,35.0,210.0,0.0,210.0,175.0,35.0
TRX-20260215-04596,2026-02-15 14:36:56,5,00003605,622300360500,2,0,2,58.0,45.0,116.0,0.0,116.0,90.0,26.0
TRX-20260215-00566,2026-02-15 14:47:11,2,00003573,622300357300,2,0,2,88.0,75.0,176.0,0.0,176.0,150.0,26.0
TRX-20260215-00456,2026-02-15 15:14:52,3,00003566,622300356606,1,0,1,1026.0,900.0,1026.0,0.0,1026.0,900.0,126.0
TRX-20260215-01742,2026-02-15 15:15:53,2,00003562,622300356200,5,0,5,60.0,50.0,300.0,0.0,300.0,250.0,50.0
TRX-20260215-04406,2026-02-15 15:22:21,5,00003610,622300361000,3,0,3,75.0,60.0,225.0,0.0,225.0,180.0,45.0
TRX-20260215-03955,2026-02-15 15:22:35,2,00003582,622300358200,1,0,1,28.0,22.0,28.0,0.0,28.0,22.0,6.0
TRX-20260215-03415,2026-02-15 15:27:36,5,00003567,622300356724,1,0,1,775.2,696.0,775.2,0.0,775.2,696.0,79.2
TRX-20260215-04784,2026-02-15 15:37:53,2,00003586,622300358600,5,0,5,55.0,45.0,275.0,0.0,275.0,225.0,50.0
TRX-20260215-04681,2026-02-15 16:08:28,2,00003590,622300359000,2,0,2,23.0,18.0,46.0,0.0,46.0,36.0,10.0
TRX-20260215-01952,2026-02-15 16:21:49,1,00003579,622300357900,2,0,2,110.0,85.0,220.0,0.0,220.0,170.0,50.0
TRX-20260215-00011,2026-02-15 16:50:56,3,00003598,622300359800,5,0,5,245.0,210.0,1225.0,0.0,1225.0,1050.0,175.0
TRX-20260215-03732,2026-02-15 17:20:30,2,00003572,622300357200,5,0,5,23.0,18.0,115.0,0.0,115.0,90.0,25.0
TRX-20260215-04861,2026-02-15 17:49:30,3,00003581,622300358124,1,0,1,729.6,600.0,729.6,0.0,729.6,600.0,129.6
TRX-20260215-03403,2026-02-15 17:50:19,2,00003592,622300359200,1,0,1,4.5,3.0,4.5,0.0,4.5,3.0,1.5
TRX-20260215-01198,2026-02-15 18:21:44,1,00003556,622300355600,2,0,2,7.0,5.5,14.0,0.0,14.0,11.0,3.0
TRX-20260215-03984,2026-02-15 18:42:31,5,00003556,622300355600,3,1,2,7.0,5.5,21.0,7.0,14.0,11.0,3.0
TRX-20260215-01457,2026-02-15 18:56:33,3,00003567,622300356700,1,0,1,34.0,29.0,34.0,0.0,34.0,29.0,5.0
TRX-20260215-03914,2026-02-15 19:16:50,2,00003587,622300358700,2,0,2,135.0,110.0,270.0,0.0,270.0,220.0,50.0
TRX-20260215-01435,2026-02-15 19:20:39,4,00003604,622300360400,4,0,4,50.0,40.0,200.0,0.0,200.0,160.0,40.0
TRX-20260215-02499,2026-02-15 19:25:50,1,00003571,622300357100,2,0,2,17.5,14.0,35.0,0.0,35.0,28.0,7.0
TRX-20260215-00608,2026-02-15 19:39:46,4,00003579,622300357900,4,0,4,110.0,85.0,440.0,0.0,440.0,340.0,100.0
TRX-20260215-03912,2026-02-15 20:05:15,3,00003588,622300358800,3,0,3,95.0,75.0,285.0,0.0,285.0,225.0,60.0
TRX-20260215-04057,2026-02-15 21:11:22,4,00003557,622300355700,5,0,5,7.0,5.5,35.0,0.0,35.0,27.5,7.5
TRX-20260215-01294,2026-02-15 21:13:00,5,00003588,622300358800,4,0,4,95.0,75.0,380.0,0.0,380.0,300.0,80.0
TRX-20260215-00923,2026-02-15 21:30:21,1,00003608,622300360800,2,0,2,78.0,60.0,156.0,0.0,156.0,120.0,36.0
TRX-20260215-04676,2026-02-15 21:33:07,1,00003588,622300358824,1,0,1,2166.0,1800.0,2166.0,0.0,2166.0,1800.0,366.0
TRX-20260215-02107,2026-02-15 21:36:36,1,00003563,622300356300,5,0,5,12.0,9.0,60.0,0.0,60.0,45.0,15.0
TRX-20260215-03718,2026-02-15 21:52:33,2,00003593,622300359300,2,0,2,18.0,14.0,36.0,0.0,36.0,28.0,8.0
TRX-20260215-04777,2026-02-15 22:06:17,1,00003555,622300355500,4,0,4,480.0,420.0,1920.0,0.0,1920.0,1680.0,240.0
TRX-20260215-03649,2026-02-15 22:49:05,5,00003604,622300360400,5,0,5,50.0,40.0,250.0,0.0,250.0,200.0,50.0
TRX-20260215-00884,2026-02-15 23:37:24,1,00003589,622300358900,5,0,5,10.0,8.0,50.0,0.0,50.0,40.0,10.0
TRX-20260215-04528,2026-02-15 23:57:06,3,00003568,622300356800,5,1,4,105.0,85.0,525.0,105.0,420.0,340.0,80.0
TRX-20260216-02733,2026-02-16 00:09:26,1,00003570,622300357000,5,4,1,20.0,16.0,100.0,80.0,20.0,16.0,4.0
TRX-20260216-04042,2026-02-16 00:14:08,2,00003554,622300355400,5,0,5,435.0,390.0,2175.0,0.0,2175.0,1950.0,225.0
TRX-20260216-02933,2026-02-16 00:16:26,1,00003552,622300355200,4,0,4,420.0,380.0,1680.0,0.0,1680.0,1520.0,160.0
TRX-20260216-01622,2026-02-16 00:42:28,1,00003590,622300359000,1,0,1,23.0,18.0,23.0,0.0,23.0,18.0,5.0
TRX-20260216-04163,2026-02-16 01:35:39,2,00003556,622300355600,4,0,4,7.0,5.5,28.0,0.0,28.0,22.0,6.0
TRX-20260216-01632,2026-02-16 01:44:00,3,00003559,622300355900,4,0,4,28.0,22.0,112.0,0.0,112.0,88.0,24.0
TRX-20260216-02253,2026-02-16 02:41:21,3,00003557,622300355700,3,0,3,7.0,5.5,21.0,0.0,21.0,16.5,4.5
TRX-20260216-03859,2026-02-16 03:21:14,4,00003578,622300357800,2,0,2,45.0,35.0,90.0,0.0,90.0,70.0,20.0
TRX-20260216-03797,2026-02-16 03:38:11,1,00003587,622300358700,2,0,2,135.0,110.0,270.0,0.0,270.0,220.0,50.0
TRX-20260216-04119,2026-02-16 04:20:01,4,00003582,622300358200,2,0,2,28.0,22.0,56.0,0.0,56.0,44.0,12.0
TRX-20260216-02406,2026-02-16 05:06:03,5,00003613,622300361300,2,2,0,105.0,85.0,210.0,210.0,0.0,0.0,0.0
TRX-20260216-04043,2026-02-16 05:09:24,5,00003588,622300358824,1,0,1,2166.0,1800.0,2166.0,0.0,2166.0,1800.0,366.0
TRX-20260216-04070,2026-02-16 05:19:22,3,00003587,622300358700,5,0,5,135.0,110.0,675.0,0.0,675.0,550.0,125.0
TRX-20260216-01371,2026-02-16 05:34:49,2,00003613,622300361300,3,0,3,105.0,85.0,315.0,0.0,315.0,255.0,60.0
TRX-20260216-03200,2026-02-16 06:00:25,1,00003602,622300360200,2,0,2,45.0,35.0,90.0,0.0,90.0,70.0,20.0
TRX-20260216-02295,2026-02-16 06:54:46,1,00003584,622300358400,5,0,5,26.0,20.0,130.0,0.0,130.0,100.0,30.0
TRX-20260216-02802,2026-02-16 07:06:13,2,00003585,622300358500,5,0,5,220.0,180.0,1100.0,0.0,1100.0,900.0,200.0
TRX-20260216-03197,2026-02-16 07:10:29,1,00003611,622300361100,4,0,4,28.0,22.0,112.0,0.0,112.0,88.0,24.0
TRX-20260216-04034,2026-02-16 07:19:04,3,00003609,622300360900,1,0,1,110.0,85.0,110.0,0.0,110.0,85.0,25.0
TRX-20260216-04834,2026-02-16 07:23:49,3,00003590,622300359000,4,0,4,23.0,18.0,92.0,0.0,92.0,72.0,20.0
TRX-20260216-01540,2026-02-16 07:52:02,3,00003558,622300355800,1,0,1,8.0,6.5,8.0,0.0,8.0,6.5,1.5
TRX-20260216-03864,2026-02-16 08:12:46,1,00003577,622300357700,1,0,1,65.0,50.0,65.0,0.0,65.0,50.0,15.0
TRX-20260216-04178,2026-02-16 08:51:25,1,00003556,622300355600,3,0,3,7.0,5.5,21.0,0.0,21.0,16.5,4.5
TRX-20260216-01194,2026-02-16 09:36:48,2,00003604,622300360424,1,0,1,1140.0,960.0,1140.0,0.0,1140.0,960.0,180.0
TRX-20260216-02572,2026-02-16 09:44:40,1,00003603,622300360300,1,0,1,35.0,28.0,35.0,0.0,35.0,28.0,7.0
TRX-20260216-02661,2026-02-16 10:05:18,3,00003587,622300358700,1,1,0,135.0,110.0,135.0,135.0,0.0,0.0,0.0
TRX-20260216-01919,2026-02-16 10:09:14,3,00003610,622300361000,4,0,4,75.0,60.0,300.0,0.0,300.0,240.0,60.0
TRX-20260216-01923,2026-02-16 10:35:41,3,00003584,622300358400,3,0,3,26.0,20.0,78.0,0.0,78.0,60.0,18.0
TRX-20260216-01976,2026-02-16 10:37:01,3,00003553,622300355300,5,0,5,450.0,400.0,2250.0,0.0,2250.0,2000.0,250.0
TRX-20260216-01697,2026-02-16 10:39:45,2,00003568,622300356800,4,1,3,105.0,85.0,420.0,105.0,315.0,255.0,60.0
TRX-20260216-01593,2026-02-16 10:55:34,3,00003568,622300356800,2,0,2,105.0,85.0,210.0,0.0,210.0,170.0,40.0
TRX-20260216-01284,2026-02-16 11:03:13,3,00003606,622300360600,4,0,4,85.0,65.0,340.0,0.0,340.0,260.0,80.0
TRX-20260216-02515,2026-02-16 11:40:51,1,00003608,622300360800,2,0,2,78.0,60.0,156.0,0.0,156.0,120.0,36.0
TRX-20260216-01934,2026-02-16 11:47:44,1,00003562,622300356200,4,0,4,60.0,50.0,240.0,0.0,240.0,200.0,40.0
TRX-20260216-03435,2026-02-16 12:12:21,3,00003558,622300355800,1,0,1,8.0,6.5,8.0,0.0,8.0,6.5,1.5
TRX-20260216-01570,2026-02-16 12:20:41,4,00003583,622300358300,2,0,2,5.5,4.0,11.0,0.0,11.0,8.0,3.0
TRX-20260216-04284,2026-02-16 12:34:05,5,00003563,622300356300,5,2,3,12.0,9.0,60.0,24.0,36.0,27.0,9.0
TRX-20260216-03247,2026-02-16 13:29:34,1,00003566,622300356600,2,0,2,180.0,150.0,360.0,0.0,360.0,300.0,60.0
TRX-20260216-01470,2026-02-16 13:55:09,1,00003553,622300355300,3,0,3,450.0,400.0,1350.0,0.0,1350.0,1200.0,150.0
TRX-20260216-04641,2026-02-16 14:06:34,4,00003582,622300358200,1,0,1,28.0,22.0,28.0,0.0,28.0,22.0,6.0
TRX-20260216-04956,2026-02-16 14:18:00,2,00003609,622300360900,1,0,1,110.0,85.0,110.0,0.0,110.0,85.0,25.0
TRX-20260216-04317,2026-02-16 14:21:10,3,00003584,622300358400,4,0,4,26.0,20.0,104.0,0.0,104.0,80.0,24.0
TRX-20260216-00974,2026-02-16 14:25:02,1,00003566,622300356600,4,0,4,180.0,150.0,720.0,0.0,720.0,600.0,120.0
TRX-20260216-02766,2026-02-16 16:10:54,2,00003611,622300361100,4,0,4,28.0,22.0,112.0,0.0,112.0,88.0,24.0
TRX-20260216-03729,2026-02-16 16:35:33,3,00003565,622300356500,1,0,1,38.0,32.0,38.0,0.0,38.0,32.0,6.0
TRX-20260216-03012,2026-02-16 17:45:19,5,00003560,622300356000,5,0,5,135.0,110.0,675.0,0.0,675.0,550.0,125.0
TRX-20260216-04493,2026-02-16 19:21:59,3,00003590,622300359000,5,0,5,23.0,18.0,115.0,0.0,115.0,90.0,25.0
TRX-20260216-00332,2026-02-16 19:38:46,3,00003574,622300357400,1,0,1,155.0,135.0,155.0,0.0,155.0,135.0,20.0
TRX-20260216-04256,2026-02-16 20:31:04,1,00003597,622300359700,1,0,1,160.0,130.0,160.0,0.0,160.0,130.0,30.0
TRX-20260216-03235,2026-02-16 20:55:42,4,00003573,622300357300,1,0,1,88.0,75.0,88.0,0.0,88.0,75.0,13.0
TRX-20260216-03349,2026-02-16 21:05:27,3,00003566,622300356600,3,3,0,180.0,150.0,540.0,540.0,0.0,0.0,0.0
TRX-20260216-04267,2026-02-16 21:13:35,3,00003608,622300360800,5,0,5,78.0,60.0,390.0,0.0,390.0,300.0,90.0
TRX-20260216-03271,2026-02-16 22:04:11,4,00003588,622300358800,2,0,2,95.0,75.0,190.0,0.0,190.0,150.0,40.0
TRX-20260216-02673,2026-02-16 22:06:33,1,00003573,622300357300,3,0,3,88.0,75.0,264.0,0.0,264.0,225.0,39.0
TRX-20260217-03891,2026-02-17 00:57:39,3,00003610,622300361000,1,0,1,75.0,60.0,75.0,0.0,75.0,60.0,15.0
TRX-20260217-03673,2026-02-17 01:30:11,2,00003559,622300355900,1,0,1,28.0,22.0,28.0,0.0,28.0,22.0,6.0
TRX-20260217-02204,2026-02-17 01:39:48,1,00003580,622300358000,4,0,4,38.0,30.0,152.0,0.0,152.0,120.0,32.0
TRX-20260217-01808,2026-02-17 02:08:09,3,00003576,622300357600,5,0,5,245.0,210.0,1225.0,0.0,1225.0,1050.0,175.0
TRX-20260217-00178,2026-02-17 03:07:30,3,00003580,622300358000,4,0,4,38.0,30.0,152.0,0.0,152.0,120.0,32.0
TRX-20260217-00930,2026-02-17 03:33:14,2,00003569,622300356900,2,0,2,14.0,11.0,28.0,0.0,28.0,22.0,6.0
TRX-20260217-02205,2026-02-17 03:49:07,4,00003572,622300357200,4,0,4,23.0,18.0,92.0,0.0,92.0,72.0,20.0
TRX-20260217-04169,2026-02-17 03:52:45,4,00003594,622300359400,3,3,0,195.0,160.0,585.0,585.0,0.0,0.0,0.0
TRX-20260217-04129,2026-02-17 03:59:10,3,00003609,622300360900,4,3,1,110.0,85.0,440.0,330.0,110.0,85.0,25.0
TRX-20260217-01325,2026-02-17 04:39:54,2,00003595,622300359500,3,0,3,110.0,85.0,330.0,0.0,330.0,255.0,75.0
TRX-20260217-03345,2026-02-17 04:41:28,1,00003580,622300358000,3,0,3,38.0,30.0,114.0,0.0,114.0,90.0,24.0
TRX-20260217-00157,2026-02-17 05:53:07,1,00003599,622300359900,5,0,5,380.0,320.0,1900.0,0.0,1900.0,1600.0,300.0
TRX-20260217-02282,2026-02-17 05:54:09,1,00003554,622300355400,5,0,5,435.0,390.0,2175.0,0.0,2175.0,1950.0,225.0
TRX-20260217-01833,2026-02-17 06:08:01,3,00003565,622300356500,2,0,2,38.0,32.0,76.0,0.0,76.0,64.0,12.0
TRX-20260217-04896,2026-02-17 06:48:43,5,00003589,622300358900,5,0,5,10.0,8.0,50.0,0.0,50.0,40.0,10.0
TRX-20260217-02523,2026-02-17 08:02:28,3,00003571,622300357100,3,0,3,17.5,14.0,52.5,0.0,52.5,42.0,10.5
TRX-20260217-01783,2026-02-17 08:20:50,3,00003585,622300358500,1,0,1,220.0,180.0,220.0,0.0,220.0,180.0,40.0
TRX-20260217-00174,2026-02-17 08:53:25,2,00003587,622300358700,1,0,1,135.0,110.0,135.0,0.0,135.0,110.0,25.0
TRX-20260217-04943,2026-02-17 08:56:41,1,00003611,622300361100,1,0,1,28.0,22.0,28.0,0.0,28.0,22.0,6.0
TRX-20260217-00463,2026-02-17 08:57:03,3,00003570,622300357000,2,0,2,20.0,16.0,40.0,0.0,40.0,32.0,8.0
TRX-20260217-01657,2026-02-17 09:02:06,4,00003586,622300358600,4,3,1,55.0,45.0,220.0,165.0,55.0,45.0,10.0
TRX-20260217-03468,2026-02-17 09:23:30,3,00003570,622300357000,4,0,4,20.0,16.0,80.0,0.0,80.0,64.0,16.0
TRX-20260217-02820,2026-02-17 09:44:02,5,00003585,622300358500,3,0,3,220.0,180.0,660.0,0.0,660.0,540.0,120.0
TRX-20260217-03668,2026-02-17 09:51:10,1,00003565,622300356500,5,0,5,38.0,32.0,190.0,0.0,190.0,160.0,30.0
TRX-20260217-04384,2026-02-17 10:20:38,2,00003598,622300359812,2,0,2,2793.0,2520.0,5586.0,0.0,5586.0,5040.0,546.0
TRX-20260217-04447,2026-02-17 10:23:23,1,00003577,622300357700,1,0,1,65.0,50.0,65.0,0.0,65.0,50.0,15.0
TRX-20260217-04722,2026-02-17 11:03:36,2,00003577,622300357724,2,0,2,1482.0,1200.0,2964.0,0.0,2964.0,2400.0,564.0
TRX-20260217-04105,2026-02-17 12:33:36,5,00003589,622300358900,2,0,2,10.0,8.0,20.0,0.0,20.0,16.0,4.0
TRX-20260217-04373,2026-02-17 13:08:28,2,00003576,622300357600,1,0,1,245.0,210.0,245.0,0.0,245.0,210.0,35.0
TRX-20260217-01329,2026-02-17 13:37:08,2,00003598,622300359800,3,0,3,245.0,210.0,735.0,0.0,735.0,630.0,105.0
TRX-20260217-04085,2026-02-17 14:22:38,5,00003605,622300360500,5,0,5,58.0,45.0,290.0,0.0,290.0,225.0,65.0
TRX-20260217-04490,2026-02-17 14:36:56,4,00003613,622300361300,2,0,2,105.0,85.0,210.0,0.0,210.0,170.0,40.0
TRX-20260217-03433,2026-02-17 15:43:57,2,00003601,622300360106,2,0,2,1168.5,1050.0,2337.0,0.0,2337.0,2100.0,237.0
TRX-20260217-00119,2026-02-17 15:45:23,1,00003581,622300358100,1,0,1,32.0,25.0,32.0,0.0,32.0,25.0,7.0
TRX-20260217-04590,2026-02-17 16:01:35,2,00003598,622300359800,4,2,2,245.0,210.0,980.0,490.0,490.0,420.0,70.0
TRX-20260217-03817,2026-02-17 16:02:46,2,00003612,622300361200,5,0,5,16.0,12.0,80.0,0.0,80.0,60.0,20.0
TRX-20260217-04552,2026-02-17 16:13:31,3,00003593,622300359300,4,0,4,18.0,14.0,72.0,0.0,72.0,56.0,16.0
TRX-20260217-01035,2026-02-17 17:12:57,2,00003574,622300357400,4,0,4,155.0,135.0,620.0,0.0,620.0,540.0,80.0
TRX-20260217-00957,2026-02-17 17:55:21,1,00003560,622300356000,5,3,2,135.0,110.0,675.0,405.0,270.0,220.0,50.0
TRX-20260217-04921,2026-02-17 18:01:08,2,00003569,622300356906,1,0,1,79.8,66.0,79.8,0.0,79.8,66.0,13.8
TRX-20260217-03918,2026-02-17 18:25:53,3,00003558,622300355800,2,0,2,8.0,6.5,16.0,0.0,16.0,13.0,3.0
TRX-20260217-04250,2026-02-17 18:33:17,3,00003562,622300356200,1,0,1,60.0,50.0,60.0,0.0,60.0,50.0,10.0
TRX-20260217-02792,2026-02-17 18:59:11,1,00003610,622300361000,4,0,4,75.0,60.0,300.0,0.0,300.0,240.0,60.0
TRX-20260217-00734,2026-02-17 18:59:22,3,00003553,622300355300,1,0,1,450.0,400.0,450.0,0.0,450.0,400.0,50.0
TRX-20260217-04103,2026-02-17 19:03:45,3,00003563,622300356300,3,0,3,12.0,9.0,36.0,0.0,36.0,27.0,9.0
TRX-20260217-04446,2026-02-17 19:07:19,1,00003596,622300359600,4,0,4,120.0,95.0,480.0,0.0,480.0,380.0,100.0
TRX-20260217-01468,2026-02-17 20:34:57,2,00003606,622300360600,4,0,4,85.0,65.0,340.0,0.0,340.0,260.0,80.0
TRX-20260217-04729,2026-02-17 21:16:57,1,00003584,622300358400,2,1,1,26.0,20.0,52.0,26.0,26.0,20.0,6.0
TRX-20260217-00105,2026-02-17 22:15:24,5,00003586,622300358624,2,0,2,1254.0,1080.0,2508.0,0.0,2508.0,2160.0,348.0
TRX-20260217-01142,2026-02-17 23:18:18,4,00003568,622300356800,3,0,3,105.0,85.0,315.0,0.0,315.0,255.0,60.0
TRX-20260218-00908,2026-02-18 00:09:42,1,00003577,622300357700,2,0,2,65.0,50.0,130.0,0.0,130.0,100.0,30.0
TRX-20260218-04530,2026-02-18 00:31:46,2,00003594,622300359400,2,0,2,195.0,160.0,390.0,0.0,390.0,320.0,70.0
TRX-20260218-03082,2026-02-18 00:49:48,5,00003583,622300358300,1,0,1,5.5,4.0,5.5,0.0,5.5,4.0,1.5
TRX-20260218-02497,2026-02-18 01:43:06,3,00003577,622300357700,4,0,4,65.0,50.0,260.0,0.0,260.0,200.0,60.0
TRX-20260218-03738,2026-02-18 01:53:50,3,00003594,622300359400,4,0,4,195.0,160.0,780.0,0.0,780.0,640.0,140.0
TRX-20260218-04601,2026-02-18 01:55:59,5,00003603,622300360300,2,0,2,35.0,28.0,70.0,0.0,70.0,56.0,14.0
TRX-20260218-02503,2026-02-18 02:00:25,3,00003577,622300357700,1,1,0,65.0,50.0,65.0,65.0,0.0,0.0,0.0
TRX-20260218-01279,2026-02-18 02:39:20,5,00003592,622300359200,1,0,1,4.5,3.0,4.5,0.0,4.5,3.0,1.5
TRX-20260218-00766,2026-02-18 03:20:21,1,00003598,622300359800,2,0,2,245.0,210.0,490.0,0.0,490.0,420.0,70.0
TRX-20260218-01980,2026-02-18 03:26:04,2,00003613,622300361300,4,0,4,105.0,85.0,420.0,0.0,420.0,340.0,80.0
TRX-20260218-03569,2026-02-18 03:27:05,5,00003560,622300356000,1,0,1,135.0,110.0,135.0,0.0,135.0,110.0,25.0
TRX-20260218-02638,2026-02-18 03:49:37,1,00003573,622300357324,2,0,2,2006.4,1800.0,4012.8,0.0,4012.8,3600.0,412.8
TRX-20260218-02737,2026-02-18 03:55:16,4,00003584,622300358424,1,0,1,592.8,480.0,592.8,0.0,592.8,480.0,112.8
TRX-20260218-02818,2026-02-18 03:58:56,3,00003603,622300360300,1,0,1,35.0,28.0,35.0,0.0,35.0,28.0,7.0
TRX-20260218-03767,2026-02-18 04:07:23,1,00003593,622300359300,1,0,1,18.0,14.0,18.0,0.0,18.0,14.0,4.0
TRX-20260218-01762,2026-02-18 04:23:52,1,00003583,622300358300,3,0,3,5.5,4.0,16.5,0.0,16.5,12.0,4.5
TRX-20260218-02140,2026-02-18 04:52:44,5,00003580,622300358000,3,0,3,38.0,30.0,114.0,0.0,114.0,90.0,24.0
TRX-20260218-00120,2026-02-18 04:55:25,5,00003584,622300358400,4,0,4,26.0,20.0,104.0,0.0,104.0,80.0,24.0
TRX-20260218-03496,2026-02-18 05:20:46,1,00003555,622300355500,5,0,5,480.0,420.0,2400.0,0.0,2400.0,2100.0,300.0
TRX-20260218-03711,2026-02-18 05:38:45,1,00003611,622300361100,5,0,5,28.0,22.0,140.0,0.0,140.0,110.0,30.0
TRX-20260218-02442,2026-02-18 05:53:45,4,00003576,622300357600,1,0,1,245.0,210.0,245.0,0.0,245.0,210.0,35.0
TRX-20260218-01795,2026-02-18 06:57:33,4,00003577,622300357700,2,1,1,65.0,50.0,130.0,65.0,65.0,50.0,15.0
TRX-20260218-00875,2026-02-18 07:16:38,5,00003590,622300359000,4,0,4,23.0,18.0,92.0,0.0,92.0,72.0,20.0
TRX-20260218-03987,2026-02-18 07:18:37,2,00003608,622300360800,4,0,4,78.0,60.0,312.0,0.0,312.0,240.0,72.0
TRX-20260218-00787,2026-02-18 09:10:22,1,00003598,622300359800,3,1,2,245.0,210.0,735.0,245.0,490.0,420.0,70.0
TRX-20260218-03827,2026-02-18 09:10:37,3,00003583,622300358300,2,1,1,5.5,4.0,11.0,5.5,5.5,4.0,1.5
TRX-20260218-03269,2026-02-18 09:19:58,2,00003570,622300357006,1,0,1,114.0,96.0,114.0,0.0,114.0,96.0,18.0
TRX-20260218-02310,2026-02-18 09:23:14,3,00003606,622300360600,5,0,5,85.0,65.0,425.0,0.0,425.0,325.0,100.0
TRX-20260218-02559,2026-02-18 10:09:46,1,00003592,622300359200,3,0,3,4.5,3.0,13.5,0.0,13.5,9.0,4.5
TRX-20260218-03124,2026-02-18 10:10:38,3,00003557,622300355700,5,0,5,7.0,5.5,35.0,0.0,35.0,27.5,7.5
TRX-20260218-02277,2026-02-18 10:29:52,1,00003582,622300358200,4,0,4,28.0,22.0,112.0,0.0,112.0,88.0,24.0
TRX-20260218-02409,2026-02-18 10:50:39,4,00003603,622300360300,5,0,5,35.0,28.0,175.0,0.0,175.0,140.0,35.0
TRX-20260218-03236,2026-02-18 11:09:53,3,00003599,622300359900,3,0,3,380.0,320.0,1140.0,0.0,1140.0,960.0,180.0
TRX-20260218-01053,2026-02-18 11:14:39,2,00003601,622300360100,1,0,1,205.0,175.0,205.0,0.0,205.0,175.0,30.0
TRX-20260218-01111,2026-02-18 11:25:28,2,00003563,622300356312,1,1,0,136.8,108.0,136.8,136.8,0.0,0.0,0.0
TRX-20260218-04451,2026-02-18 11:42:00,5,00003590,622300359000,5,0,5,23.0,18.0,115.0,0.0,115.0,90.0,25.0
TRX-20260218-03725,2026-02-18 11:42:40,3,00003564,622300356400,1,0,1,20.0,16.0,20.0,0.0,20.0,16.0,4.0
TRX-20260218-02972,2026-02-18 11:50:40,4,00003578,622300357800,4,0,4,45.0,35.0,180.0,0.0,180.0,140.0,40.0
TRX-20260218-03571,2026-02-18 12:20:02,2,00003560,622300356000,1,0,1,135.0,110.0,135.0,0.0,135.0,110.0,25.0
TRX-20260218-03186,2026-02-18 12:29:03,3,00003598,622300359800,1,0,1,245.0,210.0,245.0,0.0,245.0,210.0,35.0
TRX-20260218-04018,2026-02-18 12:30:00,1,00003612,622300361200,3,0,3,16.0,12.0,48.0,0.0,48.0,36.0,12.0
TRX-20260218-02270,2026-02-18 13:29:09,1,00003597,622300359700,2,0,2,160.0,130.0,320.0,0.0,320.0,260.0,60.0
TRX-20260218-02997,2026-02-18 13:40:17,1,00003604,622300360400,3,0,3,50.0,40.0,150.0,0.0,150.0,120.0,30.0
TRX-20260218-04023,2026-02-18 14:41:05,1,00003578,622300357800,2,0,2,45.0,35.0,90.0,0.0,90.0,70.0,20.0
TRX-20260218-04333,2026-02-18 14:55:24,1,00003601,622300360100,2,0,2,205.0,175.0,410.0,0.0,410.0,350.0,60.0
TRX-20260218-04361,2026-02-18 14:57:26,2,00003569,622300356900,1,0,1,14.0,11.0,14.0,0.0,14.0,11.0,3.0
TRX-20260218-02595,2026-02-18 15:11:49,4,00003561,622300356100,5,0,5,42.0,35.0,210.0,0.0,210.0,175.0,35.0
TRX-20260218-01073,2026-02-18 15:59:22,3,00003562,622300356200,5,0,5,60.0,50.0,300.0,0.0,300.0,250.0,50.0
TRX-20260218-02162,2026-02-18 16:01:52,2,00003556,622300355600,1,0,1,7.0,5.5,7.0,0.0,7.0,5.5,1.5
TRX-20260218-01532,2026-02-18 16:25:41,1,00003573,622300357324,2,0,2,2006.4,1800.0,4012.8,0.0,4012.8,3600.0,412.8
TRX-20260218-00686,2026-02-18 16:56:35,3,00003579,622300357900,5,0,5,110.0,85.0,550.0,0.0,550.0,425.0,125.0
TRX-20260218-01423,2026-02-18 18:25:44,1,00003575,622300357500,4,0,4,55.0,45.0,220.0,0.0,220.0,180.0,40.0
TRX-20260218-04059,2026-02-18 19:01:07,5,00003589,622300358912,1,0,1,114.0,96.0,114.0,0.0,114.0,96.0,18.0
TRX-20260218-01554,2026-02-18 19:05:41,3,00003601,622300360100,5,0,5,205.0,175.0,1025.0,0.0,1025.0,875.0,150.0
TRX-20260218-02381,2026-02-18 19:28:47,3,00003579,622300357900,2,1,1,110.0,85.0,220.0,110.0,110.0,85.0,25.0
TRX-20260218-01772,2026-02-18 20:02:19,3,00003588,622300358800,2,0,2,95.0,75.0,190.0,0.0,190.0,150.0,40.0
TRX-20260218-04232,2026-02-18 20:49:56,2,00003557,622300355700,2,0,2,7.0,5.5,14.0,0.0,14.0,11.0,3.0
TRX-20260218-00002,2026-02-18 22:05:22,2,00003582,622300358200,2,0,2,28.0,22.0,56.0,0.0,56.0,44.0,12.0
TRX-20260218-01528,2026-02-18 22:05:49,4,00003572,622300357200,3,0,3,23.0,18.0,69.0,0.0,69.0,54.0,15.0
TRX-20260218-00337,2026-02-18 22:08:08,2,00003560,622300356000,2,0,2,135.0,110.0,270.0,0.0,270.0,220.0,50.0
TRX-20260218-01571,2026-02-18 22:22:23,4,00003553,622300355300,5,0,5,450.0,400.0,2250.0,0.0,2250.0,2000.0,250.0
TRX-20260218-00093,2026-02-18 22:46:06,4,00003560,622300356000,5,0,5,135.0,110.0,675.0,0.0,675.0,550.0,125.0
TRX-20260218-02054,2026-02-18 23:20:45,3,00003609,622300360900,1,0,1,110.0,85.0,110.0,0.0,110.0,85.0,25.0
TRX-20260219-01981,2026-02-19 00:08:09,3,00003561,622300356100,4,0,4,42.0,35.0,168.0,0.0,168.0,140.0,28.0
TRX-20260219-01744,2026-02-19 00:08:23,1,00003590,622300359000,1,0,1,23.0,18.0,23.0,0.0,23.0,18.0,5.0
TRX-20260219-03875,2026-02-19 00:41:29,5,00003586,622300358600,4,0,4,55.0,45.0,220.0,0.0,220.0,180.0,40.0
TRX-20260219-02286,2026-02-19 00:53:07,5,00003584,622300358424,1,0,1,592.8,480.0,592.8,0.0,592.8,480.0,112.8
TRX-20260219-02712,2026-02-19 01:16:41,2,00003586,622300358600,5,0,5,55.0,45.0,275.0,0.0,275.0,225.0,50.0
TRX-20260219-04704,2026-02-19 01:43:07,1,00003560,622300356000,3,0,3,135.0,110.0,405.0,0.0,405.0,330.0,75.0
TRX-20260219-03862,2026-02-19 01:46:12,1,00003557,622300355700,1,0,1,7.0,5.5,7.0,0.0,7.0,5.5,1.5
TRX-20260219-03055,2026-02-19 02:17:57,1,00003608,622300360800,2,0,2,78.0,60.0,156.0,0.0,156.0,120.0,36.0
TRX-20260219-02545,2026-02-19 02:26:20,1,00003588,622300358800,1,0,1,95.0,75.0,95.0,0.0,95.0,75.0,20.0
TRX-20260219-00672,2026-02-19 02:45:13,2,00003586,622300358600,5,0,5,55.0,45.0,275.0,0.0,275.0,225.0,50.0
TRX-20260219-02138,2026-02-19 02:55:24,2,00003587,622300358700,2,0,2,135.0,110.0,270.0,0.0,270.0,220.0,50.0
TRX-20260219-00551,2026-02-19 03:59:04,3,00003612,622300361200,3,0,3,16.0,12.0,48.0,0.0,48.0,36.0,12.0
TRX-20260219-01402,2026-02-19 04:25:30,1,00003611,622300361100,1,0,1,28.0,22.0,28.0,0.0,28.0,22.0,6.0
TRX-20260219-00806,2026-02-19 05:01:42,4,00003604,622300360400,2,0,2,50.0,40.0,100.0,0.0,100.0,80.0,20.0
TRX-20260219-01174,2026-02-19 05:45:16,1,00003580,622300358000,3,0,3,38.0,30.0,114.0,0.0,114.0,90.0,24.0
TRX-20260219-03834,2026-02-19 06:29:29,3,00003598,622300359800,1,0,1,245.0,210.0,245.0,0.0,245.0,210.0,35.0
TRX-20260219-03240,2026-02-19 06:30:02,3,00003577,622300357700,5,0,5,65.0,50.0,325.0,0.0,325.0,250.0,75.0
TRX-20260219-04712,2026-02-19 06:51:29,3,00003566,622300356606,1,0,1,1026.0,900.0,1026.0,0.0,1026.0,900.0,126.0
TRX-20260219-00814,2026-02-19 07:41:39,1,00003592,622300359200,2,0,2,4.5,3.0,9.0,0.0,9.0,6.0,3.0
TRX-20260219-00063,2026-02-19 08:09:04,1,00003589,622300358900,4,0,4,10.0,8.0,40.0,0.0,40.0,32.0,8.0
TRX-20260219-03065,2026-02-19 08:18:46,1,00003608,622300360800,2,0,2,78.0,60.0,156.0,0.0,156.0,120.0,36.0
TRX-20260219-01718,2026-02-19 08:37:36,2,00003567,622300356700,3,0,3,34.0,29.0,102.0,0.0,102.0,87.0,15.0
TRX-20260219-04573,2026-02-19 08:59:27,2,00003577,622300357724,1,0,1,1482.0,1200.0,1482.0,0.0,1482.0,1200.0,282.0
TRX-20260219-00660,2026-02-19 08:59:31,1,00003580,622300358000,1,0,1,38.0,30.0,38.0,0.0,38.0,30.0,8.0
TRX-20260219-03097,2026-02-19 09:06:55,3,00003556,622300355624,2,0,2,159.6,132.0,319.2,0.0,319.2,264.0,55.2
TRX-20260219-02429,2026-02-19 09:10:55,3,00003579,622300357900,1,0,1,110.0,85.0,110.0,0.0,110.0,85.0,25.0
TRX-20260219-03700,2026-02-19 09:56:52,5,00003567,622300356724,1,0,1,775.2,696.0,775.2,0.0,775.2,696.0,79.2
TRX-20260219-03557,2026-02-19 09:57:05,1,00003591,622300359100,3,0,3,7.0,5.0,21.0,0.0,21.0,15.0,6.0
TRX-20260219-04249,2026-02-19 09:59:18,1,00003563,622300356300,3,0,3,12.0,9.0,36.0,0.0,36.0,27.0,9.0
TRX-20260219-02044,2026-02-19 10:42:42,3,00003574,622300357400,4,4,0,155.0,135.0,620.0,620.0,0.0,0.0,0.0
TRX-20260219-00497,2026-02-19 11:10:40,1,00003609,622300360900,4,0,4,110.0,85.0,440.0,0.0,440.0,340.0,100.0
TRX-20260219-03735,2026-02-19 11:26:37,3,00003556,622300355600,4,4,0,7.0,5.5,28.0,28.0,0.0,0.0,0.0
TRX-20260219-03721,2026-02-19 11:43:10,4,00003605,622300360500,4,0,4,58.0,45.0,232.0,0.0,232.0,180.0,52.0
TRX-20260219-01261,2026-02-19 11:52:42,2,00003577,622300357700,4,0,4,65.0,50.0,260.0,0.0,260.0,200.0,60.0
TRX-20260219-03451,2026-02-19 12:37:47,2,00003564,622300356424,2,0,2,456.0,384.0,912.0,0.0,912.0,768.0,144.0
TRX-20260219-03022,2026-02-19 12:42:51,3,00003563,622300356300,1,0,1,12.0,9.0,12.0,0.0,12.0,9.0,3.0
TRX-20260219-00019,2026-02-19 12:48:02,3,00003599,622300359900,3,0,3,380.0,320.0,1140.0,0.0,1140.0,960.0,180.0
TRX-20260219-02175,2026-02-19 14:49:38,1,00003563,622300356300,3,0,3,12.0,9.0,36.0,0.0,36.0,27.0,9.0
TRX-20260219-00511,2026-02-19 15:09:04,4,00003591,622300359100,4,0,4,7.0,5.0,28.0,0.0,28.0,20.0,8.0
TRX-20260219-00926,2026-02-19 15:35:56,2,00003605,622300360500,3,0,3,58.0,45.0,174.0,0.0,174.0,135.0,39.0
TRX-20260219-02913,2026-02-19 18:04:54,2,00003578,622300357806,1,0,1,256.5,210.0,256.5,0.0,256.5,210.0,46.5
TRX-20260219-02417,2026-02-19 18:31:03,2,00003570,622300357000,5,0,5,20.0,16.0,100.0,0.0,100.0,80.0,20.0
TRX-20260219-00620,2026-02-19 18:55:59,4,00003609,622300360900,3,0,3,110.0,85.0,330.0,0.0,330.0,255.0,75.0
TRX-20260219-02690,2026-02-19 19:03:20,2,00003599,622300359900,5,0,5,380.0,320.0,1900.0,0.0,1900.0,1600.0,300.0
TRX-20260219-03213,2026-02-19 19:11:09,2,00003555,622300355500,2,0,2,480.0,420.0,960.0,0.0,960.0,840.0,120.0
TRX-20260219-03544,2026-02-19 19:59:09,2,00003586,622300358600,1,0,1,55.0,45.0,55.0,0.0,55.0,45.0,10.0
TRX-20260219-01187,2026-02-19 21:13:20,1,00003564,622300356400,2,0,2,20.0,16.0,40.0,0.0,40.0,32.0,8.0
TRX-20260219-04955,2026-02-19 21:22:43,4,00003613,622300361300,1,0,1,105.0,85.0,105.0,0.0,105.0,85.0,20.0
TRX-20260219-00999,2026-02-19 21:42:05,1,00003553,622300355300,3,0,3,450.0,400.0,1350.0,0.0,1350.0,1200.0,150.0
TRX-20260219-04175,2026-02-19 21:50:53,1,00003574,622300357400,3,0,3,155.0,135.0,465.0,0.0,465.0,405.0,60.0
TRX-20260219-01736,2026-02-19 22:12:38,1,00003595,622300359500,2,2,0,110.0,85.0,220.0,220.0,0.0,0.0,0.0
TRX-20260219-01888,2026-02-19 22:54:49,3,00003611,622300361100,3,0,3,28.0,22.0,84.0,0.0,84.0,66.0,18.0
TRX-20260219-01578,2026-02-19 23:25:45,1,00003564,622300356400,3,0,3,20.0,16.0,60.0,0.0,60.0,48.0,12.0
TRX-20260220-03884,2026-02-20 00:14:51,5,00003588,622300358800,4,0,4,95.0,75.0,380.0,0.0,380.0,300.0,80.0
TRX-20260220-04381,2026-02-20 01:05:05,5,00003579,622300357900,4,0,4,110.0,85.0,440.0,0.0,440.0,340.0,100.0
TRX-20260220-04840,2026-02-20 01:21:02,1,00003569,622300356900,4,0,4,14.0,11.0,56.0,0.0,56.0,44.0,12.0
TRX-20260220-03943,2026-02-20 02:09:01,4,00003606,622300360600,3,0,3,85.0,65.0,255.0,0.0,255.0,195.0,60.0
TRX-20260220-01071,2026-02-20 02:37:38,1,00003608,622300360800,5,0,5,78.0,60.0,390.0,0.0,390.0,300.0,90.0
TRX-20260220-02768,2026-02-20 03:34:29,4,00003571,622300357124,2,0,2,399.0,336.0,798.0,0.0,798.0,672.0,126.0
TRX-20260220-00478,2026-02-20 04:04:33,5,00003588,622300358800,1,0,1,95.0,75.0,95.0,0.0,95.0,75.0,20.0
TRX-20260220-02003,2026-02-20 04:14:21,3,00003577,622300357700,2,2,0,65.0,50.0,130.0,130.0,0.0,0.0,0.0
TRX-20260220-04839,2026-02-20 04:41:30,2,00003586,622300358600,3,0,3,55.0,45.0,165.0,0.0,165.0,135.0,30.0
TRX-20260220-01278,2026-02-20 04:55:11,3,00003553,622300355300,2,0,2,450.0,400.0,900.0,0.0,900.0,800.0,100.0
TRX-20260220-01723,2026-02-20 05:12:53,5,00003594,622300359406,1,0,1,1111.5,960.0,1111.5,0.0,1111.5,960.0,151.5
TRX-20260220-01766,2026-02-20 05:21:07,2,00003592,622300359200,3,0,3,4.5,3.0,13.5,0.0,13.5,9.0,4.5
TRX-20260220-03450,2026-02-20 05:28:22,2,00003590,622300359000,4,0,4,23.0,18.0,92.0,0.0,92.0,72.0,20.0
TRX-20260220-04740,2026-02-20 05:37:27,2,00003609,622300360900,2,0,2,110.0,85.0,220.0,0.0,220.0,170.0,50.0
TRX-20260220-02607,2026-02-20 05:49:39,5,00003598,622300359800,2,0,2,245.0,210.0,490.0,0.0,490.0,420.0,70.0
TRX-20260220-04925,2026-02-20 06:35:57,1,00003576,622300357600,2,0,2,245.0,210.0,490.0,0.0,490.0,420.0,70.0
TRX-20260220-02726,2026-02-20 07:34:38,1,00003575,622300357500,4,0,4,55.0,45.0,220.0,0.0,220.0,180.0,40.0
TRX-20260220-03863,2026-02-20 07:52:03,2,00003611,622300361100,2,0,2,28.0,22.0,56.0,0.0,56.0,44.0,12.0
TRX-20260220-01725,2026-02-20 07:53:08,3,00003580,622300358000,4,0,4,38.0,30.0,152.0,0.0,152.0,120.0,32.0
TRX-20260220-04765,2026-02-20 07:55:14,1,00003572,622300357200,3,1,2,23.0,18.0,69.0,23.0,46.0,36.0,10.0
TRX-20260220-00481,2026-02-20 09:07:58,4,00003607,622300360700,4,0,4,125.0,95.0,500.0,0.0,500.0,380.0,120.0
TRX-20260220-04293,2026-02-20 10:38:04,2,00003566,622300356600,1,0,1,180.0,150.0,180.0,0.0,180.0,150.0,30.0
TRX-20260220-03272,2026-02-20 11:11:00,2,00003567,622300356700,3,0,3,34.0,29.0,102.0,0.0,102.0,87.0,15.0
TRX-20260220-00698,2026-02-20 12:02:54,2,00003565,622300356500,1,0,1,38.0,32.0,38.0,0.0,38.0,32.0,6.0
TRX-20260220-04628,2026-02-20 12:08:11,1,00003593,622300359300,2,0,2,18.0,14.0,36.0,0.0,36.0,28.0,8.0
TRX-20260220-02865,2026-02-20 12:14:19,3,00003566,622300356600,1,0,1,180.0,150.0,180.0,0.0,180.0,150.0,30.0
TRX-20260220-02106,2026-02-20 13:12:58,3,00003590,622300359000,2,0,2,23.0,18.0,46.0,0.0,46.0,36.0,10.0
TRX-20260220-00224,2026-02-20 13:23:05,2,00003563,622300356300,1,1,0,12.0,9.0,12.0,12.0,0.0,0.0,0.0
TRX-20260220-01946,2026-02-20 13:46:57,1,00003613,622300361300,5,3,2,105.0,85.0,525.0,315.0,210.0,170.0,40.0
TRX-20260220-02320,2026-02-20 13:48:13,3,00003575,622300357500,3,0,3,55.0,45.0,165.0,0.0,165.0,135.0,30.0
TRX-20260220-02217,2026-02-20 14:06:49,2,00003595,622300359500,1,1,0,110.0,85.0,110.0,110.0,0.0,0.0,0.0
TRX-20260220-03305,2026-02-20 15:27:01,3,00003595,622300359500,1,0,1,110.0,85.0,110.0,0.0,110.0,85.0,25.0
TRX-20260220-01369,2026-02-20 16:01:41,3,00003567,622300356700,2,0,2,34.0,29.0,68.0,0.0,68.0,58.0,10.0
TRX-20260220-02273,2026-02-20 16:48:07,5,00003585,622300358512,1,0,1,2508.0,2160.0,2508.0,0.0,2508.0,2160.0,348.0
TRX-20260220-01068,2026-02-20 17:00:48,1,00003610,622300361000,2,0,2,75.0,60.0,150.0,0.0,150.0,120.0,30.0
TRX-20260220-00599,2026-02-20 17:32:52,1,00003582,622300358212,1,0,1,319.2,264.0,319.2,0.0,319.2,264.0,55.2
TRX-20260220-00803,2026-02-20 18:06:00,2,00003566,622300356600,2,2,0,180.0,150.0,360.0,360.0,0.0,0.0,0.0
TRX-20260220-04678,2026-02-20 18:07:23,5,00003556,622300355600,1,0,1,7.0,5.5,7.0,0.0,7.0,5.5,1.5
TRX-20260220-02790,2026-02-20 18:34:16,3,00003608,622300360800,2,0,2,78.0,60.0,156.0,0.0,156.0,120.0,36.0
TRX-20260220-01213,2026-02-20 19:17:20,2,00003609,622300360900,2,0,2,110.0,85.0,220.0,0.0,220.0,170.0,50.0
TRX-20260220-01077,2026-02-20 19:24:25,3,00003592,622300359200,5,0,5,4.5,3.0,22.5,0.0,22.5,15.0,7.5
TRX-20260220-00556,2026-02-20 19:32:17,4,00003558,622300355800,2,0,2,8.0,6.5,16.0,0.0,16.0,13.0,3.0
TRX-20260220-00658,2026-02-20 19:56:41,3,00003560,622300356000,2,0,2,135.0,110.0,270.0,0.0,270.0,220.0,50.0
TRX-20260220-00735,2026-02-20 22:55:24,1,00003574,622300357400,1,0,1,155.0,135.0,155.0,0.0,155.0,135.0,20.0
TRX-20260220-01154,2026-02-20 23:21:37,1,00003569,622300356900,3,0,3,14.0,11.0,42.0,0.0,42.0,33.0,9.0
TRX-20260220-01655,2026-02-20 23:43:46,3,00003605,622300360500,4,0,4,58.0,45.0,232.0,0.0,232.0,180.0,52.0
TRX-20260221-03523,2026-02-21 00:04:12,1,00003555,622300355500,3,0,3,480.0,420.0,1440.0,0.0,1440.0,1260.0,180.0
TRX-20260221-00072,2026-02-21 00:19:15,1,00003584,622300358400,1,1,0,26.0,20.0,26.0,26.0,0.0,0.0,0.0
TRX-20260221-02883,2026-02-21 01:38:26,1,00003611,622300361124,1,0,1,638.4,528.0,638.4,0.0,638.4,528.0,110.4
TRX-20260221-03583,2026-02-21 02:43:12,1,00003587,622300358700,1,0,1,135.0,110.0,135.0,0.0,135.0,110.0,25.0
TRX-20260221-02838,2026-02-21 03:09:29,3,00003604,622300360400,2,0,2,50.0,40.0,100.0,0.0,100.0,80.0,20.0
TRX-20260221-00504,2026-02-21 03:46:59,1,00003579,622300357900,5,0,5,110.0,85.0,550.0,0.0,550.0,425.0,125.0
TRX-20260221-03061,2026-02-21 04:25:21,1,00003595,622300359500,2,0,2,110.0,85.0,220.0,0.0,220.0,170.0,50.0
TRX-20260221-02007,2026-02-21 04:43:34,1,00003612,622300361200,4,0,4,16.0,12.0,64.0,0.0,64.0,48.0,16.0
TRX-20260221-00411,2026-02-21 06:15:54,2,00003610,622300361000,2,0,2,75.0,60.0,150.0,0.0,150.0,120.0,30.0
TRX-20260221-00159,2026-02-21 07:16:00,2,00003603,622300360300,2,0,2,35.0,28.0,70.0,0.0,70.0,56.0,14.0
TRX-20260221-02621,2026-02-21 07:30:54,4,00003577,622300357700,3,0,3,65.0,50.0,195.0,0.0,195.0,150.0,45.0
TRX-20260221-02351,2026-02-21 07:44:36,2,00003609,622300360900,3,0,3,110.0,85.0,330.0,0.0,330.0,255.0,75.0
TRX-20260221-01422,2026-02-21 08:06:48,2,00003579,622300357900,4,0,4,110.0,85.0,440.0,0.0,440.0,340.0,100.0
TRX-20260221-01611,2026-02-21 09:40:35,4,00003584,622300358400,1,0,1,26.0,20.0,26.0,0.0,26.0,20.0,6.0
TRX-20260221-01510,2026-02-21 09:43:12,2,00003605,622300360500,4,0,4,58.0,45.0,232.0,0.0,232.0,180.0,52.0
TRX-20260221-02870,2026-02-21 09:57:06,1,00003603,622300360300,2,0,2,35.0,28.0,70.0,0.0,70.0,56.0,14.0
TRX-20260221-02974,2026-02-21 09:58:55,2,00003555,622300355500,2,2,0,480.0,420.0,960.0,960.0,0.0,0.0,0.0
TRX-20260221-00324,2026-02-21 10:13:22,4,00003561,622300356124,1,0,1,957.6,840.0,957.6,0.0,957.6,840.0,117.6
TRX-20260221-02858,2026-02-21 10:41:02,3,00003604,622300360400,5,0,5,50.0,40.0,250.0,0.0,250.0,200.0,50.0
TRX-20260221-00206,2026-02-21 11:08:55,2,00003590,622300359000,2,0,2,23.0,18.0,46.0,0.0,46.0,36.0,10.0
TRX-20260221-04847,2026-02-21 11:24:16,5,00003603,622300360300,4,0,4,35.0,28.0,140.0,0.0,140.0,112.0,28.0
TRX-20260221-00235,2026-02-21 12:24:01,2,00003593,622300359300,2,2,0,18.0,14.0,36.0,36.0,0.0,0.0,0.0
TRX-20260221-01793,2026-02-21 12:35:53,1,00003608,622300360800,5,3,2,78.0,60.0,390.0,234.0,156.0,120.0,36.0
TRX-20260221-03091,2026-02-21 12:37:50,4,00003593,622300359300,3,2,1,18.0,14.0,54.0,36.0,18.0,14.0,4.0
TRX-20260221-01617,2026-02-21 13:17:17,1,00003611,622300361100,3,0,3,28.0,22.0,84.0,0.0,84.0,66.0,18.0
TRX-20260221-02520,2026-02-21 13:27:47,3,00003577,622300357700,5,1,4,65.0,50.0,325.0,65.0,260.0,200.0,60.0
TRX-20260221-03651,2026-02-21 14:43:14,2,00003600,622300360000,1,0,1,135.0,110.0,135.0,0.0,135.0,110.0,25.0
TRX-20260221-01201,2026-02-21 15:26:27,1,00003606,622300360600,1,0,1,85.0,65.0,85.0,0.0,85.0,65.0,20.0
TRX-20260221-02014,2026-02-21 16:00:32,3,00003579,622300357900,4,0,4,110.0,85.0,440.0,0.0,440.0,340.0,100.0
TRX-20260221-04376,2026-02-21 17:09:11,5,00003573,622300357300,1,0,1,88.0,75.0,88.0,0.0,88.0,75.0,13.0
TRX-20260221-03637,2026-02-21 17:38:46,4,00003584,622300358424,2,0,2,592.8,480.0,1185.6,0.0,1185.6,960.0,225.6
TRX-20260221-02426,2026-02-21 17:46:16,1,00003565,622300356500,3,1,2,38.0,32.0,114.0,38.0,76.0,64.0,12.0
TRX-20260221-04521,2026-02-21 18:38:59,2,00003609,622300360900,5,4,1,110.0,85.0,550.0,440.0,110.0,85.0,25.0
TRX-20260221-03483,2026-02-21 18:59:40,1,00003590,622300359000,3,0,3,23.0,18.0,69.0,0.0,69.0,54.0,15.0
TRX-20260221-04826,2026-02-21 19:44:58,2,00003610,622300361000,4,0,4,75.0,60.0,300.0,0.0,300.0,240.0,60.0
TRX-20260221-00062,2026-02-21 20:14:19,2,00003578,622300357800,4,0,4,45.0,35.0,180.0,0.0,180.0,140.0,40.0
TRX-20260221-00249,2026-02-21 20:22:20,1,00003606,622300360600,4,0,4,85.0,65.0,340.0,0.0,340.0,260.0,80.0
TRX-20260221-04306,2026-02-21 21:02:20,5,00003596,622300359600,3,2,1,120.0,95.0,360.0,240.0,120.0,95.0,25.0
TRX-20260221-01508,2026-02-21 21:18:46,2,00003599,622300359900,4,0,4,380.0,320.0,1520.0,0.0,1520.0,1280.0,240.0
TRX-20260221-03677,2026-02-21 21:55:53,1,00003595,622300359500,2,0,2,110.0,85.0,220.0,0.0,220.0,170.0,50.0
TRX-20260221-03094,2026-02-21 22:32:16,1,00003571,622300357100,5,0,5,17.5,14.0,87.5,0.0,87.5,70.0,17.5
TRX-20260221-02171,2026-02-21 22:43:52,2,00003573,622300357300,1,0,1,88.0,75.0,88.0,0.0,88.0,75.0,13.0
TRX-20260221-00943,2026-02-21 22:47:36,5,00003561,622300356100,4,0,4,42.0,35.0,168.0,0.0,168.0,140.0,28.0
TRX-20260221-03080,2026-02-21 23:14:20,3,00003605,622300360500,1,0,1,58.0,45.0,58.0,0.0,58.0,45.0,13.0
TRX-20260221-03416,2026-02-21 23:15:12,5,00003613,622300361300,1,1,0,105.0,85.0,105.0,105.0,0.0,0.0,0.0
TRX-20260221-01537,2026-02-21 23:27:43,3,00003592,622300359200,5,2,3,4.5,3.0,22.5,9.0,13.5,9.0,4.5
TRX-20260221-01605,2026-02-21 23:36:18,1,00003572,622300357200,2,0,2,23.0,18.0,46.0,0.0,46.0,36.0,10.0
TRX-20260222-03397,2026-02-22 01:01:00,3,00003611,622300361124,1,0,1,638.4,528.0,638.4,0.0,638.4,528.0,110.4
TRX-20260222-04445,2026-02-22 01:03:24,1,00003553,622300355300,2,0,2,450.0,400.0,900.0,0.0,900.0,800.0,100.0
TRX-20260222-02970,2026-02-22 01:36:37,3,00003555,622300355500,3,0,3,480.0,420.0,1440.0,0.0,1440.0,1260.0,180.0
TRX-20260222-01564,2026-02-22 01:37:31,2,00003584,622300358400,5,0,5,26.0,20.0,130.0,0.0,130.0,100.0,30.0
TRX-20260222-01830,2026-02-22 01:52:17,2,00003593,622300359300,4,0,4,18.0,14.0,72.0,0.0,72.0,56.0,16.0
TRX-20260222-01308,2026-02-22 01:54:25,1,00003572,622300357200,3,0,3,23.0,18.0,69.0,0.0,69.0,54.0,15.0
TRX-20260222-03076,2026-02-22 01:58:06,4,00003594,622300359400,3,0,3,195.0,160.0,585.0,0.0,585.0,480.0,105.0
TRX-20260222-02113,2026-02-22 03:08:25,1,00003581,622300358124,2,0,2,729.6,600.0,1459.2,0.0,1459.2,1200.0,259.2
TRX-20260222-02095,2026-02-22 03:17:40,5,00003574,622300357400,3,0,3,155.0,135.0,465.0,0.0,465.0,405.0,60.0
TRX-20260222-02891,2026-02-22 03:43:32,4,00003586,622300358600,5,0,5,55.0,45.0,275.0,0.0,275.0,225.0,50.0
TRX-20260222-04917,2026-02-22 03:43:55,2,00003612,622300361212,2,0,2,182.4,144.0,364.8,0.0,364.8,288.0,76.8
TRX-20260222-02577,2026-02-22 03:51:06,5,00003609,622300360900,4,0,4,110.0,85.0,440.0,0.0,440.0,340.0,100.0
TRX-20260222-00860,2026-02-22 03:54:40,3,00003597,622300359700,1,0,1,160.0,130.0,160.0,0.0,160.0,130.0,30.0
TRX-20260222-00001,2026-02-22 04:00:11,3,00003574,622300357400,4,0,4,155.0,135.0,620.0,0.0,620.0,540.0,80.0
TRX-20260222-00100,2026-02-22 04:16:25,3,00003562,622300356200,1,0,1,60.0,50.0,60.0,0.0,60.0,50.0,10.0
TRX-20260222-02443,2026-02-22 04:18:57,1,00003613,622300361324,1,1,0,2394.0,2040.0,2394.0,2394.0,0.0,0.0,0.0
TRX-20260222-02452,2026-02-22 04:19:38,3,00003585,622300358500,2,0,2,220.0,180.0,440.0,0.0,440.0,360.0,80.0
TRX-20260222-03309,2026-02-22 04:19:54,3,00003598,622300359800,5,0,5,245.0,210.0,1225.0,0.0,1225.0,1050.0,175.0
TRX-20260222-03312,2026-02-22 04:41:32,3,00003606,622300360600,1,0,1,85.0,65.0,85.0,0.0,85.0,65.0,20.0
TRX-20260222-03811,2026-02-22 05:05:12,2,00003606,622300360600,1,0,1,85.0,65.0,85.0,0.0,85.0,65.0,20.0
TRX-20260222-00839,2026-02-22 05:53:28,2,00003589,622300358900,3,0,3,10.0,8.0,30.0,0.0,30.0,24.0,6.0
TRX-20260222-04532,2026-02-22 05:55:44,3,00003584,622300358400,2,0,2,26.0,20.0,52.0,0.0,52.0,40.0,12.0
TRX-20260222-01067,2026-02-22 06:08:09,2,00003569,622300356900,1,0,1,14.0,11.0,14.0,0.0,14.0,11.0,3.0
TRX-20260222-03946,2026-02-22 06:18:06,2,00003592,622300359200,2,1,1,4.5,3.0,9.0,4.5,4.5,3.0,1.5
TRX-20260222-04710,2026-02-22 07:06:42,2,00003595,622300359500,2,0,2,110.0,85.0,220.0,0.0,220.0,170.0,50.0
TRX-20260222-01893,2026-02-22 08:15:51,3,00003581,622300358100,2,0,2,32.0,25.0,64.0,0.0,64.0,50.0,14.0
TRX-20260222-00901,2026-02-22 08:44:10,4,00003596,622300359624,1,0,1,2736.0,2280.0,2736.0,0.0,2736.0,2280.0,456.0
TRX-20260222-02165,2026-02-22 08:49:44,1,00003587,622300358700,2,0,2,135.0,110.0,270.0,0.0,270.0,220.0,50.0
TRX-20260222-04471,2026-02-22 09:03:48,4,00003602,622300360200,4,0,4,45.0,35.0,180.0,0.0,180.0,140.0,40.0
TRX-20260222-04183,2026-02-22 09:09:10,1,00003603,622300360300,3,0,3,35.0,28.0,105.0,0.0,105.0,84.0,21.0
TRX-20260222-04304,2026-02-22 09:24:32,5,00003575,622300357500,5,0,5,55.0,45.0,275.0,0.0,275.0,225.0,50.0
TRX-20260222-01943,2026-02-22 09:25:41,2,00003556,622300355624,2,0,2,159.6,132.0,319.2,0.0,319.2,264.0,55.2
TRX-20260222-02435,2026-02-22 09:49:25,2,00003576,622300357600,1,0,1,245.0,210.0,245.0,0.0,245.0,210.0,35.0
TRX-20260222-00805,2026-02-22 09:54:04,2,00003557,622300355700,5,0,5,7.0,5.5,35.0,0.0,35.0,27.5,7.5
TRX-20260222-02750,2026-02-22 10:02:22,4,00003571,622300357100,1,0,1,17.5,14.0,17.5,0.0,17.5,14.0,3.5
TRX-20260222-01775,2026-02-22 10:21:58,2,00003557,622300355700,4,0,4,7.0,5.5,28.0,0.0,28.0,22.0,6.0
TRX-20260222-01023,2026-02-22 10:34:02,3,00003596,622300359624,1,1,0,2736.0,2280.0,2736.0,2736.0,0.0,0.0,0.0
TRX-20260222-02356,2026-02-22 11:21:00,2,00003604,622300360400,2,0,2,50.0,40.0,100.0,0.0,100.0,80.0,20.0
TRX-20260222-00372,2026-02-22 11:49:15,3,00003573,622300357300,5,0,5,88.0,75.0,440.0,0.0,440.0,375.0,65.0
TRX-20260222-01920,2026-02-22 12:55:56,2,00003610,622300361000,2,0,2,75.0,60.0,150.0,0.0,150.0,120.0,30.0
TRX-20260222-04632,2026-02-22 13:02:00,2,00003582,622300358200,4,0,4,28.0,22.0,112.0,0.0,112.0,88.0,24.0
TRX-20260222-00829,2026-02-22 13:47:31,2,00003610,622300361000,5,1,4,75.0,60.0,375.0,75.0,300.0,240.0,60.0
TRX-20260222-01955,2026-02-22 14:07:05,4,00003588,622300358800,2,0,2,95.0,75.0,190.0,0.0,190.0,150.0,40.0
TRX-20260222-03108,2026-02-22 14:13:12,1,00003605,622300360506,2,0,2,330.6,270.0,661.2,0.0,661.2,540.0,121.2
TRX-20260222-04903,2026-02-22 15:29:24,2,00003586,622300358600,1,0,1,55.0,45.0,55.0,0.0,55.0,45.0,10.0
TRX-20260222-01659,2026-02-22 15:42:13,4,00003577,622300357700,4,0,4,65.0,50.0,260.0,0.0,260.0,200.0,60.0
TRX-20260222-02609,2026-02-22 16:00:11,2,00003568,622300356800,5,0,5,105.0,85.0,525.0,0.0,525.0,425.0,100.0
TRX-20260222-01378,2026-02-22 16:06:53,5,00003594,622300359400,2,2,0,195.0,160.0,390.0,390.0,0.0,0.0,0.0
TRX-20260222-04205,2026-02-22 16:38:11,2,00003607,622300360700,5,0,5,125.0,95.0,625.0,0.0,625.0,475.0,150.0
TRX-20260222-03526,2026-02-22 16:47:43,2,00003589,622300358912,2,0,2,114.0,96.0,228.0,0.0,228.0,192.0,36.0
TRX-20260222-04592,2026-02-22 18:09:51,1,00003613,622300361300,4,1,3,105.0,85.0,420.0,105.0,315.0,255.0,60.0
TRX-20260222-02657,2026-02-22 19:34:05,1,00003597,622300359700,2,0,2,160.0,130.0,320.0,0.0,320.0,260.0,60.0
TRX-20260222-02780,2026-02-22 19:40:32,1,00003580,622300358000,3,3,0,38.0,30.0,114.0,114.0,0.0,0.0,0.0
TRX-20260222-04174,2026-02-22 20:05:43,1,00003611,622300361100,4,0,4,28.0,22.0,112.0,0.0,112.0,88.0,24.0
TRX-20260222-01656,2026-02-22 20:09:02,1,00003562,622300356200,5,0,5,60.0,50.0,300.0,0.0,300.0,250.0,50.0
TRX-20260222-01665,2026-02-22 21:23:31,3,00003566,622300356600,5,0,5,180.0,150.0,900.0,0.0,900.0,750.0,150.0
TRX-20260222-02516,2026-02-22 21:43:53,2,00003579,622300357900,2,0,2,110.0,85.0,220.0,0.0,220.0,170.0,50.0
TRX-20260222-01136,2026-02-22 21:45:34,3,00003565,622300356500,1,0,1,38.0,32.0,38.0,0.0,38.0,32.0,6.0
TRX-20260222-01215,2026-02-22 22:55:31,4,00003570,622300357000,3,1,2,20.0,16.0,60.0,20.0,40.0,32.0,8.0
TRX-20260222-04887,2026-02-22 23:11:39,2,00003574,622300357400,4,0,4,155.0,135.0,620.0,0.0,620.0,540.0,80.0
TRX-20260222-04377,2026-02-22 23:16:10,2,00003594,622300359400,2,0,2,195.0,160.0,390.0,0.0,390.0,320.0,70.0
TRX-20260222-03142,2026-02-22 23:21:29,3,00003583,622300358300,3,0,3,5.5,4.0,16.5,0.0,16.5,12.0,4.5
TRX-20260222-00742,2026-02-22 23:28:03,2,00003599,622300359900,3,0,3,380.0,320.0,1140.0,0.0,1140.0,960.0,180.0
TRX-20260222-01054,2026-02-22 23:34:11,4,00003601,622300360100,2,0,2,205.0,175.0,410.0,0.0,410.0,350.0,60.0
TRX-20260222-00765,2026-02-22 23:36:56,1,00003561,622300356100,3,0,3,42.0,35.0,126.0,0.0,126.0,105.0,21.0
TRX-20260222-04587,2026-02-22 23:43:23,3,00003591,622300359112,1,0,1,79.8,60.0,79.8,0.0,79.8,60.0,19.8
TRX-20260223-04220,2026-02-23 00:02:59,2,00003565,622300356500,5,4,1,38.0,32.0,190.0,152.0,38.0,32.0,6.0
TRX-20260223-01547,2026-02-23 00:06:14,1,00003597,622300359700,3,0,3,160.0,130.0,480.0,0.0,480.0,390.0,90.0
TRX-20260223-03255,2026-02-23 01:49:03,5,00003586,622300358600,4,0,4,55.0,45.0,220.0,0.0,220.0,180.0,40.0
TRX-20260223-03294,2026-02-23 01:53:13,3,00003553,622300355300,3,0,3,450.0,400.0,1350.0,0.0,1350.0,1200.0,150.0
TRX-20260223-02220,2026-02-23 02:07:18,5,00003552,622300355200,1,0,1,420.0,380.0,420.0,0.0,420.0,380.0,40.0
TRX-20260223-03991,2026-02-23 02:31:19,1,00003586,622300358600,4,0,4,55.0,45.0,220.0,0.0,220.0,180.0,40.0
TRX-20260223-04252,2026-02-23 02:33:11,3,00003590,622300359000,1,0,1,23.0,18.0,23.0,0.0,23.0,18.0,5.0
TRX-20260223-01806,2026-02-23 03:08:58,2,00003568,622300356800,1,0,1,105.0,85.0,105.0,0.0,105.0,85.0,20.0
TRX-20260223-01512,2026-02-23 03:14:53,2,00003578,622300357800,2,0,2,45.0,35.0,90.0,0.0,90.0,70.0,20.0
TRX-20260223-01460,2026-02-23 03:56:54,5,00003564,622300356400,1,0,1,20.0,16.0,20.0,0.0,20.0,16.0,4.0
TRX-20260223-04411,2026-02-23 04:46:21,1,00003581,622300358100,4,0,4,32.0,25.0,128.0,0.0,128.0,100.0,28.0
TRX-20260223-00339,2026-02-23 05:21:01,1,00003566,622300356600,1,1,0,180.0,150.0,180.0,180.0,0.0,0.0,0.0
TRX-20260223-01132,2026-02-23 05:55:38,4,00003554,622300355400,1,0,1,435.0,390.0,435.0,0.0,435.0,390.0,45.0
TRX-20260223-02952,2026-02-23 06:04:13,1,00003596,622300359624,2,0,2,2736.0,2280.0,5472.0,0.0,5472.0,4560.0,912.0
TRX-20260223-03750,2026-02-23 06:28:21,4,00003570,622300357000,2,0,2,20.0,16.0,40.0,0.0,40.0,32.0,8.0
TRX-20260223-04659,2026-02-23 06:54:18,3,00003596,622300359600,4,0,4,120.0,95.0,480.0,0.0,480.0,380.0,100.0
TRX-20260223-00215,2026-02-23 06:58:38,1,00003552,622300355200,1,0,1,420.0,380.0,420.0,0.0,420.0,380.0,40.0
TRX-20260223-02906,2026-02-23 07:18:21,2,00003603,622300360306,2,0,2,199.5,168.0,399.0,0.0,399.0,336.0,63.0
TRX-20260223-00732,2026-02-23 08:23:32,1,00003591,622300359100,2,0,2,7.0,5.0,14.0,0.0,14.0,10.0,4.0
TRX-20260223-02376,2026-02-23 08:28:32,1,00003600,622300360000,3,0,3,135.0,110.0,405.0,0.0,405.0,330.0,75.0
TRX-20260223-04910,2026-02-23 09:02:41,2,00003604,622300360400,3,0,3,50.0,40.0,150.0,0.0,150.0,120.0,30.0
TRX-20260223-01985,2026-02-23 09:10:37,3,00003558,622300355800,3,0,3,8.0,6.5,24.0,0.0,24.0,19.5,4.5
TRX-20260223-01971,2026-02-23 09:47:33,5,00003556,622300355600,5,0,5,7.0,5.5,35.0,0.0,35.0,27.5,7.5
TRX-20260223-01335,2026-02-23 09:51:55,3,00003606,622300360600,1,0,1,85.0,65.0,85.0,0.0,85.0,65.0,20.0
TRX-20260223-02623,2026-02-23 10:08:32,1,00003606,622300360600,2,0,2,85.0,65.0,170.0,0.0,170.0,130.0,40.0
TRX-20260223-02057,2026-02-23 10:09:15,2,00003605,622300360500,4,0,4,58.0,45.0,232.0,0.0,232.0,180.0,52.0
TRX-20260223-03824,2026-02-23 10:49:04,2,00003584,622300358400,2,0,2,26.0,20.0,52.0,0.0,52.0,40.0,12.0
TRX-20260223-04690,2026-02-23 10:54:01,3,00003582,622300358212,1,0,1,319.2,264.0,319.2,0.0,319.2,264.0,55.2
TRX-20260223-00204,2026-02-23 11:31:51,5,00003601,622300360100,1,0,1,205.0,175.0,205.0,0.0,205.0,175.0,30.0
TRX-20260223-02484,2026-02-23 11:58:16,1,00003583,622300358300,1,0,1,5.5,4.0,5.5,0.0,5.5,4.0,1.5
TRX-20260223-00492,2026-02-23 12:22:02,1,00003588,622300358800,3,0,3,95.0,75.0,285.0,0.0,285.0,225.0,60.0
TRX-20260223-02563,2026-02-23 12:37:32,1,00003594,622300359400,5,0,5,195.0,160.0,975.0,0.0,975.0,800.0,175.0
TRX-20260223-01786,2026-02-23 12:57:48,1,00003580,622300358000,3,0,3,38.0,30.0,114.0,0.0,114.0,90.0,24.0
TRX-20260223-01134,2026-02-23 14:13:53,2,00003567,622300356700,2,0,2,34.0,29.0,68.0,0.0,68.0,58.0,10.0
TRX-20260223-01575,2026-02-23 14:53:32,3,00003557,622300355700,3,0,3,7.0,5.5,21.0,0.0,21.0,16.5,4.5
TRX-20260223-03615,2026-02-23 15:09:01,2,00003569,622300356900,5,0,5,14.0,11.0,70.0,0.0,70.0,55.0,15.0
TRX-20260223-03785,2026-02-23 15:46:50,3,00003594,622300359400,5,0,5,195.0,160.0,975.0,0.0,975.0,800.0,175.0
TRX-20260223-00780,2026-02-23 16:31:32,5,00003591,622300359100,1,0,1,7.0,5.0,7.0,0.0,7.0,5.0,2.0
TRX-20260223-03085,2026-02-23 16:41:58,2,00003599,622300359900,3,0,3,380.0,320.0,1140.0,0.0,1140.0,960.0,180.0
TRX-20260223-03777,2026-02-23 16:55:07,2,00003578,622300357800,4,0,4,45.0,35.0,180.0,0.0,180.0,140.0,40.0
TRX-20260223-01418,2026-02-23 17:47:26,3,00003570,622300357000,1,0,1,20.0,16.0,20.0,0.0,20.0,16.0,4.0
TRX-20260223-03032,2026-02-23 17:54:50,4,00003579,622300357900,2,0,2,110.0,85.0,220.0,0.0,220.0,170.0,50.0
TRX-20260223-02882,2026-02-23 18:01:57,1,00003581,622300358100,3,2,1,32.0,25.0,96.0,64.0,32.0,25.0,7.0
TRX-20260223-00118,2026-02-23 18:08:28,4,00003554,622300355400,1,0,1,435.0,390.0,435.0,0.0,435.0,390.0,45.0
TRX-20260223-02439,2026-02-23 18:11:40,3,00003582,622300358200,3,0,3,28.0,22.0,84.0,0.0,84.0,66.0,18.0
TRX-20260223-02384,2026-02-23 18:20:27,2,00003587,622300358700,4,0,4,135.0,110.0,540.0,0.0,540.0,440.0,100.0
TRX-20260223-01966,2026-02-23 18:20:53,4,00003604,622300360400,3,0,3,50.0,40.0,150.0,0.0,150.0,120.0,30.0
TRX-20260223-02194,2026-02-23 18:41:24,3,00003570,622300357000,4,0,4,20.0,16.0,80.0,0.0,80.0,64.0,16.0
TRX-20260223-01122,2026-02-23 18:41:52,2,00003575,622300357500,3,1,2,55.0,45.0,165.0,55.0,110.0,90.0,20.0
TRX-20260223-01675,2026-02-23 19:06:18,2,00003590,622300359006,1,0,1,131.1,108.0,131.1,0.0,131.1,108.0,23.1
TRX-20260223-02245,2026-02-23 19:36:45,1,00003585,622300358500,3,0,3,220.0,180.0,660.0,0.0,660.0,540.0,120.0
TRX-20260223-00750,2026-02-23 19:37:46,3,00003609,622300360900,5,0,5,110.0,85.0,550.0,0.0,550.0,425.0,125.0
TRX-20260223-02207,2026-02-23 19:44:01,3,00003558,622300355800,1,0,1,8.0,6.5,8.0,0.0,8.0,6.5,1.5
TRX-20260223-00691,2026-02-23 19:54:10,1,00003597,622300359700,1,0,1,160.0,130.0,160.0,0.0,160.0,130.0,30.0
TRX-20260223-01560,2026-02-23 20:12:22,3,00003604,622300360400,4,0,4,50.0,40.0,200.0,0.0,200.0,160.0,40.0
TRX-20260223-02236,2026-02-23 20:28:17,2,00003599,622300359900,1,0,1,380.0,320.0,380.0,0.0,380.0,320.0,60.0
TRX-20260223-02222,2026-02-23 20:37:13,3,00003557,622300355700,4,0,4,7.0,5.5,28.0,0.0,28.0,22.0,6.0
TRX-20260223-00355,2026-02-23 20:52:54,2,00003559,622300355900,4,0,4,28.0,22.0,112.0,0.0,112.0,88.0,24.0
TRX-20260223-04959,2026-02-23 21:03:31,1,00003575,622300357500,2,0,2,55.0,45.0,110.0,0.0,110.0,90.0,20.0
TRX-20260223-02886,2026-02-23 21:31:55,1,00003577,622300357700,2,0,2,65.0,50.0,130.0,0.0,130.0,100.0,30.0
TRX-20260223-04602,2026-02-23 21:33:13,2,00003587,622300358700,1,0,1,135.0,110.0,135.0,0.0,135.0,110.0,25.0
TRX-20260223-00591,2026-02-23 22:09:43,4,00003571,622300357124,1,0,1,399.0,336.0,399.0,0.0,399.0,336.0,63.0
TRX-20260223-00693,2026-02-23 22:11:40,1,00003553,622300355300,4,0,4,450.0,400.0,1800.0,0.0,1800.0,1600.0,200.0
TRX-20260223-01777,2026-02-23 23:24:59,5,00003591,622300359100,1,0,1,7.0,5.0,7.0,0.0,7.0,5.0,2.0
TRX-20260223-03993,2026-02-23 23:49:48,1,00003576,622300357600,2,2,0,245.0,210.0,490.0,490.0,0.0,0.0,0.0
TRX-20260224-01770,2026-02-24 00:06:13,1,00003562,622300356200,3,0,3,60.0,50.0,180.0,0.0,180.0,150.0,30.0
TRX-20260224-03462,2026-02-24 00:12:56,1,00003559,622300355900,4,0,4,28.0,22.0,112.0,0.0,112.0,88.0,24.0
TRX-20260224-01313,2026-02-24 00:19:00,4,00003569,622300356900,5,0,5,14.0,11.0,70.0,0.0,70.0,55.0,15.0
TRX-20260224-01064,2026-02-24 01:27:40,2,00003593,622300359300,5,0,5,18.0,14.0,90.0,0.0,90.0,70.0,20.0
TRX-20260224-03119,2026-02-24 02:33:42,1,00003593,622300359300,2,2,0,18.0,14.0,36.0,36.0,0.0,0.0,0.0
TRX-20260224-02615,2026-02-24 02:38:26,1,00003556,622300355600,2,0,2,7.0,5.5,14.0,0.0,14.0,11.0,3.0
TRX-20260224-04219,2026-02-24 04:00:58,1,00003606,622300360600,1,0,1,85.0,65.0,85.0,0.0,85.0,65.0,20.0
TRX-20260224-00479,2026-02-24 05:18:07,1,00003613,622300361300,2,0,2,105.0,85.0,210.0,0.0,210.0,170.0,40.0
TRX-20260224-03027,2026-02-24 05:23:51,1,00003609,622300360900,3,0,3,110.0,85.0,330.0,0.0,330.0,255.0,75.0
TRX-20260224-04062,2026-02-24 05:26:38,1,00003581,622300358100,2,0,2,32.0,25.0,64.0,0.0,64.0,50.0,14.0
TRX-20260224-02859,2026-02-24 05:56:02,1,00003557,622300355700,4,0,4,7.0,5.5,28.0,0.0,28.0,22.0,6.0
TRX-20260224-03109,2026-02-24 05:59:40,2,00003607,622300360712,1,0,1,1425.0,1140.0,1425.0,0.0,1425.0,1140.0,285.0
TRX-20260224-00546,2026-02-24 06:01:53,2,00003608,622300360800,1,0,1,78.0,60.0,78.0,0.0,78.0,60.0,18.0
TRX-20260224-02874,2026-02-24 06:17:17,1,00003588,622300358800,1,1,0,95.0,75.0,95.0,95.0,0.0,0.0,0.0
TRX-20260224-01466,2026-02-24 06:42:29,4,00003580,622300358000,4,0,4,38.0,30.0,152.0,0.0,152.0,120.0,32.0
TRX-20260224-02112,2026-02-24 08:11:34,3,00003579,622300357900,4,0,4,110.0,85.0,440.0,0.0,440.0,340.0,100.0
TRX-20260224-03726,2026-02-24 08:27:53,5,00003610,622300361000,2,2,0,75.0,60.0,150.0,150.0,0.0,0.0,0.0
TRX-20260224-00389,2026-02-24 09:18:54,2,00003553,622300355300,5,0,5,450.0,400.0,2250.0,0.0,2250.0,2000.0,250.0
TRX-20260224-01678,2026-02-24 09:19:16,3,00003562,622300356206,1,0,1,342.0,300.0,342.0,0.0,342.0,300.0,42.0
TRX-20260224-03679,2026-02-24 09:58:04,2,00003552,622300355200,3,0,3,420.0,380.0,1260.0,0.0,1260.0,1140.0,120.0
TRX-20260224-01163,2026-02-24 10:02:14,2,00003604,622300360400,5,0,5,50.0,40.0,250.0,0.0,250.0,200.0,50.0
TRX-20260224-04281,2026-02-24 11:04:23,2,00003608,622300360800,2,0,2,78.0,60.0,156.0,0.0,156.0,120.0,36.0
TRX-20260224-04459,2026-02-24 11:33:30,1,00003601,622300360100,5,0,5,205.0,175.0,1025.0,0.0,1025.0,875.0,150.0
TRX-20260224-00962,2026-02-24 11:37:24,1,00003606,622300360600,5,0,5,85.0,65.0,425.0,0.0,425.0,325.0,100.0
TRX-20260224-03905,2026-02-24 11:42:08,3,00003560,622300356000,5,0,5,135.0,110.0,675.0,0.0,675.0,550.0,125.0
TRX-20260224-03633,2026-02-24 11:44:45,5,00003579,622300357900,2,0,2,110.0,85.0,220.0,0.0,220.0,170.0,50.0
TRX-20260224-01634,2026-02-24 12:25:59,1,00003580,622300358006,2,0,2,216.6,180.0,433.2,0.0,433.2,360.0,73.2
TRX-20260224-03308,2026-02-24 12:41:03,1,00003569,622300356906,1,0,1,79.8,66.0,79.8,0.0,79.8,66.0,13.8
TRX-20260224-00264,2026-02-24 13:11:11,3,00003563,622300356300,5,0,5,12.0,9.0,60.0,0.0,60.0,45.0,15.0
TRX-20260224-01225,2026-02-24 13:35:39,3,00003571,622300357100,1,0,1,17.5,14.0,17.5,0.0,17.5,14.0,3.5
TRX-20260224-03927,2026-02-24 14:26:24,1,00003552,622300355200,1,0,1,420.0,380.0,420.0,0.0,420.0,380.0,40.0
TRX-20260224-04345,2026-02-24 14:47:13,2,00003577,622300357700,4,0,4,65.0,50.0,260.0,0.0,260.0,200.0,60.0
TRX-20260224-02371,2026-02-24 15:12:47,1,00003598,622300359800,5,0,5,245.0,210.0,1225.0,0.0,1225.0,1050.0,175.0
TRX-20260224-00381,2026-02-24 15:21:58,5,00003585,622300358500,4,0,4,220.0,180.0,880.0,0.0,880.0,720.0,160.0
TRX-20260224-03591,2026-02-24 16:03:56,3,00003598,622300359800,3,0,3,245.0,210.0,735.0,0.0,735.0,630.0,105.0
TRX-20260224-03414,2026-02-24 16:07:59,2,00003591,622300359100,3,0,3,7.0,5.0,21.0,0.0,21.0,15.0,6.0
TRX-20260224-02491,2026-02-24 16:19:06,2,00003584,622300358400,3,0,3,26.0,20.0,78.0,0.0,78.0,60.0,18.0
TRX-20260224-00643,2026-02-24 16:21:37,1,00003588,622300358800,4,0,4,95.0,75.0,380.0,0.0,380.0,300.0,80.0
TRX-20260224-03145,2026-02-24 16:47:42,1,00003571,622300357100,2,0,2,17.5,14.0,35.0,0.0,35.0,28.0,7.0
TRX-20260224-02940,2026-02-24 17:39:13,1,00003608,622300360800,4,0,4,78.0,60.0,312.0,0.0,312.0,240.0,72.0
TRX-20260224-02955,2026-02-24 18:05:19,1,00003555,622300355500,4,0,4,480.0,420.0,1920.0,0.0,1920.0,1680.0,240.0
TRX-20260224-03070,2026-02-24 18:25:10,1,00003590,622300359000,5,0,5,23.0,18.0,115.0,0.0,115.0,90.0,25.0
TRX-20260224-01996,2026-02-24 18:25:20,4,00003598,622300359800,3,0,3,245.0,210.0,735.0,0.0,735.0,630.0,105.0
TRX-20260224-02988,2026-02-24 18:40:28,2,00003582,622300358200,3,0,3,28.0,22.0,84.0,0.0,84.0,66.0,18.0
TRX-20260224-03530,2026-02-24 18:45:30,1,00003566,622300356600,2,1,1,180.0,150.0,360.0,180.0,180.0,150.0,30.0
TRX-20260224-01469,2026-02-24 19:03:17,1,00003608,622300360800,2,0,2,78.0,60.0,156.0,0.0,156.0,120.0,36.0
TRX-20260224-00685,2026-02-24 19:16:52,2,00003561,622300356100,1,0,1,42.0,35.0,42.0,0.0,42.0,35.0,7.0
TRX-20260224-04726,2026-02-24 19:24:03,1,00003577,622300357700,1,0,1,65.0,50.0,65.0,0.0,65.0,50.0,15.0
TRX-20260224-02285,2026-02-24 19:28:20,2,00003572,622300357200,1,0,1,23.0,18.0,23.0,0.0,23.0,18.0,5.0
TRX-20260224-01085,2026-02-24 19:28:50,2,00003608,622300360824,2,0,2,1778.4,1440.0,3556.8,0.0,3556.8,2880.0,676.8
TRX-20260224-01623,2026-02-24 19:37:33,4,00003568,622300356800,1,0,1,105.0,85.0,105.0,0.0,105.0,85.0,20.0
TRX-20260224-03938,2026-02-24 19:46:42,1,00003606,622300360600,1,0,1,85.0,65.0,85.0,0.0,85.0,65.0,20.0
TRX-20260224-02678,2026-02-24 21:23:37,3,00003577,622300357700,2,0,2,65.0,50.0,130.0,0.0,130.0,100.0,30.0
TRX-20260224-01959,2026-02-24 21:42:47,3,00003591,622300359100,2,0,2,7.0,5.0,14.0,0.0,14.0,10.0,4.0
TRX-20260224-03804,2026-02-24 22:15:57,3,00003583,622300358300,2,0,2,5.5,4.0,11.0,0.0,11.0,8.0,3.0
TRX-20260224-02644,2026-02-24 22:25:17,2,00003570,622300357000,1,0,1,20.0,16.0,20.0,0.0,20.0,16.0,4.0
TRX-20260224-00241,2026-02-24 22:40:13,1,00003579,622300357900,2,0,2,110.0,85.0,220.0,0.0,220.0,170.0,50.0
TRX-20260224-02247,2026-02-24 23:11:48,3,00003577,622300357700,2,0,2,65.0,50.0,130.0,0.0,130.0,100.0,30.0
TRX-20260224-00331,2026-02-24 23:37:14,1,00003609,622300360900,1,0,1,110.0,85.0,110.0,0.0,110.0,85.0,25.0
TRX-20260225-02067,2026-02-25 01:37:19,4,00003606,622300360600,4,3,1,85.0,65.0,340.0,255.0,85.0,65.0,20.0
TRX-20260225-02108,2026-02-25 01:44:49,3,00003557,622300355700,1,0,1,7.0,5.5,7.0,0.0,7.0,5.5,1.5
TRX-20260225-01850,2026-02-25 02:07:04,3,00003563,622300356300,1,0,1,12.0,9.0,12.0,0.0,12.0,9.0,3.0
TRX-20260225-01246,2026-02-25 02:11:26,1,00003552,622300355200,3,0,3,420.0,380.0,1260.0,0.0,1260.0,1140.0,120.0
TRX-20260225-00227,2026-02-25 02:11:46,1,00003570,622300357000,4,0,4,20.0,16.0,80.0,0.0,80.0,64.0,16.0
TRX-20260225-02141,2026-02-25 02:32:29,3,00003558,622300355800,2,0,2,8.0,6.5,16.0,0.0,16.0,13.0,3.0
TRX-20260225-04857,2026-02-25 02:38:26,1,00003581,622300358100,4,0,4,32.0,25.0,128.0,0.0,128.0,100.0,28.0
TRX-20260225-02218,2026-02-25 03:00:21,2,00003612,622300361200,3,0,3,16.0,12.0,48.0,0.0,48.0,36.0,12.0
TRX-20260225-01708,2026-02-25 03:55:51,5,00003575,622300357500,1,0,1,55.0,45.0,55.0,0.0,55.0,45.0,10.0
TRX-20260225-03238,2026-02-25 03:58:59,2,00003559,622300355900,4,0,4,28.0,22.0,112.0,0.0,112.0,88.0,24.0
TRX-20260225-00904,2026-02-25 04:36:06,5,00003604,622300360400,5,0,5,50.0,40.0,250.0,0.0,250.0,200.0,50.0
TRX-20260225-04108,2026-02-25 04:49:45,5,00003553,622300355300,1,0,1,450.0,400.0,450.0,0.0,450.0,400.0,50.0
TRX-20260225-00066,2026-02-25 05:29:41,1,00003574,622300357400,3,0,3,155.0,135.0,465.0,0.0,465.0,405.0,60.0
TRX-20260225-02235,2026-02-25 05:29:56,3,00003594,622300359400,1,0,1,195.0,160.0,195.0,0.0,195.0,160.0,35.0
TRX-20260225-01147,2026-02-25 05:59:59,2,00003557,622300355700,5,0,5,7.0,5.5,35.0,0.0,35.0,27.5,7.5
TRX-20260225-01968,2026-02-25 06:12:34,1,00003592,622300359200,1,0,1,4.5,3.0,4.5,0.0,4.5,3.0,1.5
TRX-20260225-00106,2026-02-25 06:17:26,5,00003574,622300357400,5,0,5,155.0,135.0,775.0,0.0,775.0,675.0,100.0
TRX-20260225-04336,2026-02-25 06:21:35,3,00003613,622300361300,4,0,4,105.0,85.0,420.0,0.0,420.0,340.0,80.0
TRX-20260225-01814,2026-02-25 07:40:19,1,00003568,622300356800,5,0,5,105.0,85.0,525.0,0.0,525.0,425.0,100.0
TRX-20260225-03963,2026-02-25 07:53:57,2,00003577,622300357700,4,0,4,65.0,50.0,260.0,0.0,260.0,200.0,60.0
TRX-20260225-04653,2026-02-25 08:13:47,5,00003590,622300359006,2,0,2,131.1,108.0,262.2,0.0,262.2,216.0,46.2
TRX-20260225-02758,2026-02-25 08:17:53,1,00003606,622300360606,2,0,2,484.5,390.0,969.0,0.0,969.0,780.0,189.0
TRX-20260225-04929,2026-02-25 08:23:44,2,00003609,622300360900,2,0,2,110.0,85.0,220.0,0.0,220.0,170.0,50.0
TRX-20260225-00081,2026-02-25 08:36:17,4,00003610,622300361000,4,0,4,75.0,60.0,300.0,0.0,300.0,240.0,60.0
TRX-20260225-01515,2026-02-25 08:45:38,1,00003577,622300357700,5,0,5,65.0,50.0,325.0,0.0,325.0,250.0,75.0
TRX-20260225-00398,2026-02-25 09:09:57,1,00003555,622300355500,4,0,4,480.0,420.0,1920.0,0.0,1920.0,1680.0,240.0
TRX-20260225-01272,2026-02-25 10:12:33,5,00003607,622300360700,2,2,0,125.0,95.0,250.0,250.0,0.0,0.0,0.0
TRX-20260225-03676,2026-02-25 11:56:31,1,00003562,622300356206,2,0,2,342.0,300.0,684.0,0.0,684.0,600.0,84.0
TRX-20260225-03111,2026-02-25 12:00:20,3,00003597,622300359700,4,0,4,160.0,130.0,640.0,0.0,640.0,520.0,120.0
TRX-20260225-03999,2026-02-25 12:03:08,1,00003590,622300359006,2,0,2,131.1,108.0,262.2,0.0,262.2,216.0,46.2
TRX-20260225-00181,2026-02-25 13:09:31,2,00003585,622300358500,2,0,2,220.0,180.0,440.0,0.0,440.0,360.0,80.0
TRX-20260225-03779,2026-02-25 13:26:07,2,00003561,622300356124,1,1,0,957.6,840.0,957.6,957.6,0.0,0.0,0.0
TRX-20260225-04350,2026-02-25 13:59:26,5,00003607,622300360700,4,0,4,125.0,95.0,500.0,0.0,500.0,380.0,120.0
TRX-20260225-03954,2026-02-25 14:55:12,1,00003581,622300358100,3,0,3,32.0,25.0,96.0,0.0,96.0,75.0,21.0
TRX-20260225-03743,2026-02-25 15:01:27,4,00003560,622300356000,3,1,2,135.0,110.0,405.0,135.0,270.0,220.0,50.0
TRX-20260225-02051,2026-02-25 15:14:46,1,00003559,622300355900,3,0,3,28.0,22.0,84.0,0.0,84.0,66.0,18.0
TRX-20260225-03560,2026-02-25 15:56:04,1,00003612,622300361212,2,0,2,182.4,144.0,364.8,0.0,364.8,288.0,76.8
TRX-20260225-03208,2026-02-25 16:11:23,1,00003568,622300356824,2,0,2,2394.0,2040.0,4788.0,0.0,4788.0,4080.0,708.0
TRX-20260225-00003,2026-02-25 16:19:43,2,00003554,622300355400,3,0,3,435.0,390.0,1305.0,0.0,1305.0,1170.0,135.0
TRX-20260225-03737,2026-02-25 16:23:04,1,00003612,622300361200,1,0,1,16.0,12.0,16.0,0.0,16.0,12.0,4.0
TRX-20260225-01405,2026-02-25 17:21:55,3,00003580,622300358000,2,0,2,38.0,30.0,76.0,0.0,76.0,60.0,16.0
TRX-20260225-03117,2026-02-25 17:32:59,1,00003596,622300359600,2,0,2,120.0,95.0,240.0,0.0,240.0,190.0,50.0
TRX-20260225-04093,2026-02-25 18:19:37,5,00003553,622300355300,4,0,4,450.0,400.0,1800.0,0.0,1800.0,1600.0,200.0
TRX-20260225-04441,2026-02-25 18:21:21,2,00003607,622300360700,2,0,2,125.0,95.0,250.0,0.0,250.0,190.0,60.0
TRX-20260225-01681,2026-02-25 18:29:39,2,00003556,622300355600,4,0,4,7.0,5.5,28.0,0.0,28.0,22.0,6.0
TRX-20260225-00117,2026-02-25 19:10:13,1,00003560,622300356000,1,0,1,135.0,110.0,135.0,0.0,135.0,110.0,25.0
TRX-20260225-02530,2026-02-25 19:36:31,3,00003606,622300360600,3,1,2,85.0,65.0,255.0,85.0,170.0,130.0,40.0
TRX-20260225-02062,2026-02-25 20:37:35,1,00003596,622300359624,2,2,0,2736.0,2280.0,5472.0,5472.0,0.0,0.0,0.0
TRX-20260225-01732,2026-02-25 20:44:42,2,00003578,622300357800,1,0,1,45.0,35.0,45.0,0.0,45.0,35.0,10.0
TRX-20260225-04198,2026-02-25 21:18:02,2,00003569,622300356900,5,0,5,14.0,11.0,70.0,0.0,70.0,55.0,15.0
TRX-20260225-01561,2026-02-25 21:18:15,2,00003557,622300355700,3,0,3,7.0,5.5,21.0,0.0,21.0,16.5,4.5
TRX-20260225-02375,2026-02-25 21:32:33,2,00003588,622300358824,1,0,1,2166.0,1800.0,2166.0,0.0,2166.0,1800.0,366.0
TRX-20260225-02501,2026-02-25 21:48:35,1,00003582,622300358200,2,0,2,28.0,22.0,56.0,0.0,56.0,44.0,12.0
TRX-20260225-00953,2026-02-25 21:59:44,5,00003567,622300356700,5,0,5,34.0,29.0,170.0,0.0,170.0,145.0,25.0
TRX-20260225-00234,2026-02-25 22:27:51,3,00003587,622300358700,5,0,5,135.0,110.0,675.0,0.0,675.0,550.0,125.0
TRX-20260225-04515,2026-02-25 22:38:48,5,00003613,622300361324,2,0,2,2394.0,2040.0,4788.0,0.0,4788.0,4080.0,708.0
TRX-20260225-00588,2026-02-25 22:47:28,2,00003584,622300358400,4,0,4,26.0,20.0,104.0,0.0,104.0,80.0,24.0
TRX-20260225-02878,2026-02-25 23:04:13,1,00003609,622300360900,3,0,3,110.0,85.0,330.0,0.0,330.0,255.0,75.0
TRX-20260225-04535,2026-02-25 23:08:28,1,00003608,622300360800,1,0,1,78.0,60.0,78.0,0.0,78.0,60.0,18.0
TRX-20260226-00771,2026-02-26 00:20:22,5,00003567,622300356700,2,0,2,34.0,29.0,68.0,0.0,68.0,58.0,10.0
TRX-20260226-00459,2026-02-26 01:24:12,1,00003589,622300358900,1,0,1,10.0,8.0,10.0,0.0,10.0,8.0,2.0
TRX-20260226-04880,2026-02-26 02:35:46,2,00003613,622300361300,2,0,2,105.0,85.0,210.0,0.0,210.0,170.0,40.0
TRX-20260226-00026,2026-02-26 02:46:18,2,00003575,622300357500,1,0,1,55.0,45.0,55.0,0.0,55.0,45.0,10.0
TRX-20260226-03778,2026-02-26 02:46:58,2,00003590,622300359000,4,0,4,23.0,18.0,92.0,0.0,92.0,72.0,20.0
TRX-20260226-00973,2026-02-26 03:15:20,2,00003604,622300360400,2,0,2,50.0,40.0,100.0,0.0,100.0,80.0,20.0
TRX-20260226-04335,2026-02-26 04:56:15,3,00003605,622300360500,1,0,1,58.0,45.0,58.0,0.0,58.0,45.0,13.0
TRX-20260226-04920,2026-02-26 06:55:00,3,00003569,622300356900,3,2,1,14.0,11.0,42.0,28.0,14.0,11.0,3.0
TRX-20260226-01415,2026-02-26 06:55:16,1,00003553,622300355300,4,0,4,450.0,400.0,1800.0,0.0,1800.0,1600.0,200.0
TRX-20260226-03039,2026-02-26 07:27:48,1,00003595,622300359500,4,0,4,110.0,85.0,440.0,0.0,440.0,340.0,100.0
TRX-20260226-01559,2026-02-26 07:53:44,2,00003598,622300359800,1,0,1,245.0,210.0,245.0,0.0,245.0,210.0,35.0
TRX-20260226-00828,2026-02-26 08:00:34,2,00003594,622300359406,2,0,2,1111.5,960.0,2223.0,0.0,2223.0,1920.0,303.0
TRX-20260226-03090,2026-02-26 08:31:09,2,00003598,622300359812,1,0,1,2793.0,2520.0,2793.0,0.0,2793.0,2520.0,273.0
TRX-20260226-03215,2026-02-26 08:50:56,2,00003589,622300358900,4,0,4,10.0,8.0,40.0,0.0,40.0,32.0,8.0
TRX-20260226-00955,2026-02-26 10:05:13,5,00003594,622300359400,4,0,4,195.0,160.0,780.0,0.0,780.0,640.0,140.0
TRX-20260226-01541,2026-02-26 10:45:06,1,00003572,622300357200,1,1,0,23.0,18.0,23.0,23.0,0.0,0.0,0.0
TRX-20260226-04106,2026-02-26 11:37:55,1,00003567,622300356700,3,0,3,34.0,29.0,102.0,0.0,102.0,87.0,15.0
TRX-20260226-02832,2026-02-26 12:07:05,1,00003603,622300360300,1,0,1,35.0,28.0,35.0,0.0,35.0,28.0,7.0
TRX-20260226-02049,2026-02-26 13:15:14,5,00003587,622300358700,5,0,5,135.0,110.0,675.0,0.0,675.0,550.0,125.0
TRX-20260226-02939,2026-02-26 13:28:55,1,00003608,622300360824,2,0,2,1778.4,1440.0,3556.8,0.0,3556.8,2880.0,676.8
TRX-20260226-00786,2026-02-26 14:14:36,2,00003600,622300360000,3,0,3,135.0,110.0,405.0,0.0,405.0,330.0,75.0
TRX-20260226-03003,2026-02-26 14:16:36,1,00003573,622300357300,3,0,3,88.0,75.0,264.0,0.0,264.0,225.0,39.0
TRX-20260226-03282,2026-02-26 15:39:00,2,00003553,622300355300,5,5,0,450.0,400.0,2250.0,2250.0,0.0,0.0,0.0
TRX-20260226-04475,2026-02-26 16:16:14,2,00003564,622300356424,2,0,2,456.0,384.0,912.0,0.0,912.0,768.0,144.0
TRX-20260226-00949,2026-02-26 16:20:35,4,00003593,622300359300,5,0,5,18.0,14.0,90.0,0.0,90.0,70.0,20.0
TRX-20260226-02522,2026-02-26 17:10:01,1,00003557,622300355700,5,0,5,7.0,5.5,35.0,0.0,35.0,27.5,7.5
TRX-20260226-04133,2026-02-26 17:12:31,1,00003574,622300357400,1,0,1,155.0,135.0,155.0,0.0,155.0,135.0,20.0
TRX-20260226-04173,2026-02-26 17:56:58,2,00003563,622300356300,1,0,1,12.0,9.0,12.0,0.0,12.0,9.0,3.0
TRX-20260226-00371,2026-02-26 18:44:53,5,00003568,622300356800,3,0,3,105.0,85.0,315.0,0.0,315.0,255.0,60.0
TRX-20260226-03486,2026-02-26 18:46:49,1,00003590,622300359000,1,0,1,23.0,18.0,23.0,0.0,23.0,18.0,5.0
TRX-20260226-03841,2026-02-26 19:01:20,1,00003608,622300360800,2,0,2,78.0,60.0,156.0,0.0,156.0,120.0,36.0
TRX-20260226-01042,2026-02-26 19:18:45,5,00003604,622300360400,4,2,2,50.0,40.0,200.0,100.0,100.0,80.0,20.0
TRX-20260226-02361,2026-02-26 19:25:54,2,00003613,622300361300,5,0,5,105.0,85.0,525.0,0.0,525.0,425.0,100.0
TRX-20260226-03029,2026-02-26 19:29:21,2,00003557,622300355700,1,0,1,7.0,5.5,7.0,0.0,7.0,5.5,1.5
TRX-20260226-00626,2026-02-26 21:13:26,2,00003555,622300355500,4,0,4,480.0,420.0,1920.0,0.0,1920.0,1680.0,240.0
TRX-20260226-01761,2026-02-26 21:22:12,2,00003564,622300356400,3,0,3,20.0,16.0,60.0,0.0,60.0,48.0,12.0
TRX-20260226-04295,2026-02-26 21:53:52,1,00003557,622300355700,4,0,4,7.0,5.5,28.0,0.0,28.0,22.0,6.0
TRX-20260226-04989,2026-02-26 22:00:46,2,00003580,622300358000,4,0,4,38.0,30.0,152.0,0.0,152.0,120.0,32.0
TRX-20260226-00150,2026-02-26 22:26:09,3,00003586,622300358600,2,0,2,55.0,45.0,110.0,0.0,110.0,90.0,20.0
TRX-20260226-00343,2026-02-26 22:42:55,2,00003573,622300357324,1,0,1,2006.4,1800.0,2006.4,0.0,2006.4,1800.0,206.4
TRX-20260226-00762,2026-02-26 23:31:36,3,00003606,622300360600,2,0,2,85.0,65.0,170.0,0.0,170.0,130.0,40.0
TRX-20260226-04579,2026-02-26 23:52:44,1,00003588,622300358800,5,0,5,95.0,75.0,475.0,0.0,475.0,375.0,100.0
TRX-20260227-01063,2026-02-27 00:06:22,3,00003593,622300359300,2,0,2,18.0,14.0,36.0,0.0,36.0,28.0,8.0
TRX-20260227-04611,2026-02-27 00:17:05,5,00003580,622300358000,4,0,4,38.0,30.0,152.0,0.0,152.0,120.0,32.0
TRX-20260227-00270,2026-02-27 00:39:19,2,00003596,622300359600,3,3,0,120.0,95.0,360.0,360.0,0.0,0.0,0.0
TRX-20260227-01514,2026-02-27 00:45:55,2,00003599,622300359906,2,0,2,2166.0,1920.0,4332.0,0.0,4332.0,3840.0,492.0
TRX-20260227-00190,2026-02-27 00:49:47,3,00003574,622300357400,3,0,3,155.0,135.0,465.0,0.0,465.0,405.0,60.0
TRX-20260227-02904,2026-02-27 00:50:19,1,00003597,622300359700,5,0,5,160.0,130.0,800.0,0.0,800.0,650.0,150.0
TRX-20260227-04492,2026-02-27 01:00:23,5,00003555,622300355500,1,0,1,480.0,420.0,480.0,0.0,480.0,420.0,60.0
TRX-20260227-01936,2026-02-27 01:20:24,5,00003565,622300356500,2,2,0,38.0,32.0,76.0,76.0,0.0,0.0,0.0
TRX-20260227-02015,2026-02-27 01:45:28,1,00003598,622300359800,2,0,2,245.0,210.0,490.0,0.0,490.0,420.0,70.0
TRX-20260227-01534,2026-02-27 02:06:45,1,00003598,622300359800,1,0,1,245.0,210.0,245.0,0.0,245.0,210.0,35.0
TRX-20260227-01453,2026-02-27 04:02:54,1,00003592,622300359200,3,0,3,4.5,3.0,13.5,0.0,13.5,9.0,4.5
TRX-20260227-03102,2026-02-27 04:12:16,1,00003593,622300359312,1,0,1,205.2,168.0,205.2,0.0,205.2,168.0,37.2
TRX-20260227-03437,2026-02-27 04:24:42,2,00003568,622300356800,4,0,4,105.0,85.0,420.0,0.0,420.0,340.0,80.0
TRX-20260227-01840,2026-02-27 04:36:38,1,00003604,622300360400,4,4,0,50.0,40.0,200.0,200.0,0.0,0.0,0.0
TRX-20260227-02147,2026-02-27 05:01:59,2,00003597,622300359700,2,0,2,160.0,130.0,320.0,0.0,320.0,260.0,60.0
TRX-20260227-02642,2026-02-27 05:04:03,2,00003594,622300359400,3,0,3,195.0,160.0,585.0,0.0,585.0,480.0,105.0
TRX-20260227-00340,2026-02-27 05:06:53,2,00003603,622300360300,1,1,0,35.0,28.0,35.0,35.0,0.0,0.0,0.0
TRX-20260227-04699,2026-02-27 05:18:52,1,00003605,622300360500,1,0,1,58.0,45.0,58.0,0.0,58.0,45.0,13.0
TRX-20260227-03925,2026-02-27 05:33:37,5,00003589,622300358900,5,0,5,10.0,8.0,50.0,0.0,50.0,40.0,10.0
TRX-20260227-02157,2026-02-27 05:35:21,1,00003569,622300356900,1,0,1,14.0,11.0,14.0,0.0,14.0,11.0,3.0
TRX-20260227-02155,2026-02-27 05:38:56,5,00003586,622300358600,5,0,5,55.0,45.0,275.0,0.0,275.0,225.0,50.0
TRX-20260227-03408,2026-02-27 06:38:37,1,00003568,622300356800,3,1,2,105.0,85.0,315.0,105.0,210.0,170.0,40.0
TRX-20260227-03067,2026-02-27 06:41:21,1,00003609,622300360900,5,1,4,110.0,85.0,550.0,110.0,440.0,340.0,100.0
TRX-20260227-03581,2026-02-27 07:03:42,5,00003570,622300357000,4,0,4,20.0,16.0,80.0,0.0,80.0,64.0,16.0
TRX-20260227-02322,2026-02-27 07:27:40,2,00003590,622300359000,3,0,3,23.0,18.0,69.0,0.0,69.0,54.0,15.0
TRX-20260227-00149,2026-02-27 08:13:21,1,00003590,622300359000,3,0,3,23.0,18.0,69.0,0.0,69.0,54.0,15.0
TRX-20260227-02564,2026-02-27 08:33:28,3,00003586,622300358600,5,4,1,55.0,45.0,275.0,220.0,55.0,45.0,10.0
TRX-20260227-04283,2026-02-27 08:37:47,2,00003612,622300361200,5,0,5,16.0,12.0,80.0,0.0,80.0,60.0,20.0
TRX-20260227-00535,2026-02-27 09:02:49,3,00003555,622300355500,1,0,1,480.0,420.0,480.0,0.0,480.0,420.0,60.0
TRX-20260227-00445,2026-02-27 09:54:41,5,00003586,622300358600,2,0,2,55.0,45.0,110.0,0.0,110.0,90.0,20.0
TRX-20260227-03628,2026-02-27 10:09:05,1,00003559,622300355900,2,0,2,28.0,22.0,56.0,0.0,56.0,44.0,12.0
TRX-20260227-01093,2026-02-27 10:25:26,1,00003612,622300361200,4,0,4,16.0,12.0,64.0,0.0,64.0,48.0,16.0
TRX-20260227-00365,2026-02-27 10:32:44,2,00003587,622300358700,1,0,1,135.0,110.0,135.0,0.0,135.0,110.0,25.0
TRX-20260227-01118,2026-02-27 10:51:10,3,00003599,622300359900,5,0,5,380.0,320.0,1900.0,0.0,1900.0,1600.0,300.0
TRX-20260227-00462,2026-02-27 10:51:42,4,00003553,622300355300,4,0,4,450.0,400.0,1800.0,0.0,1800.0,1600.0,200.0
TRX-20260227-02181,2026-02-27 11:28:15,1,00003568,622300356800,4,0,4,105.0,85.0,420.0,0.0,420.0,340.0,80.0
TRX-20260227-01205,2026-02-27 12:13:42,1,00003600,622300360024,2,0,2,3078.0,2640.0,6156.0,0.0,6156.0,5280.0,876.0
TRX-20260227-03985,2026-02-27 13:49:57,1,00003575,622300357500,4,0,4,55.0,45.0,220.0,0.0,220.0,180.0,40.0
TRX-20260227-04013,2026-02-27 14:58:29,2,00003578,622300357800,4,0,4,45.0,35.0,180.0,0.0,180.0,140.0,40.0
TRX-20260227-02585,2026-02-27 15:12:10,2,00003600,622300360000,2,0,2,135.0,110.0,270.0,0.0,270.0,220.0,50.0
TRX-20260227-03446,2026-02-27 15:13:07,1,00003589,622300358900,2,0,2,10.0,8.0,20.0,0.0,20.0,16.0,4.0
TRX-20260227-01741,2026-02-27 15:25:11,3,00003595,622300359500,3,0,3,110.0,85.0,330.0,0.0,330.0,255.0,75.0
TRX-20260227-01702,2026-02-27 15:59:45,4,00003585,622300358500,1,0,1,220.0,180.0,220.0,0.0,220.0,180.0,40.0
TRX-20260227-04537,2026-02-27 16:45:35,3,00003577,622300357700,2,0,2,65.0,50.0,130.0,0.0,130.0,100.0,30.0
TRX-20260227-04509,2026-02-27 17:25:57,3,00003577,622300357700,2,0,2,65.0,50.0,130.0,0.0,130.0,100.0,30.0
TRX-20260227-03480,2026-02-27 18:00:27,2,00003591,622300359100,4,0,4,7.0,5.0,28.0,0.0,28.0,20.0,8.0
TRX-20260227-01052,2026-02-27 18:15:10,2,00003568,622300356800,2,0,2,105.0,85.0,210.0,0.0,210.0,170.0,40.0
TRX-20260227-03730,2026-02-27 19:02:13,5,00003593,622300359300,4,0,4,18.0,14.0,72.0,0.0,72.0,56.0,16.0
TRX-20260227-03514,2026-02-27 19:08:27,1,00003584,622300358400,1,1,0,26.0,20.0,26.0,26.0,0.0,0.0,0.0
TRX-20260227-02328,2026-02-27 19:23:30,2,00003599,622300359900,5,0,5,380.0,320.0,1900.0,0.0,1900.0,1600.0,300.0
TRX-20260227-01495,2026-02-27 19:51:53,2,00003606,622300360600,2,0,2,85.0,65.0,170.0,0.0,170.0,130.0,40.0
TRX-20260227-02548,2026-02-27 20:13:00,1,00003555,622300355500,4,0,4,480.0,420.0,1920.0,0.0,1920.0,1680.0,240.0
TRX-20260227-04347,2026-02-27 21:33:10,5,00003572,622300357200,2,0,2,23.0,18.0,46.0,0.0,46.0,36.0,10.0
TRX-20260227-00266,2026-02-27 22:12:01,5,00003590,622300359000,4,0,4,23.0,18.0,92.0,0.0,92.0,72.0,20.0
TRX-20260227-00167,2026-02-27 22:33:45,2,00003605,622300360500,5,0,5,58.0,45.0,290.0,0.0,290.0,225.0,65.0
TRX-20260227-03977,2026-02-27 22:38:55,1,00003563,622300356300,5,0,5,12.0,9.0,60.0,0.0,60.0,45.0,15.0
TRX-20260227-01190,2026-02-27 22:39:41,2,00003575,622300357500,2,1,1,55.0,45.0,110.0,55.0,55.0,45.0,10.0
TRX-20260227-02583,2026-02-27 22:49:05,1,00003570,622300357006,1,1,0,114.0,96.0,114.0,114.0,0.0,0.0,0.0
TRX-20260227-03639,2026-02-27 23:02:11,4,00003579,622300357900,5,0,5,110.0,85.0,550.0,0.0,550.0,425.0,125.0
TRX-20260227-02692,2026-02-27 23:04:46,2,00003583,622300358300,3,0,3,5.5,4.0,16.5,0.0,16.5,12.0,4.5
TRX-20260227-01189,2026-02-27 23:35:39,3,00003600,622300360000,1,0,1,135.0,110.0,135.0,0.0,135.0,110.0,25.0
TRX-20260227-02072,2026-02-27 23:56:56,4,00003565,622300356500,1,0,1,38.0,32.0,38.0,0.0,38.0,32.0,6.0
TRX-20260228-03575,2026-02-28 00:05:47,4,00003576,622300357606,1,0,1,1396.5,1260.0,1396.5,0.0,1396.5,1260.0,136.5
TRX-20260228-02292,2026-02-28 00:21:02,5,00003578,622300357800,3,0,3,45.0,35.0,135.0,0.0,135.0,105.0,30.0
TRX-20260228-01306,2026-02-28 00:29:33,1,00003589,622300358900,5,0,5,10.0,8.0,50.0,0.0,50.0,40.0,10.0
TRX-20260228-01345,2026-02-28 01:18:21,3,00003560,622300356000,5,0,5,135.0,110.0,675.0,0.0,675.0,550.0,125.0
TRX-20260228-02087,2026-02-28 01:22:16,3,00003600,622300360000,2,0,2,135.0,110.0,270.0,0.0,270.0,220.0,50.0
TRX-20260228-00993,2026-02-28 02:05:12,5,00003586,622300358600,4,0,4,55.0,45.0,220.0,0.0,220.0,180.0,40.0
TRX-20260228-03840,2026-02-28 03:40:05,2,00003609,622300360900,3,0,3,110.0,85.0,330.0,0.0,330.0,255.0,75.0
TRX-20260228-01543,2026-02-28 03:43:08,1,00003589,622300358900,5,0,5,10.0,8.0,50.0,0.0,50.0,40.0,10.0
TRX-20260228-01229,2026-02-28 03:45:44,1,00003572,622300357200,3,0,3,23.0,18.0,69.0,0.0,69.0,54.0,15.0
TRX-20260228-03107,2026-02-28 05:35:57,2,00003609,622300360900,3,0,3,110.0,85.0,330.0,0.0,330.0,255.0,75.0
TRX-20260228-04196,2026-02-28 05:54:57,2,00003592,622300359224,2,0,2,102.6,72.0,205.2,0.0,205.2,144.0,61.2
TRX-20260228-01386,2026-02-28 05:59:59,1,00003585,622300358500,4,4,0,220.0,180.0,880.0,880.0,0.0,0.0,0.0
TRX-20260228-04560,2026-02-28 06:41:40,3,00003558,622300355800,2,0,2,8.0,6.5,16.0,0.0,16.0,13.0,3.0
TRX-20260228-00005,2026-02-28 07:48:16,1,00003592,622300359200,5,0,5,4.5,3.0,22.5,0.0,22.5,15.0,7.5
TRX-20260228-03245,2026-02-28 08:07:13,3,00003565,622300356500,4,0,4,38.0,32.0,152.0,0.0,152.0,128.0,24.0
TRX-20260228-00296,2026-02-28 08:42:00,1,00003562,622300356200,1,0,1,60.0,50.0,60.0,0.0,60.0,50.0,10.0
TRX-20260228-00036,2026-02-28 08:48:34,5,00003606,622300360600,3,0,3,85.0,65.0,255.0,0.0,255.0,195.0,60.0
TRX-20260228-03020,2026-02-28 08:49:34,5,00003600,622300360000,3,0,3,135.0,110.0,405.0,0.0,405.0,330.0,75.0
TRX-20260228-04396,2026-02-28 09:01:34,2,00003559,622300355906,1,1,0,159.6,132.0,159.6,159.6,0.0,0.0,0.0
TRX-20260228-04563,2026-02-28 09:44:30,3,00003577,622300357700,4,4,0,65.0,50.0,260.0,260.0,0.0,0.0,0.0
TRX-20260228-03695,2026-02-28 09:52:27,5,00003587,622300358700,3,2,1,135.0,110.0,405.0,270.0,135.0,110.0,25.0
TRX-20260228-01474,2026-02-28 11:27:39,5,00003573,622300357300,5,0,5,88.0,75.0,440.0,0.0,440.0,375.0,65.0
TRX-20260228-00682,2026-02-28 12:00:14,1,00003611,622300361100,1,0,1,28.0,22.0,28.0,0.0,28.0,22.0,6.0
TRX-20260228-01835,2026-02-28 12:15:00,2,00003613,622300361300,5,0,5,105.0,85.0,525.0,0.0,525.0,425.0,100.0
TRX-20260228-03632,2026-02-28 12:20:16,4,00003603,622300360300,2,0,2,35.0,28.0,70.0,0.0,70.0,56.0,14.0
TRX-20260228-01624,2026-02-28 12:29:44,4,00003572,622300357200,2,0,2,23.0,18.0,46.0,0.0,46.0,36.0,10.0
TRX-20260228-01614,2026-02-28 12:42:29,1,00003565,622300356500,4,0,4,38.0,32.0,152.0,0.0,152.0,128.0,24.0
TRX-20260228-02355,2026-02-28 13:06:26,4,00003584,622300358400,3,0,3,26.0,20.0,78.0,0.0,78.0,60.0,18.0
TRX-20260228-03253,2026-02-28 13:17:29,5,00003572,622300357200,3,0,3,23.0,18.0,69.0,0.0,69.0,54.0,15.0
TRX-20260228-01557,2026-02-28 14:46:52,1,00003612,622300361200,5,0,5,16.0,12.0,80.0,0.0,80.0,60.0,20.0
TRX-20260228-00396,2026-02-28 14:53:57,1,00003593,622300359300,4,0,4,18.0,14.0,72.0,0.0,72.0,56.0,16.0
TRX-20260228-04525,2026-02-28 14:56:38,2,00003579,622300357912,1,0,1,1254.0,1020.0,1254.0,0.0,1254.0,1020.0,234.0
TRX-20260228-00912,2026-02-28 15:00:34,2,00003569,622300356900,4,2,2,14.0,11.0,56.0,28.0,28.0,22.0,6.0
TRX-20260228-00978,2026-02-28 15:01:11,2,00003565,622300356500,4,1,3,38.0,32.0,152.0,38.0,114.0,96.0,18.0
TRX-20260228-03942,2026-02-28 16:03:10,3,00003594,622300359400,3,0,3,195.0,160.0,585.0,0.0,585.0,480.0,105.0
TRX-20260228-01489,2026-02-28 16:46:43,1,00003577,622300357700,3,0,3,65.0,50.0,195.0,0.0,195.0,150.0,45.0
TRX-20260228-04060,2026-02-28 17:04:24,3,00003569,622300356906,1,1,0,79.8,66.0,79.8,79.8,0.0,0.0,0.0
TRX-20260228-01365,2026-02-28 17:25:26,1,00003559,622300355900,5,0,5,28.0,22.0,140.0,0.0,140.0,110.0,30.0
TRX-20260228-01701,2026-02-28 17:29:51,3,00003605,622300360500,1,0,1,58.0,45.0,58.0,0.0,58.0,45.0,13.0
TRX-20260228-00542,2026-02-28 18:22:52,5,00003589,622300358900,5,0,5,10.0,8.0,50.0,0.0,50.0,40.0,10.0
TRX-20260228-04886,2026-02-28 18:43:42,1,00003592,622300359200,5,0,5,4.5,3.0,22.5,0.0,22.5,15.0,7.5
TRX-20260228-03075,2026-02-28 18:53:58,2,00003610,622300361000,5,0,5,75.0,60.0,375.0,0.0,375.0,300.0,75.0
TRX-20260228-03693,2026-02-28 18:57:11,3,00003556,622300355600,1,0,1,7.0,5.5,7.0,0.0,7.0,5.5,1.5
TRX-20260228-00606,2026-02-28 19:14:41,2,00003570,622300357006,1,0,1,114.0,96.0,114.0,0.0,114.0,96.0,18.0
TRX-20260228-01082,2026-02-28 19:20:18,1,00003611,622300361100,5,0,5,28.0,22.0,140.0,0.0,140.0,110.0,30.0
TRX-20260228-04385,2026-02-28 19:40:42,3,00003553,622300355300,3,0,3,450.0,400.0,1350.0,0.0,1350.0,1200.0,150.0
TRX-20260228-04297,2026-02-28 19:52:23,4,00003611,622300361100,5,0,5,28.0,22.0,140.0,0.0,140.0,110.0,30.0
TRX-20260228-02327,2026-02-28 19:53:54,4,00003613,622300361300,5,0,5,105.0,85.0,525.0,0.0,525.0,425.0,100.0
TRX-20260228-00114,2026-02-28 19:55:59,4,00003604,622300360424,1,0,1,1140.0,960.0,1140.0,0.0,1140.0,960.0,180.0
TRX-20260228-01273,2026-02-28 20:06:47,1,00003605,622300360500,2,0,2,58.0,45.0,116.0,0.0,116.0,90.0,26.0
TRX-20260228-01648,2026-02-28 20:10:29,4,00003594,622300359400,2,2,0,195.0,160.0,390.0,390.0,0.0,0.0,0.0
TRX-20260228-03105,2026-02-28 20:41:46,2,00003575,622300357500,3,0,3,55.0,45.0,165.0,0.0,165.0,135.0,30.0
TRX-20260228-02460,2026-02-28 21:43:12,1,00003600,622300360000,1,0,1,135.0,110.0,135.0,0.0,135.0,110.0,25.0
TRX-20260228-01012,2026-02-28 22:21:56,2,00003583,622300358324,1,0,1,125.4,96.0,125.4,0.0,125.4,96.0,29.4
TRX-20260228-01182,2026-02-28 22:43:03,5,00003589,622300358900,4,0,4,10.0,8.0,40.0,0.0,40.0,32.0,8.0
TRX-20260228-01439,2026-02-28 23:27:40,5,00003606,622300360600,1,1,0,85.0,65.0,85.0,85.0,0.0,0.0,0.0
TRX-20260228-00451,2026-02-28 23:41:51,2,00003596,622300359600,4,0,4,120.0,95.0,480.0,0.0,480.0,380.0,100.0
TRX-20260301-04282,2026-03-01 00:35:54,1,00003599,622300359900,4,0,4,380.0,320.0,1520.0,0.0,1520.0,1280.0,240.0
TRX-20260301-03130,2026-03-01 00:38:05,2,00003575,622300357500,3,0,3,55.0,45.0,165.0,0.0,165.0,135.0,30.0
TRX-20260301-02637,2026-03-01 00:43:47,3,00003607,622300360700,5,0,5,125.0,95.0,625.0,0.0,625.0,475.0,150.0
TRX-20260301-01531,2026-03-01 01:19:59,3,00003559,622300355900,1,0,1,28.0,22.0,28.0,0.0,28.0,22.0,6.0
TRX-20260301-02070,2026-03-01 01:20:27,5,00003573,622300357300,2,0,2,88.0,75.0,176.0,0.0,176.0,150.0,26.0
TRX-20260301-00165,2026-03-01 02:20:25,1,00003583,622300358300,2,0,2,5.5,4.0,11.0,0.0,11.0,8.0,3.0
TRX-20260301-04971,2026-03-01 03:16:10,1,00003578,622300357800,2,1,1,45.0,35.0,90.0,45.0,45.0,35.0,10.0
TRX-20260301-04891,2026-03-01 04:22:41,2,00003574,622300357400,1,0,1,155.0,135.0,155.0,0.0,155.0,135.0,20.0
TRX-20260301-02936,2026-03-01 04:23:40,1,00003576,622300357600,3,0,3,245.0,210.0,735.0,0.0,735.0,630.0,105.0
TRX-20260301-00799,2026-03-01 04:27:06,1,00003581,622300358100,5,0,5,32.0,25.0,160.0,0.0,160.0,125.0,35.0
TRX-20260301-04983,2026-03-01 04:40:06,2,00003593,622300359300,5,0,5,18.0,14.0,90.0,0.0,90.0,70.0,20.0
TRX-20260301-02630,2026-03-01 05:17:58,3,00003577,622300357700,4,0,4,65.0,50.0,260.0,0.0,260.0,200.0,60.0
TRX-20260301-03801,2026-03-01 05:46:37,2,00003575,622300357500,3,0,3,55.0,45.0,165.0,0.0,165.0,135.0,30.0
TRX-20260301-04721,2026-03-01 05:46:47,3,00003566,622300356600,2,0,2,180.0,150.0,360.0,0.0,360.0,300.0,60.0
TRX-20260301-02431,2026-03-01 06:01:53,1,00003565,622300356500,1,0,1,38.0,32.0,38.0,0.0,38.0,32.0,6.0
TRX-20260301-03190,2026-03-01 06:49:27,2,00003595,622300359500,2,0,2,110.0,85.0,220.0,0.0,220.0,170.0,50.0
TRX-20260301-04782,2026-03-01 07:28:44,1,00003575,622300357500,4,0,4,55.0,45.0,220.0,0.0,220.0,180.0,40.0
TRX-20260301-03969,2026-03-01 08:06:48,1,00003581,622300358100,5,0,5,32.0,25.0,160.0,0.0,160.0,125.0,35.0
TRX-20260301-02506,2026-03-01 08:48:44,2,00003557,622300355700,1,0,1,7.0,5.5,7.0,0.0,7.0,5.5,1.5
TRX-20260301-02629,2026-03-01 09:44:02,2,00003602,622300360200,3,0,3,45.0,35.0,135.0,0.0,135.0,105.0,30.0
TRX-20260301-03148,2026-03-01 10:21:43,1,00003589,622300358900,1,0,1,10.0,8.0,10.0,0.0,10.0,8.0,2.0
TRX-20260301-03375,2026-03-01 10:49:20,4,00003571,622300357100,3,0,3,17.5,14.0,52.5,0.0,52.5,42.0,10.5
TRX-20260301-00850,2026-03-01 12:37:27,1,00003569,622300356906,1,0,1,79.8,66.0,79.8,0.0,79.8,66.0,13.8
TRX-20260301-01509,2026-03-01 12:40:53,1,00003598,622300359812,2,0,2,2793.0,2520.0,5586.0,0.0,5586.0,5040.0,546.0
TRX-20260301-02532,2026-03-01 13:15:08,3,00003595,622300359500,5,0,5,110.0,85.0,550.0,0.0,550.0,425.0,125.0
TRX-20260301-00196,2026-03-01 14:04:43,2,00003557,622300355700,4,0,4,7.0,5.5,28.0,0.0,28.0,22.0,6.0
TRX-20260301-03504,2026-03-01 14:57:31,1,00003557,622300355706,2,0,2,39.9,33.0,79.8,0.0,79.8,66.0,13.8
TRX-20260301-00633,2026-03-01 15:52:10,2,00003613,622300361300,4,0,4,105.0,85.0,420.0,0.0,420.0,340.0,80.0
TRX-20260301-01107,2026-03-01 16:06:51,2,00003610,622300361000,4,0,4,75.0,60.0,300.0,0.0,300.0,240.0,60.0
TRX-20260301-01953,2026-03-01 16:22:20,1,00003576,622300357600,1,0,1,245.0,210.0,245.0,0.0,245.0,210.0,35.0
TRX-20260301-04658,2026-03-01 16:23:48,2,00003554,622300355400,3,0,3,435.0,390.0,1305.0,0.0,1305.0,1170.0,135.0
TRX-20260301-01247,2026-03-01 16:30:20,1,00003595,622300359500,4,0,4,110.0,85.0,440.0,0.0,440.0,340.0,100.0
TRX-20260301-00781,2026-03-01 16:49:51,3,00003573,622300357300,4,0,4,88.0,75.0,352.0,0.0,352.0,300.0,52.0
TRX-20260301-02885,2026-03-01 17:06:33,2,00003558,622300355824,1,1,0,182.4,156.0,182.4,182.4,0.0,0.0,0.0
TRX-20260301-04948,2026-03-01 18:40:38,5,00003564,622300356400,5,0,5,20.0,16.0,100.0,0.0,100.0,80.0,20.0
TRX-20260301-00986,2026-03-01 18:43:30,2,00003573,622300357300,2,0,2,88.0,75.0,176.0,0.0,176.0,150.0,26.0
TRX-20260301-04640,2026-03-01 19:13:28,2,00003591,622300359100,2,0,2,7.0,5.0,14.0,0.0,14.0,10.0,4.0
TRX-20260301-03332,2026-03-01 20:24:25,5,00003596,622300359600,4,0,4,120.0,95.0,480.0,0.0,480.0,380.0,100.0
TRX-20260301-02947,2026-03-01 21:05:41,1,00003561,622300356100,5,0,5,42.0,35.0,210.0,0.0,210.0,175.0,35.0
TRX-20260301-03756,2026-03-01 21:24:06,3,00003607,622300360700,3,0,3,125.0,95.0,375.0,0.0,375.0,285.0,90.0
TRX-20260301-00830,2026-03-01 21:37:33,2,00003591,622300359112,2,0,2,79.8,60.0,159.6,0.0,159.6,120.0,39.6
TRX-20260301-01285,2026-03-01 21:43:27,2,00003575,622300357500,1,0,1,55.0,45.0,55.0,0.0,55.0,45.0,10.0
TRX-20260301-01784,2026-03-01 22:33:15,3,00003574,622300357400,3,0,3,155.0,135.0,465.0,0.0,465.0,405.0,60.0
TRX-20260301-03042,2026-03-01 22:33:30,1,00003557,622300355700,3,0,3,7.0,5.5,21.0,0.0,21.0,16.5,4.5
TRX-20260301-02186,2026-03-01 22:45:11,1,00003557,622300355700,4,0,4,7.0,5.5,28.0,0.0,28.0,22.0,6.0
TRX-20260301-04562,2026-03-01 22:59:55,2,00003606,622300360600,4,0,4,85.0,65.0,340.0,0.0,340.0,260.0,80.0
TRX-20260301-04651,2026-03-01 23:22:55,5,00003591,622300359100,4,0,4,7.0,5.0,28.0,0.0,28.0,20.0,8.0
TRX-20260301-03423,2026-03-01 23:56:48,5,00003607,622300360700,3,0,3,125.0,95.0,375.0,0.0,375.0,285.0,90.0
TRX-20260302-02430,2026-03-02 00:19:03,4,00003579,622300357900,2,0,2,110.0,85.0,220.0,0.0,220.0,170.0,50.0
TRX-20260302-01753,2026-03-02 00:21:39,1,00003589,622300358900,1,0,1,10.0,8.0,10.0,0.0,10.0,8.0,2.0
TRX-20260302-01604,2026-03-02 00:41:37,5,00003573,622300357300,2,0,2,88.0,75.0,176.0,0.0,176.0,150.0,26.0
TRX-20260302-02739,2026-03-02 00:45:26,2,00003567,622300356700,1,1,0,34.0,29.0,34.0,34.0,0.0,0.0,0.0
TRX-20260302-01338,2026-03-02 02:32:20,1,00003596,622300359624,2,0,2,2736.0,2280.0,5472.0,0.0,5472.0,4560.0,912.0
TRX-20260302-03659,2026-03-02 02:54:42,2,00003567,622300356700,3,0,3,34.0,29.0,102.0,0.0,102.0,87.0,15.0
TRX-20260302-00616,2026-03-02 03:37:07,1,00003594,622300359400,4,0,4,195.0,160.0,780.0,0.0,780.0,640.0,140.0
TRX-20260302-04508,2026-03-02 04:25:34,4,00003585,622300358500,3,0,3,220.0,180.0,660.0,0.0,660.0,540.0,120.0
TRX-20260302-02588,2026-03-02 04:33:43,3,00003570,622300357000,5,0,5,20.0,16.0,100.0,0.0,100.0,80.0,20.0
TRX-20260302-00443,2026-03-02 05:16:33,5,00003554,622300355400,1,0,1,435.0,390.0,435.0,0.0,435.0,390.0,45.0
TRX-20260302-01929,2026-03-02 05:18:45,2,00003593,622300359300,1,0,1,18.0,14.0,18.0,0.0,18.0,14.0,4.0
TRX-20260302-01083,2026-03-02 05:31:39,2,00003578,622300357800,1,0,1,45.0,35.0,45.0,0.0,45.0,35.0,10.0
TRX-20260302-03950,2026-03-02 05:35:12,1,00003601,622300360100,2,0,2,205.0,175.0,410.0,0.0,410.0,350.0,60.0
TRX-20260302-02957,2026-03-02 05:45:49,1,00003573,622300357300,3,0,3,88.0,75.0,264.0,0.0,264.0,225.0,39.0
TRX-20260302-03624,2026-03-02 06:16:21,2,00003562,622300356200,3,0,3,60.0,50.0,180.0,0.0,180.0,150.0,30.0
TRX-20260302-01297,2026-03-02 06:37:25,1,00003605,622300360500,5,0,5,58.0,45.0,290.0,0.0,290.0,225.0,65.0
TRX-20260302-02357,2026-03-02 06:58:24,1,00003598,622300359800,4,0,4,245.0,210.0,980.0,0.0,980.0,840.0,140.0
TRX-20260302-01965,2026-03-02 07:07:34,4,00003571,622300357100,1,0,1,17.5,14.0,17.5,0.0,17.5,14.0,3.5
TRX-20260302-01271,2026-03-02 07:09:29,1,00003576,622300357600,1,0,1,245.0,210.0,245.0,0.0,245.0,210.0,35.0
TRX-20260302-00021,2026-03-02 07:19:32,2,00003611,622300361100,3,0,3,28.0,22.0,84.0,0.0,84.0,66.0,18.0
TRX-20260302-04958,2026-03-02 07:37:13,5,00003563,622300356312,2,0,2,136.8,108.0,273.6,0.0,273.6,216.0,57.6
TRX-20260302-03554,2026-03-02 08:09:25,5,00003587,622300358700,1,1,0,135.0,110.0,135.0,135.0,0.0,0.0,0.0
TRX-20260302-01853,2026-03-02 08:50:26,2,00003586,622300358600,5,0,5,55.0,45.0,275.0,0.0,275.0,225.0,50.0
TRX-20260302-04225,2026-03-02 09:12:44,5,00003588,622300358800,3,0,3,95.0,75.0,285.0,0.0,285.0,225.0,60.0
TRX-20260302-03894,2026-03-02 09:40:10,2,00003606,622300360600,1,0,1,85.0,65.0,85.0,0.0,85.0,65.0,20.0
TRX-20260302-02144,2026-03-02 09:54:21,3,00003595,622300359500,1,0,1,110.0,85.0,110.0,0.0,110.0,85.0,25.0
TRX-20260302-00797,2026-03-02 10:21:53,1,00003589,622300358900,4,2,2,10.0,8.0,40.0,20.0,20.0,16.0,4.0
TRX-20260302-02652,2026-03-02 11:00:19,1,00003563,622300356300,2,0,2,12.0,9.0,24.0,0.0,24.0,18.0,6.0
TRX-20260302-04588,2026-03-02 11:08:21,3,00003558,622300355800,5,0,5,8.0,6.5,40.0,0.0,40.0,32.5,7.5
TRX-20260302-04016,2026-03-02 11:18:53,2,00003588,622300358800,4,0,4,95.0,75.0,380.0,0.0,380.0,300.0,80.0
TRX-20260302-03899,2026-03-02 11:22:42,2,00003572,622300357200,2,0,2,23.0,18.0,46.0,0.0,46.0,36.0,10.0
TRX-20260302-00297,2026-03-02 11:24:23,4,00003570,622300357000,4,0,4,20.0,16.0,80.0,0.0,80.0,64.0,16.0
TRX-20260302-03354,2026-03-02 11:33:24,4,00003578,622300357800,3,0,3,45.0,35.0,135.0,0.0,135.0,105.0,30.0
TRX-20260302-00857,2026-03-02 11:37:54,3,00003581,622300358100,1,0,1,32.0,25.0,32.0,0.0,32.0,25.0,7.0
TRX-20260302-04270,2026-03-02 12:03:40,2,00003603,622300360300,2,0,2,35.0,28.0,70.0,0.0,70.0,56.0,14.0
TRX-20260302-03084,2026-03-02 12:22:18,1,00003595,622300359500,4,0,4,110.0,85.0,440.0,0.0,440.0,340.0,100.0
TRX-20260302-00070,2026-03-02 12:36:17,1,00003611,622300361100,1,0,1,28.0,22.0,28.0,0.0,28.0,22.0,6.0
TRX-20260302-00279,2026-03-02 13:26:36,5,00003606,622300360600,2,0,2,85.0,65.0,170.0,0.0,170.0,130.0,40.0
TRX-20260302-01262,2026-03-02 13:52:31,1,00003571,622300357100,2,0,2,17.5,14.0,35.0,0.0,35.0,28.0,7.0
TRX-20260302-01411,2026-03-02 14:53:17,1,00003552,622300355200,1,0,1,420.0,380.0,420.0,0.0,420.0,380.0,40.0
TRX-20260302-00808,2026-03-02 14:53:58,3,00003570,622300357000,5,0,5,20.0,16.0,100.0,0.0,100.0,80.0,20.0
TRX-20260302-03151,2026-03-02 15:37:04,4,00003598,622300359800,5,0,5,245.0,210.0,1225.0,0.0,1225.0,1050.0,175.0
TRX-20260302-02022,2026-03-02 16:20:18,2,00003594,622300359400,2,0,2,195.0,160.0,390.0,0.0,390.0,320.0,70.0
TRX-20260302-03443,2026-03-02 16:56:46,4,00003607,622300360700,5,0,5,125.0,95.0,625.0,0.0,625.0,475.0,150.0
TRX-20260302-01785,2026-03-02 17:27:01,2,00003567,622300356700,1,0,1,34.0,29.0,34.0,0.0,34.0,29.0,5.0
TRX-20260302-02626,2026-03-02 18:24:21,5,00003576,622300357600,2,0,2,245.0,210.0,490.0,0.0,490.0,420.0,70.0
TRX-20260302-02840,2026-03-02 18:54:30,1,00003579,622300357900,3,0,3,110.0,85.0,330.0,0.0,330.0,255.0,75.0
TRX-20260302-04274,2026-03-02 19:03:43,1,00003602,622300360200,4,0,4,45.0,35.0,180.0,0.0,180.0,140.0,40.0
TRX-20260302-02655,2026-03-02 19:32:53,1,00003577,622300357700,5,0,5,65.0,50.0,325.0,0.0,325.0,250.0,75.0
TRX-20260302-03491,2026-03-02 19:43:44,3,00003601,622300360100,5,0,5,205.0,175.0,1025.0,0.0,1025.0,875.0,150.0
TRX-20260302-00872,2026-03-02 19:56:05,2,00003599,622300359900,1,0,1,380.0,320.0,380.0,0.0,380.0,320.0,60.0
TRX-20260302-04448,2026-03-02 20:21:52,3,00003577,622300357700,3,3,0,65.0,50.0,195.0,195.0,0.0,0.0,0.0
TRX-20260302-04898,2026-03-02 20:29:38,1,00003561,622300356100,2,0,2,42.0,35.0,84.0,0.0,84.0,70.0,14.0
TRX-20260302-00199,2026-03-02 20:29:49,3,00003561,622300356124,1,0,1,957.6,840.0,957.6,0.0,957.6,840.0,117.6
TRX-20260302-03021,2026-03-02 20:35:52,4,00003552,622300355200,4,0,4,420.0,380.0,1680.0,0.0,1680.0,1520.0,160.0
TRX-20260302-00911,2026-03-02 20:58:20,5,00003587,622300358700,1,0,1,135.0,110.0,135.0,0.0,135.0,110.0,25.0
TRX-20260302-00284,2026-03-02 21:30:07,1,00003559,622300355900,2,0,2,28.0,22.0,56.0,0.0,56.0,44.0,12.0
TRX-20260302-04341,2026-03-02 21:39:30,2,00003591,622300359100,5,0,5,7.0,5.0,35.0,0.0,35.0,25.0,10.0
TRX-20260302-03872,2026-03-02 22:29:04,2,00003592,622300359200,1,0,1,4.5,3.0,4.5,0.0,4.5,3.0,1.5
TRX-20260302-01982,2026-03-02 23:40:18,1,00003558,622300355800,2,0,2,8.0,6.5,16.0,0.0,16.0,13.0,3.0
TRX-20260302-02468,2026-03-02 23:43:59,1,00003606,622300360600,2,0,2,85.0,65.0,170.0,0.0,170.0,130.0,40.0
TRX-20260302-01650,2026-03-02 23:56:07,2,00003607,622300360700,4,0,4,125.0,95.0,500.0,0.0,500.0,380.0,120.0
TRX-20260303-00896,2026-03-03 01:04:54,3,00003584,622300358400,4,0,4,26.0,20.0,104.0,0.0,104.0,80.0,24.0
TRX-20260303-03232,2026-03-03 01:08:31,2,00003561,622300356100,1,1,0,42.0,35.0,42.0,42.0,0.0,0.0,0.0
TRX-20260303-01621,2026-03-03 01:13:07,2,00003602,622300360200,1,0,1,45.0,35.0,45.0,0.0,45.0,35.0,10.0
TRX-20260303-02330,2026-03-03 01:44:55,2,00003593,622300359300,1,0,1,18.0,14.0,18.0,0.0,18.0,14.0,4.0
TRX-20260303-01436,2026-03-03 02:05:25,2,00003613,622300361300,5,0,5,105.0,85.0,525.0,0.0,525.0,425.0,100.0
TRX-20260303-04352,2026-03-03 02:38:27,2,00003594,622300359400,2,0,2,195.0,160.0,390.0,0.0,390.0,320.0,70.0
TRX-20260303-03567,2026-03-03 02:40:11,3,00003602,622300360200,3,0,3,45.0,35.0,135.0,0.0,135.0,105.0,30.0
TRX-20260303-00565,2026-03-03 02:40:23,1,00003607,622300360712,2,0,2,1425.0,1140.0,2850.0,0.0,2850.0,2280.0,570.0
TRX-20260303-01970,2026-03-03 03:19:43,3,00003601,622300360100,4,0,4,205.0,175.0,820.0,0.0,820.0,700.0,120.0
TRX-20260303-04271,2026-03-03 03:32:49,4,00003601,622300360100,1,0,1,205.0,175.0,205.0,0.0,205.0,175.0,30.0
TRX-20260303-01842,2026-03-03 03:52:44,3,00003583,622300358300,3,0,3,5.5,4.0,16.5,0.0,16.5,12.0,4.5
TRX-20260303-02120,2026-03-03 04:34:56,3,00003559,622300355900,1,0,1,28.0,22.0,28.0,0.0,28.0,22.0,6.0
TRX-20260303-01582,2026-03-03 06:17:52,3,00003552,622300355200,2,0,2,420.0,380.0,840.0,0.0,840.0,760.0,80.0
TRX-20260303-02547,2026-03-03 06:51:04,1,00003576,622300357600,1,0,1,245.0,210.0,245.0,0.0,245.0,210.0,35.0
TRX-20260303-00274,2026-03-03 07:21:11,4,00003590,622300359000,5,0,5,23.0,18.0,115.0,0.0,115.0,90.0,25.0
TRX-20260303-02308,2026-03-03 07:43:40,2,00003572,622300357200,1,0,1,23.0,18.0,23.0,0.0,23.0,18.0,5.0
TRX-20260303-04340,2026-03-03 09:25:48,3,00003567,622300356700,2,0,2,34.0,29.0,68.0,0.0,68.0,58.0,10.0
TRX-20260303-02880,2026-03-03 09:53:46,1,00003570,622300357000,5,0,5,20.0,16.0,100.0,0.0,100.0,80.0,20.0
TRX-20260303-00022,2026-03-03 09:56:43,5,00003592,622300359200,4,0,4,4.5,3.0,18.0,0.0,18.0,12.0,6.0
TRX-20260303-01286,2026-03-03 10:15:14,1,00003560,622300356000,1,0,1,135.0,110.0,135.0,0.0,135.0,110.0,25.0
TRX-20260303-00947,2026-03-03 10:34:09,1,00003561,622300356100,4,0,4,42.0,35.0,168.0,0.0,168.0,140.0,28.0
TRX-20260303-00370,2026-03-03 11:15:38,5,00003584,622300358400,2,0,2,26.0,20.0,52.0,0.0,52.0,40.0,12.0
TRX-20260303-01352,2026-03-03 12:30:51,1,00003593,622300359300,2,0,2,18.0,14.0,36.0,0.0,36.0,28.0,8.0
TRX-20260303-04047,2026-03-03 13:01:43,3,00003561,622300356124,2,0,2,957.6,840.0,1915.2,0.0,1915.2,1680.0,235.2
TRX-20260303-03458,2026-03-03 14:07:51,4,00003564,622300356400,4,0,4,20.0,16.0,80.0,0.0,80.0,64.0,16.0
TRX-20260303-01660,2026-03-03 14:20:39,3,00003588,622300358800,2,0,2,95.0,75.0,190.0,0.0,190.0,150.0,40.0
TRX-20260303-02591,2026-03-03 14:28:49,1,00003613,622300361300,5,0,5,105.0,85.0,525.0,0.0,525.0,425.0,100.0
TRX-20260303-01694,2026-03-03 14:39:01,3,00003574,622300357400,1,1,0,155.0,135.0,155.0,155.0,0.0,0.0,0.0
TRX-20260303-04187,2026-03-03 14:54:04,3,00003599,622300359906,2,0,2,2166.0,1920.0,4332.0,0.0,4332.0,3840.0,492.0
TRX-20260303-02567,2026-03-03 14:55:08,4,00003595,622300359500,3,1,2,110.0,85.0,330.0,110.0,220.0,170.0,50.0
TRX-20260303-04702,2026-03-03 14:56:40,1,00003605,622300360500,4,0,4,58.0,45.0,232.0,0.0,232.0,180.0,52.0
TRX-20260303-03546,2026-03-03 16:23:59,2,00003602,622300360200,3,2,1,45.0,35.0,135.0,90.0,45.0,35.0,10.0
TRX-20260303-04432,2026-03-03 16:35:27,1,00003554,622300355400,3,0,3,435.0,390.0,1305.0,0.0,1305.0,1170.0,135.0
TRX-20260303-02347,2026-03-03 16:58:36,2,00003575,622300357500,2,0,2,55.0,45.0,110.0,0.0,110.0,90.0,20.0
TRX-20260303-01193,2026-03-03 17:41:25,2,00003578,622300357800,4,0,4,45.0,35.0,180.0,0.0,180.0,140.0,40.0
TRX-20260303-04464,2026-03-03 18:12:53,1,00003584,622300358424,1,0,1,592.8,480.0,592.8,0.0,592.8,480.0,112.8
TRX-20260303-01332,2026-03-03 18:16:09,2,00003611,622300361100,1,0,1,28.0,22.0,28.0,0.0,28.0,22.0,6.0
TRX-20260303-03279,2026-03-03 19:29:03,1,00003570,622300357000,4,0,4,20.0,16.0,80.0,0.0,80.0,64.0,16.0
TRX-20260303-04828,2026-03-03 19:55:59,1,00003561,622300356100,4,0,4,42.0,35.0,168.0,0.0,168.0,140.0,28.0
TRX-20260303-03521,2026-03-03 20:22:21,2,00003605,622300360500,1,0,1,58.0,45.0,58.0,0.0,58.0,45.0,13.0
TRX-20260303-00661,2026-03-03 20:37:18,1,00003572,622300357200,2,0,2,23.0,18.0,46.0,0.0,46.0,36.0,10.0
TRX-20260303-03379,2026-03-03 20:53:27,1,00003583,622300358300,2,0,2,5.5,4.0,11.0,0.0,11.0,8.0,3.0
TRX-20260303-02799,2026-03-03 21:06:27,1,00003600,622300360000,1,0,1,135.0,110.0,135.0,0.0,135.0,110.0,25.0
TRX-20260303-04368,2026-03-03 21:24:22,3,00003575,622300357500,4,0,4,55.0,45.0,220.0,0.0,220.0,180.0,40.0
TRX-20260304-00866,2026-03-04 00:31:36,3,00003596,622300359600,4,0,4,120.0,95.0,480.0,0.0,480.0,380.0,100.0
TRX-20260304-04844,2026-03-04 01:02:49,2,00003552,622300355200,2,0,2,420.0,380.0,840.0,0.0,840.0,760.0,80.0
TRX-20260304-04155,2026-03-04 01:36:57,2,00003589,622300358900,5,0,5,10.0,8.0,50.0,0.0,50.0,40.0,10.0
TRX-20260304-01832,2026-03-04 02:53:23,3,00003605,622300360506,1,0,1,330.6,270.0,330.6,0.0,330.6,270.0,60.6
TRX-20260304-01166,2026-03-04 03:30:47,2,00003609,622300360900,4,0,4,110.0,85.0,440.0,0.0,440.0,340.0,100.0
TRX-20260304-00476,2026-03-04 04:44:35,1,00003609,622300360900,4,0,4,110.0,85.0,440.0,0.0,440.0,340.0,100.0
TRX-20260304-00039,2026-03-04 04:45:32,2,00003586,622300358600,2,0,2,55.0,45.0,110.0,0.0,110.0,90.0,20.0
TRX-20260304-02910,2026-03-04 04:48:07,2,00003597,622300359700,5,0,5,160.0,130.0,800.0,0.0,800.0,650.0,150.0
TRX-20260304-00447,2026-03-04 05:21:59,1,00003581,622300358124,1,0,1,729.6,600.0,729.6,0.0,729.6,600.0,129.6
TRX-20260304-01769,2026-03-04 05:31:35,3,00003583,622300358300,3,2,1,5.5,4.0,16.5,11.0,5.5,4.0,1.5
TRX-20260304-04724,2026-03-04 05:39:40,2,00003603,622300360300,2,0,2,35.0,28.0,70.0,0.0,70.0,56.0,14.0
TRX-20260304-03471,2026-03-04 06:15:02,2,00003571,622300357124,2,0,2,399.0,336.0,798.0,0.0,798.0,672.0,126.0
TRX-20260304-01172,2026-03-04 06:16:07,1,00003557,622300355700,1,0,1,7.0,5.5,7.0,0.0,7.0,5.5,1.5
TRX-20260304-01241,2026-03-04 06:25:09,2,00003571,622300357100,5,0,5,17.5,14.0,87.5,0.0,87.5,70.0,17.5
TRX-20260304-03819,2026-03-04 08:03:20,3,00003603,622300360300,5,0,5,35.0,28.0,175.0,0.0,175.0,140.0,35.0
TRX-20260304-04979,2026-03-04 08:29:07,5,00003595,622300359500,4,0,4,110.0,85.0,440.0,0.0,440.0,340.0,100.0
TRX-20260304-04206,2026-03-04 10:16:05,3,00003584,622300358400,3,0,3,26.0,20.0,78.0,0.0,78.0,60.0,18.0
TRX-20260304-03074,2026-03-04 10:25:42,2,00003568,622300356824,2,0,2,2394.0,2040.0,4788.0,0.0,4788.0,4080.0,708.0
TRX-20260304-03270,2026-03-04 10:33:34,4,00003576,622300357600,1,0,1,245.0,210.0,245.0,0.0,245.0,210.0,35.0
TRX-20260304-04974,2026-03-04 11:00:35,1,00003586,622300358600,2,0,2,55.0,45.0,110.0,0.0,110.0,90.0,20.0
TRX-20260304-04024,2026-03-04 11:06:15,1,00003555,622300355500,1,0,1,480.0,420.0,480.0,0.0,480.0,420.0,60.0
TRX-20260304-00413,2026-03-04 11:15:47,2,00003563,622300356300,5,0,5,12.0,9.0,60.0,0.0,60.0,45.0,15.0
TRX-20260304-01443,2026-03-04 11:36:30,1,00003610,622300361000,5,0,5,75.0,60.0,375.0,0.0,375.0,300.0,75.0
TRX-20260304-01595,2026-03-04 11:54:21,2,00003571,622300357100,1,0,1,17.5,14.0,17.5,0.0,17.5,14.0,3.5
TRX-20260304-04624,2026-03-04 12:29:26,2,00003604,622300360400,1,0,1,50.0,40.0,50.0,0.0,50.0,40.0,10.0
TRX-20260304-03222,2026-03-04 12:53:15,1,00003576,622300357600,3,0,3,245.0,210.0,735.0,0.0,735.0,630.0,105.0
TRX-20260304-00845,2026-03-04 12:55:55,3,00003560,622300356000,5,0,5,135.0,110.0,675.0,0.0,675.0,550.0,125.0
TRX-20260304-02728,2026-03-04 13:33:36,1,00003590,622300359000,1,0,1,23.0,18.0,23.0,0.0,23.0,18.0,5.0
TRX-20260304-04260,2026-03-04 13:49:05,3,00003554,622300355400,1,0,1,435.0,390.0,435.0,0.0,435.0,390.0,45.0
TRX-20260304-03295,2026-03-04 14:18:24,4,00003561,622300356100,3,0,3,42.0,35.0,126.0,0.0,126.0,105.0,21.0
TRX-20260304-04230,2026-03-04 14:39:52,3,00003568,622300356824,1,1,0,2394.0,2040.0,2394.0,2394.0,0.0,0.0,0.0
TRX-20260304-00440,2026-03-04 15:17:03,2,00003558,622300355800,2,0,2,8.0,6.5,16.0,0.0,16.0,13.0,3.0
TRX-20260304-03114,2026-03-04 15:30:01,1,00003606,622300360606,2,0,2,484.5,390.0,969.0,0.0,969.0,780.0,189.0
TRX-20260304-03886,2026-03-04 16:29:00,5,00003590,622300359000,4,0,4,23.0,18.0,92.0,0.0,92.0,72.0,20.0
TRX-20260304-03734,2026-03-04 17:26:51,2,00003613,622300361300,5,0,5,105.0,85.0,525.0,0.0,525.0,425.0,100.0
TRX-20260304-03359,2026-03-04 17:28:40,5,00003598,622300359800,5,0,5,245.0,210.0,1225.0,0.0,1225.0,1050.0,175.0
TRX-20260304-02446,2026-03-04 17:43:10,5,00003562,622300356200,4,0,4,60.0,50.0,240.0,0.0,240.0,200.0,40.0
TRX-20260304-02146,2026-03-04 17:43:26,4,00003575,622300357500,2,0,2,55.0,45.0,110.0,0.0,110.0,90.0,20.0
TRX-20260304-02709,2026-03-04 17:46:23,3,00003565,622300356500,4,0,4,38.0,32.0,152.0,0.0,152.0,128.0,24.0
TRX-20260304-00223,2026-03-04 17:55:29,2,00003601,622300360100,2,0,2,205.0,175.0,410.0,0.0,410.0,350.0,60.0
TRX-20260304-00855,2026-03-04 18:11:53,3,00003609,622300360900,1,0,1,110.0,85.0,110.0,0.0,110.0,85.0,25.0
TRX-20260304-03176,2026-03-04 18:26:30,3,00003556,622300355600,3,0,3,7.0,5.5,21.0,0.0,21.0,16.5,4.5
TRX-20260304-04877,2026-03-04 18:42:13,2,00003606,622300360600,1,0,1,85.0,65.0,85.0,0.0,85.0,65.0,20.0
TRX-20260304-00064,2026-03-04 19:23:42,1,00003563,622300356300,5,0,5,12.0,9.0,60.0,0.0,60.0,45.0,15.0
TRX-20260304-01017,2026-03-04 19:33:14,3,00003613,622300361300,3,0,3,105.0,85.0,315.0,0.0,315.0,255.0,60.0
TRX-20260304-04705,2026-03-04 20:29:14,2,00003553,622300355300,1,0,1,450.0,400.0,450.0,0.0,450.0,400.0,50.0
TRX-20260304-01375,2026-03-04 20:56:43,3,00003578,622300357800,5,0,5,45.0,35.0,225.0,0.0,225.0,175.0,50.0
TRX-20260304-03536,2026-03-04 21:02:20,2,00003564,622300356400,2,2,0,20.0,16.0,40.0,40.0,0.0,0.0,0.0
TRX-20260304-03376,2026-03-04 21:34:39,3,00003595,622300359500,5,0,5,110.0,85.0,550.0,0.0,550.0,425.0,125.0
TRX-20260304-04907,2026-03-04 22:23:50,4,00003552,622300355200,5,0,5,420.0,380.0,2100.0,0.0,2100.0,1900.0,200.0
TRX-20260304-01484,2026-03-04 22:24:16,2,00003586,622300358624,1,0,1,1254.0,1080.0,1254.0,0.0,1254.0,1080.0,174.0
TRX-20260304-03579,2026-03-04 22:30:29,1,00003554,622300355400,3,0,3,435.0,390.0,1305.0,0.0,1305.0,1170.0,135.0
TRX-20260304-00783,2026-03-04 22:35:03,3,00003589,622300358900,5,0,5,10.0,8.0,50.0,0.0,50.0,40.0,10.0
TRX-20260304-02323,2026-03-04 23:14:02,4,00003611,622300361100,2,0,2,28.0,22.0,56.0,0.0,56.0,44.0,12.0
TRX-20260305-00767,2026-03-05 00:05:18,1,00003606,622300360606,2,0,2,484.5,390.0,969.0,0.0,969.0,780.0,189.0
TRX-20260305-01630,2026-03-05 00:20:18,3,00003590,622300359000,5,0,5,23.0,18.0,115.0,0.0,115.0,90.0,25.0
TRX-20260305-01999,2026-03-05 00:58:44,1,00003586,622300358600,4,0,4,55.0,45.0,220.0,0.0,220.0,180.0,40.0
TRX-20260305-04976,2026-03-05 01:01:47,3,00003558,622300355800,2,0,2,8.0,6.5,16.0,0.0,16.0,13.0,3.0
TRX-20260305-00552,2026-03-05 01:45:39,1,00003588,622300358800,4,0,4,95.0,75.0,380.0,0.0,380.0,300.0,80.0
TRX-20260305-04137,2026-03-05 03:26:29,2,00003558,622300355800,1,0,1,8.0,6.5,8.0,0.0,8.0,6.5,1.5
TRX-20260305-02311,2026-03-05 03:59:46,5,00003580,622300358000,3,0,3,38.0,30.0,114.0,0.0,114.0,90.0,24.0
TRX-20260305-00550,2026-03-05 04:01:35,3,00003611,622300361100,4,0,4,28.0,22.0,112.0,0.0,112.0,88.0,24.0
TRX-20260305-01221,2026-03-05 04:36:46,5,00003578,622300357800,2,0,2,45.0,35.0,90.0,0.0,90.0,70.0,20.0
TRX-20260305-03341,2026-03-05 04:38:34,1,00003605,622300360500,1,0,1,58.0,45.0,58.0,0.0,58.0,45.0,13.0
TRX-20260305-02359,2026-03-05 05:42:38,4,00003558,622300355800,1,1,0,8.0,6.5,8.0,8.0,0.0,0.0,0.0
TRX-20260305-03110,2026-03-05 06:27:56,2,00003564,622300356400,4,0,4,20.0,16.0,80.0,0.0,80.0,64.0,16.0
TRX-20260305-02016,2026-03-05 06:35:06,5,00003597,622300359700,3,0,3,160.0,130.0,480.0,0.0,480.0,390.0,90.0
TRX-20260305-03921,2026-03-05 07:16:21,2,00003610,622300361000,2,0,2,75.0,60.0,150.0,0.0,150.0,120.0,30.0
TRX-20260305-01535,2026-03-05 07:19:19,2,00003609,622300360900,1,0,1,110.0,85.0,110.0,0.0,110.0,85.0,25.0
TRX-20260305-01473,2026-03-05 07:35:08,1,00003578,622300357800,5,0,5,45.0,35.0,225.0,0.0,225.0,175.0,50.0
TRX-20260305-04775,2026-03-05 07:44:32,3,00003609,622300360900,3,0,3,110.0,85.0,330.0,0.0,330.0,255.0,75.0
TRX-20260305-00915,2026-03-05 07:58:00,3,00003590,622300359000,3,0,3,23.0,18.0,69.0,0.0,69.0,54.0,15.0
TRX-20260305-02176,2026-03-05 08:48:40,4,00003585,622300358500,2,0,2,220.0,180.0,440.0,0.0,440.0,360.0,80.0
TRX-20260305-00460,2026-03-05 08:55:48,2,00003577,622300357700,5,0,5,65.0,50.0,325.0,0.0,325.0,250.0,75.0
TRX-20260305-01703,2026-03-05 09:16:11,4,00003602,622300360212,2,0,2,513.0,420.0,1026.0,0.0,1026.0,840.0,186.0
TRX-20260305-02894,2026-03-05 09:50:34,4,00003568,622300356800,2,0,2,105.0,85.0,210.0,0.0,210.0,170.0,40.0
TRX-20260305-01883,2026-03-05 09:58:24,1,00003571,622300357100,3,0,3,17.5,14.0,52.5,0.0,52.5,42.0,10.5
TRX-20260305-02597,2026-03-05 10:02:27,4,00003562,622300356200,2,0,2,60.0,50.0,120.0,0.0,120.0,100.0,20.0
TRX-20260305-02958,2026-03-05 10:08:01,1,00003599,622300359900,1,0,1,380.0,320.0,380.0,0.0,380.0,320.0,60.0
TRX-20260305-00731,2026-03-05 11:24:36,2,00003559,622300355900,1,1,0,28.0,22.0,28.0,28.0,0.0,0.0,0.0
TRX-20260305-02139,2026-03-05 11:41:59,2,00003604,622300360400,1,0,1,50.0,40.0,50.0,0.0,50.0,40.0,10.0
TRX-20260305-04992,2026-03-05 11:49:31,3,00003575,622300357500,4,0,4,55.0,45.0,220.0,0.0,220.0,180.0,40.0
TRX-20260305-01601,2026-03-05 12:28:46,1,00003586,622300358600,3,0,3,55.0,45.0,165.0,0.0,165.0,135.0,30.0
TRX-20260305-03961,2026-03-05 12:41:15,3,00003592,622300359200,1,0,1,4.5,3.0,4.5,0.0,4.5,3.0,1.5
TRX-20260305-02992,2026-03-05 12:57:33,1,00003613,622300361300,4,0,4,105.0,85.0,420.0,0.0,420.0,340.0,80.0
TRX-20260305-03800,2026-03-05 13:08:31,2,00003581,622300358100,4,0,4,32.0,25.0,128.0,0.0,128.0,100.0,28.0
TRX-20260305-03069,2026-03-05 13:18:54,1,00003570,622300357000,2,0,2,20.0,16.0,40.0,0.0,40.0,32.0,8.0
TRX-20260305-03967,2026-03-05 13:22:18,3,00003565,622300356500,4,0,4,38.0,32.0,152.0,0.0,152.0,128.0,24.0
TRX-20260305-01518,2026-03-05 14:10:49,1,00003561,622300356100,1,0,1,42.0,35.0,42.0,0.0,42.0,35.0,7.0
TRX-20260305-03922,2026-03-05 15:52:57,1,00003566,622300356600,4,0,4,180.0,150.0,720.0,0.0,720.0,600.0,120.0
TRX-20260305-04609,2026-03-05 15:56:09,4,00003581,622300358100,2,1,1,32.0,25.0,64.0,32.0,32.0,25.0,7.0
TRX-20260305-04501,2026-03-05 16:22:21,1,00003586,622300358600,1,0,1,55.0,45.0,55.0,0.0,55.0,45.0,10.0
TRX-20260305-03682,2026-03-05 17:06:40,1,00003559,622300355900,1,0,1,28.0,22.0,28.0,0.0,28.0,22.0,6.0
TRX-20260305-01754,2026-03-05 17:16:07,3,00003563,622300356300,2,0,2,12.0,9.0,24.0,0.0,24.0,18.0,6.0
TRX-20260305-04139,2026-03-05 17:17:42,1,00003604,622300360400,4,0,4,50.0,40.0,200.0,0.0,200.0,160.0,40.0
TRX-20260305-04503,2026-03-05 17:37:24,3,00003599,622300359900,4,0,4,380.0,320.0,1520.0,0.0,1520.0,1280.0,240.0
TRX-20260305-03552,2026-03-05 18:47:45,4,00003589,622300358900,3,1,2,10.0,8.0,30.0,10.0,20.0,16.0,4.0
TRX-20260305-03908,2026-03-05 18:51:52,2,00003588,622300358800,5,0,5,95.0,75.0,475.0,0.0,475.0,375.0,100.0
TRX-20260305-04512,2026-03-05 19:41:58,2,00003597,622300359706,2,0,2,912.0,780.0,1824.0,0.0,1824.0,1560.0,264.0
TRX-20260305-03853,2026-03-05 19:55:42,1,00003553,622300355300,1,0,1,450.0,400.0,450.0,0.0,450.0,400.0,50.0
TRX-20260305-03394,2026-03-05 20:28:58,3,00003591,622300359100,4,0,4,7.0,5.0,28.0,0.0,28.0,20.0,8.0
TRX-20260305-03917,2026-03-05 21:08:22,1,00003604,622300360400,5,1,4,50.0,40.0,250.0,50.0,200.0,160.0,40.0
TRX-20260305-04946,2026-03-05 21:38:02,2,00003613,622300361300,1,0,1,105.0,85.0,105.0,0.0,105.0,85.0,20.0
TRX-20260305-01899,2026-03-05 21:40:44,2,00003588,622300358800,5,0,5,95.0,75.0,475.0,0.0,475.0,375.0,100.0
TRX-20260305-01440,2026-03-05 21:51:05,3,00003609,622300360924,2,0,2,2508.0,2040.0,5016.0,0.0,5016.0,4080.0,936.0
TRX-20260305-03229,2026-03-05 22:00:12,1,00003576,622300357600,5,0,5,245.0,210.0,1225.0,0.0,1225.0,1050.0,175.0
TRX-20260305-02754,2026-03-05 22:42:51,1,00003598,622300359800,2,0,2,245.0,210.0,490.0,0.0,490.0,420.0,70.0
TRX-20260305-02418,2026-03-05 22:55:29,1,00003598,622300359800,1,0,1,245.0,210.0,245.0,0.0,245.0,210.0,35.0
TRX-20260305-00704,2026-03-05 22:58:24,1,00003590,622300359006,2,1,1,131.1,108.0,262.2,131.1,131.1,108.0,23.1
TRX-20260305-04772,2026-03-05 23:56:04,1,00003569,622300356900,5,5,0,14.0,11.0,70.0,70.0,0.0,0.0,0.0
TRX-20260305-00308,2026-03-05 23:57:07,1,00003601,622300360100,5,0,5,205.0,175.0,1025.0,0.0,1025.0,875.0,150.0
TRX-20260306-03744,2026-03-06 00:37:54,3,00003607,622300360700,4,0,4,125.0,95.0,500.0,0.0,500.0,380.0,120.0
TRX-20260306-01591,2026-03-06 00:55:09,2,00003557,622300355700,5,1,4,7.0,5.5,35.0,7.0,28.0,22.0,6.0
TRX-20260306-04813,2026-03-06 01:33:15,3,00003565,622300356500,1,0,1,38.0,32.0,38.0,0.0,38.0,32.0,6.0
TRX-20260306-04737,2026-03-06 01:50:15,4,00003610,622300361000,3,0,3,75.0,60.0,225.0,0.0,225.0,180.0,45.0
TRX-20260306-02698,2026-03-06 03:23:30,3,00003564,622300356400,4,3,1,20.0,16.0,80.0,60.0,20.0,16.0,4.0
TRX-20260306-01407,2026-03-06 04:00:54,4,00003568,622300356800,1,0,1,105.0,85.0,105.0,0.0,105.0,85.0,20.0
TRX-20260306-04957,2026-03-06 04:22:17,2,00003570,622300357000,5,0,5,20.0,16.0,100.0,0.0,100.0,80.0,20.0
TRX-20260306-02831,2026-03-06 04:22:49,2,00003570,622300357000,1,1,0,20.0,16.0,20.0,20.0,0.0,0.0,0.0
TRX-20260306-02977,2026-03-06 04:34:27,4,00003608,622300360800,4,0,4,78.0,60.0,312.0,0.0,312.0,240.0,72.0
TRX-20260306-02383,2026-03-06 04:42:15,1,00003571,622300357100,5,0,5,17.5,14.0,87.5,0.0,87.5,70.0,17.5
TRX-20260306-00335,2026-03-06 04:43:07,1,00003611,622300361100,1,0,1,28.0,22.0,28.0,0.0,28.0,22.0,6.0
TRX-20260306-00716,2026-03-06 05:33:59,4,00003593,622300359300,5,0,5,18.0,14.0,90.0,0.0,90.0,70.0,20.0
TRX-20260306-01507,2026-03-06 05:36:26,2,00003591,622300359100,3,0,3,7.0,5.0,21.0,0.0,21.0,15.0,6.0
TRX-20260306-00753,2026-03-06 06:09:30,2,00003563,622300356300,5,0,5,12.0,9.0,60.0,0.0,60.0,45.0,15.0
TRX-20260306-04960,2026-03-06 06:58:10,2,00003595,622300359500,3,0,3,110.0,85.0,330.0,0.0,330.0,255.0,75.0
TRX-20260306-01990,2026-03-06 07:58:35,1,00003564,622300356400,5,0,5,20.0,16.0,100.0,0.0,100.0,80.0,20.0
TRX-20260306-03909,2026-03-06 09:36:49,5,00003577,622300357700,3,0,3,65.0,50.0,195.0,0.0,195.0,150.0,45.0
TRX-20260306-01467,2026-03-06 09:37:41,3,00003594,622300359400,3,0,3,195.0,160.0,585.0,0.0,585.0,480.0,105.0
TRX-20260306-02662,2026-03-06 09:38:32,2,00003600,622300360000,2,0,2,135.0,110.0,270.0,0.0,270.0,220.0,50.0
TRX-20260306-03171,2026-03-06 10:00:47,1,00003585,622300358500,2,0,2,220.0,180.0,440.0,0.0,440.0,360.0,80.0
TRX-20260306-03158,2026-03-06 10:11:14,2,00003575,622300357500,5,1,4,55.0,45.0,275.0,55.0,220.0,180.0,40.0
TRX-20260306-01917,2026-03-06 10:30:51,5,00003590,622300359000,1,0,1,23.0,18.0,23.0,0.0,23.0,18.0,5.0
TRX-20260306-00050,2026-03-06 10:52:36,1,00003598,622300359800,4,0,4,245.0,210.0,980.0,0.0,980.0,840.0,140.0
TRX-20260306-02196,2026-03-06 11:11:53,1,00003576,622300357600,1,0,1,245.0,210.0,245.0,0.0,245.0,210.0,35.0
TRX-20260306-04483,2026-03-06 11:31:36,3,00003598,622300359800,1,0,1,245.0,210.0,245.0,0.0,245.0,210.0,35.0
TRX-20260306-02063,2026-03-06 11:39:15,2,00003561,622300356100,3,0,3,42.0,35.0,126.0,0.0,126.0,105.0,21.0
TRX-20260306-02668,2026-03-06 11:46:41,4,00003607,622300360700,1,0,1,125.0,95.0,125.0,0.0,125.0,95.0,30.0
TRX-20260306-02317,2026-03-06 12:39:59,1,00003567,622300356700,5,0,5,34.0,29.0,170.0,0.0,170.0,145.0,25.0
TRX-20260306-04177,2026-03-06 12:54:09,2,00003559,622300355900,4,4,0,28.0,22.0,112.0,112.0,0.0,0.0,0.0
TRX-20260306-00357,2026-03-06 13:24:20,4,00003567,622300356700,1,0,1,34.0,29.0,34.0,0.0,34.0,29.0,5.0
TRX-20260306-00152,2026-03-06 13:24:51,1,00003563,622300356300,2,0,2,12.0,9.0,24.0,0.0,24.0,18.0,6.0
TRX-20260306-02985,2026-03-06 13:36:01,1,00003612,622300361200,1,0,1,16.0,12.0,16.0,0.0,16.0,12.0,4.0
TRX-20260306-04749,2026-03-06 13:43:24,1,00003578,622300357800,3,0,3,45.0,35.0,135.0,0.0,135.0,105.0,30.0
TRX-20260306-04661,2026-03-06 14:12:48,3,00003592,622300359200,4,0,4,4.5,3.0,18.0,0.0,18.0,12.0,6.0
TRX-20260306-01890,2026-03-06 14:17:36,1,00003559,622300355900,5,0,5,28.0,22.0,140.0,0.0,140.0,110.0,30.0
TRX-20260306-00788,2026-03-06 14:33:28,3,00003573,622300357300,5,0,5,88.0,75.0,440.0,0.0,440.0,375.0,65.0
TRX-20260306-03542,2026-03-06 15:33:28,4,00003556,622300355600,5,0,5,7.0,5.5,35.0,0.0,35.0,27.5,7.5
TRX-20260306-04951,2026-03-06 16:36:28,2,00003579,622300357900,3,0,3,110.0,85.0,330.0,0.0,330.0,255.0,75.0
TRX-20260306-02914,2026-03-06 16:58:39,2,00003575,622300357524,2,0,2,1254.0,1080.0,2508.0,0.0,2508.0,2160.0,348.0
TRX-20260306-00905,2026-03-06 17:20:23,1,00003580,622300358006,1,0,1,216.6,180.0,216.6,0.0,216.6,180.0,36.6
TRX-20260306-02188,2026-03-06 19:19:46,1,00003560,622300356000,4,0,4,135.0,110.0,540.0,0.0,540.0,440.0,100.0
TRX-20260306-04845,2026-03-06 19:51:08,2,00003612,622300361200,4,0,4,16.0,12.0,64.0,0.0,64.0,48.0,16.0
TRX-20260306-00826,2026-03-06 19:58:38,1,00003562,622300356200,4,0,4,60.0,50.0,240.0,0.0,240.0,200.0,40.0
TRX-20260306-04218,2026-03-06 20:21:08,2,00003581,622300358100,5,0,5,32.0,25.0,160.0,0.0,160.0,125.0,35.0
TRX-20260306-03031,2026-03-06 20:23:19,1,00003584,622300358400,2,0,2,26.0,20.0,52.0,0.0,52.0,40.0,12.0
TRX-20260306-02710,2026-03-06 21:25:14,2,00003590,622300359000,2,0,2,23.0,18.0,46.0,0.0,46.0,36.0,10.0
TRX-20260306-03658,2026-03-06 21:27:13,5,00003613,622300361300,2,0,2,105.0,85.0,210.0,0.0,210.0,170.0,40.0
TRX-20260306-02309,2026-03-06 21:38:17,1,00003603,622300360300,5,0,5,35.0,28.0,175.0,0.0,175.0,140.0,35.0
TRX-20260306-02191,2026-03-06 21:58:58,1,00003566,622300356600,4,0,4,180.0,150.0,720.0,0.0,720.0,600.0,120.0
TRX-20260306-00090,2026-03-06 22:03:18,5,00003607,622300360700,1,0,1,125.0,95.0,125.0,0.0,125.0,95.0,30.0
TRX-20260306-02524,2026-03-06 22:04:34,2,00003552,622300355200,2,0,2,420.0,380.0,840.0,0.0,840.0,760.0,80.0
TRX-20260306-02647,2026-03-06 22:31:03,1,00003591,622300359100,2,0,2,7.0,5.0,14.0,0.0,14.0,10.0,4.0
TRX-20260306-02252,2026-03-06 22:50:51,4,00003581,622300358100,2,0,2,32.0,25.0,64.0,0.0,64.0,50.0,14.0
TRX-20260306-04684,2026-03-06 23:02:24,1,00003592,622300359200,5,0,5,4.5,3.0,22.5,0.0,22.5,15.0,7.5
TRX-20260306-02393,2026-03-06 23:04:27,2,00003573,622300357300,5,0,5,88.0,75.0,440.0,0.0,440.0,375.0,65.0
TRX-20260306-02707,2026-03-06 23:07:10,2,00003557,622300355700,4,0,4,7.0,5.5,28.0,0.0,28.0,22.0,6.0
TRX-20260306-04954,2026-03-06 23:08:16,4,00003572,622300357200,3,0,3,23.0,18.0,69.0,0.0,69.0,54.0,15.0
TRX-20260306-01685,2026-03-06 23:20:35,1,00003593,622300359300,3,0,3,18.0,14.0,54.0,0.0,54.0,42.0,12.0
TRX-20260306-01949,2026-03-06 23:24:04,1,00003577,622300357700,1,0,1,65.0,50.0,65.0,0.0,65.0,50.0,15.0
TRX-20260306-00480,2026-03-06 23:41:43,1,00003600,622300360000,2,0,2,135.0,110.0,270.0,0.0,270.0,220.0,50.0
TRX-20260307-03266,2026-03-07 01:03:40,1,00003552,622300355200,3,0,3,420.0,380.0,1260.0,0.0,1260.0,1140.0,120.0
TRX-20260307-03553,2026-03-07 01:19:50,2,00003559,622300355900,2,0,2,28.0,22.0,56.0,0.0,56.0,44.0,12.0
TRX-20260307-00135,2026-03-07 01:52:53,3,00003588,622300358800,3,0,3,95.0,75.0,285.0,0.0,285.0,225.0,60.0
TRX-20260307-01812,2026-03-07 02:30:31,3,00003553,622300355300,5,0,5,450.0,400.0,2250.0,0.0,2250.0,2000.0,250.0
TRX-20260307-00108,2026-03-07 03:13:31,1,00003597,622300359700,3,0,3,160.0,130.0,480.0,0.0,480.0,390.0,90.0
TRX-20260307-03953,2026-03-07 04:02:45,1,00003593,622300359300,4,0,4,18.0,14.0,72.0,0.0,72.0,56.0,16.0
TRX-20260307-03165,2026-03-07 04:13:32,1,00003574,622300357400,4,0,4,155.0,135.0,620.0,0.0,620.0,540.0,80.0
TRX-20260307-04465,2026-03-07 04:37:43,5,00003552,622300355200,5,0,5,420.0,380.0,2100.0,0.0,2100.0,1900.0,200.0
TRX-20260307-01008,2026-03-07 04:45:52,1,00003584,622300358424,1,0,1,592.8,480.0,592.8,0.0,592.8,480.0,112.8
TRX-20260307-04104,2026-03-07 05:17:20,1,00003571,622300357100,2,0,2,17.5,14.0,35.0,0.0,35.0,28.0,7.0
TRX-20260307-04707,2026-03-07 05:22:20,2,00003564,622300356400,5,0,5,20.0,16.0,100.0,0.0,100.0,80.0,20.0
TRX-20260307-02521,2026-03-07 05:33:51,3,00003592,622300359200,5,3,2,4.5,3.0,22.5,13.5,9.0,6.0,3.0
TRX-20260307-03549,2026-03-07 06:02:03,1,00003605,622300360500,1,0,1,58.0,45.0,58.0,0.0,58.0,45.0,13.0
TRX-20260307-00757,2026-03-07 06:36:26,3,00003590,622300359000,2,0,2,23.0,18.0,46.0,0.0,46.0,36.0,10.0
TRX-20260307-04706,2026-03-07 06:58:02,1,00003597,622300359700,1,0,1,160.0,130.0,160.0,0.0,160.0,130.0,30.0
TRX-20260307-01892,2026-03-07 07:43:20,3,00003552,622300355200,3,0,3,420.0,380.0,1260.0,0.0,1260.0,1140.0,120.0
TRX-20260307-01037,2026-03-07 08:40:47,2,00003575,622300357500,2,0,2,55.0,45.0,110.0,0.0,110.0,90.0,20.0
TRX-20260307-02809,2026-03-07 10:52:56,1,00003586,622300358600,1,0,1,55.0,45.0,55.0,0.0,55.0,45.0,10.0
TRX-20260307-00700,2026-03-07 11:22:02,1,00003612,622300361200,4,0,4,16.0,12.0,64.0,0.0,64.0,48.0,16.0
TRX-20260307-02578,2026-03-07 11:28:40,1,00003553,622300355300,4,0,4,450.0,400.0,1800.0,0.0,1800.0,1600.0,200.0
TRX-20260307-02337,2026-03-07 11:46:45,2,00003595,622300359524,1,0,1,2508.0,2040.0,2508.0,0.0,2508.0,2040.0,468.0
TRX-20260307-04982,2026-03-07 11:55:12,1,00003556,622300355600,2,0,2,7.0,5.5,14.0,0.0,14.0,11.0,3.0
TRX-20260307-01397,2026-03-07 12:02:26,5,00003563,622300356300,2,0,2,12.0,9.0,24.0,0.0,24.0,18.0,6.0
TRX-20260307-04922,2026-03-07 12:07:02,5,00003592,622300359224,1,0,1,102.6,72.0,102.6,0.0,102.6,72.0,30.6
TRX-20260307-01162,2026-03-07 14:30:23,2,00003573,622300357300,3,0,3,88.0,75.0,264.0,0.0,264.0,225.0,39.0
TRX-20260307-01477,2026-03-07 15:20:06,2,00003584,622300358400,3,0,3,26.0,20.0,78.0,0.0,78.0,60.0,18.0
TRX-20260307-00862,2026-03-07 15:40:07,5,00003554,622300355400,5,0,5,435.0,390.0,2175.0,0.0,2175.0,1950.0,225.0
TRX-20260307-03643,2026-03-07 15:50:45,4,00003585,622300358500,2,0,2,220.0,180.0,440.0,0.0,440.0,360.0,80.0
TRX-20260307-01877,2026-03-07 16:07:06,1,00003605,622300360500,1,1,0,58.0,45.0,58.0,58.0,0.0,0.0,0.0
TRX-20260307-00560,2026-03-07 16:09:48,4,00003582,622300358200,2,0,2,28.0,22.0,56.0,0.0,56.0,44.0,12.0
TRX-20260307-02242,2026-03-07 16:33:16,3,00003579,622300357900,2,0,2,110.0,85.0,220.0,0.0,220.0,170.0,50.0
TRX-20260307-00782,2026-03-07 16:37:44,2,00003577,622300357700,3,0,3,65.0,50.0,195.0,0.0,195.0,150.0,45.0
TRX-20260307-01520,2026-03-07 16:52:37,1,00003597,622300359700,2,0,2,160.0,130.0,320.0,0.0,320.0,260.0,60.0
TRX-20260307-03141,2026-03-07 17:53:27,3,00003600,622300360000,5,0,5,135.0,110.0,675.0,0.0,675.0,550.0,125.0
TRX-20260307-04816,2026-03-07 18:30:21,5,00003610,622300361000,5,0,5,75.0,60.0,375.0,0.0,375.0,300.0,75.0
TRX-20260307-01348,2026-03-07 18:53:30,1,00003592,622300359200,2,0,2,4.5,3.0,9.0,0.0,9.0,6.0,3.0
TRX-20260307-00935,2026-03-07 19:08:44,1,00003600,622300360024,2,0,2,3078.0,2640.0,6156.0,0.0,6156.0,5280.0,876.0
TRX-20260307-04578,2026-03-07 19:30:00,3,00003568,622300356800,4,2,2,105.0,85.0,420.0,210.0,210.0,170.0,40.0
TRX-20260307-03589,2026-03-07 20:00:26,1,00003613,622300361300,4,0,4,105.0,85.0,420.0,0.0,420.0,340.0,80.0
TRX-20260307-00186,2026-03-07 20:09:16,2,00003596,622300359600,1,0,1,120.0,95.0,120.0,0.0,120.0,95.0,25.0
TRX-20260307-04303,2026-03-07 21:36:33,3,00003585,622300358512,1,0,1,2508.0,2160.0,2508.0,0.0,2508.0,2160.0,348.0
TRX-20260307-04159,2026-03-07 21:40:06,2,00003579,622300357900,3,0,3,110.0,85.0,330.0,0.0,330.0,255.0,75.0
TRX-20260307-04498,2026-03-07 21:50:37,5,00003583,622300358300,1,0,1,5.5,4.0,5.5,0.0,5.5,4.0,1.5
TRX-20260307-01556,2026-03-07 21:57:19,1,00003578,622300357800,2,0,2,45.0,35.0,90.0,0.0,90.0,70.0,20.0
TRX-20260307-01072,2026-03-07 21:59:50,1,00003603,622300360300,4,0,4,35.0,28.0,140.0,0.0,140.0,112.0,28.0
TRX-20260307-03975,2026-03-07 23:08:13,2,00003563,622300356300,3,0,3,12.0,9.0,36.0,0.0,36.0,27.0,9.0
TRX-20260307-00846,2026-03-07 23:19:40,3,00003609,622300360900,5,0,5,110.0,85.0,550.0,0.0,550.0,425.0,125.0
TRX-20260307-01813,2026-03-07 23:30:36,3,00003573,622300357300,3,0,3,88.0,75.0,264.0,0.0,264.0,225.0,39.0
TRX-20260307-00844,2026-03-07 23:50:54,1,00003609,622300360900,1,0,1,110.0,85.0,110.0,0.0,110.0,85.0,25.0
TRX-20260308-03719,2026-03-08 00:10:49,1,00003599,622300359906,2,0,2,2166.0,1920.0,4332.0,0.0,4332.0,3840.0,492.0
TRX-20260308-02472,2026-03-08 00:45:46,5,00003585,622300358500,4,1,3,220.0,180.0,880.0,220.0,660.0,540.0,120.0
TRX-20260308-02116,2026-03-08 00:58:43,1,00003610,622300361006,1,0,1,427.5,360.0,427.5,0.0,427.5,360.0,67.5
TRX-20260308-04371,2026-03-08 01:04:37,5,00003610,622300361000,3,0,3,75.0,60.0,225.0,0.0,225.0,180.0,45.0
TRX-20260308-02837,2026-03-08 02:36:58,3,00003552,622300355200,1,1,0,420.0,380.0,420.0,420.0,0.0,0.0,0.0
TRX-20260308-03510,2026-03-08 02:58:17,3,00003611,622300361100,1,0,1,28.0,22.0,28.0,0.0,28.0,22.0,6.0
TRX-20260308-03008,2026-03-08 02:59:27,3,00003599,622300359900,2,0,2,380.0,320.0,760.0,0.0,760.0,640.0,120.0
TRX-20260308-04988,2026-03-08 03:28:54,5,00003587,622300358706,1,0,1,769.5,660.0,769.5,0.0,769.5,660.0,109.5
TRX-20260308-01253,2026-03-08 04:26:58,2,00003599,622300359900,2,0,2,380.0,320.0,760.0,0.0,760.0,640.0,120.0
TRX-20260308-02006,2026-03-08 04:27:39,2,00003560,622300356000,3,0,3,135.0,110.0,405.0,0.0,405.0,330.0,75.0
TRX-20260308-01048,2026-03-08 04:45:57,1,00003593,622300359300,1,0,1,18.0,14.0,18.0,0.0,18.0,14.0,4.0
TRX-20260308-00501,2026-03-08 04:53:21,1,00003569,622300356900,1,0,1,14.0,11.0,14.0,0.0,14.0,11.0,3.0
TRX-20260308-00585,2026-03-08 05:07:29,4,00003567,622300356700,5,3,2,34.0,29.0,170.0,102.0,68.0,58.0,10.0
TRX-20260308-04120,2026-03-08 05:55:06,3,00003559,622300355906,1,0,1,159.6,132.0,159.6,0.0,159.6,132.0,27.6
TRX-20260308-03135,2026-03-08 06:15:17,3,00003579,622300357900,5,0,5,110.0,85.0,550.0,0.0,550.0,425.0,125.0
TRX-20260308-04812,2026-03-08 06:32:44,5,00003608,622300360800,1,0,1,78.0,60.0,78.0,0.0,78.0,60.0,18.0
TRX-20260308-02321,2026-03-08 06:47:01,2,00003576,622300357600,3,0,3,245.0,210.0,735.0,0.0,735.0,630.0,105.0
TRX-20260308-03338,2026-03-08 07:13:20,1,00003560,622300356000,2,0,2,135.0,110.0,270.0,0.0,270.0,220.0,50.0
TRX-20260308-00965,2026-03-08 08:38:54,2,00003577,622300357700,4,0,4,65.0,50.0,260.0,0.0,260.0,200.0,60.0
TRX-20260308-01973,2026-03-08 09:07:01,3,00003569,622300356900,3,0,3,14.0,11.0,42.0,0.0,42.0,33.0,9.0
TRX-20260308-02203,2026-03-08 09:43:50,1,00003563,622300356300,2,0,2,12.0,9.0,24.0,0.0,24.0,18.0,6.0
TRX-20260308-04204,2026-03-08 10:02:57,2,00003581,622300358100,5,0,5,32.0,25.0,160.0,0.0,160.0,125.0,35.0
TRX-20260308-00080,2026-03-08 10:27:18,2,00003554,622300355400,5,4,1,435.0,390.0,2175.0,1740.0,435.0,390.0,45.0
TRX-20260308-00065,2026-03-08 10:57:24,1,00003574,622300357400,5,0,5,155.0,135.0,775.0,0.0,775.0,675.0,100.0
TRX-20260308-01584,2026-03-08 11:10:37,2,00003609,622300360900,1,0,1,110.0,85.0,110.0,0.0,110.0,85.0,25.0
TRX-20260308-03564,2026-03-08 11:46:35,1,00003595,622300359500,1,0,1,110.0,85.0,110.0,0.0,110.0,85.0,25.0
TRX-20260308-03889,2026-03-08 12:48:59,2,00003557,622300355700,5,2,3,7.0,5.5,35.0,14.0,21.0,16.5,4.5
TRX-20260308-01092,2026-03-08 13:01:45,1,00003554,622300355400,4,0,4,435.0,390.0,1740.0,0.0,1740.0,1560.0,180.0
TRX-20260308-00153,2026-03-08 13:21:39,1,00003580,622300358000,5,0,5,38.0,30.0,190.0,0.0,190.0,150.0,40.0
TRX-20260308-01502,2026-03-08 14:10:23,2,00003557,622300355700,5,0,5,7.0,5.5,35.0,0.0,35.0,27.5,7.5
TRX-20260308-00621,2026-03-08 14:21:13,3,00003583,622300358300,5,0,5,5.5,4.0,27.5,0.0,27.5,20.0,7.5
TRX-20260308-01437,2026-03-08 14:50:15,1,00003598,622300359800,1,0,1,245.0,210.0,245.0,0.0,245.0,210.0,35.0
TRX-20260308-03434,2026-03-08 15:35:47,2,00003594,622300359400,1,0,1,195.0,160.0,195.0,0.0,195.0,160.0,35.0
TRX-20260308-01165,2026-03-08 15:49:39,3,00003563,622300356300,4,0,4,12.0,9.0,48.0,0.0,48.0,36.0,12.0
TRX-20260308-03231,2026-03-08 16:02:31,1,00003599,622300359900,5,0,5,380.0,320.0,1900.0,0.0,1900.0,1600.0,300.0
TRX-20260308-04286,2026-03-08 16:18:48,1,00003552,622300355200,5,0,5,420.0,380.0,2100.0,0.0,2100.0,1900.0,200.0
TRX-20260308-01792,2026-03-08 16:54:19,1,00003610,622300361006,2,0,2,427.5,360.0,855.0,0.0,855.0,720.0,135.0
TRX-20260308-02641,2026-03-08 16:54:51,2,00003556,622300355624,2,0,2,159.6,132.0,319.2,0.0,319.2,264.0,55.2
TRX-20260308-00096,2026-03-08 17:30:58,4,00003577,622300357724,2,0,2,1482.0,1200.0,2964.0,0.0,2964.0,2400.0,564.0
TRX-20260308-01425,2026-03-08 18:45:23,4,00003559,622300355900,2,0,2,28.0,22.0,56.0,0.0,56.0,44.0,12.0
TRX-20260308-03831,2026-03-08 18:57:09,2,00003559,622300355900,4,0,4,28.0,22.0,112.0,0.0,112.0,88.0,24.0
TRX-20260308-00570,2026-03-08 19:09:58,2,00003564,622300356400,5,0,5,20.0,16.0,100.0,0.0,100.0,80.0,20.0
TRX-20260308-02281,2026-03-08 19:28:21,3,00003585,622300358500,2,0,2,220.0,180.0,440.0,0.0,440.0,360.0,80.0
TRX-20260308-03599,2026-03-08 19:47:20,1,00003560,622300356000,5,0,5,135.0,110.0,675.0,0.0,675.0,550.0,125.0
TRX-20260308-01663,2026-03-08 20:06:09,2,00003603,622300360300,1,0,1,35.0,28.0,35.0,0.0,35.0,28.0,7.0
TRX-20260308-02198,2026-03-08 20:09:40,1,00003592,622300359200,1,0,1,4.5,3.0,4.5,0.0,4.5,3.0,1.5
TRX-20260308-04783,2026-03-08 20:14:48,1,00003599,622300359900,1,0,1,380.0,320.0,380.0,0.0,380.0,320.0,60.0
TRX-20260308-01079,2026-03-08 20:56:09,2,00003594,622300359400,5,0,5,195.0,160.0,975.0,0.0,975.0,800.0,175.0
TRX-20260308-02898,2026-03-08 21:03:19,2,00003574,622300357400,3,0,3,155.0,135.0,465.0,0.0,465.0,405.0,60.0
TRX-20260308-01256,2026-03-08 21:44:20,1,00003589,622300358900,2,0,2,10.0,8.0,20.0,0.0,20.0,16.0,4.0
TRX-20260308-02969,2026-03-08 23:09:20,3,00003584,622300358424,1,0,1,592.8,480.0,592.8,0.0,592.8,480.0,112.8
TRX-20260309-02490,2026-03-09 00:31:10,3,00003580,622300358000,3,0,3,38.0,30.0,114.0,0.0,114.0,90.0,24.0
TRX-20260309-03387,2026-03-09 00:37:05,3,00003588,622300358800,1,0,1,95.0,75.0,95.0,0.0,95.0,75.0,20.0
TRX-20260309-04399,2026-03-09 01:02:30,4,00003582,622300358200,1,1,0,28.0,22.0,28.0,28.0,0.0,0.0,0.0
TRX-20260309-01918,2026-03-09 01:24:53,1,00003588,622300358800,2,2,0,95.0,75.0,190.0,190.0,0.0,0.0,0.0
TRX-20260309-04095,2026-03-09 02:24:54,1,00003561,622300356100,4,0,4,42.0,35.0,168.0,0.0,168.0,140.0,28.0
TRX-20260309-01493,2026-03-09 03:31:40,1,00003602,622300360200,2,0,2,45.0,35.0,90.0,0.0,90.0,70.0,20.0
TRX-20260309-04890,2026-03-09 04:21:30,1,00003606,622300360600,4,0,4,85.0,65.0,340.0,0.0,340.0,260.0,80.0
TRX-20260309-04804,2026-03-09 04:43:38,1,00003573,622300357300,5,0,5,88.0,75.0,440.0,0.0,440.0,375.0,65.0
TRX-20260309-00530,2026-03-09 04:52:31,4,00003560,622300356000,1,1,0,135.0,110.0,135.0,135.0,0.0,0.0,0.0
TRX-20260309-01889,2026-03-09 05:18:08,2,00003552,622300355200,2,0,2,420.0,380.0,840.0,0.0,840.0,760.0,80.0
TRX-20260309-04296,2026-03-09 05:19:22,4,00003589,622300358900,3,0,3,10.0,8.0,30.0,0.0,30.0,24.0,6.0
TRX-20260309-01847,2026-03-09 05:21:38,3,00003563,622300356300,5,0,5,12.0,9.0,60.0,0.0,60.0,45.0,15.0
TRX-20260309-04797,2026-03-09 05:22:16,1,00003555,622300355500,2,0,2,480.0,420.0,960.0,0.0,960.0,840.0,120.0
TRX-20260309-02693,2026-03-09 05:33:24,3,00003571,622300357124,2,0,2,399.0,336.0,798.0,0.0,798.0,672.0,126.0
TRX-20260309-03334,2026-03-09 05:53:55,1,00003596,622300359600,3,0,3,120.0,95.0,360.0,0.0,360.0,285.0,75.0
TRX-20260309-04787,2026-03-09 06:47:28,1,00003565,622300356500,1,0,1,38.0,32.0,38.0,0.0,38.0,32.0,6.0
TRX-20260309-00724,2026-03-09 07:30:24,2,00003608,622300360800,5,0,5,78.0,60.0,390.0,0.0,390.0,300.0,90.0
TRX-20260309-03703,2026-03-09 08:28:05,5,00003608,622300360800,3,0,3,78.0,60.0,234.0,0.0,234.0,180.0,54.0
TRX-20260309-04894,2026-03-09 08:55:16,2,00003561,622300356100,2,0,2,42.0,35.0,84.0,0.0,84.0,70.0,14.0
TRX-20260309-01483,2026-03-09 09:52:13,1,00003576,622300357600,5,0,5,245.0,210.0,1225.0,0.0,1225.0,1050.0,175.0
TRX-20260309-03843,2026-03-09 10:43:03,1,00003562,622300356200,4,0,4,60.0,50.0,240.0,0.0,240.0,200.0,40.0
TRX-20260309-00278,2026-03-09 11:30:28,4,00003604,622300360400,5,0,5,50.0,40.0,250.0,0.0,250.0,200.0,50.0
TRX-20260309-00623,2026-03-09 12:04:22,3,00003554,622300355400,3,0,3,435.0,390.0,1305.0,0.0,1305.0,1170.0,135.0
TRX-20260309-00813,2026-03-09 12:36:05,2,00003584,622300358400,2,0,2,26.0,20.0,52.0,0.0,52.0,40.0,12.0
TRX-20260309-03885,2026-03-09 13:52:42,3,00003582,622300358200,2,0,2,28.0,22.0,56.0,0.0,56.0,44.0,12.0
TRX-20260309-04181,2026-03-09 14:25:00,3,00003584,622300358400,1,0,1,26.0,20.0,26.0,0.0,26.0,20.0,6.0
TRX-20260309-01038,2026-03-09 14:33:09,3,00003565,622300356500,1,0,1,38.0,32.0,38.0,0.0,38.0,32.0,6.0
TRX-20260309-02065,2026-03-09 14:39:08,3,00003580,622300358000,3,0,3,38.0,30.0,114.0,0.0,114.0,90.0,24.0
TRX-20260309-01688,2026-03-09 14:54:58,3,00003603,622300360300,5,0,5,35.0,28.0,175.0,0.0,175.0,140.0,35.0
TRX-20260309-01590,2026-03-09 14:58:43,2,00003605,622300360500,1,0,1,58.0,45.0,58.0,0.0,58.0,45.0,13.0
TRX-20260309-04733,2026-03-09 15:24:13,5,00003590,622300359000,5,0,5,23.0,18.0,115.0,0.0,115.0,90.0,25.0
TRX-20260309-01379,2026-03-09 16:24:23,3,00003604,622300360424,1,1,0,1140.0,960.0,1140.0,1140.0,0.0,0.0,0.0
TRX-20260309-02773,2026-03-09 16:44:21,5,00003602,622300360212,2,0,2,513.0,420.0,1026.0,0.0,1026.0,840.0,186.0
TRX-20260309-00917,2026-03-09 17:09:51,1,00003599,622300359900,1,0,1,380.0,320.0,380.0,0.0,380.0,320.0,60.0
TRX-20260309-00110,2026-03-09 17:28:29,3,00003564,622300356400,4,0,4,20.0,16.0,80.0,0.0,80.0,64.0,16.0
TRX-20260309-04811,2026-03-09 18:08:00,5,00003581,622300358100,3,0,3,32.0,25.0,96.0,0.0,96.0,75.0,21.0
TRX-20260309-01387,2026-03-09 19:11:33,1,00003570,622300357000,2,0,2,20.0,16.0,40.0,0.0,40.0,32.0,8.0
TRX-20260309-02476,2026-03-09 19:11:48,3,00003599,622300359900,5,0,5,380.0,320.0,1900.0,0.0,1900.0,1600.0,300.0
TRX-20260309-02367,2026-03-09 19:14:38,2,00003593,622300359312,2,0,2,205.2,168.0,410.4,0.0,410.4,336.0,74.4
TRX-20260309-03622,2026-03-09 19:22:50,3,00003555,622300355500,5,5,0,480.0,420.0,2400.0,2400.0,0.0,0.0,0.0
TRX-20260309-04000,2026-03-09 19:23:29,4,00003583,622300358300,2,0,2,5.5,4.0,11.0,0.0,11.0,8.0,3.0
TRX-20260309-00514,2026-03-09 19:35:36,1,00003603,622300360300,5,0,5,35.0,28.0,175.0,0.0,175.0,140.0,35.0
TRX-20260309-03580,2026-03-09 19:41:06,1,00003585,622300358500,3,0,3,220.0,180.0,660.0,0.0,660.0,540.0,120.0
TRX-20260309-00983,2026-03-09 19:52:39,2,00003606,622300360600,3,0,3,85.0,65.0,255.0,0.0,255.0,195.0,60.0
TRX-20260309-00628,2026-03-09 20:04:38,3,00003593,622300359300,5,0,5,18.0,14.0,90.0,0.0,90.0,70.0,20.0
TRX-20260309-00205,2026-03-09 20:05:03,1,00003561,622300356100,1,0,1,42.0,35.0,42.0,0.0,42.0,35.0,7.0
TRX-20260309-03154,2026-03-09 21:29:05,3,00003581,622300358100,5,0,5,32.0,25.0,160.0,0.0,160.0,125.0,35.0
TRX-20260309-00940,2026-03-09 21:29:49,1,00003590,622300359000,2,1,1,23.0,18.0,46.0,23.0,23.0,18.0,5.0
TRX-20260309-01558,2026-03-09 22:29:39,1,00003603,622300360300,1,0,1,35.0,28.0,35.0,0.0,35.0,28.0,7.0
TRX-20260309-03997,2026-03-09 23:38:47,1,00003565,622300356512,1,0,1,433.2,384.0,433.2,0.0,433.2,384.0,49.2
TRX-20260309-02518,2026-03-09 23:46:05,1,00003574,622300357400,2,0,2,155.0,135.0,310.0,0.0,310.0,270.0,40.0
TRX-20260310-04901,2026-03-10 00:22:15,4,00003588,622300358824,2,0,2,2166.0,1800.0,4332.0,0.0,4332.0,3600.0,732.0
TRX-20260310-01807,2026-03-10 00:37:36,1,00003604,622300360400,4,4,0,50.0,40.0,200.0,200.0,0.0,0.0,0.0
TRX-20260310-01696,2026-03-10 01:57:52,1,00003559,622300355900,3,0,3,28.0,22.0,84.0,0.0,84.0,66.0,18.0
TRX-20260310-02453,2026-03-10 02:57:48,3,00003558,622300355800,2,0,2,8.0,6.5,16.0,0.0,16.0,13.0,3.0
TRX-20260310-02215,2026-03-10 03:12:43,2,00003602,622300360200,2,0,2,45.0,35.0,90.0,0.0,90.0,70.0,20.0
TRX-20260310-02421,2026-03-10 03:15:27,4,00003574,622300357400,5,0,5,155.0,135.0,775.0,0.0,775.0,675.0,100.0
TRX-20260310-01505,2026-03-10 03:44:04,1,00003597,622300359700,3,0,3,160.0,130.0,480.0,0.0,480.0,390.0,90.0
TRX-20260310-00963,2026-03-10 03:47:50,3,00003572,622300357200,1,0,1,23.0,18.0,23.0,0.0,23.0,18.0,5.0
TRX-20260310-00290,2026-03-10 03:53:05,3,00003568,622300356800,5,0,5,105.0,85.0,525.0,0.0,525.0,425.0,100.0
TRX-20260310-00366,2026-03-10 03:57:24,5,00003553,622300355300,5,0,5,450.0,400.0,2250.0,0.0,2250.0,2000.0,250.0
TRX-20260310-02656,2026-03-10 04:09:59,3,00003610,622300361000,4,0,4,75.0,60.0,300.0,0.0,300.0,240.0,60.0
TRX-20260310-03013,2026-03-10 04:14:34,2,00003552,622300355200,5,0,5,420.0,380.0,2100.0,0.0,2100.0,1900.0,200.0
TRX-20260310-04215,2026-03-10 04:36:45,2,00003598,622300359800,4,0,4,245.0,210.0,980.0,0.0,980.0,840.0,140.0
TRX-20260310-03736,2026-03-10 04:51:43,2,00003612,622300361200,3,3,0,16.0,12.0,48.0,48.0,0.0,0.0,0.0
TRX-20260310-03992,2026-03-10 04:59:24,4,00003557,622300355700,1,0,1,7.0,5.5,7.0,0.0,7.0,5.5,1.5
TRX-20260310-04211,2026-03-10 05:10:59,2,00003567,622300356700,2,1,1,34.0,29.0,68.0,34.0,34.0,29.0,5.0
TRX-20260310-03980,2026-03-10 05:41:40,1,00003604,622300360424,2,0,2,1140.0,960.0,2280.0,0.0,2280.0,1920.0,360.0
TRX-20260310-04400,2026-03-10 05:42:12,2,00003590,622300359000,2,0,2,23.0,18.0,46.0,0.0,46.0,36.0,10.0
TRX-20260310-04263,2026-03-10 06:42:25,1,00003573,622300357300,3,0,3,88.0,75.0,264.0,0.0,264.0,225.0,39.0
TRX-20260310-02456,2026-03-10 06:52:21,2,00003566,622300356600,3,0,3,180.0,150.0,540.0,0.0,540.0,450.0,90.0
TRX-20260310-03449,2026-03-10 06:55:56,1,00003557,622300355700,5,0,5,7.0,5.5,35.0,0.0,35.0,27.5,7.5
TRX-20260310-01872,2026-03-10 07:06:52,2,00003612,622300361212,1,0,1,182.4,144.0,182.4,0.0,182.4,144.0,38.4
TRX-20260310-02717,2026-03-10 07:45:18,1,00003553,622300355300,3,0,3,450.0,400.0,1350.0,0.0,1350.0,1200.0,150.0
TRX-20260310-03093,2026-03-10 08:31:46,1,00003578,622300357800,2,0,2,45.0,35.0,90.0,0.0,90.0,70.0,20.0
TRX-20260310-03920,2026-03-10 08:54:57,3,00003612,622300361200,2,0,2,16.0,12.0,32.0,0.0,32.0,24.0,8.0
TRX-20260310-00721,2026-03-10 09:08:09,1,00003599,622300359900,3,0,3,380.0,320.0,1140.0,0.0,1140.0,960.0,180.0
TRX-20260310-04369,2026-03-10 09:19:43,2,00003605,622300360500,3,0,3,58.0,45.0,174.0,0.0,174.0,135.0,39.0
TRX-20260310-04564,2026-03-10 09:58:20,4,00003574,622300357400,2,0,2,155.0,135.0,310.0,0.0,310.0,270.0,40.0
TRX-20260310-02190,2026-03-10 11:08:04,5,00003592,622300359200,1,0,1,4.5,3.0,4.5,0.0,4.5,3.0,1.5
TRX-20260310-01822,2026-03-10 11:20:43,2,00003568,622300356800,4,0,4,105.0,85.0,420.0,0.0,420.0,340.0,80.0
TRX-20260310-01331,2026-03-10 11:59:47,4,00003593,622300359300,2,0,2,18.0,14.0,36.0,0.0,36.0,28.0,8.0
TRX-20260310-00102,2026-03-10 13:56:14,2,00003568,622300356800,1,0,1,105.0,85.0,105.0,0.0,105.0,85.0,20.0
TRX-20260310-00269,2026-03-10 14:03:40,5,00003593,622300359300,3,0,3,18.0,14.0,54.0,0.0,54.0,42.0,12.0
TRX-20260310-03577,2026-03-10 14:48:01,1,00003570,622300357000,2,0,2,20.0,16.0,40.0,0.0,40.0,32.0,8.0
TRX-20260310-04505,2026-03-10 15:18:17,2,00003569,622300356900,2,1,1,14.0,11.0,28.0,14.0,14.0,11.0,3.0
TRX-20260310-00522,2026-03-10 16:00:18,4,00003553,622300355300,2,0,2,450.0,400.0,900.0,0.0,900.0,800.0,100.0
TRX-20260310-01414,2026-03-10 17:51:43,1,00003590,622300359000,3,0,3,23.0,18.0,69.0,0.0,69.0,54.0,15.0
TRX-20260310-01891,2026-03-10 18:15:23,5,00003613,622300361300,3,2,1,105.0,85.0,315.0,210.0,105.0,85.0,20.0
TRX-20260310-04245,2026-03-10 19:04:46,3,00003564,622300356400,3,0,3,20.0,16.0,60.0,0.0,60.0,48.0,12.0
TRX-20260310-04191,2026-03-10 19:13:10,2,00003554,622300355400,5,0,5,435.0,390.0,2175.0,0.0,2175.0,1950.0,225.0
TRX-20260310-03460,2026-03-10 21:21:31,1,00003611,622300361100,1,0,1,28.0,22.0,28.0,0.0,28.0,22.0,6.0
TRX-20260310-02082,2026-03-10 22:51:00,5,00003562,622300356200,1,0,1,60.0,50.0,60.0,0.0,60.0,50.0,10.0
TRX-20260310-04054,2026-03-10 23:09:49,1,00003584,622300358400,2,0,2,26.0,20.0,52.0,0.0,52.0,40.0,12.0
TRX-20260310-00405,2026-03-10 23:10:58,3,00003591,622300359100,5,0,5,7.0,5.0,35.0,0.0,35.0,25.0,10.0
TRX-20260310-04618,2026-03-10 23:15:05,3,00003565,622300356500,1,0,1,38.0,32.0,38.0,0.0,38.0,32.0,6.0
TRX-20260310-01106,2026-03-10 23:36:30,5,00003596,622300359600,2,0,2,120.0,95.0,240.0,0.0,240.0,190.0,50.0
TRX-20260310-03972,2026-03-10 23:51:14,2,00003554,622300355400,3,0,3,435.0,390.0,1305.0,0.0,1305.0,1170.0,135.0
TRX-20260310-00013,2026-03-10 23:56:24,1,00003594,622300359400,4,0,4,195.0,160.0,780.0,0.0,780.0,640.0,140.0
TRX-20260311-01818,2026-03-11 00:05:14,3,00003585,622300358500,1,0,1,220.0,180.0,220.0,0.0,220.0,180.0,40.0
TRX-20260311-03429,2026-03-11 00:05:56,2,00003556,622300355624,2,0,2,159.6,132.0,319.2,0.0,319.2,264.0,55.2
TRX-20260311-04061,2026-03-11 00:12:13,5,00003612,622300361200,1,0,1,16.0,12.0,16.0,0.0,16.0,12.0,4.0
TRX-20260311-00038,2026-03-11 00:20:10,5,00003558,622300355824,2,1,1,182.4,156.0,364.8,182.4,182.4,156.0,26.4
TRX-20260311-02427,2026-03-11 00:31:11,1,00003605,622300360500,3,0,3,58.0,45.0,174.0,0.0,174.0,135.0,39.0
TRX-20260311-02177,2026-03-11 01:00:22,2,00003578,622300357800,5,0,5,45.0,35.0,225.0,0.0,225.0,175.0,50.0
TRX-20260311-01836,2026-03-11 02:15:31,2,00003581,622300358100,2,0,2,32.0,25.0,64.0,0.0,64.0,50.0,14.0
TRX-20260311-00706,2026-03-11 02:39:32,1,00003554,622300355400,4,0,4,435.0,390.0,1740.0,0.0,1740.0,1560.0,180.0
TRX-20260311-03516,2026-03-11 02:50:21,1,00003558,622300355800,2,0,2,8.0,6.5,16.0,0.0,16.0,13.0,3.0
TRX-20260311-04518,2026-03-11 03:39:40,2,00003553,622300355300,5,0,5,450.0,400.0,2250.0,0.0,2250.0,2000.0,250.0
TRX-20260311-02855,2026-03-11 03:48:33,1,00003602,622300360200,4,1,3,45.0,35.0,180.0,45.0,135.0,105.0,30.0
TRX-20260311-04240,2026-03-11 04:23:40,5,00003558,622300355800,4,0,4,8.0,6.5,32.0,0.0,32.0,26.0,6.0
TRX-20260311-04153,2026-03-11 05:11:18,2,00003598,622300359800,4,0,4,245.0,210.0,980.0,0.0,980.0,840.0,140.0
TRX-20260311-03123,2026-03-11 06:17:00,1,00003570,622300357000,5,0,5,20.0,16.0,100.0,0.0,100.0,80.0,20.0
TRX-20260311-04841,2026-03-11 06:55:42,2,00003588,622300358800,5,0,5,95.0,75.0,475.0,0.0,475.0,375.0,100.0
TRX-20260311-01406,2026-03-11 07:35:57,5,00003561,622300356100,3,0,3,42.0,35.0,126.0,0.0,126.0,105.0,21.0
TRX-20260311-00746,2026-03-11 09:10:26,1,00003589,622300358900,1,0,1,10.0,8.0,10.0,0.0,10.0,8.0,2.0
TRX-20260311-00218,2026-03-11 09:35:28,1,00003582,622300358200,5,0,5,28.0,22.0,140.0,0.0,140.0,110.0,30.0
TRX-20260311-02009,2026-03-11 09:49:25,2,00003585,622300358500,1,0,1,220.0,180.0,220.0,0.0,220.0,180.0,40.0
TRX-20260311-01188,2026-03-11 10:46:21,4,00003554,622300355400,4,0,4,435.0,390.0,1740.0,0.0,1740.0,1560.0,180.0
TRX-20260311-01954,2026-03-11 11:37:26,4,00003608,622300360800,4,0,4,78.0,60.0,312.0,0.0,312.0,240.0,72.0
TRX-20260311-02875,2026-03-11 12:33:48,4,00003569,622300356900,3,0,3,14.0,11.0,42.0,0.0,42.0,33.0,9.0
TRX-20260311-00574,2026-03-11 12:37:39,2,00003577,622300357700,3,0,3,65.0,50.0,195.0,0.0,195.0,150.0,45.0
TRX-20260311-00491,2026-03-11 13:09:44,1,00003582,622300358200,2,0,2,28.0,22.0,56.0,0.0,56.0,44.0,12.0
TRX-20260311-02447,2026-03-11 13:59:16,3,00003582,622300358200,2,1,1,28.0,22.0,56.0,28.0,28.0,22.0,6.0
TRX-20260311-00406,2026-03-11 14:35:14,3,00003580,622300358000,1,0,1,38.0,30.0,38.0,0.0,38.0,30.0,8.0
TRX-20260311-00179,2026-03-11 14:41:40,4,00003589,622300358900,4,0,4,10.0,8.0,40.0,0.0,40.0,32.0,8.0
TRX-20260311-02795,2026-03-11 15:05:41,2,00003569,622300356900,3,0,3,14.0,11.0,42.0,0.0,42.0,33.0,9.0
TRX-20260311-01915,2026-03-11 15:17:58,2,00003588,622300358800,2,0,2,95.0,75.0,190.0,0.0,190.0,150.0,40.0
TRX-20260311-02010,2026-03-11 15:18:17,3,00003567,622300356700,1,0,1,34.0,29.0,34.0,0.0,34.0,29.0,5.0
TRX-20260311-02123,2026-03-11 15:20:56,1,00003604,622300360400,2,0,2,50.0,40.0,100.0,0.0,100.0,80.0,20.0
TRX-20260311-04351,2026-03-11 15:35:40,5,00003588,622300358824,2,0,2,2166.0,1800.0,4332.0,0.0,4332.0,3600.0,732.0
TRX-20260311-01682,2026-03-11 16:00:53,3,00003585,622300358500,3,0,3,220.0,180.0,660.0,0.0,660.0,540.0,120.0
TRX-20260311-03087,2026-03-11 16:18:53,2,00003577,622300357700,5,0,5,65.0,50.0,325.0,0.0,325.0,250.0,75.0
TRX-20260311-03851,2026-03-11 16:29:07,4,00003582,622300358212,2,0,2,319.2,264.0,638.4,0.0,638.4,528.0,110.4
TRX-20260311-00122,2026-03-11 16:51:43,4,00003565,622300356500,1,0,1,38.0,32.0,38.0,0.0,38.0,32.0,6.0
TRX-20260311-03422,2026-03-11 18:40:39,4,00003586,622300358600,2,0,2,55.0,45.0,110.0,0.0,110.0,90.0,20.0
TRX-20260311-00430,2026-03-11 18:55:31,1,00003607,622300360700,5,0,5,125.0,95.0,625.0,0.0,625.0,475.0,150.0
TRX-20260311-04790,2026-03-11 18:57:55,1,00003585,622300358500,2,2,0,220.0,180.0,440.0,440.0,0.0,0.0,0.0
TRX-20260311-00316,2026-03-11 19:12:04,1,00003598,622300359800,2,0,2,245.0,210.0,490.0,0.0,490.0,420.0,70.0
TRX-20260311-03873,2026-03-11 19:24:08,3,00003574,622300357400,1,0,1,155.0,135.0,155.0,0.0,155.0,135.0,20.0
TRX-20260311-03551,2026-03-11 20:03:02,1,00003558,622300355800,1,0,1,8.0,6.5,8.0,0.0,8.0,6.5,1.5
TRX-20260311-03919,2026-03-11 20:23:10,3,00003576,622300357600,3,0,3,245.0,210.0,735.0,0.0,735.0,630.0,105.0
TRX-20260311-01124,2026-03-11 20:29:48,2,00003599,622300359900,5,0,5,380.0,320.0,1900.0,0.0,1900.0,1600.0,300.0
TRX-20260311-02066,2026-03-11 20:30:25,2,00003593,622300359300,1,0,1,18.0,14.0,18.0,0.0,18.0,14.0,4.0
TRX-20260311-01668,2026-03-11 20:31:39,1,00003572,622300357200,2,0,2,23.0,18.0,46.0,0.0,46.0,36.0,10.0
TRX-20260311-02932,2026-03-11 20:38:58,1,00003595,622300359500,2,0,2,110.0,85.0,220.0,0.0,220.0,170.0,50.0
TRX-20260311-00942,2026-03-11 20:53:14,1,00003602,622300360200,1,0,1,45.0,35.0,45.0,0.0,45.0,35.0,10.0
TRX-20260311-00507,2026-03-11 21:10:14,3,00003573,622300357300,4,0,4,88.0,75.0,352.0,0.0,352.0,300.0,52.0
TRX-20260311-00189,2026-03-11 21:15:02,3,00003589,622300358900,1,1,0,10.0,8.0,10.0,10.0,0.0,0.0,0.0
TRX-20260311-02654,2026-03-11 21:36:33,1,00003561,622300356100,4,0,4,42.0,35.0,168.0,0.0,168.0,140.0,28.0
TRX-20260311-04714,2026-03-11 21:50:19,5,00003579,622300357900,1,0,1,110.0,85.0,110.0,0.0,110.0,85.0,25.0
TRX-20260311-01969,2026-03-11 22:40:56,4,00003582,622300358212,1,0,1,319.2,264.0,319.2,0.0,319.2,264.0,55.2
TRX-20260311-00369,2026-03-11 23:28:27,2,00003606,622300360600,2,0,2,85.0,65.0,170.0,0.0,170.0,130.0,40.0
TRX-20260311-02312,2026-03-11 23:41:25,3,00003567,622300356700,2,0,2,34.0,29.0,68.0,0.0,68.0,58.0,10.0
TRX-20260311-03290,2026-03-11 23:43:00,1,00003569,622300356900,4,0,4,14.0,11.0,56.0,0.0,56.0,44.0,12.0
TRX-20260312-01730,2026-03-12 01:14:56,3,00003568,622300356800,2,0,2,105.0,85.0,210.0,0.0,210.0,170.0,40.0
TRX-20260312-00948,2026-03-12 01:44:32,3,00003560,622300356000,4,3,1,135.0,110.0,540.0,405.0,135.0,110.0,25.0
TRX-20260312-02724,2026-03-12 01:58:58,3,00003587,622300358700,3,0,3,135.0,110.0,405.0,0.0,405.0,330.0,75.0
TRX-20260312-00868,2026-03-12 02:28:47,2,00003556,622300355600,5,1,4,7.0,5.5,35.0,7.0,28.0,22.0,6.0
TRX-20260312-02895,2026-03-12 03:08:57,2,00003576,622300357600,3,0,3,245.0,210.0,735.0,0.0,735.0,630.0,105.0
TRX-20260312-04510,2026-03-12 03:23:32,1,00003596,622300359600,2,0,2,120.0,95.0,240.0,0.0,240.0,190.0,50.0
TRX-20260312-04773,2026-03-12 03:25:30,5,00003596,622300359600,3,0,3,120.0,95.0,360.0,0.0,360.0,285.0,75.0
TRX-20260312-03782,2026-03-12 04:15:52,4,00003555,622300355500,2,0,2,480.0,420.0,960.0,0.0,960.0,840.0,120.0
TRX-20260312-01992,2026-03-12 04:21:24,2,00003585,622300358512,2,0,2,2508.0,2160.0,5016.0,0.0,5016.0,4320.0,696.0
TRX-20260312-02828,2026-03-12 04:47:14,5,00003590,622300359000,2,0,2,23.0,18.0,46.0,0.0,46.0,36.0,10.0
TRX-20260312-00008,2026-03-12 04:48:43,2,00003607,622300360700,2,0,2,125.0,95.0,250.0,0.0,250.0,190.0,60.0
TRX-20260312-04969,2026-03-12 04:51:39,5,00003606,622300360606,2,0,2,484.5,390.0,969.0,0.0,969.0,780.0,189.0
TRX-20260312-02119,2026-03-12 05:01:24,1,00003560,622300356000,1,0,1,135.0,110.0,135.0,0.0,135.0,110.0,25.0
TRX-20260312-03447,2026-03-12 05:13:55,3,00003555,622300355500,3,0,3,480.0,420.0,1440.0,0.0,1440.0,1260.0,180.0
TRX-20260312-01044,2026-03-12 06:39:14,1,00003580,622300358000,2,0,2,38.0,30.0,76.0,0.0,76.0,60.0,16.0
TRX-20260312-03383,2026-03-12 06:57:02,1,00003590,622300359000,2,0,2,23.0,18.0,46.0,0.0,46.0,36.0,10.0
TRX-20260312-03476,2026-03-12 07:44:22,5,00003581,622300358124,2,0,2,729.6,600.0,1459.2,0.0,1459.2,1200.0,259.2
TRX-20260312-02241,2026-03-12 07:53:46,5,00003592,622300359200,2,2,0,4.5,3.0,9.0,9.0,0.0,0.0,0.0
TRX-20260312-01939,2026-03-12 07:56:55,1,00003607,622300360700,3,0,3,125.0,95.0,375.0,0.0,375.0,285.0,90.0
TRX-20260312-00996,2026-03-12 09:08:41,3,00003572,622300357200,1,0,1,23.0,18.0,23.0,0.0,23.0,18.0,5.0
TRX-20260312-04672,2026-03-12 10:30:49,1,00003559,622300355906,1,0,1,159.6,132.0,159.6,0.0,159.6,132.0,27.6
TRX-20260312-04945,2026-03-12 10:52:45,5,00003608,622300360800,1,0,1,78.0,60.0,78.0,0.0,78.0,60.0,18.0
TRX-20260312-03835,2026-03-12 10:56:21,3,00003585,622300358500,4,0,4,220.0,180.0,880.0,0.0,880.0,720.0,160.0
TRX-20260312-03185,2026-03-12 10:59:00,1,00003567,622300356700,5,0,5,34.0,29.0,170.0,0.0,170.0,145.0,25.0
TRX-20260312-03320,2026-03-12 11:24:44,3,00003556,622300355600,2,0,2,7.0,5.5,14.0,0.0,14.0,11.0,3.0
TRX-20260312-01488,2026-03-12 11:53:46,1,00003596,622300359600,1,0,1,120.0,95.0,120.0,0.0,120.0,95.0,25.0
TRX-20260312-03313,2026-03-12 12:17:20,3,00003559,622300355900,4,0,4,28.0,22.0,112.0,0.0,112.0,88.0,24.0
TRX-20260312-00679,2026-03-12 13:10:41,1,00003607,622300360712,2,0,2,1425.0,1140.0,2850.0,0.0,2850.0,2280.0,570.0
TRX-20260312-03052,2026-03-12 14:03:10,3,00003582,622300358200,2,0,2,28.0,22.0,56.0,0.0,56.0,44.0,12.0
TRX-20260312-02197,2026-03-12 14:28:29,2,00003598,622300359800,4,0,4,245.0,210.0,980.0,0.0,980.0,840.0,140.0
TRX-20260312-00055,2026-03-12 14:40:45,2,00003574,622300357400,3,0,3,155.0,135.0,465.0,0.0,465.0,405.0,60.0
TRX-20260312-02584,2026-03-12 14:49:23,3,00003601,622300360100,3,0,3,205.0,175.0,615.0,0.0,615.0,525.0,90.0
TRX-20260312-01782,2026-03-12 15:05:15,2,00003607,622300360700,2,0,2,125.0,95.0,250.0,0.0,250.0,190.0,60.0
TRX-20260312-03944,2026-03-12 16:40:02,1,00003556,622300355600,4,0,4,7.0,5.5,28.0,0.0,28.0,22.0,6.0
TRX-20260312-01231,2026-03-12 17:30:07,1,00003583,622300358300,3,0,3,5.5,4.0,16.5,0.0,16.5,12.0,4.5
TRX-20260312-00709,2026-03-12 17:54:15,2,00003566,622300356600,3,0,3,180.0,150.0,540.0,0.0,540.0,450.0,90.0
TRX-20260312-01390,2026-03-12 17:57:12,4,00003592,622300359200,2,0,2,4.5,3.0,9.0,0.0,9.0,6.0,3.0
TRX-20260312-00124,2026-03-12 18:16:21,1,00003580,622300358000,1,0,1,38.0,30.0,38.0,0.0,38.0,30.0,8.0
TRX-20260312-01200,2026-03-12 18:19:10,2,00003557,622300355700,4,0,4,7.0,5.5,28.0,0.0,28.0,22.0,6.0
TRX-20260312-04825,2026-03-12 18:22:30,3,00003570,622300357000,2,0,2,20.0,16.0,40.0,0.0,40.0,32.0,8.0
TRX-20260312-04425,2026-03-12 19:43:55,1,00003577,622300357700,5,0,5,65.0,50.0,325.0,0.0,325.0,250.0,75.0
TRX-20260312-01175,2026-03-12 19:44:05,3,00003574,622300357400,1,0,1,155.0,135.0,155.0,0.0,155.0,135.0,20.0
TRX-20260312-03420,2026-03-12 20:06:55,2,00003582,622300358212,2,0,2,319.2,264.0,638.4,0.0,638.4,528.0,110.4
TRX-20260312-01370,2026-03-12 20:09:26,2,00003599,622300359900,2,0,2,380.0,320.0,760.0,0.0,760.0,640.0,120.0
TRX-20260312-00307,2026-03-12 20:13:06,4,00003586,622300358600,4,0,4,55.0,45.0,220.0,0.0,220.0,180.0,40.0
TRX-20260312-02905,2026-03-12 20:33:56,3,00003612,622300361200,1,0,1,16.0,12.0,16.0,0.0,16.0,12.0,4.0
TRX-20260312-01432,2026-03-12 20:48:13,2,00003562,622300356200,2,0,2,60.0,50.0,120.0,0.0,120.0,100.0,20.0
TRX-20260312-00351,2026-03-12 21:00:03,3,00003572,622300357200,4,2,2,23.0,18.0,92.0,46.0,46.0,36.0,10.0
TRX-20260312-02334,2026-03-12 22:26:30,2,00003568,622300356800,2,0,2,105.0,85.0,210.0,0.0,210.0,170.0,40.0
TRX-20260312-01388,2026-03-12 22:28:30,3,00003556,622300355600,1,1,0,7.0,5.5,7.0,7.0,0.0,0.0,0.0
TRX-20260312-01748,2026-03-12 22:45:02,1,00003594,622300359400,1,0,1,195.0,160.0,195.0,0.0,195.0,160.0,35.0
TRX-20260312-02756,2026-03-12 23:25:12,1,00003612,622300361200,5,3,2,16.0,12.0,80.0,48.0,32.0,24.0,8.0
TRX-20260312-02486,2026-03-12 23:29:42,2,00003556,622300355600,4,0,4,7.0,5.5,28.0,0.0,28.0,22.0,6.0
TRX-20260312-04262,2026-03-12 23:54:40,4,00003611,622300361100,1,0,1,28.0,22.0,28.0,0.0,28.0,22.0,6.0
TRX-20260313-03958,2026-03-13 00:09:02,1,00003561,622300356100,3,1,2,42.0,35.0,126.0,42.0,84.0,70.0,14.0
TRX-20260313-02736,2026-03-13 00:57:39,2,00003552,622300355200,2,0,2,420.0,380.0,840.0,0.0,840.0,760.0,80.0
TRX-20260313-03570,2026-03-13 01:06:40,1,00003572,622300357200,3,0,3,23.0,18.0,69.0,0.0,69.0,54.0,15.0
TRX-20260313-02734,2026-03-13 02:46:11,3,00003600,622300360000,3,0,3,135.0,110.0,405.0,0.0,405.0,330.0,75.0
TRX-20260313-03548,2026-03-13 02:49:46,1,00003610,622300361000,4,0,4,75.0,60.0,300.0,0.0,300.0,240.0,60.0
TRX-20260313-00825,2026-03-13 02:51:20,2,00003577,622300357700,3,3,0,65.0,50.0,195.0,195.0,0.0,0.0,0.0
TRX-20260313-03895,2026-03-13 03:19:52,5,00003584,622300358400,5,0,5,26.0,20.0,130.0,0.0,130.0,100.0,30.0
TRX-20260313-02752,2026-03-13 04:04:50,3,00003556,622300355600,2,1,1,7.0,5.5,14.0,7.0,7.0,5.5,1.5
TRX-20260313-00467,2026-03-13 04:42:12,2,00003570,622300357000,5,0,5,20.0,16.0,100.0,0.0,100.0,80.0,20.0
TRX-20260313-00695,2026-03-13 05:15:51,3,00003565,622300356500,5,0,5,38.0,32.0,190.0,0.0,190.0,160.0,30.0
TRX-20260313-01900,2026-03-13 05:30:09,1,00003552,622300355200,3,0,3,420.0,380.0,1260.0,0.0,1260.0,1140.0,120.0
TRX-20260313-04278,2026-03-13 06:19:57,4,00003565,622300356500,4,0,4,38.0,32.0,152.0,0.0,152.0,128.0,24.0
TRX-20260313-01869,2026-03-13 06:27:58,2,00003568,622300356800,1,0,1,105.0,85.0,105.0,0.0,105.0,85.0,20.0
TRX-20260313-00763,2026-03-13 07:03:43,3,00003555,622300355500,5,0,5,480.0,420.0,2400.0,0.0,2400.0,2100.0,300.0
TRX-20260313-00222,2026-03-13 07:04:22,2,00003588,622300358800,2,0,2,95.0,75.0,190.0,0.0,190.0,150.0,40.0
TRX-20260313-01368,2026-03-13 07:10:34,3,00003554,622300355400,4,0,4,435.0,390.0,1740.0,0.0,1740.0,1560.0,180.0
TRX-20260313-02370,2026-03-13 07:11:28,3,00003566,622300356600,3,1,2,180.0,150.0,540.0,180.0,360.0,300.0,60.0
TRX-20260313-03281,2026-03-13 07:16:30,1,00003596,622300359600,4,0,4,120.0,95.0,480.0,0.0,480.0,380.0,100.0
TRX-20260313-02888,2026-03-13 07:19:48,3,00003566,622300356600,4,0,4,180.0,150.0,720.0,0.0,720.0,600.0,120.0
TRX-20260313-04143,2026-03-13 07:43:17,1,00003605,622300360500,1,0,1,58.0,45.0,58.0,0.0,58.0,45.0,13.0
TRX-20260313-02706,2026-03-13 08:24:46,5,00003612,622300361200,2,0,2,16.0,12.0,32.0,0.0,32.0,24.0,8.0
TRX-20260313-03749,2026-03-13 08:31:51,1,00003580,622300358000,2,0,2,38.0,30.0,76.0,0.0,76.0,60.0,16.0
TRX-20260313-02714,2026-03-13 08:47:00,1,00003582,622300358200,4,0,4,28.0,22.0,112.0,0.0,112.0,88.0,24.0
TRX-20260313-01251,2026-03-13 08:48:07,2,00003571,622300357100,1,0,1,17.5,14.0,17.5,0.0,17.5,14.0,3.5
TRX-20260313-00203,2026-03-13 08:51:14,1,00003599,622300359900,1,0,1,380.0,320.0,380.0,0.0,380.0,320.0,60.0
TRX-20260313-00778,2026-03-13 09:06:28,4,00003597,622300359700,2,0,2,160.0,130.0,320.0,0.0,320.0,260.0,60.0
TRX-20260313-02748,2026-03-13 09:15:55,5,00003607,622300360700,3,0,3,125.0,95.0,375.0,0.0,375.0,285.0,90.0
TRX-20260313-03678,2026-03-13 09:30:00,1,00003598,622300359800,2,0,2,245.0,210.0,490.0,0.0,490.0,420.0,70.0
TRX-20260313-04646,2026-03-13 09:49:07,3,00003577,622300357700,3,0,3,65.0,50.0,195.0,0.0,195.0,150.0,45.0
TRX-20260313-03561,2026-03-13 10:24:56,1,00003591,622300359100,4,0,4,7.0,5.0,28.0,0.0,28.0,20.0,8.0
TRX-20260313-02681,2026-03-13 10:41:40,1,00003607,622300360700,1,0,1,125.0,95.0,125.0,0.0,125.0,95.0,30.0
TRX-20260313-04257,2026-03-13 10:56:14,1,00003562,622300356200,4,0,4,60.0,50.0,240.0,0.0,240.0,200.0,40.0
TRX-20260313-00918,2026-03-13 11:08:20,3,00003608,622300360800,1,0,1,78.0,60.0,78.0,0.0,78.0,60.0,18.0
TRX-20260313-04819,2026-03-13 11:42:16,1,00003575,622300357500,3,2,1,55.0,45.0,165.0,110.0,55.0,45.0,10.0
TRX-20260313-01498,2026-03-13 12:14:38,2,00003604,622300360400,4,0,4,50.0,40.0,200.0,0.0,200.0,160.0,40.0
TRX-20260313-02677,2026-03-13 12:18:54,3,00003580,622300358000,5,0,5,38.0,30.0,190.0,0.0,190.0,150.0,40.0
TRX-20260313-01525,2026-03-13 13:05:48,1,00003563,622300356300,1,0,1,12.0,9.0,12.0,0.0,12.0,9.0,3.0
TRX-20260313-01202,2026-03-13 13:15:40,2,00003602,622300360200,2,0,2,45.0,35.0,90.0,0.0,90.0,70.0,20.0
TRX-20260313-00425,2026-03-13 13:27:06,2,00003605,622300360500,4,0,4,58.0,45.0,232.0,0.0,232.0,180.0,52.0
TRX-20260313-04332,2026-03-13 14:25:09,1,00003555,622300355500,3,0,3,480.0,420.0,1440.0,0.0,1440.0,1260.0,180.0
TRX-20260313-02566,2026-03-13 15:10:47,5,00003590,622300359000,4,0,4,23.0,18.0,92.0,0.0,92.0,72.0,20.0
TRX-20260313-01382,2026-03-13 15:11:12,4,00003558,622300355800,2,1,1,8.0,6.5,16.0,8.0,8.0,6.5,1.5
TRX-20260313-03787,2026-03-13 15:19:24,5,00003613,622300361324,2,0,2,2394.0,2040.0,4788.0,0.0,4788.0,4080.0,708.0
TRX-20260313-02130,2026-03-13 15:26:31,1,00003570,622300357000,2,0,2,20.0,16.0,40.0,0.0,40.0,32.0,8.0
TRX-20260313-01131,2026-03-13 15:36:23,1,00003573,622300357300,3,0,3,88.0,75.0,264.0,0.0,264.0,225.0,39.0
TRX-20260313-02302,2026-03-13 16:10:24,1,00003558,622300355800,4,0,4,8.0,6.5,32.0,0.0,32.0,26.0,6.0
TRX-20260313-03340,2026-03-13 16:34:29,1,00003610,622300361000,2,0,2,75.0,60.0,150.0,0.0,150.0,120.0,30.0
TRX-20260313-03625,2026-03-13 16:37:04,2,00003590,622300359000,3,0,3,23.0,18.0,69.0,0.0,69.0,54.0,15.0
TRX-20260313-04731,2026-03-13 17:01:59,1,00003565,622300356500,1,0,1,38.0,32.0,38.0,0.0,38.0,32.0,6.0
TRX-20260313-01567,2026-03-13 17:16:57,1,00003601,622300360100,2,0,2,205.0,175.0,410.0,0.0,410.0,350.0,60.0
TRX-20260313-00684,2026-03-13 17:18:55,3,00003574,622300357400,5,0,5,155.0,135.0,775.0,0.0,775.0,675.0,100.0
TRX-20260313-00348,2026-03-13 17:58:30,3,00003577,622300357724,2,0,2,1482.0,1200.0,2964.0,0.0,2964.0,2400.0,564.0
TRX-20260313-01463,2026-03-13 18:27:00,2,00003570,622300357006,1,0,1,114.0,96.0,114.0,0.0,114.0,96.0,18.0
TRX-20260313-02294,2026-03-13 18:42:19,1,00003608,622300360824,1,0,1,1778.4,1440.0,1778.4,0.0,1778.4,1440.0,338.4
TRX-20260313-00592,2026-03-13 19:03:40,3,00003572,622300357200,4,0,4,23.0,18.0,92.0,0.0,92.0,72.0,20.0
TRX-20260313-04604,2026-03-13 19:19:50,5,00003591,622300359100,2,0,2,7.0,5.0,14.0,0.0,14.0,10.0,4.0
TRX-20260313-04305,2026-03-13 19:20:23,1,00003554,622300355400,3,0,3,435.0,390.0,1305.0,0.0,1305.0,1170.0,135.0
TRX-20260313-00671,2026-03-13 19:55:45,4,00003610,622300361000,2,2,0,75.0,60.0,150.0,150.0,0.0,0.0,0.0
TRX-20260313-03254,2026-03-13 20:16:08,1,00003605,622300360500,1,0,1,58.0,45.0,58.0,0.0,58.0,45.0,13.0
TRX-20260313-00156,2026-03-13 20:30:37,3,00003579,622300357900,5,0,5,110.0,85.0,550.0,0.0,550.0,425.0,125.0
TRX-20260313-00210,2026-03-13 21:11:28,3,00003552,622300355200,5,0,5,420.0,380.0,2100.0,0.0,2100.0,1900.0,200.0
TRX-20260313-01640,2026-03-13 21:34:28,3,00003611,622300361100,4,0,4,28.0,22.0,112.0,0.0,112.0,88.0,24.0
TRX-20260313-01192,2026-03-13 22:09:21,1,00003587,622300358700,1,0,1,135.0,110.0,135.0,0.0,135.0,110.0,25.0
TRX-20260313-04107,2026-03-13 22:13:27,2,00003587,622300358700,4,0,4,135.0,110.0,540.0,0.0,540.0,440.0,100.0
TRX-20260313-04199,2026-03-13 22:35:08,1,00003597,622300359700,3,0,3,160.0,130.0,480.0,0.0,480.0,390.0,90.0
TRX-20260313-04736,2026-03-13 22:43:43,2,00003554,622300355400,1,0,1,435.0,390.0,435.0,0.0,435.0,390.0,45.0
TRX-20260313-04580,2026-03-13 23:33:11,1,00003596,622300359600,4,0,4,120.0,95.0,480.0,0.0,480.0,380.0,100.0
TRX-20260313-01151,2026-03-13 23:42:53,1,00003586,622300358600,5,0,5,55.0,45.0,275.0,0.0,275.0,225.0,50.0
TRX-20260313-04392,2026-03-13 23:59:04,5,00003558,622300355800,1,0,1,8.0,6.5,8.0,0.0,8.0,6.5,1.5
TRX-20260314-01862,2026-03-14 00:54:15,1,00003600,622300360024,2,0,2,3078.0,2640.0,6156.0,0.0,6156.0,5280.0,876.0
TRX-20260314-00441,2026-03-14 01:46:21,1,00003568,622300356800,5,0,5,105.0,85.0,525.0,0.0,525.0,425.0,100.0
TRX-20260314-00924,2026-03-14 01:57:33,2,00003576,622300357600,4,0,4,245.0,210.0,980.0,0.0,980.0,840.0,140.0
TRX-20260314-04497,2026-03-14 02:09:06,3,00003563,622300356300,4,0,4,12.0,9.0,48.0,0.0,48.0,36.0,12.0
TRX-20260314-04994,2026-03-14 02:18:10,4,00003585,622300358500,3,0,3,220.0,180.0,660.0,0.0,660.0,540.0,120.0
TRX-20260314-00321,2026-03-14 02:24:20,3,00003604,622300360400,4,0,4,50.0,40.0,200.0,0.0,200.0,160.0,40.0
TRX-20260314-02854,2026-03-14 03:13:19,1,00003577,622300357700,4,3,1,65.0,50.0,260.0,195.0,65.0,50.0,15.0
TRX-20260314-00747,2026-03-14 03:24:33,2,00003562,622300356200,5,0,5,60.0,50.0,300.0,0.0,300.0,250.0,50.0
TRX-20260314-02643,2026-03-14 03:26:55,1,00003576,622300357600,3,0,3,245.0,210.0,735.0,0.0,735.0,630.0,105.0
TRX-20260314-03929,2026-03-14 04:14:26,1,00003594,622300359406,1,0,1,1111.5,960.0,1111.5,0.0,1111.5,960.0,151.5
TRX-20260314-01712,2026-03-14 04:41:01,2,00003584,622300358400,3,0,3,26.0,20.0,78.0,0.0,78.0,60.0,18.0
TRX-20260314-00154,2026-03-14 05:17:38,1,00003587,622300358700,3,0,3,135.0,110.0,405.0,0.0,405.0,330.0,75.0
TRX-20260314-01138,2026-03-14 06:14:24,4,00003586,622300358600,1,0,1,55.0,45.0,55.0,0.0,55.0,45.0,10.0
TRX-20260314-03211,2026-03-14 06:45:19,4,00003567,622300356700,1,0,1,34.0,29.0,34.0,0.0,34.0,29.0,5.0
TRX-20260314-02039,2026-03-14 06:49:41,2,00003596,622300359600,4,0,4,120.0,95.0,480.0,0.0,480.0,380.0,100.0
TRX-20260314-04543,2026-03-14 07:03:22,5,00003563,622300356300,2,0,2,12.0,9.0,24.0,0.0,24.0,18.0,6.0
TRX-20260314-01081,2026-03-14 07:05:34,5,00003613,622300361300,1,0,1,105.0,85.0,105.0,0.0,105.0,85.0,20.0
TRX-20260314-02708,2026-03-14 07:23:37,3,00003568,622300356800,1,0,1,105.0,85.0,105.0,0.0,105.0,85.0,20.0
TRX-20260314-03182,2026-03-14 07:30:44,1,00003575,622300357500,4,0,4,55.0,45.0,220.0,0.0,220.0,180.0,40.0
TRX-20260314-01324,2026-03-14 08:06:22,3,00003579,622300357900,1,0,1,110.0,85.0,110.0,0.0,110.0,85.0,25.0
TRX-20260314-01845,2026-03-14 08:49:03,1,00003584,622300358400,4,0,4,26.0,20.0,104.0,0.0,104.0,80.0,24.0
TRX-20260314-04027,2026-03-14 08:58:18,1,00003573,622300357324,2,0,2,2006.4,1800.0,4012.8,0.0,4012.8,3600.0,412.8
TRX-20260314-00991,2026-03-14 11:07:51,3,00003605,622300360500,3,0,3,58.0,45.0,174.0,0.0,174.0,135.0,39.0
TRX-20260314-03202,2026-03-14 11:36:23,3,00003583,622300358300,3,0,3,5.5,4.0,16.5,0.0,16.5,12.0,4.5
TRX-20260314-02633,2026-03-14 12:18:03,2,00003610,622300361000,3,0,3,75.0,60.0,225.0,0.0,225.0,180.0,45.0
TRX-20260314-02212,2026-03-14 12:37:13,3,00003589,622300358900,2,1,1,10.0,8.0,20.0,10.0,10.0,8.0,2.0
TRX-20260314-00346,2026-03-14 13:13:49,1,00003569,622300356900,5,3,2,14.0,11.0,70.0,42.0,28.0,22.0,6.0
TRX-20260314-02636,2026-03-14 13:37:21,3,00003573,622300357300,4,0,4,88.0,75.0,352.0,0.0,352.0,300.0,52.0
TRX-20260314-03256,2026-03-14 14:01:57,3,00003574,622300357400,1,0,1,155.0,135.0,155.0,0.0,155.0,135.0,20.0
TRX-20260314-03948,2026-03-14 14:15:30,2,00003604,622300360400,2,0,2,50.0,40.0,100.0,0.0,100.0,80.0,20.0
TRX-20260314-04539,2026-03-14 14:52:49,3,00003552,622300355200,5,0,5,420.0,380.0,2100.0,0.0,2100.0,1900.0,200.0
TRX-20260314-01399,2026-03-14 15:06:43,1,00003594,622300359400,3,0,3,195.0,160.0,585.0,0.0,585.0,480.0,105.0
TRX-20260314-01178,2026-03-14 15:09:48,1,00003569,622300356900,5,0,5,14.0,11.0,70.0,0.0,70.0,55.0,15.0
TRX-20260314-04123,2026-03-14 15:18:48,1,00003592,622300359200,5,0,5,4.5,3.0,22.5,0.0,22.5,15.0,7.5
TRX-20260314-02473,2026-03-14 15:24:34,1,00003590,622300359000,4,0,4,23.0,18.0,92.0,0.0,92.0,72.0,20.0
TRX-20260314-00020,2026-03-14 15:25:14,3,00003589,622300358900,4,0,4,10.0,8.0,40.0,0.0,40.0,32.0,8.0
TRX-20260314-04366,2026-03-14 15:45:06,3,00003569,622300356900,4,0,4,14.0,11.0,56.0,0.0,56.0,44.0,12.0
TRX-20260314-04180,2026-03-14 15:48:36,1,00003552,622300355200,5,0,5,420.0,380.0,2100.0,0.0,2100.0,1900.0,200.0
TRX-20260314-01026,2026-03-14 16:12:05,1,00003566,622300356600,3,2,1,180.0,150.0,540.0,360.0,180.0,150.0,30.0
TRX-20260314-03367,2026-03-14 16:59:45,2,00003560,622300356000,1,0,1,135.0,110.0,135.0,0.0,135.0,110.0,25.0
TRX-20260314-01171,2026-03-14 17:20:46,1,00003568,622300356800,3,0,3,105.0,85.0,315.0,0.0,315.0,255.0,60.0
TRX-20260314-01937,2026-03-14 17:24:32,5,00003592,622300359200,5,0,5,4.5,3.0,22.5,0.0,22.5,15.0,7.5
TRX-20260314-00374,2026-03-14 17:27:11,2,00003588,622300358800,3,1,2,95.0,75.0,285.0,95.0,190.0,150.0,40.0
TRX-20260314-03410,2026-03-14 17:30:38,1,00003557,622300355700,3,0,3,7.0,5.5,21.0,0.0,21.0,16.5,4.5
TRX-20260314-00429,2026-03-14 18:00:24,2,00003570,622300357000,2,0,2,20.0,16.0,40.0,0.0,40.0,32.0,8.0
TRX-20260314-03439,2026-03-14 18:40:28,3,00003558,622300355800,1,0,1,8.0,6.5,8.0,0.0,8.0,6.5,1.5
TRX-20260314-02096,2026-03-14 19:32:06,1,00003573,622300357300,4,0,4,88.0,75.0,352.0,0.0,352.0,300.0,52.0
TRX-20260314-04151,2026-03-14 20:11:04,5,00003555,622300355500,1,0,1,480.0,420.0,480.0,0.0,480.0,420.0,60.0
TRX-20260314-02300,2026-03-14 23:07:51,3,00003570,622300357000,1,0,1,20.0,16.0,20.0,0.0,20.0,16.0,4.0
TRX-20260314-04125,2026-03-14 23:08:38,5,00003556,622300355600,2,0,2,7.0,5.5,14.0,0.0,14.0,11.0,3.0
TRX-20260314-01254,2026-03-14 23:31:30,1,00003612,622300361200,5,0,5,16.0,12.0,80.0,0.0,80.0,60.0,20.0
TRX-20260315-00751,2026-03-15 00:08:58,3,00003569,622300356900,4,0,4,14.0,11.0,56.0,0.0,56.0,44.0,12.0
TRX-20260315-04654,2026-03-15 00:29:22,3,00003575,622300357524,1,0,1,1254.0,1080.0,1254.0,0.0,1254.0,1080.0,174.0
TRX-20260315-04185,2026-03-15 00:41:41,4,00003566,622300356600,1,0,1,180.0,150.0,180.0,0.0,180.0,150.0,30.0
TRX-20260315-02815,2026-03-15 00:42:25,2,00003559,622300355900,4,0,4,28.0,22.0,112.0,0.0,112.0,88.0,24.0
TRX-20260315-03479,2026-03-15 01:00:05,1,00003578,622300357800,2,0,2,45.0,35.0,90.0,0.0,90.0,70.0,20.0
TRX-20260315-00740,2026-03-15 01:04:57,1,00003587,622300358700,5,0,5,135.0,110.0,675.0,0.0,675.0,550.0,125.0
TRX-20260315-04558,2026-03-15 01:17:01,1,00003594,622300359400,1,0,1,195.0,160.0,195.0,0.0,195.0,160.0,35.0
TRX-20260315-02411,2026-03-15 01:24:13,3,00003592,622300359200,5,0,5,4.5,3.0,22.5,0.0,22.5,15.0,7.5
TRX-20260315-03792,2026-03-15 01:36:33,1,00003596,622300359600,1,0,1,120.0,95.0,120.0,0.0,120.0,95.0,25.0
TRX-20260315-03494,2026-03-15 01:39:23,1,00003600,622300360000,1,0,1,135.0,110.0,135.0,0.0,135.0,110.0,25.0
TRX-20260315-03077,2026-03-15 02:05:50,3,00003595,622300359524,2,0,2,2508.0,2040.0,5016.0,0.0,5016.0,4080.0,936.0
TRX-20260315-03902,2026-03-15 02:06:07,1,00003594,622300359400,3,0,3,195.0,160.0,585.0,0.0,585.0,480.0,105.0
TRX-20260315-01670,2026-03-15 02:15:25,2,00003574,622300357406,1,0,1,883.5,810.0,883.5,0.0,883.5,810.0,73.5
TRX-20260315-01912,2026-03-15 02:51:31,1,00003584,622300358400,1,0,1,26.0,20.0,26.0,0.0,26.0,20.0,6.0
TRX-20260315-04850,2026-03-15 02:51:42,3,00003562,622300356200,2,0,2,60.0,50.0,120.0,0.0,120.0,100.0,20.0
TRX-20260315-00082,2026-03-15 03:32:37,1,00003561,622300356100,3,0,3,42.0,35.0,126.0,0.0,126.0,105.0,21.0
TRX-20260315-02700,2026-03-15 03:53:43,2,00003584,622300358400,3,3,0,26.0,20.0,78.0,78.0,0.0,0.0,0.0
TRX-20260315-00045,2026-03-15 03:57:28,3,00003601,622300360100,5,0,5,205.0,175.0,1025.0,0.0,1025.0,875.0,150.0
TRX-20260315-03723,2026-03-15 04:22:53,1,00003559,622300355900,1,1,0,28.0,22.0,28.0,28.0,0.0,0.0,0.0
TRX-20260315-03601,2026-03-15 04:29:02,1,00003605,622300360500,2,2,0,58.0,45.0,116.0,116.0,0.0,0.0,0.0
TRX-20260315-02920,2026-03-15 04:32:37,5,00003606,622300360600,1,0,1,85.0,65.0,85.0,0.0,85.0,65.0,20.0
TRX-20260315-00225,2026-03-15 04:37:28,1,00003556,622300355600,1,0,1,7.0,5.5,7.0,0.0,7.0,5.5,1.5
TRX-20260315-04627,2026-03-15 04:47:52,4,00003574,622300357400,2,0,2,155.0,135.0,310.0,0.0,310.0,270.0,40.0
TRX-20260315-02602,2026-03-15 05:50:21,3,00003566,622300356600,4,0,4,180.0,150.0,720.0,0.0,720.0,600.0,120.0
TRX-20260315-02374,2026-03-15 06:51:43,1,00003588,622300358800,1,0,1,95.0,75.0,95.0,0.0,95.0,75.0,20.0
TRX-20260315-03836,2026-03-15 06:56:57,2,00003587,622300358700,4,0,4,135.0,110.0,540.0,0.0,540.0,440.0,100.0
TRX-20260315-01817,2026-03-15 06:57:35,3,00003595,622300359524,2,0,2,2508.0,2040.0,5016.0,0.0,5016.0,4080.0,936.0
TRX-20260315-00745,2026-03-15 07:10:14,2,00003553,622300355300,5,0,5,450.0,400.0,2250.0,0.0,2250.0,2000.0,250.0
TRX-20260315-01233,2026-03-15 07:19:39,2,00003577,622300357700,5,0,5,65.0,50.0,325.0,0.0,325.0,250.0,75.0
TRX-20260315-01120,2026-03-15 07:57:07,1,00003603,622300360300,4,0,4,35.0,28.0,140.0,0.0,140.0,112.0,28.0
TRX-20260315-01438,2026-03-15 08:40:00,3,00003570,622300357000,4,0,4,20.0,16.0,80.0,0.0,80.0,64.0,16.0
TRX-20260315-01843,2026-03-15 08:41:01,3,00003581,622300358100,2,0,2,32.0,25.0,64.0,0.0,64.0,50.0,14.0
TRX-20260315-00635,2026-03-15 09:13:26,2,00003552,622300355200,2,0,2,420.0,380.0,840.0,0.0,840.0,760.0,80.0
TRX-20260315-02223,2026-03-15 09:20:59,1,00003594,622300359400,2,0,2,195.0,160.0,390.0,0.0,390.0,320.0,70.0
TRX-20260315-00692,2026-03-15 10:05:04,3,00003579,622300357900,4,0,4,110.0,85.0,440.0,0.0,440.0,340.0,100.0
TRX-20260315-03402,2026-03-15 11:33:05,4,00003564,622300356400,3,0,3,20.0,16.0,60.0,0.0,60.0,48.0,12.0
TRX-20260315-00263,2026-03-15 12:00:38,1,00003600,622300360024,2,0,2,3078.0,2640.0,6156.0,0.0,6156.0,5280.0,876.0
TRX-20260315-00725,2026-03-15 12:01:03,3,00003609,622300360900,2,0,2,110.0,85.0,220.0,0.0,220.0,170.0,50.0
TRX-20260315-00539,2026-03-15 12:20:57,3,00003590,622300359000,1,0,1,23.0,18.0,23.0,0.0,23.0,18.0,5.0
TRX-20260315-02463,2026-03-15 13:02:48,1,00003578,622300357800,2,0,2,45.0,35.0,90.0,0.0,90.0,70.0,20.0
TRX-20260315-03488,2026-03-15 14:02:58,3,00003593,622300359300,5,0,5,18.0,14.0,90.0,0.0,90.0,70.0,20.0
TRX-20260315-02412,2026-03-15 14:45:13,1,00003560,622300356000,2,1,1,135.0,110.0,270.0,135.0,135.0,110.0,25.0
TRX-20260315-02738,2026-03-15 16:14:27,3,00003556,622300355600,3,0,3,7.0,5.5,21.0,0.0,21.0,16.5,4.5
TRX-20260315-00136,2026-03-15 16:28:49,3,00003569,622300356900,2,0,2,14.0,11.0,28.0,0.0,28.0,22.0,6.0
TRX-20260315-01618,2026-03-15 16:38:44,1,00003557,622300355700,5,0,5,7.0,5.5,35.0,0.0,35.0,27.5,7.5
TRX-20260315-03717,2026-03-15 16:45:28,1,00003555,622300355500,1,0,1,480.0,420.0,480.0,0.0,480.0,420.0,60.0
TRX-20260315-04545,2026-03-15 16:58:51,2,00003598,622300359800,3,0,3,245.0,210.0,735.0,0.0,735.0,630.0,105.0
TRX-20260315-03217,2026-03-15 17:03:26,1,00003579,622300357900,5,0,5,110.0,85.0,550.0,0.0,550.0,425.0,125.0
TRX-20260315-03250,2026-03-15 17:17:54,2,00003575,622300357500,3,0,3,55.0,45.0,165.0,0.0,165.0,135.0,30.0
TRX-20260315-03630,2026-03-15 17:21:58,2,00003570,622300357000,1,1,0,20.0,16.0,20.0,20.0,0.0,0.0,0.0
TRX-20260315-01289,2026-03-15 20:12:53,2,00003593,622300359300,4,0,4,18.0,14.0,72.0,0.0,72.0,56.0,16.0
TRX-20260315-04237,2026-03-15 20:16:33,4,00003576,622300357600,1,0,1,245.0,210.0,245.0,0.0,245.0,210.0,35.0
TRX-20260315-00219,2026-03-15 20:48:40,3,00003609,622300360900,4,0,4,110.0,85.0,440.0,0.0,440.0,340.0,100.0
TRX-20260315-04235,2026-03-15 21:09:49,1,00003605,622300360500,3,0,3,58.0,45.0,174.0,0.0,174.0,135.0,39.0
TRX-20260315-04186,2026-03-15 21:52:05,2,00003599,622300359900,4,0,4,380.0,320.0,1520.0,0.0,1520.0,1280.0,240.0
TRX-20260315-01021,2026-03-15 22:17:29,3,00003557,622300355700,1,0,1,7.0,5.5,7.0,0.0,7.0,5.5,1.5
TRX-20260315-00581,2026-03-15 22:18:33,1,00003599,622300359900,3,0,3,380.0,320.0,1140.0,0.0,1140.0,960.0,180.0
TRX-20260315-03844,2026-03-15 22:22:46,2,00003604,622300360400,1,0,1,50.0,40.0,50.0,0.0,50.0,40.0,10.0
TRX-20260315-04288,2026-03-15 22:28:57,1,00003604,622300360400,1,1,0,50.0,40.0,50.0,50.0,0.0,0.0,0.0
TRX-20260315-00607,2026-03-15 22:46:27,5,00003596,622300359600,1,0,1,120.0,95.0,120.0,0.0,120.0,95.0,25.0
TRX-20260315-04065,2026-03-15 23:53:10,3,00003571,622300357100,1,0,1,17.5,14.0,17.5,0.0,17.5,14.0,3.5
TRX-20260316-00979,2026-03-16 00:01:31,1,00003577,622300357700,2,0,2,65.0,50.0,130.0,0.0,130.0,100.0,30.0
TRX-20260316-01958,2026-03-16 00:24:38,1,00003593,622300359300,1,0,1,18.0,14.0,18.0,0.0,18.0,14.0,4.0
TRX-20260316-01521,2026-03-16 01:28:38,2,00003610,622300361000,1,0,1,75.0,60.0,75.0,0.0,75.0,60.0,15.0
TRX-20260316-03457,2026-03-16 01:30:23,1,00003596,622300359600,1,0,1,120.0,95.0,120.0,0.0,120.0,95.0,25.0
TRX-20260316-00461,2026-03-16 02:05:36,2,00003589,622300358900,1,0,1,10.0,8.0,10.0,0.0,10.0,8.0,2.0
TRX-20260316-02158,2026-03-16 02:56:17,3,00003580,622300358006,2,0,2,216.6,180.0,433.2,0.0,433.2,360.0,73.2
TRX-20260316-02036,2026-03-16 03:49:10,1,00003582,622300358200,4,0,4,28.0,22.0,112.0,0.0,112.0,88.0,24.0
TRX-20260316-01757,2026-03-16 03:51:33,3,00003569,622300356900,2,0,2,14.0,11.0,28.0,0.0,28.0,22.0,6.0
TRX-20260316-00899,2026-03-16 03:58:35,2,00003567,622300356700,4,0,4,34.0,29.0,136.0,0.0,136.0,116.0,20.0
TRX-20260316-03372,2026-03-16 04:23:54,1,00003558,622300355800,3,0,3,8.0,6.5,24.0,0.0,24.0,19.5,4.5
TRX-20260316-02068,2026-03-16 04:58:26,1,00003580,622300358000,1,0,1,38.0,30.0,38.0,0.0,38.0,30.0,8.0
TRX-20260316-02192,2026-03-16 05:17:08,3,00003580,622300358000,1,0,1,38.0,30.0,38.0,0.0,38.0,30.0,8.0
TRX-20260316-00139,2026-03-16 05:18:01,4,00003569,622300356900,2,0,2,14.0,11.0,28.0,0.0,28.0,22.0,6.0
TRX-20260316-00894,2026-03-16 05:35:04,1,00003561,622300356100,1,0,1,42.0,35.0,42.0,0.0,42.0,35.0,7.0
TRX-20260316-03292,2026-03-16 05:49:22,1,00003592,622300359224,1,0,1,102.6,72.0,102.6,0.0,102.6,72.0,30.6
TRX-20260316-02919,2026-03-16 05:50:22,1,00003597,622300359700,4,0,4,160.0,130.0,640.0,0.0,640.0,520.0,120.0
TRX-20260316-03880,2026-03-16 05:56:53,1,00003560,622300356000,2,0,2,135.0,110.0,270.0,0.0,270.0,220.0,50.0
TRX-20260316-03592,2026-03-16 06:10:15,2,00003610,622300361000,5,3,2,75.0,60.0,375.0,225.0,150.0,120.0,30.0
TRX-20260316-04117,2026-03-16 07:06:27,2,00003588,622300358800,5,0,5,95.0,75.0,475.0,0.0,475.0,375.0,100.0
TRX-20260316-00564,2026-03-16 07:07:11,3,00003557,622300355700,5,0,5,7.0,5.5,35.0,0.0,35.0,27.5,7.5
TRX-20260316-01607,2026-03-16 07:13:13,5,00003613,622300361300,5,5,0,105.0,85.0,525.0,525.0,0.0,0.0,0.0
TRX-20260316-02509,2026-03-16 07:21:09,1,00003593,622300359300,4,0,4,18.0,14.0,72.0,0.0,72.0,56.0,16.0
TRX-20260316-00662,2026-03-16 07:37:40,2,00003577,622300357724,2,0,2,1482.0,1200.0,2964.0,0.0,2964.0,2400.0,564.0
TRX-20260316-03393,2026-03-16 07:45:35,5,00003567,622300356724,2,0,2,775.2,696.0,1550.4,0.0,1550.4,1392.0,158.4
TRX-20260316-01653,2026-03-16 08:32:28,1,00003602,622300360200,4,0,4,45.0,35.0,180.0,0.0,180.0,140.0,40.0
TRX-20260316-02746,2026-03-16 08:46:12,4,00003584,622300358400,2,0,2,26.0,20.0,52.0,0.0,52.0,40.0,12.0
TRX-20260316-01898,2026-03-16 08:47:04,3,00003594,622300359400,1,0,1,195.0,160.0,195.0,0.0,195.0,160.0,35.0
TRX-20260316-03156,2026-03-16 09:35:50,5,00003596,622300359624,1,0,1,2736.0,2280.0,2736.0,0.0,2736.0,2280.0,456.0
TRX-20260316-02050,2026-03-16 09:37:38,4,00003588,622300358800,1,0,1,95.0,75.0,95.0,0.0,95.0,75.0,20.0
TRX-20260316-03712,2026-03-16 10:01:42,2,00003571,622300357100,5,0,5,17.5,14.0,87.5,0.0,87.5,70.0,17.5
TRX-20260316-04523,2026-03-16 10:27:19,5,00003602,622300360200,1,0,1,45.0,35.0,45.0,0.0,45.0,35.0,10.0
TRX-20260316-03816,2026-03-16 11:00:37,3,00003602,622300360200,5,0,5,45.0,35.0,225.0,0.0,225.0,175.0,50.0
TRX-20260316-02284,2026-03-16 11:30:43,1,00003562,622300356200,1,0,1,60.0,50.0,60.0,0.0,60.0,50.0,10.0
TRX-20260316-04189,2026-03-16 12:16:18,1,00003585,622300358500,5,0,5,220.0,180.0,1100.0,0.0,1100.0,900.0,200.0
TRX-20260316-02508,2026-03-16 12:18:45,3,00003584,622300358400,1,0,1,26.0,20.0,26.0,0.0,26.0,20.0,6.0
TRX-20260316-00175,2026-03-16 12:22:39,2,00003610,622300361000,1,0,1,75.0,60.0,75.0,0.0,75.0,60.0,15.0
TRX-20260316-01045,2026-03-16 12:33:09,1,00003561,622300356100,2,0,2,42.0,35.0,84.0,0.0,84.0,70.0,14.0
TRX-20260316-01032,2026-03-16 12:52:49,2,00003608,622300360800,3,0,3,78.0,60.0,234.0,0.0,234.0,180.0,54.0
TRX-20260316-01005,2026-03-16 13:47:39,4,00003603,622300360300,2,0,2,35.0,28.0,70.0,0.0,70.0,56.0,14.0
TRX-20260316-00544,2026-03-16 13:50:50,5,00003554,622300355400,5,0,5,435.0,390.0,2175.0,0.0,2175.0,1950.0,225.0
TRX-20260316-02249,2026-03-16 13:57:57,4,00003601,622300360100,4,0,4,205.0,175.0,820.0,0.0,820.0,700.0,120.0
TRX-20260316-01859,2026-03-16 15:38:37,1,00003607,622300360712,2,0,2,1425.0,1140.0,2850.0,0.0,2850.0,2280.0,570.0
TRX-20260316-04743,2026-03-16 15:44:03,5,00003580,622300358000,3,0,3,38.0,30.0,114.0,0.0,114.0,90.0,24.0
TRX-20260316-04145,2026-03-16 16:01:30,4,00003593,622300359300,2,0,2,18.0,14.0,36.0,0.0,36.0,28.0,8.0
TRX-20260316-03035,2026-03-16 16:24:28,2,00003588,622300358800,5,0,5,95.0,75.0,475.0,0.0,475.0,375.0,100.0
TRX-20260316-01394,2026-03-16 16:31:46,3,00003595,622300359500,3,0,3,110.0,85.0,330.0,0.0,330.0,255.0,75.0
TRX-20260316-00890,2026-03-16 17:19:41,4,00003588,622300358800,1,0,1,95.0,75.0,95.0,0.0,95.0,75.0,20.0
TRX-20260316-00207,2026-03-16 17:20:15,1,00003592,622300359200,4,0,4,4.5,3.0,18.0,0.0,18.0,12.0,6.0
TRX-20260316-01867,2026-03-16 17:35:47,1,00003564,622300356400,5,0,5,20.0,16.0,100.0,0.0,100.0,80.0,20.0
TRX-20260316-02179,2026-03-16 17:41:25,1,00003572,622300357200,1,0,1,23.0,18.0,23.0,0.0,23.0,18.0,5.0
TRX-20260316-02833,2026-03-16 18:02:22,1,00003591,622300359100,4,0,4,7.0,5.0,28.0,0.0,28.0,20.0,8.0
TRX-20260316-02702,2026-03-16 18:07:57,5,00003568,622300356800,1,0,1,105.0,85.0,105.0,0.0,105.0,85.0,20.0
TRX-20260316-01445,2026-03-16 18:37:09,3,00003590,622300359000,2,0,2,23.0,18.0,46.0,0.0,46.0,36.0,10.0
TRX-20260316-01009,2026-03-16 19:12:34,2,00003561,622300356100,3,0,3,42.0,35.0,126.0,0.0,126.0,105.0,21.0
TRX-20260316-02243,2026-03-16 19:20:48,3,00003592,622300359224,1,0,1,102.6,72.0,102.6,0.0,102.6,72.0,30.6
TRX-20260316-03998,2026-03-16 20:15:25,3,00003594,622300359400,2,0,2,195.0,160.0,390.0,0.0,390.0,320.0,70.0
TRX-20260316-00510,2026-03-16 20:22:21,3,00003576,622300357606,1,0,1,1396.5,1260.0,1396.5,0.0,1396.5,1260.0,136.5
TRX-20260316-04292,2026-03-16 21:04:53,5,00003585,622300358500,4,0,4,220.0,180.0,880.0,0.0,880.0,720.0,160.0
TRX-20260316-03640,2026-03-16 21:22:14,1,00003560,622300356000,1,0,1,135.0,110.0,135.0,0.0,135.0,110.0,25.0
TRX-20260316-01089,2026-03-16 21:25:00,3,00003573,622300357300,1,0,1,88.0,75.0,88.0,0.0,88.0,75.0,13.0
TRX-20260316-01638,2026-03-16 21:27:49,2,00003591,622300359100,5,0,5,7.0,5.0,35.0,0.0,35.0,25.0,10.0
TRX-20260316-01374,2026-03-16 21:52:42,3,00003610,622300361000,1,0,1,75.0,60.0,75.0,0.0,75.0,60.0,15.0
TRX-20260316-02021,2026-03-16 22:22:16,2,00003572,622300357200,2,0,2,23.0,18.0,46.0,0.0,46.0,36.0,10.0
TRX-20260316-04975,2026-03-16 22:27:13,2,00003556,622300355600,2,2,0,7.0,5.5,14.0,14.0,0.0,0.0,0.0
TRX-20260316-02893,2026-03-16 22:27:20,5,00003588,622300358800,3,0,3,95.0,75.0,285.0,0.0,285.0,225.0,60.0
TRX-20260316-03540,2026-03-16 22:31:55,2,00003609,622300360900,1,0,1,110.0,85.0,110.0,0.0,110.0,85.0,25.0
TRX-20260316-00485,2026-03-16 22:48:01,5,00003586,622300358600,4,0,4,55.0,45.0,220.0,0.0,220.0,180.0,40.0
TRX-20260316-02931,2026-03-16 23:17:14,1,00003603,622300360300,1,0,1,35.0,28.0,35.0,0.0,35.0,28.0,7.0
TRX-20260316-01050,2026-03-16 23:19:52,1,00003604,622300360400,1,0,1,50.0,40.0,50.0,0.0,50.0,40.0,10.0
TRX-20260317-00898,2026-03-17 00:39:30,3,00003575,622300357500,1,0,1,55.0,45.0,55.0,0.0,55.0,45.0,10.0
TRX-20260317-00200,2026-03-17 01:46:36,1,00003600,622300360000,4,0,4,135.0,110.0,540.0,0.0,540.0,440.0,100.0
TRX-20260317-03431,2026-03-17 02:10:13,5,00003559,622300355900,5,0,5,28.0,22.0,140.0,0.0,140.0,110.0,30.0
TRX-20260317-02336,2026-03-17 02:37:23,1,00003564,622300356424,2,1,1,456.0,384.0,912.0,456.0,456.0,384.0,72.0
TRX-20260317-02861,2026-03-17 03:05:51,2,00003574,622300357400,1,0,1,155.0,135.0,155.0,0.0,155.0,135.0,20.0
TRX-20260317-01058,2026-03-17 03:07:05,3,00003600,622300360000,3,0,3,135.0,110.0,405.0,0.0,405.0,330.0,75.0
TRX-20260317-03507,2026-03-17 03:11:39,2,00003557,622300355700,2,0,2,7.0,5.5,14.0,0.0,14.0,11.0,3.0
TRX-20260317-04408,2026-03-17 03:17:12,2,00003552,622300355200,5,0,5,420.0,380.0,2100.0,0.0,2100.0,1900.0,200.0
TRX-20260317-03611,2026-03-17 03:21:24,1,00003597,622300359700,3,0,3,160.0,130.0,480.0,0.0,480.0,390.0,90.0
TRX-20260317-02399,2026-03-17 04:28:37,2,00003555,622300355500,2,0,2,480.0,420.0,960.0,0.0,960.0,840.0,120.0
TRX-20260317-04597,2026-03-17 05:58:30,2,00003574,622300357400,3,0,3,155.0,135.0,465.0,0.0,465.0,405.0,60.0
TRX-20260317-04687,2026-03-17 06:02:56,1,00003607,622300360700,2,1,1,125.0,95.0,250.0,125.0,125.0,95.0,30.0
TRX-20260317-01676,2026-03-17 06:53:05,5,00003573,622300357300,1,0,1,88.0,75.0,88.0,0.0,88.0,75.0,13.0
TRX-20260317-04029,2026-03-17 07:50:35,2,00003577,622300357700,2,0,2,65.0,50.0,130.0,0.0,130.0,100.0,30.0
TRX-20260317-00600,2026-03-17 08:05:41,2,00003583,622300358300,3,0,3,5.5,4.0,16.5,0.0,16.5,12.0,4.5
TRX-20260317-02727,2026-03-17 08:22:26,1,00003582,622300358200,4,1,3,28.0,22.0,112.0,28.0,84.0,66.0,18.0
TRX-20260317-00938,2026-03-17 08:45:22,1,00003570,622300357000,2,0,2,20.0,16.0,40.0,0.0,40.0,32.0,8.0
TRX-20260317-02059,2026-03-17 09:02:50,3,00003571,622300357100,4,0,4,17.5,14.0,70.0,0.0,70.0,56.0,14.0
TRX-20260317-02052,2026-03-17 09:21:23,3,00003603,622300360300,3,0,3,35.0,28.0,105.0,0.0,105.0,84.0,21.0
TRX-20260317-00561,2026-03-17 11:16:19,2,00003603,622300360300,2,0,2,35.0,28.0,70.0,0.0,70.0,56.0,14.0
TRX-20260317-03833,2026-03-17 11:47:47,3,00003555,622300355500,1,1,0,480.0,420.0,480.0,480.0,0.0,0.0,0.0
TRX-20260317-00625,2026-03-17 11:58:12,5,00003577,622300357700,3,0,3,65.0,50.0,195.0,0.0,195.0,150.0,45.0
TRX-20260317-04001,2026-03-17 12:19:48,3,00003590,622300359006,2,0,2,131.1,108.0,262.2,0.0,262.2,216.0,46.2
TRX-20260317-01105,2026-03-17 13:14:57,5,00003608,622300360800,1,0,1,78.0,60.0,78.0,0.0,78.0,60.0,18.0
TRX-20260317-01778,2026-03-17 14:41:35,1,00003613,622300361300,4,0,4,105.0,85.0,420.0,0.0,420.0,340.0,80.0
TRX-20260317-04549,2026-03-17 15:16:12,2,00003605,622300360500,5,0,5,58.0,45.0,290.0,0.0,290.0,225.0,65.0
TRX-20260317-03974,2026-03-17 15:53:48,4,00003582,622300358200,5,0,5,28.0,22.0,140.0,0.0,140.0,110.0,30.0
TRX-20260317-01519,2026-03-17 16:07:40,1,00003593,622300359300,3,0,3,18.0,14.0,54.0,0.0,54.0,42.0,12.0
TRX-20260317-01641,2026-03-17 16:46:10,3,00003589,622300358900,1,0,1,10.0,8.0,10.0,0.0,10.0,8.0,2.0
TRX-20260317-01914,2026-03-17 18:44:01,1,00003552,622300355200,4,0,4,420.0,380.0,1680.0,0.0,1680.0,1520.0,160.0
TRX-20260317-00334,2026-03-17 18:44:37,1,00003555,622300355500,1,0,1,480.0,420.0,480.0,0.0,480.0,420.0,60.0
TRX-20260317-01957,2026-03-17 19:30:19,1,00003571,622300357100,2,0,2,17.5,14.0,35.0,0.0,35.0,28.0,7.0
TRX-20260317-03897,2026-03-17 19:56:21,2,00003574,622300357400,1,1,0,155.0,135.0,155.0,155.0,0.0,0.0,0.0
TRX-20260317-01454,2026-03-17 20:10:46,1,00003580,622300358000,2,0,2,38.0,30.0,76.0,0.0,76.0,60.0,16.0
TRX-20260317-00347,2026-03-17 21:41:34,3,00003573,622300357300,1,0,1,88.0,75.0,88.0,0.0,88.0,75.0,13.0
TRX-20260317-01857,2026-03-17 21:47:40,2,00003571,622300357100,3,0,3,17.5,14.0,52.5,0.0,52.5,42.0,10.5
TRX-20260317-00146,2026-03-17 22:24:06,2,00003603,622300360300,3,0,3,35.0,28.0,105.0,0.0,105.0,84.0,21.0
TRX-20260317-02890,2026-03-17 22:25:13,1,00003552,622300355200,4,0,4,420.0,380.0,1680.0,0.0,1680.0,1520.0,160.0
TRX-20260317-04002,2026-03-17 22:41:44,1,00003570,622300357000,5,0,5,20.0,16.0,100.0,0.0,100.0,80.0,20.0
TRX-20260317-00458,2026-03-17 23:04:44,2,00003576,622300357600,2,0,2,245.0,210.0,490.0,0.0,490.0,420.0,70.0
TRX-20260317-02325,2026-03-17 23:20:22,5,00003604,622300360400,3,3,0,50.0,40.0,150.0,150.0,0.0,0.0,0.0
TRX-20260317-02747,2026-03-17 23:32:53,4,00003582,622300358200,1,0,1,28.0,22.0,28.0,0.0,28.0,22.0,6.0
TRX-20260317-01408,2026-03-17 23:34:48,2,00003595,622300359524,2,0,2,2508.0,2040.0,5016.0,0.0,5016.0,4080.0,936.0
TRX-20260317-02445,2026-03-17 23:45:14,3,00003574,622300357400,2,0,2,155.0,135.0,310.0,0.0,310.0,270.0,40.0
TRX-20260318-01646,2026-03-18 01:38:39,2,00003556,622300355600,4,4,0,7.0,5.5,28.0,28.0,0.0,0.0,0.0
TRX-20260318-01626,2026-03-18 02:41:06,1,00003587,622300358700,5,0,5,135.0,110.0,675.0,0.0,675.0,550.0,125.0
TRX-20260318-02053,2026-03-18 02:52:28,2,00003607,622300360700,4,0,4,125.0,95.0,500.0,0.0,500.0,380.0,120.0
TRX-20260318-03585,2026-03-18 03:31:50,1,00003593,622300359300,2,0,2,18.0,14.0,36.0,0.0,36.0,28.0,8.0
TRX-20260318-00627,2026-03-18 03:36:02,5,00003558,622300355800,3,0,3,8.0,6.5,24.0,0.0,24.0,19.5,4.5
TRX-20260318-00801,2026-03-18 04:09:30,1,00003593,622300359300,1,0,1,18.0,14.0,18.0,0.0,18.0,14.0,4.0
TRX-20260318-00690,2026-03-18 04:38:16,3,00003557,622300355700,5,0,5,7.0,5.5,35.0,0.0,35.0,27.5,7.5
TRX-20260318-04201,2026-03-18 04:40:21,3,00003592,622300359200,5,0,5,4.5,3.0,22.5,0.0,22.5,15.0,7.5
TRX-20260318-02008,2026-03-18 04:57:14,1,00003577,622300357700,4,0,4,65.0,50.0,260.0,0.0,260.0,200.0,60.0
TRX-20260318-04753,2026-03-18 05:21:01,5,00003606,622300360600,1,0,1,85.0,65.0,85.0,0.0,85.0,65.0,20.0
TRX-20260318-01654,2026-03-18 05:35:43,1,00003610,622300361000,5,0,5,75.0,60.0,375.0,0.0,375.0,300.0,75.0
TRX-20260318-04353,2026-03-18 05:56:36,2,00003582,622300358200,2,0,2,28.0,22.0,56.0,0.0,56.0,44.0,12.0
TRX-20260318-00041,2026-03-18 05:57:00,3,00003562,622300356200,5,0,5,60.0,50.0,300.0,0.0,300.0,250.0,50.0
TRX-20260318-03166,2026-03-18 06:21:40,4,00003608,622300360800,3,0,3,78.0,60.0,234.0,0.0,234.0,180.0,54.0
TRX-20260318-04852,2026-03-18 07:06:12,3,00003601,622300360100,2,1,1,205.0,175.0,410.0,205.0,205.0,175.0,30.0
TRX-20260318-04630,2026-03-18 07:17:47,1,00003578,622300357800,1,0,1,45.0,35.0,45.0,0.0,45.0,35.0,10.0
TRX-20260318-02279,2026-03-18 07:37:08,2,00003590,622300359000,1,0,1,23.0,18.0,23.0,0.0,23.0,18.0,5.0
TRX-20260318-04006,2026-03-18 07:48:55,1,00003563,622300356300,1,0,1,12.0,9.0,12.0,0.0,12.0,9.0,3.0
TRX-20260318-03698,2026-03-18 08:28:18,1,00003552,622300355200,5,0,5,420.0,380.0,2100.0,0.0,2100.0,1900.0,200.0
TRX-20260318-01389,2026-03-18 09:52:23,4,00003587,622300358700,5,0,5,135.0,110.0,675.0,0.0,675.0,550.0,125.0
TRX-20260318-02688,2026-03-18 12:59:13,1,00003585,622300358500,2,0,2,220.0,180.0,440.0,0.0,440.0,360.0,80.0
TRX-20260318-02110,2026-03-18 13:06:36,1,00003565,622300356500,1,0,1,38.0,32.0,38.0,0.0,38.0,32.0,6.0
TRX-20260318-04176,2026-03-18 13:07:36,2,00003576,622300357600,5,0,5,245.0,210.0,1225.0,0.0,1225.0,1050.0,175.0
TRX-20260318-04122,2026-03-18 13:22:15,3,00003598,622300359800,4,0,4,245.0,210.0,980.0,0.0,980.0,840.0,140.0
TRX-20260318-03586,2026-03-18 13:48:59,4,00003610,622300361000,1,0,1,75.0,60.0,75.0,0.0,75.0,60.0,15.0
TRX-20260318-00213,2026-03-18 14:13:45,4,00003567,622300356700,2,1,1,34.0,29.0,68.0,34.0,34.0,29.0,5.0
TRX-20260318-00333,2026-03-18 14:45:41,1,00003556,622300355600,5,0,5,7.0,5.5,35.0,0.0,35.0,27.5,7.5
TRX-20260318-04701,2026-03-18 14:56:11,2,00003611,622300361100,5,0,5,28.0,22.0,140.0,0.0,140.0,110.0,30.0
TRX-20260318-00193,2026-03-18 15:47:06,2,00003581,622300358100,5,4,1,32.0,25.0,160.0,128.0,32.0,25.0,7.0
TRX-20260318-03041,2026-03-18 16:35:43,5,00003582,622300358200,4,0,4,28.0,22.0,112.0,0.0,112.0,88.0,24.0
TRX-20260318-04551,2026-03-18 16:35:49,3,00003573,622300357300,1,0,1,88.0,75.0,88.0,0.0,88.0,75.0,13.0
TRX-20260318-01881,2026-03-18 16:41:25,1,00003569,622300356906,1,0,1,79.8,66.0,79.8,0.0,79.8,66.0,13.8
TRX-20260318-03888,2026-03-18 16:43:47,2,00003584,622300358400,2,0,2,26.0,20.0,52.0,0.0,52.0,40.0,12.0
TRX-20260318-03687,2026-03-18 16:53:44,1,00003610,622300361000,3,2,1,75.0,60.0,225.0,150.0,75.0,60.0,15.0
TRX-20260318-00968,2026-03-18 17:09:46,1,00003607,622300360700,2,0,2,125.0,95.0,250.0,0.0,250.0,190.0,60.0
TRX-20260318-03188,2026-03-18 17:16:13,1,00003596,622300359600,2,0,2,120.0,95.0,240.0,0.0,240.0,190.0,50.0
TRX-20260318-04184,2026-03-18 17:46:21,3,00003592,622300359200,2,0,2,4.5,3.0,9.0,0.0,9.0,6.0,3.0
TRX-20260318-01293,2026-03-18 18:10:11,3,00003610,622300361000,3,0,3,75.0,60.0,225.0,0.0,225.0,180.0,45.0
TRX-20260318-01292,2026-03-18 18:32:07,1,00003597,622300359700,1,0,1,160.0,130.0,160.0,0.0,160.0,130.0,30.0
TRX-20260318-00769,2026-03-18 19:20:00,2,00003609,622300360900,1,0,1,110.0,85.0,110.0,0.0,110.0,85.0,25.0
TRX-20260318-02145,2026-03-18 19:31:04,3,00003606,622300360600,5,0,5,85.0,65.0,425.0,0.0,425.0,325.0,100.0
TRX-20260318-00666,2026-03-18 20:03:31,2,00003567,622300356700,1,0,1,34.0,29.0,34.0,0.0,34.0,29.0,5.0
TRX-20260318-02528,2026-03-18 20:04:57,3,00003591,622300359100,4,4,0,7.0,5.0,28.0,28.0,0.0,0.0,0.0
TRX-20260318-03426,2026-03-18 20:08:06,3,00003569,622300356900,2,0,2,14.0,11.0,28.0,0.0,28.0,22.0,6.0
TRX-20260318-01185,2026-03-18 20:27:32,2,00003574,622300357400,4,0,4,155.0,135.0,620.0,0.0,620.0,540.0,80.0
TRX-20260318-00103,2026-03-18 20:56:08,2,00003610,622300361000,4,0,4,75.0,60.0,300.0,0.0,300.0,240.0,60.0
TRX-20260318-04810,2026-03-18 20:58:58,3,00003597,622300359700,3,0,3,160.0,130.0,480.0,0.0,480.0,390.0,90.0
TRX-20260318-04418,2026-03-18 21:28:40,1,00003581,622300358100,2,0,2,32.0,25.0,64.0,0.0,64.0,50.0,14.0
TRX-20260318-04768,2026-03-18 21:34:20,1,00003565,622300356500,2,0,2,38.0,32.0,76.0,0.0,76.0,64.0,12.0
TRX-20260318-04655,2026-03-18 22:28:30,2,00003601,622300360100,4,0,4,205.0,175.0,820.0,0.0,820.0,700.0,120.0
TRX-20260318-02694,2026-03-18 22:49:15,2,00003573,622300357300,5,0,5,88.0,75.0,440.0,0.0,440.0,375.0,65.0
TRX-20260318-02821,2026-03-18 23:33:55,1,00003563,622300356300,1,1,0,12.0,9.0,12.0,12.0,0.0,0.0,0.0
TRX-20260319-04764,2026-03-19 00:08:23,3,00003584,622300358400,4,0,4,26.0,20.0,104.0,0.0,104.0,80.0,24.0
TRX-20260319-04581,2026-03-19 00:21:49,3,00003607,622300360700,2,0,2,125.0,95.0,250.0,0.0,250.0,190.0,60.0
TRX-20260319-00111,2026-03-19 00:22:44,2,00003581,622300358124,1,0,1,729.6,600.0,729.6,0.0,729.6,600.0,129.6
TRX-20260319-03513,2026-03-19 00:43:55,1,00003576,622300357600,5,0,5,245.0,210.0,1225.0,0.0,1225.0,1050.0,175.0
TRX-20260319-03465,2026-03-19 01:21:19,3,00003594,622300359400,4,0,4,195.0,160.0,780.0,0.0,780.0,640.0,140.0
TRX-20260319-03401,2026-03-19 01:22:53,2,00003555,622300355500,3,0,3,480.0,420.0,1440.0,0.0,1440.0,1260.0,180.0
TRX-20260319-04928,2026-03-19 02:12:32,3,00003601,622300360100,2,0,2,205.0,175.0,410.0,0.0,410.0,350.0,60.0
TRX-20260319-04767,2026-03-19 03:30:28,2,00003584,622300358400,3,0,3,26.0,20.0,78.0,0.0,78.0,60.0,18.0
TRX-20260319-01752,2026-03-19 03:43:44,3,00003574,622300357400,4,0,4,155.0,135.0,620.0,0.0,620.0,540.0,80.0
TRX-20260319-03846,2026-03-19 04:23:27,2,00003555,622300355500,2,0,2,480.0,420.0,960.0,0.0,960.0,840.0,120.0
TRX-20260319-01931,2026-03-19 05:21:11,3,00003596,622300359600,4,0,4,120.0,95.0,480.0,0.0,480.0,380.0,100.0
TRX-20260319-00505,2026-03-19 05:53:23,5,00003576,622300357600,3,0,3,245.0,210.0,735.0,0.0,735.0,630.0,105.0
TRX-20260319-00151,2026-03-19 06:21:21,2,00003597,622300359700,2,0,2,160.0,130.0,320.0,0.0,320.0,260.0,60.0
TRX-20260319-01381,2026-03-19 06:34:22,3,00003605,622300360500,3,0,3,58.0,45.0,174.0,0.0,174.0,135.0,39.0
TRX-20260319-04136,2026-03-19 06:44:06,2,00003559,622300355900,3,0,3,28.0,22.0,84.0,0.0,84.0,66.0,18.0
TRX-20260319-02104,2026-03-19 06:44:12,4,00003579,622300357912,2,0,2,1254.0,1020.0,2508.0,0.0,2508.0,2040.0,468.0
TRX-20260319-03847,2026-03-19 06:47:29,3,00003599,622300359900,4,0,4,380.0,320.0,1520.0,0.0,1520.0,1280.0,240.0
TRX-20260319-03257,2026-03-19 07:12:53,3,00003598,622300359800,5,0,5,245.0,210.0,1225.0,0.0,1225.0,1050.0,175.0
TRX-20260319-00936,2026-03-19 07:58:09,1,00003606,622300360600,1,0,1,85.0,65.0,85.0,0.0,85.0,65.0,20.0
TRX-20260319-04862,2026-03-19 07:58:17,5,00003561,622300356100,4,0,4,42.0,35.0,168.0,0.0,168.0,140.0,28.0
TRX-20260319-00529,2026-03-19 08:19:32,1,00003575,622300357500,5,0,5,55.0,45.0,275.0,0.0,275.0,225.0,50.0
TRX-20260319-00933,2026-03-19 08:35:26,5,00003594,622300359400,3,0,3,195.0,160.0,585.0,0.0,585.0,480.0,105.0
TRX-20260319-01972,2026-03-19 08:40:06,5,00003602,622300360200,3,0,3,45.0,35.0,135.0,0.0,135.0,105.0,30.0
TRX-20260319-02703,2026-03-19 09:14:07,3,00003601,622300360100,3,0,3,205.0,175.0,615.0,0.0,615.0,525.0,90.0
TRX-20260319-03001,2026-03-19 09:34:15,2,00003559,622300355900,3,0,3,28.0,22.0,84.0,0.0,84.0,66.0,18.0
TRX-20260319-03720,2026-03-19 10:31:57,2,00003587,622300358700,2,0,2,135.0,110.0,270.0,0.0,270.0,220.0,50.0
TRX-20260319-00208,2026-03-19 11:00:06,2,00003557,622300355700,5,0,5,7.0,5.5,35.0,0.0,35.0,27.5,7.5
TRX-20260319-03207,2026-03-19 11:29:53,3,00003596,622300359600,2,0,2,120.0,95.0,240.0,0.0,240.0,190.0,50.0
TRX-20260319-03335,2026-03-19 11:34:02,3,00003588,622300358824,2,0,2,2166.0,1800.0,4332.0,0.0,4332.0,3600.0,732.0
TRX-20260319-01217,2026-03-19 12:25:37,4,00003578,622300357800,4,0,4,45.0,35.0,180.0,0.0,180.0,140.0,40.0
TRX-20260319-00784,2026-03-19 12:53:48,5,00003588,622300358800,4,0,4,95.0,75.0,380.0,0.0,380.0,300.0,80.0
TRX-20260319-00212,2026-03-19 12:54:08,1,00003567,622300356700,2,0,2,34.0,29.0,68.0,0.0,68.0,58.0,10.0
TRX-20260319-03529,2026-03-19 12:55:48,4,00003556,622300355600,3,0,3,7.0,5.5,21.0,0.0,21.0,16.5,4.5
TRX-20260319-01060,2026-03-19 13:19:32,1,00003577,622300357700,4,4,0,65.0,50.0,260.0,260.0,0.0,0.0,0.0
TRX-20260319-02785,2026-03-19 13:29:46,3,00003579,622300357900,5,0,5,110.0,85.0,550.0,0.0,550.0,425.0,125.0
TRX-20260319-01396,2026-03-19 13:59:15,4,00003578,622300357800,4,0,4,45.0,35.0,180.0,0.0,180.0,140.0,40.0
TRX-20260319-03945,2026-03-19 14:05:35,1,00003595,622300359500,3,0,3,110.0,85.0,330.0,0.0,330.0,255.0,75.0
TRX-20260319-00960,2026-03-19 14:10:44,3,00003562,622300356200,2,0,2,60.0,50.0,120.0,0.0,120.0,100.0,20.0
TRX-20260319-04166,2026-03-19 15:36:21,3,00003557,622300355700,4,0,4,7.0,5.5,28.0,0.0,28.0,22.0,6.0
TRX-20260319-00032,2026-03-19 15:49:13,1,00003559,622300355900,4,4,0,28.0,22.0,112.0,112.0,0.0,0.0,0.0
TRX-20260319-01526,2026-03-19 16:01:00,3,00003566,622300356600,1,0,1,180.0,150.0,180.0,0.0,180.0,150.0,30.0
TRX-20260319-03009,2026-03-19 16:09:55,3,00003576,622300357600,2,1,1,245.0,210.0,490.0,245.0,245.0,210.0,35.0
TRX-20260319-04165,2026-03-19 16:12:41,1,00003585,622300358500,3,0,3,220.0,180.0,660.0,0.0,660.0,540.0,120.0
TRX-20260319-03010,2026-03-19 16:38:07,4,00003591,622300359100,3,0,3,7.0,5.0,21.0,0.0,21.0,15.0,6.0
TRX-20260319-02201,2026-03-19 17:01:55,1,00003607,622300360700,3,0,3,125.0,95.0,375.0,0.0,375.0,285.0,90.0
TRX-20260319-03808,2026-03-19 17:53:52,1,00003569,622300356900,3,0,3,14.0,11.0,42.0,0.0,42.0,33.0,9.0
TRX-20260319-02299,2026-03-19 18:33:01,5,00003562,622300356200,2,0,2,60.0,50.0,120.0,0.0,120.0,100.0,20.0
TRX-20260319-02377,2026-03-19 18:55:06,5,00003573,622300357300,4,0,4,88.0,75.0,352.0,0.0,352.0,300.0,52.0
TRX-20260319-03326,2026-03-19 19:07:19,1,00003592,622300359200,5,0,5,4.5,3.0,22.5,0.0,22.5,15.0,7.5
TRX-20260319-02527,2026-03-19 19:30:02,1,00003583,622300358300,1,0,1,5.5,4.0,5.5,0.0,5.5,4.0,1.5
TRX-20260319-01664,2026-03-19 20:08:50,1,00003569,622300356900,5,0,5,14.0,11.0,70.0,0.0,70.0,55.0,15.0
TRX-20260319-00748,2026-03-19 20:16:46,3,00003572,622300357200,2,0,2,23.0,18.0,46.0,0.0,46.0,36.0,10.0
TRX-20260319-02672,2026-03-19 20:32:25,2,00003579,622300357900,3,0,3,110.0,85.0,330.0,0.0,330.0,255.0,75.0
TRX-20260319-01811,2026-03-19 20:33:51,1,00003586,622300358600,1,0,1,55.0,45.0,55.0,0.0,55.0,45.0,10.0
TRX-20260319-01267,2026-03-19 21:07:59,1,00003559,622300355900,3,0,3,28.0,22.0,84.0,0.0,84.0,66.0,18.0
TRX-20260319-01248,2026-03-19 21:32:35,3,00003555,622300355500,1,0,1,480.0,420.0,480.0,0.0,480.0,420.0,60.0
TRX-20260319-01095,2026-03-19 21:37:29,1,00003600,622300360000,4,0,4,135.0,110.0,540.0,0.0,540.0,440.0,100.0
TRX-20260319-03896,2026-03-19 21:53:18,5,00003597,622300359700,1,0,1,160.0,130.0,160.0,0.0,160.0,130.0,30.0
TRX-20260319-04895,2026-03-19 22:16:33,3,00003601,622300360100,1,1,0,205.0,175.0,205.0,205.0,0.0,0.0,0.0
TRX-20260319-00889,2026-03-19 23:08:59,1,00003559,622300355900,3,0,3,28.0,22.0,84.0,0.0,84.0,66.0,18.0
TRX-20260319-03357,2026-03-19 23:36:59,1,00003560,622300356000,3,0,3,135.0,110.0,405.0,0.0,405.0,330.0,75.0
TRX-20260320-02980,2026-03-20 01:47:42,2,00003611,622300361100,2,0,2,28.0,22.0,56.0,0.0,56.0,44.0,12.0
TRX-20260320-00689,2026-03-20 02:10:18,3,00003582,622300358200,3,0,3,28.0,22.0,84.0,0.0,84.0,66.0,18.0
TRX-20260320-03989,2026-03-20 03:17:16,2,00003553,622300355300,1,0,1,450.0,400.0,450.0,0.0,450.0,400.0,50.0
TRX-20260320-01616,2026-03-20 03:39:15,2,00003568,622300356800,1,0,1,105.0,85.0,105.0,0.0,105.0,85.0,20.0
TRX-20260320-01314,2026-03-20 04:06:48,2,00003610,622300361000,3,0,3,75.0,60.0,225.0,0.0,225.0,180.0,45.0
TRX-20260320-02159,2026-03-20 04:10:55,1,00003598,622300359800,2,0,2,245.0,210.0,490.0,0.0,490.0,420.0,70.0
TRX-20260320-02830,2026-03-20 05:53:47,3,00003563,622300356300,4,0,4,12.0,9.0,48.0,0.0,48.0,36.0,12.0
TRX-20260320-00448,2026-03-20 07:11:49,3,00003557,622300355700,3,0,3,7.0,5.5,21.0,0.0,21.0,16.5,4.5
TRX-20260320-03059,2026-03-20 07:17:45,3,00003574,622300357400,5,0,5,155.0,135.0,775.0,0.0,775.0,675.0,100.0
TRX-20260320-03095,2026-03-20 07:33:48,1,00003594,622300359400,4,0,4,195.0,160.0,780.0,0.0,780.0,640.0,140.0
TRX-20260320-00086,2026-03-20 07:34:09,1,00003578,622300357800,5,0,5,45.0,35.0,225.0,0.0,225.0,175.0,50.0
TRX-20260320-04718,2026-03-20 08:06:54,5,00003557,622300355700,1,0,1,7.0,5.5,7.0,0.0,7.0,5.5,1.5
TRX-20260320-01613,2026-03-20 09:03:34,2,00003601,622300360100,3,2,1,205.0,175.0,615.0,410.0,205.0,175.0,30.0
TRX-20260320-00816,2026-03-20 09:56:03,3,00003599,622300359900,3,3,0,380.0,320.0,1140.0,1140.0,0.0,0.0,0.0
TRX-20260320-02912,2026-03-20 10:13:39,1,00003581,622300358100,5,0,5,32.0,25.0,160.0,0.0,160.0,125.0,35.0
TRX-20260320-03532,2026-03-20 10:17:14,5,00003598,622300359812,1,0,1,2793.0,2520.0,2793.0,0.0,2793.0,2520.0,273.0
TRX-20260320-02804,2026-03-20 10:22:32,1,00003603,622300360300,4,0,4,35.0,28.0,140.0,0.0,140.0,112.0,28.0
TRX-20260320-01930,2026-03-20 10:25:34,1,00003556,622300355624,2,0,2,159.6,132.0,319.2,0.0,319.2,264.0,55.2
TRX-20260320-03716,2026-03-20 10:50:12,1,00003552,622300355200,1,0,1,420.0,380.0,420.0,0.0,420.0,380.0,40.0
TRX-20260320-04157,2026-03-20 11:09:16,5,00003586,622300358600,1,0,1,55.0,45.0,55.0,0.0,55.0,45.0,10.0
TRX-20260320-01620,2026-03-20 11:17:56,2,00003581,622300358100,2,0,2,32.0,25.0,64.0,0.0,64.0,50.0,14.0
TRX-20260320-04391,2026-03-20 11:35:42,4,00003557,622300355700,3,0,3,7.0,5.5,21.0,0.0,21.0,16.5,4.5
TRX-20260320-04821,2026-03-20 11:48:33,1,00003589,622300358912,1,0,1,114.0,96.0,114.0,0.0,114.0,96.0,18.0
TRX-20260320-04438,2026-03-20 12:00:52,3,00003557,622300355700,5,0,5,7.0,5.5,35.0,0.0,35.0,27.5,7.5
TRX-20260320-04516,2026-03-20 13:23:16,3,00003563,622300356300,4,0,4,12.0,9.0,48.0,0.0,48.0,36.0,12.0
TRX-20260320-02504,2026-03-20 14:37:25,3,00003612,622300361212,2,0,2,182.4,144.0,364.8,0.0,364.8,288.0,76.8
TRX-20260320-00618,2026-03-20 15:10:35,2,00003576,622300357600,5,0,5,245.0,210.0,1225.0,0.0,1225.0,1050.0,175.0
TRX-20260320-03428,2026-03-20 15:14:41,2,00003568,622300356800,4,0,4,105.0,85.0,420.0,0.0,420.0,340.0,80.0
TRX-20260320-03680,2026-03-20 15:27:54,5,00003590,622300359000,2,0,2,23.0,18.0,46.0,0.0,46.0,36.0,10.0
TRX-20260320-04118,2026-03-20 15:35:04,4,00003554,622300355400,3,2,1,435.0,390.0,1305.0,870.0,435.0,390.0,45.0
TRX-20260320-03425,2026-03-20 16:10:46,3,00003568,622300356800,2,0,2,105.0,85.0,210.0,0.0,210.0,170.0,40.0
TRX-20260320-01823,2026-03-20 16:27:43,1,00003588,622300358800,3,0,3,95.0,75.0,285.0,0.0,285.0,225.0,60.0
TRX-20260320-00902,2026-03-20 16:41:03,4,00003571,622300357100,5,0,5,17.5,14.0,87.5,0.0,87.5,70.0,17.5
TRX-20260320-02060,2026-03-20 17:13:01,2,00003563,622300356300,1,0,1,12.0,9.0,12.0,0.0,12.0,9.0,3.0
TRX-20260320-03996,2026-03-20 17:36:51,1,00003552,622300355200,1,0,1,420.0,380.0,420.0,0.0,420.0,380.0,40.0
TRX-20260320-02844,2026-03-20 18:34:02,1,00003567,622300356700,1,1,0,34.0,29.0,34.0,34.0,0.0,0.0,0.0
TRX-20260320-04012,2026-03-20 18:38:15,4,00003604,622300360400,1,0,1,50.0,40.0,50.0,0.0,50.0,40.0,10.0
TRX-20260320-01631,2026-03-20 19:07:13,5,00003567,622300356700,5,0,5,34.0,29.0,170.0,0.0,170.0,145.0,25.0
TRX-20260320-04550,2026-03-20 19:14:49,2,00003568,622300356800,5,0,5,105.0,85.0,525.0,0.0,525.0,425.0,100.0
TRX-20260320-03430,2026-03-20 19:22:04,5,00003608,622300360800,5,0,5,78.0,60.0,390.0,0.0,390.0,300.0,90.0
TRX-20260320-01346,2026-03-20 19:48:49,3,00003587,622300358700,3,0,3,135.0,110.0,405.0,0.0,405.0,330.0,75.0
TRX-20260320-00995,2026-03-20 19:49:16,2,00003564,622300356400,3,0,3,20.0,16.0,60.0,0.0,60.0,48.0,12.0
TRX-20260320-02088,2026-03-20 21:15:35,5,00003598,622300359800,4,0,4,245.0,210.0,980.0,0.0,980.0,840.0,140.0
TRX-20260320-03781,2026-03-20 21:30:00,3,00003583,622300358300,3,0,3,5.5,4.0,16.5,0.0,16.5,12.0,4.5
TRX-20260320-00657,2026-03-20 23:02:01,5,00003559,622300355900,5,0,5,28.0,22.0,140.0,0.0,140.0,110.0,30.0
TRX-20260320-02023,2026-03-20 23:25:52,1,00003573,622300357300,3,0,3,88.0,75.0,264.0,0.0,264.0,225.0,39.0
TRX-20260320-00881,2026-03-20 23:28:26,2,00003587,622300358700,3,0,3,135.0,110.0,405.0,0.0,405.0,330.0,75.0
TRX-20260320-01901,2026-03-20 23:30:33,1,00003611,622300361100,5,2,3,28.0,22.0,140.0,56.0,84.0,66.0,18.0
TRX-20260321-04213,2026-03-21 00:03:33,1,00003583,622300358300,5,0,5,5.5,4.0,27.5,0.0,27.5,20.0,7.5
TRX-20260321-00976,2026-03-21 00:23:13,5,00003571,622300357100,1,0,1,17.5,14.0,17.5,0.0,17.5,14.0,3.5
TRX-20260321-00499,2026-03-21 00:34:37,5,00003607,622300360700,1,1,0,125.0,95.0,125.0,125.0,0.0,0.0,0.0
TRX-20260321-03288,2026-03-21 01:23:48,2,00003564,622300356400,5,0,5,20.0,16.0,100.0,0.0,100.0,80.0,20.0
TRX-20260321-03631,2026-03-21 02:12:33,3,00003552,622300355200,2,0,2,420.0,380.0,840.0,0.0,840.0,760.0,80.0
TRX-20260321-00238,2026-03-21 03:08:16,2,00003578,622300357800,3,0,3,45.0,35.0,135.0,0.0,135.0,105.0,30.0
TRX-20260321-01700,2026-03-21 03:12:54,1,00003599,622300359900,4,0,4,380.0,320.0,1520.0,0.0,1520.0,1280.0,240.0
TRX-20260321-01587,2026-03-21 03:15:40,3,00003589,622300358900,5,0,5,10.0,8.0,50.0,0.0,50.0,40.0,10.0
TRX-20260321-01956,2026-03-21 03:43:46,1,00003611,622300361100,5,0,5,28.0,22.0,140.0,0.0,140.0,110.0,30.0
TRX-20260321-00888,2026-03-21 03:52:04,2,00003608,622300360824,2,0,2,1778.4,1440.0,3556.8,0.0,3556.8,2880.0,676.8
TRX-20260321-00773,2026-03-21 04:03:05,3,00003595,622300359500,5,0,5,110.0,85.0,550.0,0.0,550.0,425.0,125.0
TRX-20260321-02219,2026-03-21 04:04:51,1,00003587,622300358700,5,0,5,135.0,110.0,675.0,0.0,675.0,550.0,125.0
TRX-20260321-04026,2026-03-21 04:08:08,3,00003613,622300361300,5,3,2,105.0,85.0,525.0,315.0,210.0,170.0,40.0
TRX-20260321-00054,2026-03-21 04:33:03,4,00003581,622300358100,2,0,2,32.0,25.0,64.0,0.0,64.0,50.0,14.0
TRX-20260321-02343,2026-03-21 04:34:38,1,00003554,622300355400,4,0,4,435.0,390.0,1740.0,0.0,1740.0,1560.0,180.0
TRX-20260321-03364,2026-03-21 04:45:28,3,00003590,622300359006,2,0,2,131.1,108.0,262.2,0.0,262.2,216.0,46.2
TRX-20260321-02966,2026-03-21 04:45:42,1,00003597,622300359700,3,0,3,160.0,130.0,480.0,0.0,480.0,390.0,90.0
TRX-20260321-03373,2026-03-21 05:01:33,1,00003604,622300360400,3,0,3,50.0,40.0,150.0,0.0,150.0,120.0,30.0
TRX-20260321-02415,2026-03-21 05:07:30,1,00003602,622300360200,5,0,5,45.0,35.0,225.0,0.0,225.0,175.0,50.0
TRX-20260321-02091,2026-03-21 05:18:08,5,00003575,622300357500,5,0,5,55.0,45.0,275.0,0.0,275.0,225.0,50.0
TRX-20260321-03653,2026-03-21 06:08:32,2,00003603,622300360300,1,0,1,35.0,28.0,35.0,0.0,35.0,28.0,7.0
TRX-20260321-01480,2026-03-21 06:35:24,3,00003580,622300358000,4,0,4,38.0,30.0,152.0,0.0,152.0,120.0,32.0
TRX-20260321-01490,2026-03-21 06:47:16,3,00003579,622300357912,2,0,2,1254.0,1020.0,2508.0,0.0,2508.0,2040.0,468.0
TRX-20260321-04807,2026-03-21 07:10:12,1,00003585,622300358512,1,0,1,2508.0,2160.0,2508.0,0.0,2508.0,2160.0,348.0
TRX-20260321-01340,2026-03-21 09:32:55,2,00003583,622300358300,3,0,3,5.5,4.0,16.5,0.0,16.5,12.0,4.5
TRX-20260321-00977,2026-03-21 10:19:07,2,00003610,622300361000,1,1,0,75.0,60.0,75.0,75.0,0.0,0.0,0.0
TRX-20260321-02024,2026-03-21 10:42:22,3,00003566,622300356600,2,1,1,180.0,150.0,360.0,180.0,180.0,150.0,30.0
TRX-20260321-02353,2026-03-21 11:14:19,3,00003586,622300358600,4,0,4,55.0,45.0,220.0,0.0,220.0,180.0,40.0
TRX-20260321-02407,2026-03-21 11:47:30,4,00003558,622300355800,1,0,1,8.0,6.5,8.0,0.0,8.0,6.5,1.5
TRX-20260321-00717,2026-03-21 12:34:35,3,00003570,622300357000,5,0,5,20.0,16.0,100.0,0.0,100.0,80.0,20.0
TRX-20260321-02368,2026-03-21 13:19:07,5,00003579,622300357900,4,4,0,110.0,85.0,440.0,440.0,0.0,0.0,0.0
TRX-20260321-00636,2026-03-21 13:54:40,3,00003560,622300356000,2,0,2,135.0,110.0,270.0,0.0,270.0,220.0,50.0
TRX-20260321-03681,2026-03-21 14:02:29,3,00003603,622300360300,3,0,3,35.0,28.0,105.0,0.0,105.0,84.0,21.0
TRX-20260321-01019,2026-03-21 14:21:59,1,00003587,622300358700,5,0,5,135.0,110.0,675.0,0.0,675.0,550.0,125.0
TRX-20260321-02041,2026-03-21 15:01:10,4,00003558,622300355800,2,0,2,8.0,6.5,16.0,0.0,16.0,13.0,3.0
TRX-20260321-01250,2026-03-21 15:14:15,2,00003608,622300360800,2,0,2,78.0,60.0,156.0,0.0,156.0,120.0,36.0
TRX-20260321-01506,2026-03-21 15:32:58,3,00003564,622300356400,5,0,5,20.0,16.0,100.0,0.0,100.0,80.0,20.0
TRX-20260321-01907,2026-03-21 15:33:39,5,00003570,622300357000,2,0,2,20.0,16.0,40.0,0.0,40.0,32.0,8.0
TRX-20260321-04285,2026-03-21 15:56:46,2,00003595,622300359500,4,0,4,110.0,85.0,440.0,0.0,440.0,340.0,100.0
TRX-20260321-00674,2026-03-21 16:08:21,4,00003563,622300356300,4,0,4,12.0,9.0,48.0,0.0,48.0,36.0,12.0
TRX-20260321-02185,2026-03-21 16:42:24,1,00003613,622300361300,3,0,3,105.0,85.0,315.0,0.0,315.0,255.0,60.0
TRX-20260321-01844,2026-03-21 16:59:04,1,00003611,622300361100,1,0,1,28.0,22.0,28.0,0.0,28.0,22.0,6.0
TRX-20260321-00807,2026-03-21 16:59:13,2,00003598,622300359800,3,0,3,245.0,210.0,735.0,0.0,735.0,630.0,105.0
TRX-20260321-04883,2026-03-21 17:02:38,1,00003592,622300359200,1,1,0,4.5,3.0,4.5,4.5,0.0,0.0,0.0
TRX-20260321-03350,2026-03-21 17:53:39,2,00003607,622300360712,2,0,2,1425.0,1140.0,2850.0,0.0,2850.0,2280.0,570.0
TRX-20260321-02121,2026-03-21 19:24:03,1,00003602,622300360212,1,0,1,513.0,420.0,513.0,0.0,513.0,420.0,93.0
TRX-20260321-00715,2026-03-21 19:32:42,1,00003598,622300359800,4,0,4,245.0,210.0,980.0,0.0,980.0,840.0,140.0
TRX-20260321-04025,2026-03-21 19:38:50,4,00003567,622300356700,1,1,0,34.0,29.0,34.0,34.0,0.0,0.0,0.0
TRX-20260321-03780,2026-03-21 19:43:32,5,00003607,622300360700,2,0,2,125.0,95.0,250.0,0.0,250.0,190.0,60.0
TRX-20260321-04610,2026-03-21 20:05:54,2,00003589,622300358900,5,0,5,10.0,8.0,50.0,0.0,50.0,40.0,10.0
TRX-20260321-02519,2026-03-21 22:47:08,2,00003574,622300357400,5,0,5,155.0,135.0,775.0,0.0,775.0,675.0,100.0
TRX-20260321-00091,2026-03-21 22:59:51,1,00003588,622300358800,2,0,2,95.0,75.0,190.0,0.0,190.0,150.0,40.0
TRX-20260321-03230,2026-03-21 23:06:19,1,00003558,622300355800,4,0,4,8.0,6.5,32.0,0.0,32.0,26.0,6.0
TRX-20260321-03385,2026-03-21 23:52:19,1,00003596,622300359600,5,0,5,120.0,95.0,600.0,0.0,600.0,475.0,125.0
TRX-20260322-04330,2026-03-22 00:14:18,1,00003564,622300356400,3,0,3,20.0,16.0,60.0,0.0,60.0,48.0,12.0
TRX-20260322-04878,2026-03-22 01:29:50,1,00003568,622300356800,2,0,2,105.0,85.0,210.0,0.0,210.0,170.0,40.0
TRX-20260322-02839,2026-03-22 01:54:41,1,00003570,622300357000,2,0,2,20.0,16.0,40.0,0.0,40.0,32.0,8.0
TRX-20260322-00049,2026-03-22 02:55:28,1,00003605,622300360500,1,0,1,58.0,45.0,58.0,0.0,58.0,45.0,13.0
TRX-20260322-00675,2026-03-22 04:11:30,3,00003612,622300361200,2,0,2,16.0,12.0,32.0,0.0,32.0,24.0,8.0
TRX-20260322-04970,2026-03-22 04:20:18,3,00003557,622300355700,3,0,3,7.0,5.5,21.0,0.0,21.0,16.5,4.5
TRX-20260322-01928,2026-03-22 05:02:58,1,00003576,622300357600,4,0,4,245.0,210.0,980.0,0.0,980.0,840.0,140.0
TRX-20260322-02632,2026-03-22 05:33:35,2,00003611,622300361100,2,2,0,28.0,22.0,56.0,56.0,0.0,0.0,0.0
TRX-20260322-03500,2026-03-22 05:37:25,2,00003580,622300358006,1,0,1,216.6,180.0,216.6,0.0,216.6,180.0,36.6
TRX-20260322-01322,2026-03-22 05:52:54,1,00003573,622300357300,1,0,1,88.0,75.0,88.0,0.0,88.0,75.0,13.0
TRX-20260322-03502,2026-03-22 06:03:40,1,00003586,622300358600,5,0,5,55.0,45.0,275.0,0.0,275.0,225.0,50.0
TRX-20260322-00144,2026-03-22 06:06:23,4,00003554,622300355400,5,0,5,435.0,390.0,2175.0,0.0,2175.0,1950.0,225.0
TRX-20260322-00057,2026-03-22 06:10:44,1,00003556,622300355600,5,0,5,7.0,5.5,35.0,0.0,35.0,27.5,7.5
TRX-20260322-03881,2026-03-22 06:12:25,1,00003566,622300356600,1,0,1,180.0,150.0,180.0,0.0,180.0,150.0,30.0
TRX-20260322-04243,2026-03-22 06:36:49,2,00003589,622300358900,4,0,4,10.0,8.0,40.0,0.0,40.0,32.0,8.0
TRX-20260322-03088,2026-03-22 07:32:02,3,00003590,622300359000,2,0,2,23.0,18.0,46.0,0.0,46.0,36.0,10.0
TRX-20260322-04127,2026-03-22 08:05:46,2,00003575,622300357500,3,0,3,55.0,45.0,165.0,0.0,165.0,135.0,30.0
TRX-20260322-03089,2026-03-22 08:14:27,2,00003600,622300360000,4,0,4,135.0,110.0,540.0,0.0,540.0,440.0,100.0
TRX-20260322-01951,2026-03-22 08:49:02,1,00003552,622300355200,4,0,4,420.0,380.0,1680.0,0.0,1680.0,1520.0,160.0
TRX-20260322-01551,2026-03-22 08:56:34,4,00003579,622300357900,2,1,1,110.0,85.0,220.0,110.0,110.0,85.0,25.0
TRX-20260322-02101,2026-03-22 09:04:26,2,00003592,622300359200,2,0,2,4.5,3.0,9.0,0.0,9.0,6.0,3.0
TRX-20260322-02135,2026-03-22 09:30:41,1,00003560,622300356000,1,0,1,135.0,110.0,135.0,0.0,135.0,110.0,25.0
TRX-20260322-03412,2026-03-22 09:52:17,1,00003587,622300358700,4,0,4,135.0,110.0,540.0,0.0,540.0,440.0,100.0
TRX-20260322-04623,2026-03-22 09:52:57,4,00003563,622300356300,1,0,1,12.0,9.0,12.0,0.0,12.0,9.0,3.0
TRX-20260322-01922,2026-03-22 10:09:08,4,00003554,622300355400,4,0,4,435.0,390.0,1740.0,0.0,1740.0,1560.0,180.0
TRX-20260322-02043,2026-03-22 11:00:28,1,00003570,622300357000,5,0,5,20.0,16.0,100.0,0.0,100.0,80.0,20.0
TRX-20260322-01960,2026-03-22 11:39:15,2,00003605,622300360500,2,0,2,58.0,45.0,116.0,0.0,116.0,90.0,26.0
TRX-20260322-00580,2026-03-22 12:14:25,3,00003580,622300358000,4,0,4,38.0,30.0,152.0,0.0,152.0,120.0,32.0
TRX-20260322-04730,2026-03-22 12:21:02,4,00003589,622300358900,2,0,2,10.0,8.0,20.0,0.0,20.0,16.0,4.0
TRX-20260322-04642,2026-03-22 12:37:37,1,00003552,622300355200,4,0,4,420.0,380.0,1680.0,0.0,1680.0,1520.0,160.0
TRX-20260322-04160,2026-03-22 12:38:31,2,00003605,622300360500,4,0,4,58.0,45.0,232.0,0.0,232.0,180.0,52.0
TRX-20260322-03382,2026-03-22 13:06:28,2,00003596,622300359600,3,0,3,120.0,95.0,360.0,0.0,360.0,285.0,75.0
TRX-20260322-00760,2026-03-22 13:19:39,1,00003595,622300359500,2,0,2,110.0,85.0,220.0,0.0,220.0,170.0,50.0
TRX-20260322-02735,2026-03-22 13:33:01,2,00003609,622300360900,1,0,1,110.0,85.0,110.0,0.0,110.0,85.0,25.0
TRX-20260322-04631,2026-03-22 15:08:37,3,00003575,622300357500,5,0,5,55.0,45.0,275.0,0.0,275.0,225.0,50.0
TRX-20260322-04338,2026-03-22 15:23:06,3,00003575,622300357500,5,0,5,55.0,45.0,275.0,0.0,275.0,225.0,50.0
TRX-20260322-01263,2026-03-22 15:47:52,2,00003555,622300355500,5,0,5,480.0,420.0,2400.0,0.0,2400.0,2100.0,300.0
TRX-20260322-00141,2026-03-22 16:49:08,1,00003597,622300359700,3,0,3,160.0,130.0,480.0,0.0,480.0,390.0,90.0
TRX-20260322-03850,2026-03-22 17:09:55,5,00003605,622300360500,3,0,3,58.0,45.0,174.0,0.0,174.0,135.0,39.0
TRX-20260322-00673,2026-03-22 19:36:50,2,00003556,622300355600,4,0,4,7.0,5.5,28.0,0.0,28.0,22.0,6.0
TRX-20260322-00719,2026-03-22 19:47:21,2,00003566,622300356600,1,1,0,180.0,150.0,180.0,180.0,0.0,0.0,0.0
TRX-20260322-04912,2026-03-22 19:48:51,2,00003572,622300357200,4,0,4,23.0,18.0,92.0,0.0,92.0,72.0,20.0
TRX-20260322-04449,2026-03-22 20:19:57,2,00003558,622300355800,3,0,3,8.0,6.5,24.0,0.0,24.0,19.5,4.5
TRX-20260322-00572,2026-03-22 20:44:41,3,00003604,622300360400,1,1,0,50.0,40.0,50.0,50.0,0.0,0.0,0.0
TRX-20260322-03803,2026-03-22 20:47:06,1,00003602,622300360200,4,4,0,45.0,35.0,180.0,180.0,0.0,0.0,0.0
TRX-20260322-01417,2026-03-22 21:02:51,5,00003579,622300357900,2,0,2,110.0,85.0,220.0,0.0,220.0,170.0,50.0
TRX-20260322-00528,2026-03-22 21:27:51,5,00003601,622300360100,2,0,2,205.0,175.0,410.0,0.0,410.0,350.0,60.0
TRX-20260322-01800,2026-03-22 22:00:41,1,00003577,622300357700,4,0,4,65.0,50.0,260.0,0.0,260.0,200.0,60.0
TRX-20260322-03966,2026-03-22 22:16:37,1,00003567,622300356700,3,0,3,34.0,29.0,102.0,0.0,102.0,87.0,15.0
TRX-20260322-04149,2026-03-22 22:57:10,2,00003589,622300358912,1,1,0,114.0,96.0,114.0,114.0,0.0,0.0,0.0
TRX-20260322-03453,2026-03-22 23:47:05,5,00003612,622300361200,1,0,1,16.0,12.0,16.0,0.0,16.0,12.0,4.0
TRX-20260322-00638,2026-03-22 23:47:05,3,00003567,622300356700,1,0,1,34.0,29.0,34.0,0.0,34.0,29.0,5.0
TRX-20260323-03722,2026-03-23 00:22:17,1,00003557,622300355700,5,0,5,7.0,5.5,35.0,0.0,35.0,27.5,7.5
TRX-20260323-01104,2026-03-23 00:46:58,3,00003586,622300358600,1,0,1,55.0,45.0,55.0,0.0,55.0,45.0,10.0
TRX-20260323-02266,2026-03-23 01:05:42,4,00003586,622300358600,2,0,2,55.0,45.0,110.0,0.0,110.0,90.0,20.0
TRX-20260323-00931,2026-03-23 01:06:40,3,00003610,622300361000,2,0,2,75.0,60.0,150.0,0.0,150.0,120.0,30.0
TRX-20260323-03058,2026-03-23 01:21:03,5,00003608,622300360800,4,0,4,78.0,60.0,312.0,0.0,312.0,240.0,72.0
TRX-20260323-01343,2026-03-23 01:49:39,2,00003562,622300356200,1,0,1,60.0,50.0,60.0,0.0,60.0,50.0,10.0
TRX-20260323-02801,2026-03-23 03:01:35,3,00003576,622300357600,4,0,4,245.0,210.0,980.0,0.0,980.0,840.0,140.0
TRX-20260323-04477,2026-03-23 03:30:19,2,00003592,622300359200,1,0,1,4.5,3.0,4.5,0.0,4.5,3.0,1.5
TRX-20260323-03813,2026-03-23 03:30:19,2,00003612,622300361200,5,0,5,16.0,12.0,80.0,0.0,80.0,60.0,20.0
TRX-20260323-03342,2026-03-23 03:38:27,3,00003566,622300356600,4,0,4,180.0,150.0,720.0,0.0,720.0,600.0,120.0
TRX-20260323-00273,2026-03-23 03:41:55,5,00003612,622300361200,5,0,5,16.0,12.0,80.0,0.0,80.0,60.0,20.0
TRX-20260323-00593,2026-03-23 03:50:45,4,00003557,622300355700,4,0,4,7.0,5.5,28.0,0.0,28.0,22.0,6.0
TRX-20260323-00925,2026-03-23 04:10:49,3,00003613,622300361300,1,0,1,105.0,85.0,105.0,0.0,105.0,85.0,20.0
TRX-20260323-03116,2026-03-23 05:06:29,1,00003602,622300360200,2,0,2,45.0,35.0,90.0,0.0,90.0,70.0,20.0
TRX-20260323-02274,2026-03-23 05:38:40,3,00003609,622300360924,1,0,1,2508.0,2040.0,2508.0,0.0,2508.0,2040.0,468.0
TRX-20260323-01673,2026-03-23 05:42:48,1,00003605,622300360500,4,0,4,58.0,45.0,232.0,0.0,232.0,180.0,52.0
TRX-20260323-00648,2026-03-23 05:48:40,3,00003557,622300355700,5,5,0,7.0,5.5,35.0,35.0,0.0,0.0,0.0
TRX-20260323-03675,2026-03-23 06:06:24,1,00003584,622300358400,5,0,5,26.0,20.0,130.0,0.0,130.0,100.0,30.0
TRX-20260323-04674,2026-03-23 06:16:49,1,00003589,622300358900,3,0,3,10.0,8.0,30.0,0.0,30.0,24.0,6.0
TRX-20260323-02991,2026-03-23 06:23:29,2,00003569,622300356900,1,0,1,14.0,11.0,14.0,0.0,14.0,11.0,3.0
TRX-20260323-02244,2026-03-23 06:23:52,1,00003599,622300359900,2,0,2,380.0,320.0,760.0,0.0,760.0,640.0,120.0
TRX-20260323-00927,2026-03-23 06:26:29,1,00003592,622300359200,2,0,2,4.5,3.0,9.0,0.0,9.0,6.0,3.0
TRX-20260323-04416,2026-03-23 06:39:59,3,00003596,622300359600,5,0,5,120.0,95.0,600.0,0.0,600.0,475.0,125.0
TRX-20260323-01852,2026-03-23 07:02:43,2,00003582,622300358200,1,0,1,28.0,22.0,28.0,0.0,28.0,22.0,6.0
TRX-20260323-04533,2026-03-23 07:13:17,3,00003590,622300359000,4,0,4,23.0,18.0,92.0,0.0,92.0,72.0,20.0
TRX-20260323-04871,2026-03-23 07:37:15,2,00003580,622300358000,3,3,0,38.0,30.0,114.0,114.0,0.0,0.0,0.0
TRX-20260323-02488,2026-03-23 07:46:54,1,00003586,622300358600,4,0,4,55.0,45.0,220.0,0.0,220.0,180.0,40.0
TRX-20260323-01155,2026-03-23 07:57:32,4,00003575,622300357500,1,0,1,55.0,45.0,55.0,0.0,55.0,45.0,10.0
TRX-20260323-00247,2026-03-23 08:09:45,3,00003601,622300360100,1,0,1,205.0,175.0,205.0,0.0,205.0,175.0,30.0
TRX-20260323-02208,2026-03-23 08:51:43,2,00003612,622300361200,1,1,0,16.0,12.0,16.0,16.0,0.0,0.0,0.0
TRX-20260323-03865,2026-03-23 09:38:41,2,00003585,622300358500,3,3,0,220.0,180.0,660.0,660.0,0.0,0.0,0.0
TRX-20260323-04848,2026-03-23 10:55:47,4,00003597,622300359700,2,0,2,160.0,130.0,320.0,0.0,320.0,260.0,60.0
TRX-20260323-00886,2026-03-23 12:35:59,1,00003596,622300359600,4,0,4,120.0,95.0,480.0,0.0,480.0,380.0,100.0
TRX-20260323-00838,2026-03-23 12:47:19,5,00003579,622300357900,2,0,2,110.0,85.0,220.0,0.0,220.0,170.0,50.0
TRX-20260323-01714,2026-03-23 13:16:53,1,00003589,622300358912,1,0,1,114.0,96.0,114.0,0.0,114.0,96.0,18.0
TRX-20260323-03791,2026-03-23 14:39:29,2,00003556,622300355600,2,2,0,7.0,5.5,14.0,14.0,0.0,0.0,0.0
TRX-20260323-03212,2026-03-23 14:52:23,1,00003594,622300359400,2,0,2,195.0,160.0,390.0,0.0,390.0,320.0,70.0
TRX-20260323-01497,2026-03-23 15:15:32,1,00003576,622300357600,5,0,5,245.0,210.0,1225.0,0.0,1225.0,1050.0,175.0
TRX-20260323-01140,2026-03-23 15:22:44,1,00003565,622300356500,4,0,4,38.0,32.0,152.0,0.0,152.0,128.0,24.0
TRX-20260323-03696,2026-03-23 15:28:59,4,00003566,622300356606,1,0,1,1026.0,900.0,1026.0,0.0,1026.0,900.0,126.0
TRX-20260323-03265,2026-03-23 15:33:47,2,00003586,622300358600,2,0,2,55.0,45.0,110.0,0.0,110.0,90.0,20.0
TRX-20260323-00360,2026-03-23 16:36:31,1,00003604,622300360400,2,1,1,50.0,40.0,100.0,50.0,50.0,40.0,10.0
TRX-20260323-04144,2026-03-23 16:38:17,1,00003590,622300359000,4,0,4,23.0,18.0,92.0,0.0,92.0,72.0,20.0
TRX-20260323-04158,2026-03-23 16:40:59,2,00003594,622300359400,2,0,2,195.0,160.0,390.0,0.0,390.0,320.0,70.0
TRX-20260323-01431,2026-03-23 17:24:03,1,00003555,622300355500,2,1,1,480.0,420.0,960.0,480.0,480.0,420.0,60.0
TRX-20260323-00487,2026-03-23 17:27:26,5,00003563,622300356300,4,0,4,12.0,9.0,48.0,0.0,48.0,36.0,12.0
TRX-20260323-01334,2026-03-23 18:09:29,4,00003555,622300355500,1,0,1,480.0,420.0,480.0,0.0,480.0,420.0,60.0
TRX-20260323-02496,2026-03-23 18:29:21,5,00003566,622300356600,5,0,5,180.0,150.0,900.0,0.0,900.0,750.0,150.0
TRX-20260323-00545,2026-03-23 18:54:52,3,00003579,622300357912,2,0,2,1254.0,1020.0,2508.0,0.0,2508.0,2040.0,468.0
TRX-20260323-00584,2026-03-23 18:55:23,3,00003564,622300356424,2,0,2,456.0,384.0,912.0,0.0,912.0,768.0,144.0
TRX-20260323-04708,2026-03-23 19:22:26,2,00003585,622300358512,1,0,1,2508.0,2160.0,2508.0,0.0,2508.0,2160.0,348.0
TRX-20260323-01849,2026-03-23 19:23:01,1,00003569,622300356900,1,0,1,14.0,11.0,14.0,0.0,14.0,11.0,3.0
TRX-20260323-04622,2026-03-23 19:25:46,2,00003604,622300360424,1,0,1,1140.0,960.0,1140.0,0.0,1140.0,960.0,180.0
TRX-20260323-00843,2026-03-23 19:40:50,3,00003564,622300356400,3,0,3,20.0,16.0,60.0,0.0,60.0,48.0,12.0
TRX-20260323-04763,2026-03-23 19:44:45,1,00003586,622300358600,1,1,0,55.0,45.0,55.0,55.0,0.0,0.0,0.0
TRX-20260323-00341,2026-03-23 19:45:02,2,00003555,622300355500,4,0,4,480.0,420.0,1920.0,0.0,1920.0,1680.0,240.0
TRX-20260323-04593,2026-03-23 20:17:31,4,00003566,622300356600,2,0,2,180.0,150.0,360.0,0.0,360.0,300.0,60.0
TRX-20260323-04663,2026-03-23 20:35:30,1,00003599,622300359900,3,0,3,380.0,320.0,1140.0,0.0,1140.0,960.0,180.0
TRX-20260323-03159,2026-03-23 20:41:36,3,00003572,622300357200,1,0,1,23.0,18.0,23.0,0.0,23.0,18.0,5.0
TRX-20260323-03613,2026-03-23 20:46:29,4,00003571,622300357100,3,0,3,17.5,14.0,52.5,0.0,52.5,42.0,10.5
TRX-20260323-01412,2026-03-23 21:19:38,3,00003558,622300355800,1,0,1,8.0,6.5,8.0,0.0,8.0,6.5,1.5
TRX-20260323-00074,2026-03-23 21:31:06,1,00003582,622300358212,1,0,1,319.2,264.0,319.2,0.0,319.2,264.0,55.2
TRX-20260323-04762,2026-03-23 22:04:10,3,00003595,622300359500,1,1,0,110.0,85.0,110.0,110.0,0.0,0.0,0.0
TRX-20260323-01628,2026-03-23 22:41:21,1,00003570,622300357000,1,0,1,20.0,16.0,20.0,0.0,20.0,16.0,4.0
TRX-20260323-02017,2026-03-23 22:55:59,3,00003587,622300358700,5,0,5,135.0,110.0,675.0,0.0,675.0,550.0,125.0
TRX-20260323-00910,2026-03-23 22:59:10,2,00003563,622300356300,3,0,3,12.0,9.0,36.0,0.0,36.0,27.0,9.0
TRX-20260323-00387,2026-03-23 23:23:18,2,00003581,622300358100,2,0,2,32.0,25.0,64.0,0.0,64.0,50.0,14.0
TRX-20260323-04649,2026-03-23 23:25:05,1,00003567,622300356700,4,0,4,34.0,29.0,136.0,0.0,136.0,116.0,20.0
TRX-20260323-02775,2026-03-23 23:55:55,2,00003607,622300360700,4,0,4,125.0,95.0,500.0,0.0,500.0,380.0,120.0
TRX-20260324-03671,2026-03-24 00:01:20,3,00003563,622300356300,4,0,4,12.0,9.0,48.0,0.0,48.0,36.0,12.0
TRX-20260324-04239,2026-03-24 00:17:51,5,00003564,622300356400,3,0,3,20.0,16.0,60.0,0.0,60.0,48.0,12.0
TRX-20260324-01047,2026-03-24 00:45:57,4,00003596,622300359600,3,0,3,120.0,95.0,360.0,0.0,360.0,285.0,75.0
TRX-20260324-04924,2026-03-24 00:50:21,2,00003590,622300359000,3,0,3,23.0,18.0,69.0,0.0,69.0,54.0,15.0
TRX-20260324-03221,2026-03-24 00:54:18,2,00003563,622300356300,2,0,2,12.0,9.0,24.0,0.0,24.0,18.0,6.0
TRX-20260324-02570,2026-03-24 00:57:03,2,00003601,622300360100,2,0,2,205.0,175.0,410.0,0.0,410.0,350.0,60.0
TRX-20260324-00243,2026-03-24 01:25:57,3,00003576,622300357606,1,0,1,1396.5,1260.0,1396.5,0.0,1396.5,1260.0,136.5
TRX-20260324-01196,2026-03-24 01:28:24,1,00003586,622300358600,2,0,2,55.0,45.0,110.0,0.0,110.0,90.0,20.0
TRX-20260324-00416,2026-03-24 01:51:33,2,00003592,622300359200,1,1,0,4.5,3.0,4.5,4.5,0.0,0.0,0.0
TRX-20260324-04603,2026-03-24 01:58:26,1,00003593,622300359300,2,0,2,18.0,14.0,36.0,0.0,36.0,28.0,8.0
TRX-20260324-02143,2026-03-24 02:20:18,5,00003555,622300355500,2,0,2,480.0,420.0,960.0,0.0,960.0,840.0,120.0
TRX-20260324-03264,2026-03-24 02:21:13,1,00003553,622300355300,3,0,3,450.0,400.0,1350.0,0.0,1350.0,1200.0,150.0
TRX-20260324-02428,2026-03-24 02:24:07,2,00003601,622300360100,3,0,3,205.0,175.0,615.0,0.0,615.0,525.0,90.0
TRX-20260324-03855,2026-03-24 02:58:25,4,00003599,622300359906,1,0,1,2166.0,1920.0,2166.0,0.0,2166.0,1920.0,246.0
TRX-20260324-02161,2026-03-24 03:34:16,2,00003570,622300357000,4,0,4,20.0,16.0,80.0,0.0,80.0,64.0,16.0
TRX-20260324-01099,2026-03-24 03:39:36,3,00003562,622300356200,4,0,4,60.0,50.0,240.0,0.0,240.0,200.0,40.0
TRX-20260324-04468,2026-03-24 04:26:04,1,00003611,622300361100,4,0,4,28.0,22.0,112.0,0.0,112.0,88.0,24.0
TRX-20260324-02465,2026-03-24 04:34:28,5,00003592,622300359200,4,0,4,4.5,3.0,18.0,0.0,18.0,12.0,6.0
TRX-20260324-00177,2026-03-24 05:14:26,4,00003566,622300356600,3,3,0,180.0,150.0,540.0,540.0,0.0,0.0,0.0
TRX-20260324-02682,2026-03-24 05:37:03,2,00003563,622300356300,4,0,4,12.0,9.0,48.0,0.0,48.0,36.0,12.0
TRX-20260324-04064,2026-03-24 05:46:00,3,00003563,622300356300,1,0,1,12.0,9.0,12.0,0.0,12.0,9.0,3.0
TRX-20260324-03869,2026-03-24 05:48:28,2,00003594,622300359400,5,0,5,195.0,160.0,975.0,0.0,975.0,800.0,175.0
TRX-20260324-03981,2026-03-24 05:56:42,1,00003569,622300356906,1,0,1,79.8,66.0,79.8,0.0,79.8,66.0,13.8
TRX-20260324-00520,2026-03-24 06:11:16,2,00003601,622300360100,2,0,2,205.0,175.0,410.0,0.0,410.0,350.0,60.0
TRX-20260324-03796,2026-03-24 06:20:54,1,00003567,622300356700,5,0,5,34.0,29.0,170.0,0.0,170.0,145.0,25.0
TRX-20260324-00970,2026-03-24 07:33:03,1,00003610,622300361000,4,0,4,75.0,60.0,300.0,0.0,300.0,240.0,60.0
TRX-20260324-03708,2026-03-24 07:38:55,5,00003599,622300359900,4,0,4,380.0,320.0,1520.0,0.0,1520.0,1280.0,240.0
TRX-20260324-00518,2026-03-24 07:54:32,3,00003600,622300360000,2,0,2,135.0,110.0,270.0,0.0,270.0,220.0,50.0
TRX-20260324-02701,2026-03-24 08:18:08,1,00003596,622300359600,5,0,5,120.0,95.0,600.0,0.0,600.0,475.0,125.0
TRX-20260324-02770,2026-03-24 08:21:03,4,00003569,622300356900,1,0,1,14.0,11.0,14.0,0.0,14.0,11.0,3.0
TRX-20260324-02459,2026-03-24 08:28:31,4,00003582,622300358200,2,0,2,28.0,22.0,56.0,0.0,56.0,44.0,12.0
TRX-20260324-04310,2026-03-24 08:54:44,2,00003594,622300359400,5,0,5,195.0,160.0,975.0,0.0,975.0,800.0,175.0
TRX-20260324-02408,2026-03-24 09:44:53,1,00003599,622300359900,5,0,5,380.0,320.0,1900.0,0.0,1900.0,1600.0,300.0
TRX-20260324-04669,2026-03-24 10:46:28,2,00003570,622300357000,3,0,3,20.0,16.0,60.0,0.0,60.0,48.0,12.0
TRX-20260324-04413,2026-03-24 11:37:26,1,00003575,622300357500,2,0,2,55.0,45.0,110.0,0.0,110.0,90.0,20.0
TRX-20260324-01357,2026-03-24 12:18:40,1,00003605,622300360500,2,0,2,58.0,45.0,116.0,0.0,116.0,90.0,26.0
TRX-20260324-02899,2026-03-24 12:51:36,3,00003559,622300355900,4,0,4,28.0,22.0,112.0,0.0,112.0,88.0,24.0
TRX-20260324-02987,2026-03-24 13:33:00,1,00003554,622300355400,5,0,5,435.0,390.0,2175.0,0.0,2175.0,1950.0,225.0
TRX-20260324-03852,2026-03-24 14:19:50,1,00003594,622300359400,3,0,3,195.0,160.0,585.0,0.0,585.0,480.0,105.0
TRX-20260324-04349,2026-03-24 15:46:10,2,00003611,622300361100,1,0,1,28.0,22.0,28.0,0.0,28.0,22.0,6.0
TRX-20260324-00914,2026-03-24 15:50:40,1,00003606,622300360600,5,0,5,85.0,65.0,425.0,0.0,425.0,325.0,100.0
TRX-20260324-04015,2026-03-24 15:53:17,4,00003602,622300360200,5,0,5,45.0,35.0,225.0,0.0,225.0,175.0,50.0
TRX-20260324-03582,2026-03-24 16:19:46,4,00003569,622300356900,2,0,2,14.0,11.0,28.0,0.0,28.0,22.0,6.0
TRX-20260324-01876,2026-03-24 16:25:35,1,00003587,622300358700,2,0,2,135.0,110.0,270.0,0.0,270.0,220.0,50.0
TRX-20260324-03419,2026-03-24 16:47:53,3,00003578,622300357800,1,0,1,45.0,35.0,45.0,0.0,45.0,35.0,10.0
TRX-20260324-01218,2026-03-24 17:03:12,1,00003584,622300358424,1,0,1,592.8,480.0,592.8,0.0,592.8,480.0,112.8
TRX-20260324-01721,2026-03-24 17:04:00,1,00003553,622300355300,5,0,5,450.0,400.0,2250.0,0.0,2250.0,2000.0,250.0
TRX-20260324-03155,2026-03-24 17:10:43,1,00003559,622300355900,4,0,4,28.0,22.0,112.0,0.0,112.0,88.0,24.0
TRX-20260324-01339,2026-03-24 17:53:51,2,00003584,622300358400,4,0,4,26.0,20.0,104.0,0.0,104.0,80.0,24.0
TRX-20260324-02721,2026-03-24 17:56:25,2,00003567,622300356700,4,0,4,34.0,29.0,136.0,0.0,136.0,116.0,20.0
TRX-20260324-01232,2026-03-24 18:13:22,1,00003607,622300360700,5,0,5,125.0,95.0,625.0,0.0,625.0,475.0,150.0
TRX-20260324-01359,2026-03-24 18:14:44,1,00003574,622300357400,4,0,4,155.0,135.0,620.0,0.0,620.0,540.0,80.0
TRX-20260324-03512,2026-03-24 18:45:42,2,00003590,622300359000,2,0,2,23.0,18.0,46.0,0.0,46.0,36.0,10.0
TRX-20260324-01555,2026-03-24 19:15:41,3,00003565,622300356500,2,2,0,38.0,32.0,76.0,76.0,0.0,0.0,0.0
TRX-20260324-01333,2026-03-24 19:27:32,2,00003565,622300356500,4,0,4,38.0,32.0,152.0,0.0,152.0,128.0,24.0
TRX-20260324-04424,2026-03-24 20:11:51,3,00003605,622300360506,2,0,2,330.6,270.0,661.2,0.0,661.2,540.0,121.2
TRX-20260324-00548,2026-03-24 20:46:04,1,00003560,622300356000,1,0,1,135.0,110.0,135.0,0.0,135.0,110.0,25.0
TRX-20260324-04088,2026-03-24 20:53:38,1,00003612,622300361200,4,0,4,16.0,12.0,64.0,0.0,64.0,48.0,16.0
TRX-20260324-04662,2026-03-24 21:33:05,1,00003553,622300355300,3,0,3,450.0,400.0,1350.0,0.0,1350.0,1200.0,150.0
TRX-20260324-04776,2026-03-24 22:17:06,3,00003599,622300359900,4,0,4,380.0,320.0,1520.0,0.0,1520.0,1280.0,240.0
TRX-20260324-00903,2026-03-24 22:19:52,2,00003598,622300359800,4,0,4,245.0,210.0,980.0,0.0,980.0,840.0,140.0
TRX-20260324-04167,2026-03-24 22:46:34,1,00003593,622300359300,2,0,2,18.0,14.0,36.0,0.0,36.0,28.0,8.0
TRX-20260324-00594,2026-03-24 22:55:00,1,00003588,622300358800,1,0,1,95.0,75.0,95.0,0.0,95.0,75.0,20.0
TRX-20260324-03157,2026-03-24 23:24:35,5,00003608,622300360800,2,0,2,78.0,60.0,156.0,0.0,156.0,120.0,36.0
TRX-20260324-04715,2026-03-24 23:41:37,3,00003601,622300360100,4,0,4,205.0,175.0,820.0,0.0,820.0,700.0,120.0
TRX-20260324-01583,2026-03-24 23:42:50,3,00003566,622300356600,2,0,2,180.0,150.0,360.0,0.0,360.0,300.0,60.0
TRX-20260325-04720,2026-03-25 00:04:19,1,00003559,622300355900,1,0,1,28.0,22.0,28.0,0.0,28.0,22.0,6.0
TRX-20260325-03766,2026-03-25 00:09:21,1,00003577,622300357700,5,0,5,65.0,50.0,325.0,0.0,325.0,250.0,75.0
TRX-20260325-03595,2026-03-25 01:52:24,1,00003594,622300359400,5,0,5,195.0,160.0,975.0,0.0,975.0,800.0,175.0
TRX-20260325-03520,2026-03-25 02:21:36,2,00003608,622300360800,4,0,4,78.0,60.0,312.0,0.0,312.0,240.0,72.0
TRX-20260325-01472,2026-03-25 03:02:03,1,00003572,622300357200,5,0,5,23.0,18.0,115.0,0.0,115.0,90.0,25.0
TRX-20260325-03656,2026-03-25 03:36:29,1,00003587,622300358700,3,2,1,135.0,110.0,405.0,270.0,135.0,110.0,25.0
TRX-20260325-00330,2026-03-25 03:43:49,3,00003585,622300358500,1,1,0,220.0,180.0,220.0,220.0,0.0,0.0,0.0
TRX-20260325-02755,2026-03-25 03:47:15,1,00003593,622300359300,1,0,1,18.0,14.0,18.0,0.0,18.0,14.0,4.0
TRX-20260325-02973,2026-03-25 03:48:57,5,00003576,622300357600,2,0,2,245.0,210.0,490.0,0.0,490.0,420.0,70.0
TRX-20260325-03160,2026-03-25 03:52:36,5,00003570,622300357000,4,0,4,20.0,16.0,80.0,0.0,80.0,64.0,16.0
TRX-20260325-02020,2026-03-25 04:29:09,1,00003569,622300356900,4,0,4,14.0,11.0,56.0,0.0,56.0,44.0,12.0
TRX-20260325-04210,2026-03-25 04:46:17,2,00003605,622300360500,3,0,3,58.0,45.0,174.0,0.0,174.0,135.0,39.0
TRX-20260325-02341,2026-03-25 05:45:19,1,00003577,622300357700,4,0,4,65.0,50.0,260.0,0.0,260.0,200.0,60.0
TRX-20260325-00015,2026-03-25 06:00:02,2,00003587,622300358700,2,0,2,135.0,110.0,270.0,0.0,270.0,220.0,50.0
TRX-20260325-02995,2026-03-25 06:09:37,3,00003559,622300355900,2,0,2,28.0,22.0,56.0,0.0,56.0,44.0,12.0
TRX-20260325-02118,2026-03-25 06:56:03,3,00003609,622300360900,3,0,3,110.0,85.0,330.0,0.0,330.0,255.0,75.0
TRX-20260325-02526,2026-03-25 07:54:16,2,00003613,622300361300,4,0,4,105.0,85.0,420.0,0.0,420.0,340.0,80.0
TRX-20260325-04620,2026-03-25 08:19:42,2,00003613,622300361300,5,0,5,105.0,85.0,525.0,0.0,525.0,425.0,100.0
TRX-20260325-02507,2026-03-25 08:35:48,2,00003564,622300356400,4,0,4,20.0,16.0,80.0,0.0,80.0,64.0,16.0
TRX-20260325-04056,2026-03-25 09:01:23,1,00003578,622300357800,5,0,5,45.0,35.0,225.0,0.0,225.0,175.0,50.0
TRX-20260325-04101,2026-03-25 09:02:54,3,00003563,622300356300,1,0,1,12.0,9.0,12.0,0.0,12.0,9.0,3.0
TRX-20260325-03317,2026-03-25 10:13:47,2,00003571,622300357100,1,0,1,17.5,14.0,17.5,0.0,17.5,14.0,3.5
TRX-20260325-01377,2026-03-25 11:46:50,1,00003570,622300357006,1,0,1,114.0,96.0,114.0,0.0,114.0,96.0,18.0
TRX-20260325-03665,2026-03-25 11:49:59,5,00003568,622300356800,3,0,3,105.0,85.0,315.0,0.0,315.0,255.0,60.0
TRX-20260325-04010,2026-03-25 13:06:04,2,00003557,622300355700,4,0,4,7.0,5.5,28.0,0.0,28.0,22.0,6.0
TRX-20260325-02763,2026-03-25 13:33:41,3,00003584,622300358400,4,1,3,26.0,20.0,104.0,26.0,78.0,60.0,18.0
TRX-20260325-02625,2026-03-25 14:04:17,2,00003566,622300356600,2,0,2,180.0,150.0,360.0,0.0,360.0,300.0,60.0
TRX-20260325-00802,2026-03-25 15:44:13,1,00003595,622300359500,3,0,3,110.0,85.0,330.0,0.0,330.0,255.0,75.0
TRX-20260325-02550,2026-03-25 16:19:50,1,00003577,622300357700,2,0,2,65.0,50.0,130.0,0.0,130.0,100.0,30.0
TRX-20260325-01964,2026-03-25 17:10:50,4,00003561,622300356100,4,0,4,42.0,35.0,168.0,0.0,168.0,140.0,28.0
TRX-20260325-03100,2026-03-25 18:06:04,3,00003552,622300355200,4,4,0,420.0,380.0,1680.0,1680.0,0.0,0.0,0.0
TRX-20260325-02298,2026-03-25 18:14:49,1,00003609,622300360900,4,0,4,110.0,85.0,440.0,0.0,440.0,340.0,100.0
TRX-20260325-04182,2026-03-25 18:20:29,3,00003553,622300355300,3,0,3,450.0,400.0,1350.0,0.0,1350.0,1200.0,150.0
TRX-20260325-02648,2026-03-25 18:31:15,1,00003581,622300358100,1,0,1,32.0,25.0,32.0,0.0,32.0,25.0,7.0
TRX-20260325-04626,2026-03-25 18:49:21,2,00003595,622300359500,1,1,0,110.0,85.0,110.0,110.0,0.0,0.0,0.0
TRX-20260325-00378,2026-03-25 18:57:51,2,00003611,622300361100,5,0,5,28.0,22.0,140.0,0.0,140.0,110.0,30.0
TRX-20260325-00352,2026-03-25 21:01:15,2,00003611,622300361100,5,0,5,28.0,22.0,140.0,0.0,140.0,110.0,30.0
TRX-20260325-01096,2026-03-25 21:30:58,2,00003612,622300361200,1,0,1,16.0,12.0,16.0,0.0,16.0,12.0,4.0
TRX-20260325-04046,2026-03-25 21:52:19,5,00003585,622300358500,2,2,0,220.0,180.0,440.0,440.0,0.0,0.0,0.0
TRX-20260325-05000,2026-03-25 22:16:33,2,00003581,622300358100,3,0,3,32.0,25.0,96.0,0.0,96.0,75.0,21.0
TRX-20260325-04728,2026-03-25 23:21:13,4,00003597,622300359700,4,0,4,160.0,130.0,640.0,0.0,640.0,520.0,120.0
TRX-20260326-04909,2026-03-26 00:00:19,1,00003566,622300356600,5,0,5,180.0,150.0,900.0,0.0,900.0,750.0,150.0
TRX-20260326-04021,2026-03-26 00:09:54,5,00003604,622300360400,2,1,1,50.0,40.0,100.0,50.0,50.0,40.0,10.0
TRX-20260326-02606,2026-03-26 00:25:14,1,00003555,622300355500,5,3,2,480.0,420.0,2400.0,1440.0,960.0,840.0,120.0
TRX-20260326-02477,2026-03-26 00:27:31,2,00003609,622300360900,3,0,3,110.0,85.0,330.0,0.0,330.0,255.0,75.0
TRX-20260326-03692,2026-03-26 02:07:49,4,00003613,622300361324,2,0,2,2394.0,2040.0,4788.0,0.0,4788.0,4080.0,708.0
TRX-20260326-01277,2026-03-26 02:29:40,5,00003568,622300356800,5,0,5,105.0,85.0,525.0,0.0,525.0,425.0,100.0
TRX-20260326-00713,2026-03-26 02:59:57,1,00003579,622300357900,5,0,5,110.0,85.0,550.0,0.0,550.0,425.0,125.0
TRX-20260326-04756,2026-03-26 03:20:43,2,00003587,622300358700,4,0,4,135.0,110.0,540.0,0.0,540.0,440.0,100.0
TRX-20260326-02122,2026-03-26 04:30:43,3,00003595,622300359500,1,0,1,110.0,85.0,110.0,0.0,110.0,85.0,25.0
TRX-20260326-00659,2026-03-26 04:44:29,1,00003599,622300359900,3,0,3,380.0,320.0,1140.0,0.0,1140.0,960.0,180.0
TRX-20260326-04536,2026-03-26 04:56:36,1,00003561,622300356100,3,0,3,42.0,35.0,126.0,0.0,126.0,105.0,21.0
TRX-20260326-01731,2026-03-26 05:34:28,3,00003587,622300358700,1,0,1,135.0,110.0,135.0,0.0,135.0,110.0,25.0
TRX-20260326-02164,2026-03-26 07:15:45,2,00003566,622300356600,1,0,1,180.0,150.0,180.0,0.0,180.0,150.0,30.0
TRX-20260326-00285,2026-03-26 08:04:08,1,00003594,622300359400,5,0,5,195.0,160.0,975.0,0.0,975.0,800.0,175.0
TRX-20260326-02117,2026-03-26 08:36:43,2,00003607,622300360700,5,0,5,125.0,95.0,625.0,0.0,625.0,475.0,150.0
TRX-20260326-00314,2026-03-26 08:43:16,2,00003608,622300360800,4,0,4,78.0,60.0,312.0,0.0,312.0,240.0,72.0
TRX-20260326-04358,2026-03-26 09:09:52,2,00003595,622300359500,5,0,5,110.0,85.0,550.0,0.0,550.0,425.0,125.0
TRX-20260326-01476,2026-03-26 09:15:21,2,00003594,622300359400,2,0,2,195.0,160.0,390.0,0.0,390.0,320.0,70.0
TRX-20260326-02812,2026-03-26 09:17:56,3,00003610,622300361000,2,0,2,75.0,60.0,150.0,0.0,150.0,120.0,30.0
TRX-20260326-01311,2026-03-26 09:47:20,1,00003585,622300358500,2,0,2,220.0,180.0,440.0,0.0,440.0,360.0,80.0
TRX-20260326-02909,2026-03-26 09:56:05,1,00003556,622300355600,4,0,4,7.0,5.5,28.0,0.0,28.0,22.0,6.0
TRX-20260326-02313,2026-03-26 10:12:30,3,00003558,622300355800,3,0,3,8.0,6.5,24.0,0.0,24.0,19.5,4.5
TRX-20260326-03959,2026-03-26 10:20:39,1,00003597,622300359700,3,0,3,160.0,130.0,480.0,0.0,480.0,390.0,90.0
TRX-20260326-03547,2026-03-26 10:44:35,4,00003602,622300360200,2,0,2,45.0,35.0,90.0,0.0,90.0,70.0,20.0
TRX-20260326-01040,2026-03-26 10:55:22,3,00003559,622300355900,4,0,4,28.0,22.0,112.0,0.0,112.0,88.0,24.0
TRX-20260326-00759,2026-03-26 11:07:14,3,00003579,622300357900,5,0,5,110.0,85.0,550.0,0.0,550.0,425.0,125.0
TRX-20260326-02102,2026-03-26 11:54:56,1,00003589,622300358900,5,0,5,10.0,8.0,50.0,0.0,50.0,40.0,10.0
TRX-20260326-00670,2026-03-26 11:57:04,2,00003606,622300360600,4,0,4,85.0,65.0,340.0,0.0,340.0,260.0,80.0
TRX-20260326-02026,2026-03-26 12:38:06,1,00003559,622300355900,3,0,3,28.0,22.0,84.0,0.0,84.0,66.0,18.0
TRX-20260326-02436,2026-03-26 13:20:57,1,00003564,622300356400,2,0,2,20.0,16.0,40.0,0.0,40.0,32.0,8.0
TRX-20260326-04892,2026-03-26 13:57:17,1,00003596,622300359624,2,0,2,2736.0,2280.0,5472.0,0.0,5472.0,4560.0,912.0
TRX-20260326-03237,2026-03-26 13:59:57,1,00003611,622300361100,3,0,3,28.0,22.0,84.0,0.0,84.0,66.0,18.0
TRX-20260326-02040,2026-03-26 14:04:53,5,00003574,622300357400,3,2,1,155.0,135.0,465.0,310.0,155.0,135.0,20.0
TRX-20260326-02943,2026-03-26 14:12:54,2,00003554,622300355400,5,0,5,435.0,390.0,2175.0,0.0,2175.0,1950.0,225.0
TRX-20260326-02390,2026-03-26 14:38:09,5,00003583,622300358300,1,0,1,5.5,4.0,5.5,0.0,5.5,4.0,1.5
TRX-20260326-02457,2026-03-26 15:01:48,1,00003606,622300360600,5,0,5,85.0,65.0,425.0,0.0,425.0,325.0,100.0
TRX-20260326-01500,2026-03-26 15:38:29,3,00003582,622300358200,2,0,2,28.0,22.0,56.0,0.0,56.0,44.0,12.0
TRX-20260326-00400,2026-03-26 15:58:52,1,00003609,622300360900,1,0,1,110.0,85.0,110.0,0.0,110.0,85.0,25.0
TRX-20260326-03572,2026-03-26 16:09:23,5,00003605,622300360500,4,0,4,58.0,45.0,232.0,0.0,232.0,180.0,52.0
TRX-20260326-03339,2026-03-26 16:29:39,1,00003609,622300360900,1,0,1,110.0,85.0,110.0,0.0,110.0,85.0,25.0
TRX-20260326-00040,2026-03-26 16:41:44,1,00003585,622300358500,3,0,3,220.0,180.0,660.0,0.0,660.0,540.0,120.0
TRX-20260326-02719,2026-03-26 18:10:13,5,00003585,622300358500,1,1,0,220.0,180.0,220.0,220.0,0.0,0.0,0.0
TRX-20260326-01000,2026-03-26 18:23:47,2,00003584,622300358400,5,0,5,26.0,20.0,130.0,0.0,130.0,100.0,30.0
TRX-20260326-04315,2026-03-26 19:38:52,1,00003577,622300357700,4,0,4,65.0,50.0,260.0,0.0,260.0,200.0,60.0
TRX-20260326-00907,2026-03-26 20:05:34,1,00003584,622300358400,1,0,1,26.0,20.0,26.0,0.0,26.0,20.0,6.0
TRX-20260326-02608,2026-03-26 20:15:20,2,00003606,622300360600,5,0,5,85.0,65.0,425.0,0.0,425.0,325.0,100.0
TRX-20260326-04993,2026-03-26 20:16:55,4,00003602,622300360200,4,0,4,45.0,35.0,180.0,0.0,180.0,140.0,40.0
TRX-20260326-03663,2026-03-26 20:17:13,5,00003575,622300357500,4,0,4,55.0,45.0,220.0,0.0,220.0,180.0,40.0
TRX-20260326-00132,2026-03-26 20:42:41,1,00003598,622300359800,3,0,3,245.0,210.0,735.0,0.0,735.0,630.0,105.0
TRX-20260326-00107,2026-03-26 21:22:40,2,00003602,622300360200,2,0,2,45.0,35.0,90.0,0.0,90.0,70.0,20.0
TRX-20260326-00892,2026-03-26 21:30:53,5,00003613,622300361300,4,0,4,105.0,85.0,420.0,0.0,420.0,340.0,80.0
TRX-20260326-04412,2026-03-26 21:32:07,2,00003557,622300355706,1,0,1,39.9,33.0,39.9,0.0,39.9,33.0,6.9
TRX-20260326-02502,2026-03-26 21:49:37,3,00003572,622300357200,3,0,3,23.0,18.0,69.0,0.0,69.0,54.0,15.0
TRX-20260326-04414,2026-03-26 22:00:33,4,00003576,622300357600,1,0,1,245.0,210.0,245.0,0.0,245.0,210.0,35.0
TRX-20260326-02480,2026-03-26 22:00:43,5,00003584,622300358400,3,0,3,26.0,20.0,78.0,0.0,78.0,60.0,18.0
TRX-20260326-01825,2026-03-26 22:17:49,2,00003562,622300356206,1,0,1,342.0,300.0,342.0,0.0,342.0,300.0,42.0
TRX-20260326-03856,2026-03-26 22:34:26,2,00003583,622300358300,5,0,5,5.5,4.0,27.5,0.0,27.5,20.0,7.5
TRX-20260326-00275,2026-03-26 22:58:08,2,00003586,622300358600,5,1,4,55.0,45.0,275.0,55.0,220.0,180.0,40.0
TRX-20260326-02297,2026-03-26 23:39:59,1,00003565,622300356500,5,0,5,38.0,32.0,190.0,0.0,190.0,160.0,30.0
TRX-20260327-03445,2026-03-27 00:07:57,1,00003578,622300357800,4,0,4,45.0,35.0,180.0,0.0,180.0,140.0,40.0
TRX-20260327-01787,2026-03-27 02:27:21,5,00003571,622300357100,4,0,4,17.5,14.0,70.0,0.0,70.0,56.0,14.0
TRX-20260327-04660,2026-03-27 02:33:31,2,00003583,622300358300,2,0,2,5.5,4.0,11.0,0.0,11.0,8.0,3.0
TRX-20260327-01041,2026-03-27 03:35:43,1,00003603,622300360300,3,0,3,35.0,28.0,105.0,0.0,105.0,84.0,21.0
TRX-20260327-00257,2026-03-27 04:30:39,3,00003566,622300356600,5,0,5,180.0,150.0,900.0,0.0,900.0,750.0,150.0
TRX-20260327-00258,2026-03-27 04:41:06,5,00003600,622300360000,4,2,2,135.0,110.0,540.0,270.0,270.0,220.0,50.0
TRX-20260327-03635,2026-03-27 04:48:46,4,00003613,622300361300,3,0,3,105.0,85.0,315.0,0.0,315.0,255.0,60.0
TRX-20260327-04823,2026-03-27 04:51:13,5,00003595,622300359500,1,0,1,110.0,85.0,110.0,0.0,110.0,85.0,25.0
TRX-20260327-03026,2026-03-27 05:44:35,2,00003577,622300357700,2,0,2,65.0,50.0,130.0,0.0,130.0,100.0,30.0
TRX-20260327-02400,2026-03-27 06:07:01,1,00003585,622300358500,3,0,3,220.0,180.0,660.0,0.0,660.0,540.0,120.0
TRX-20260327-01376,2026-03-27 06:21:29,2,00003572,622300357200,3,0,3,23.0,18.0,69.0,0.0,69.0,54.0,15.0
TRX-20260327-03053,2026-03-27 06:35:45,2,00003573,622300357300,2,0,2,88.0,75.0,176.0,0.0,176.0,150.0,26.0
TRX-20260327-04739,2026-03-27 07:42:15,1,00003562,622300356200,2,0,2,60.0,50.0,120.0,0.0,120.0,100.0,20.0
TRX-20260327-00364,2026-03-27 08:09:49,2,00003611,622300361100,1,0,1,28.0,22.0,28.0,0.0,28.0,22.0,6.0
TRX-20260327-04289,2026-03-27 08:39:47,1,00003568,622300356800,5,0,5,105.0,85.0,525.0,0.0,525.0,425.0,100.0
TRX-20260327-01627,2026-03-27 08:41:11,3,00003563,622300356300,2,0,2,12.0,9.0,24.0,0.0,24.0,18.0,6.0
TRX-20260327-04962,2026-03-27 09:38:05,4,00003587,622300358700,4,0,4,135.0,110.0,540.0,0.0,540.0,440.0,100.0
TRX-20260327-00650,2026-03-27 10:00:12,1,00003605,622300360500,4,0,4,58.0,45.0,232.0,0.0,232.0,180.0,52.0
TRX-20260327-01358,2026-03-27 11:03:23,1,00003562,622300356200,3,0,3,60.0,50.0,180.0,0.0,180.0,150.0,30.0
TRX-20260327-01662,2026-03-27 11:22:59,1,00003598,622300359800,3,0,3,245.0,210.0,735.0,0.0,735.0,630.0,105.0
TRX-20260327-00547,2026-03-27 11:59:05,1,00003612,622300361200,3,0,3,16.0,12.0,48.0,0.0,48.0,36.0,12.0
TRX-20260327-04320,2026-03-27 13:05:32,3,00003567,622300356700,1,0,1,34.0,29.0,34.0,0.0,34.0,29.0,5.0
TRX-20260327-00209,2026-03-27 13:53:04,5,00003565,622300356500,2,0,2,38.0,32.0,76.0,0.0,76.0,64.0,12.0
TRX-20260327-00281,2026-03-27 14:24:48,3,00003580,622300358000,1,0,1,38.0,30.0,38.0,0.0,38.0,30.0,8.0
TRX-20260327-03322,2026-03-27 14:59:05,2,00003593,622300359300,1,0,1,18.0,14.0,18.0,0.0,18.0,14.0,4.0
TRX-20260327-00567,2026-03-27 15:50:45,2,00003561,622300356100,3,0,3,42.0,35.0,126.0,0.0,126.0,105.0,21.0
TRX-20260327-03657,2026-03-27 15:53:09,3,00003575,622300357500,1,0,1,55.0,45.0,55.0,0.0,55.0,45.0,10.0
TRX-20260327-02558,2026-03-27 15:56:50,1,00003553,622300355300,5,0,5,450.0,400.0,2250.0,0.0,2250.0,2000.0,250.0
TRX-20260327-02498,2026-03-27 16:03:51,3,00003574,622300357400,5,0,5,155.0,135.0,775.0,0.0,775.0,675.0,100.0
TRX-20260327-01975,2026-03-27 16:31:44,4,00003594,622300359400,5,1,4,195.0,160.0,975.0,195.0,780.0,640.0,140.0
TRX-20260327-04115,2026-03-27 16:32:05,5,00003582,622300358200,4,0,4,28.0,22.0,112.0,0.0,112.0,88.0,24.0
TRX-20260327-04407,2026-03-27 16:41:57,1,00003587,622300358700,1,0,1,135.0,110.0,135.0,0.0,135.0,110.0,25.0
TRX-20260327-00375,2026-03-27 17:01:48,1,00003559,622300355900,3,0,3,28.0,22.0,84.0,0.0,84.0,66.0,18.0
TRX-20260327-04542,2026-03-27 17:33:00,4,00003607,622300360700,5,0,5,125.0,95.0,625.0,0.0,625.0,475.0,150.0
TRX-20260327-03164,2026-03-27 17:39:03,2,00003571,622300357100,5,0,5,17.5,14.0,87.5,0.0,87.5,70.0,17.5
TRX-20260327-00486,2026-03-27 17:52:41,4,00003557,622300355700,4,0,4,7.0,5.5,28.0,0.0,28.0,22.0,6.0
TRX-20260327-01176,2026-03-27 17:54:14,1,00003601,622300360100,1,0,1,205.0,175.0,205.0,0.0,205.0,175.0,30.0
TRX-20260327-04771,2026-03-27 18:03:14,1,00003609,622300360900,2,0,2,110.0,85.0,220.0,0.0,220.0,170.0,50.0
TRX-20260327-00407,2026-03-27 18:38:29,2,00003573,622300357300,1,1,0,88.0,75.0,88.0,88.0,0.0,0.0,0.0
TRX-20260327-03063,2026-03-27 19:29:54,2,00003560,622300356000,3,0,3,135.0,110.0,405.0,0.0,405.0,330.0,75.0
TRX-20260327-03823,2026-03-27 19:54:49,1,00003607,622300360700,5,0,5,125.0,95.0,625.0,0.0,625.0,475.0,150.0
TRX-20260327-02002,2026-03-27 19:55:55,3,00003593,622300359300,5,0,5,18.0,14.0,90.0,0.0,90.0,70.0,20.0
TRX-20260327-00299,2026-03-27 20:57:24,5,00003558,622300355800,3,0,3,8.0,6.5,24.0,0.0,24.0,19.5,4.5
TRX-20260327-01933,2026-03-27 21:06:33,3,00003586,622300358600,2,0,2,55.0,45.0,110.0,0.0,110.0,90.0,20.0
TRX-20260327-03174,2026-03-27 21:37:42,3,00003591,622300359100,2,0,2,7.0,5.0,14.0,0.0,14.0,10.0,4.0
TRX-20260327-01117,2026-03-27 22:16:52,1,00003567,622300356700,2,0,2,34.0,29.0,68.0,0.0,68.0,58.0,10.0
TRX-20260327-02261,2026-03-27 22:17:18,2,00003606,622300360600,3,2,1,85.0,65.0,255.0,170.0,85.0,65.0,20.0
TRX-20260327-01043,2026-03-27 22:46:49,4,00003561,622300356100,4,0,4,42.0,35.0,168.0,0.0,168.0,140.0,28.0
TRX-20260327-04855,2026-03-27 23:36:35,3,00003594,622300359400,5,0,5,195.0,160.0,975.0,0.0,975.0,800.0,175.0
TRX-20260328-03381,2026-03-28 00:22:19,5,00003564,622300356400,1,0,1,20.0,16.0,20.0,0.0,20.0,16.0,4.0
TRX-20260328-03838,2026-03-28 00:54:47,2,00003612,622300361200,5,0,5,16.0,12.0,80.0,0.0,80.0,60.0,20.0
TRX-20260328-00145,2026-03-28 01:00:44,5,00003554,622300355400,1,1,0,435.0,390.0,435.0,435.0,0.0,0.0,0.0
TRX-20260328-02458,2026-03-28 01:45:52,3,00003560,622300356000,4,2,2,135.0,110.0,540.0,270.0,270.0,220.0,50.0
TRX-20260328-00327,2026-03-28 02:25:50,3,00003581,622300358124,2,0,2,729.6,600.0,1459.2,0.0,1459.2,1200.0,259.2
TRX-20260328-00656,2026-03-28 02:52:53,1,00003576,622300357600,1,0,1,245.0,210.0,245.0,0.0,245.0,210.0,35.0
TRX-20260328-03327,2026-03-28 03:16:40,4,00003553,622300355300,2,0,2,450.0,400.0,900.0,0.0,900.0,800.0,100.0
TRX-20260328-00946,2026-03-28 04:21:22,2,00003570,622300357000,5,3,2,20.0,16.0,100.0,60.0,40.0,32.0,8.0
TRX-20260328-00664,2026-03-28 05:35:25,1,00003592,622300359200,1,0,1,4.5,3.0,4.5,0.0,4.5,3.0,1.5
TRX-20260328-03201,2026-03-28 05:59:22,5,00003568,622300356800,5,0,5,105.0,85.0,525.0,0.0,525.0,425.0,100.0
TRX-20260328-00718,2026-03-28 06:18:03,4,00003586,622300358600,2,2,0,55.0,45.0,110.0,110.0,0.0,0.0,0.0
TRX-20260328-04200,2026-03-28 06:25:57,2,00003586,622300358600,2,0,2,55.0,45.0,110.0,0.0,110.0,90.0,20.0
TRX-20260328-02842,2026-03-28 06:41:11,1,00003576,622300357600,5,0,5,245.0,210.0,1225.0,0.0,1225.0,1050.0,175.0
TRX-20260328-00795,2026-03-28 06:45:32,3,00003553,622300355300,1,0,1,450.0,400.0,450.0,0.0,450.0,400.0,50.0
TRX-20260328-03016,2026-03-28 06:58:22,1,00003599,622300359900,5,0,5,380.0,320.0,1900.0,0.0,1900.0,1600.0,300.0
TRX-20260328-04572,2026-03-28 07:09:16,4,00003556,622300355600,4,0,4,7.0,5.5,28.0,0.0,28.0,22.0,6.0
TRX-20260328-01874,2026-03-28 07:49:50,4,00003594,622300359400,5,0,5,195.0,160.0,975.0,0.0,975.0,800.0,175.0
TRX-20260328-00438,2026-03-28 08:03:08,3,00003572,622300357200,2,2,0,23.0,18.0,46.0,46.0,0.0,0.0,0.0
TRX-20260328-00853,2026-03-28 08:08:00,1,00003596,622300359600,3,1,2,120.0,95.0,360.0,120.0,240.0,190.0,50.0
TRX-20260328-02136,2026-03-28 08:31:48,1,00003566,622300356600,2,0,2,180.0,150.0,360.0,0.0,360.0,300.0,60.0
TRX-20260328-02424,2026-03-28 08:43:15,3,00003611,622300361100,3,0,3,28.0,22.0,84.0,0.0,84.0,66.0,18.0
TRX-20260328-03618,2026-03-28 08:43:19,2,00003581,622300358100,5,0,5,32.0,25.0,160.0,0.0,160.0,125.0,35.0
TRX-20260328-03314,2026-03-28 09:17:17,3,00003559,622300355900,4,0,4,28.0,22.0,112.0,0.0,112.0,88.0,24.0
TRX-20260328-00047,2026-03-28 09:22:55,1,00003585,622300358500,4,0,4,220.0,180.0,880.0,0.0,880.0,720.0,160.0
TRX-20260328-01055,2026-03-28 09:35:47,1,00003576,622300357600,3,0,3,245.0,210.0,735.0,0.0,735.0,630.0,105.0
TRX-20260328-04746,2026-03-28 09:48:42,3,00003592,622300359200,5,0,5,4.5,3.0,22.5,0.0,22.5,15.0,7.5
TRX-20260328-00987,2026-03-28 10:18:10,2,00003552,622300355200,1,0,1,420.0,380.0,420.0,0.0,420.0,380.0,40.0
TRX-20260328-01978,2026-03-28 10:37:26,1,00003579,622300357900,5,0,5,110.0,85.0,550.0,0.0,550.0,425.0,125.0
TRX-20260328-03482,2026-03-28 10:47:11,1,00003573,622300357300,3,0,3,88.0,75.0,264.0,0.0,264.0,225.0,39.0
TRX-20260328-03346,2026-03-28 11:48:57,3,00003581,622300358124,2,0,2,729.6,600.0,1459.2,0.0,1459.2,1200.0,259.2
TRX-20260328-04415,2026-03-28 12:16:13,1,00003570,622300357000,4,0,4,20.0,16.0,80.0,0.0,80.0,64.0,16.0
TRX-20260328-02745,2026-03-28 13:01:17,1,00003607,622300360700,1,0,1,125.0,95.0,125.0,0.0,125.0,95.0,30.0
TRX-20260328-03760,2026-03-28 13:03:30,3,00003577,622300357700,2,0,2,65.0,50.0,130.0,0.0,130.0,100.0,30.0
TRX-20260328-01114,2026-03-28 15:15:59,4,00003557,622300355700,5,0,5,7.0,5.5,35.0,0.0,35.0,27.5,7.5
TRX-20260328-04162,2026-03-28 15:36:03,4,00003605,622300360500,1,0,1,58.0,45.0,58.0,0.0,58.0,45.0,13.0
TRX-20260328-00468,2026-03-28 16:15:17,2,00003566,622300356600,4,0,4,180.0,150.0,720.0,0.0,720.0,600.0,120.0
TRX-20260328-04053,2026-03-28 16:41:42,1,00003562,622300356200,2,0,2,60.0,50.0,120.0,0.0,120.0,100.0,20.0
TRX-20260328-01433,2026-03-28 17:07:11,4,00003575,622300357500,2,0,2,55.0,45.0,110.0,0.0,110.0,90.0,20.0
TRX-20260328-02454,2026-03-28 18:12:25,5,00003602,622300360200,3,0,3,45.0,35.0,135.0,0.0,135.0,105.0,30.0
TRX-20260328-04161,2026-03-28 18:32:06,2,00003552,622300355200,5,0,5,420.0,380.0,2100.0,0.0,2100.0,1900.0,200.0
TRX-20260328-04696,2026-03-28 18:34:54,3,00003553,622300355300,5,2,3,450.0,400.0,2250.0,900.0,1350.0,1200.0,150.0
TRX-20260328-02929,2026-03-28 18:52:22,3,00003589,622300358900,2,0,2,10.0,8.0,20.0,0.0,20.0,16.0,4.0
TRX-20260328-03204,2026-03-28 19:01:45,1,00003612,622300361200,5,4,1,16.0,12.0,80.0,64.0,16.0,12.0,4.0
TRX-20260328-00612,2026-03-28 19:44:54,4,00003609,622300360900,5,0,5,110.0,85.0,550.0,0.0,550.0,425.0,125.0
TRX-20260328-01878,2026-03-28 20:10:23,2,00003595,622300359500,4,0,4,110.0,85.0,440.0,0.0,440.0,340.0,100.0
TRX-20260328-02114,2026-03-28 20:34:03,5,00003568,622300356800,1,0,1,105.0,85.0,105.0,0.0,105.0,85.0,20.0
TRX-20260328-03128,2026-03-28 20:42:29,2,00003601,622300360100,5,5,0,205.0,175.0,1025.0,1025.0,0.0,0.0,0.0
TRX-20260328-00676,2026-03-28 21:53:08,3,00003578,622300357800,2,0,2,45.0,35.0,90.0,0.0,90.0,70.0,20.0
TRX-20260328-00677,2026-03-28 22:31:58,5,00003610,622300361000,5,0,5,75.0,60.0,375.0,0.0,375.0,300.0,75.0
TRX-20260328-00859,2026-03-28 22:49:51,2,00003603,622300360300,5,0,5,35.0,28.0,175.0,0.0,175.0,140.0,35.0
TRX-20260328-02495,2026-03-28 23:11:49,1,00003570,622300357000,4,0,4,20.0,16.0,80.0,0.0,80.0,64.0,16.0
TRX-20260328-02619,2026-03-28 23:21:51,1,00003567,622300356700,4,0,4,34.0,29.0,136.0,0.0,136.0,116.0,20.0
TRX-20260328-01940,2026-03-28 23:27:44,1,00003565,622300356500,5,0,5,38.0,32.0,190.0,0.0,190.0,160.0,30.0
TRX-20260328-03351,2026-03-28 23:55:39,1,00003601,622300360100,4,0,4,205.0,175.0,820.0,0.0,820.0,700.0,120.0
TRX-20260329-04547,2026-03-29 00:57:50,3,00003607,622300360700,5,0,5,125.0,95.0,625.0,0.0,625.0,475.0,150.0
TRX-20260329-00384,2026-03-29 01:44:12,2,00003583,622300358300,4,0,4,5.5,4.0,22.0,0.0,22.0,16.0,6.0
TRX-20260329-04725,2026-03-29 02:11:16,1,00003576,622300357600,3,0,3,245.0,210.0,735.0,0.0,735.0,630.0,105.0
TRX-20260329-04135,2026-03-29 02:21:34,5,00003567,622300356700,3,0,3,34.0,29.0,102.0,0.0,102.0,87.0,15.0
TRX-20260329-01128,2026-03-29 02:46:22,1,00003579,622300357900,5,3,2,110.0,85.0,550.0,330.0,220.0,170.0,50.0
TRX-20260329-04382,2026-03-29 02:46:28,4,00003575,622300357500,1,0,1,55.0,45.0,55.0,0.0,55.0,45.0,10.0
TRX-20260329-02064,2026-03-29 02:46:32,2,00003591,622300359100,4,0,4,7.0,5.0,28.0,0.0,28.0,20.0,8.0
TRX-20260329-02166,2026-03-29 03:00:06,1,00003600,622300360000,5,0,5,135.0,110.0,675.0,0.0,675.0,550.0,125.0
TRX-20260329-03239,2026-03-29 03:16:40,2,00003609,622300360900,1,0,1,110.0,85.0,110.0,0.0,110.0,85.0,25.0
TRX-20260329-04750,2026-03-29 04:47:38,2,00003575,622300357500,2,0,2,55.0,45.0,110.0,0.0,110.0,90.0,20.0
TRX-20260329-02776,2026-03-29 04:53:54,5,00003579,622300357900,1,0,1,110.0,85.0,110.0,0.0,110.0,85.0,25.0
TRX-20260329-04011,2026-03-29 05:00:08,2,00003590,622300359006,1,0,1,131.1,108.0,131.1,0.0,131.1,108.0,23.1
TRX-20260329-02214,2026-03-29 06:30:00,5,00003580,622300358000,2,0,2,38.0,30.0,76.0,0.0,76.0,60.0,16.0
TRX-20260329-01110,2026-03-29 06:41:36,1,00003601,622300360100,4,0,4,205.0,175.0,820.0,0.0,820.0,700.0,120.0
TRX-20260329-01049,2026-03-29 06:45:04,1,00003602,622300360200,5,0,5,45.0,35.0,225.0,0.0,225.0,175.0,50.0
TRX-20260329-00792,2026-03-29 07:02:58,2,00003563,622300356300,2,0,2,12.0,9.0,24.0,0.0,24.0,18.0,6.0
TRX-20260329-02679,2026-03-29 07:12:26,1,00003602,622300360200,5,0,5,45.0,35.0,225.0,0.0,225.0,175.0,50.0
TRX-20260329-04401,2026-03-29 08:39:47,4,00003573,622300357300,3,0,3,88.0,75.0,264.0,0.0,264.0,225.0,39.0
TRX-20260329-01821,2026-03-29 08:41:44,5,00003611,622300361124,1,0,1,638.4,528.0,638.4,0.0,638.4,528.0,110.4
TRX-20260329-03973,2026-03-29 09:13:46,2,00003555,622300355500,4,0,4,480.0,420.0,1920.0,0.0,1920.0,1680.0,240.0
TRX-20260329-01790,2026-03-29 09:15:26,2,00003563,622300356300,4,0,4,12.0,9.0,48.0,0.0,48.0,36.0,12.0
TRX-20260329-00014,2026-03-29 09:21:20,5,00003572,622300357200,4,0,4,23.0,18.0,92.0,0.0,92.0,72.0,20.0
TRX-20260329-03868,2026-03-29 09:28:17,3,00003610,622300361000,1,0,1,75.0,60.0,75.0,0.0,75.0,60.0,15.0
TRX-20260329-04472,2026-03-29 09:33:21,1,00003589,622300358900,5,0,5,10.0,8.0,50.0,0.0,50.0,40.0,10.0
TRX-20260329-02038,2026-03-29 09:35:16,1,00003610,622300361000,4,0,4,75.0,60.0,300.0,0.0,300.0,240.0,60.0
TRX-20260329-03310,2026-03-29 09:36:45,2,00003568,622300356800,1,0,1,105.0,85.0,105.0,0.0,105.0,85.0,20.0
TRX-20260329-03903,2026-03-29 10:08:56,1,00003586,622300358600,2,0,2,55.0,45.0,110.0,0.0,110.0,90.0,20.0
TRX-20260329-02324,2026-03-29 11:22:42,1,00003610,622300361000,2,0,2,75.0,60.0,150.0,0.0,150.0,120.0,30.0
TRX-20260329-02856,2026-03-29 12:28:10,2,00003582,622300358200,4,0,4,28.0,22.0,112.0,0.0,112.0,88.0,24.0
TRX-20260329-03103,2026-03-29 13:27:52,2,00003580,622300358000,3,0,3,38.0,30.0,114.0,0.0,114.0,90.0,24.0
TRX-20260329-01447,2026-03-29 14:03:05,2,00003554,622300355400,2,2,0,435.0,390.0,870.0,870.0,0.0,0.0,0.0
TRX-20260329-01395,2026-03-29 14:06:52,2,00003597,622300359700,4,0,4,160.0,130.0,640.0,0.0,640.0,520.0,120.0
TRX-20260329-04226,2026-03-29 14:24:13,1,00003605,622300360506,1,0,1,330.6,270.0,330.6,0.0,330.6,270.0,60.6
TRX-20260329-01264,2026-03-29 15:33:30,2,00003599,622300359900,2,0,2,380.0,320.0,760.0,0.0,760.0,640.0,120.0
TRX-20260329-02689,2026-03-29 15:35:46,2,00003593,622300359300,2,0,2,18.0,14.0,36.0,0.0,36.0,28.0,8.0
TRX-20260329-03609,2026-03-29 15:36:46,1,00003604,622300360400,3,0,3,50.0,40.0,150.0,0.0,150.0,120.0,30.0
TRX-20260329-03127,2026-03-29 16:01:21,1,00003603,622300360306,1,0,1,199.5,168.0,199.5,0.0,199.5,168.0,31.5
TRX-20260329-01177,2026-03-29 16:17:22,5,00003555,622300355500,4,3,1,480.0,420.0,1920.0,1440.0,480.0,420.0,60.0
TRX-20260329-00283,2026-03-29 16:23:40,2,00003576,622300357600,1,0,1,245.0,210.0,245.0,0.0,245.0,210.0,35.0
TRX-20260329-04331,2026-03-29 16:25:01,2,00003569,622300356900,5,0,5,14.0,11.0,70.0,0.0,70.0,55.0,15.0
TRX-20260329-04872,2026-03-29 16:36:51,3,00003577,622300357700,1,0,1,65.0,50.0,65.0,0.0,65.0,50.0,15.0
TRX-20260329-00637,2026-03-29 16:59:46,2,00003564,622300356400,5,0,5,20.0,16.0,100.0,0.0,100.0,80.0,20.0
TRX-20260329-04939,2026-03-29 17:51:31,1,00003552,622300355200,3,0,3,420.0,380.0,1260.0,0.0,1260.0,1140.0,120.0
TRX-20260329-02800,2026-03-29 18:20:43,3,00003597,622300359706,2,2,0,912.0,780.0,1824.0,1824.0,0.0,0.0,0.0
TRX-20260329-02665,2026-03-29 18:44:01,5,00003554,622300355400,2,0,2,435.0,390.0,870.0,0.0,870.0,780.0,90.0
TRX-20260329-02419,2026-03-29 19:08:31,3,00003593,622300359300,5,0,5,18.0,14.0,90.0,0.0,90.0,70.0,20.0
TRX-20260329-04774,2026-03-29 19:28:53,2,00003595,622300359500,2,0,2,110.0,85.0,220.0,0.0,220.0,170.0,50.0
TRX-20260329-04275,2026-03-29 19:37:52,1,00003610,622300361000,3,2,1,75.0,60.0,225.0,150.0,75.0,60.0,15.0
TRX-20260329-04244,2026-03-29 20:01:02,4,00003574,622300357400,5,0,5,155.0,135.0,775.0,0.0,775.0,675.0,100.0
TRX-20260329-04754,2026-03-29 20:35:48,1,00003607,622300360700,3,0,3,125.0,95.0,375.0,0.0,375.0,285.0,90.0
TRX-20260329-04265,2026-03-29 21:15:56,1,00003612,622300361200,4,0,4,16.0,12.0,64.0,0.0,64.0,48.0,16.0
TRX-20260329-04575,2026-03-29 21:17:14,2,00003555,622300355500,5,0,5,480.0,420.0,2400.0,0.0,2400.0,2100.0,300.0
TRX-20260329-03137,2026-03-29 21:28:08,5,00003612,622300361200,5,3,2,16.0,12.0,80.0,48.0,32.0,24.0,8.0
TRX-20260329-04780,2026-03-29 21:35:33,1,00003588,622300358800,1,0,1,95.0,75.0,95.0,0.0,95.0,75.0,20.0
TRX-20260329-00841,2026-03-29 21:37:25,3,00003578,622300357800,4,0,4,45.0,35.0,180.0,0.0,180.0,140.0,40.0
TRX-20260329-03626,2026-03-29 21:46:40,1,00003603,622300360300,4,0,4,35.0,28.0,140.0,0.0,140.0,112.0,28.0
TRX-20260329-03866,2026-03-29 22:29:47,1,00003565,622300356500,3,0,3,38.0,32.0,114.0,0.0,114.0,96.0,18.0
TRX-20260329-01689,2026-03-29 22:34:25,4,00003566,622300356600,4,0,4,180.0,150.0,720.0,0.0,720.0,600.0,120.0
TRX-20260329-04827,2026-03-29 22:56:08,5,00003575,622300357500,3,0,3,55.0,45.0,165.0,0.0,165.0,135.0,30.0
TRX-20260329-01465,2026-03-29 23:16:20,1,00003594,622300359400,2,0,2,195.0,160.0,390.0,0.0,390.0,320.0,70.0
TRX-20260329-04487,2026-03-29 23:26:06,4,00003583,622300358300,1,0,1,5.5,4.0,5.5,0.0,5.5,4.0,1.5
TRX-20260330-00589,2026-03-30 00:08:41,5,00003604,622300360400,5,1,4,50.0,40.0,250.0,50.0,200.0,160.0,40.0
TRX-20260330-03023,2026-03-30 00:32:45,1,00003554,622300355400,5,0,5,435.0,390.0,2175.0,0.0,2175.0,1950.0,225.0
TRX-20260330-03275,2026-03-30 00:34:27,4,00003590,622300359000,1,1,0,23.0,18.0,23.0,23.0,0.0,0.0,0.0
TRX-20260330-03464,2026-03-30 00:51:03,1,00003599,622300359906,1,0,1,2166.0,1920.0,2166.0,0.0,2166.0,1920.0,246.0
TRX-20260330-01101,2026-03-30 01:11:46,2,00003562,622300356200,2,0,2,60.0,50.0,120.0,0.0,120.0,100.0,20.0
TRX-20260330-00282,2026-03-30 01:31:03,3,00003569,622300356906,1,0,1,79.8,66.0,79.8,0.0,79.8,66.0,13.8
TRX-20260330-02485,2026-03-30 01:42:09,3,00003578,622300357800,2,0,2,45.0,35.0,90.0,0.0,90.0,70.0,20.0
TRX-20260330-00363,2026-03-30 01:42:42,3,00003565,622300356500,1,0,1,38.0,32.0,38.0,0.0,38.0,32.0,6.0
TRX-20260330-00727,2026-03-30 03:09:24,2,00003566,622300356600,2,0,2,180.0,150.0,360.0,0.0,360.0,300.0,60.0
TRX-20260330-04996,2026-03-30 03:16:23,2,00003571,622300357100,4,0,4,17.5,14.0,70.0,0.0,70.0,56.0,14.0
TRX-20260330-04460,2026-03-30 03:49:24,2,00003578,622300357800,5,0,5,45.0,35.0,225.0,0.0,225.0,175.0,50.0
TRX-20260330-02264,2026-03-30 03:58:10,1,00003572,622300357200,4,0,4,23.0,18.0,92.0,0.0,92.0,72.0,20.0
TRX-20260330-04051,2026-03-30 04:21:07,3,00003588,622300358800,4,3,1,95.0,75.0,380.0,285.0,95.0,75.0,20.0
TRX-20260330-04231,2026-03-30 05:08:22,1,00003570,622300357000,1,0,1,20.0,16.0,20.0,0.0,20.0,16.0,4.0
TRX-20260330-03068,2026-03-30 05:09:25,3,00003576,622300357600,2,0,2,245.0,210.0,490.0,0.0,490.0,420.0,70.0
TRX-20260330-01269,2026-03-30 05:27:56,3,00003592,622300359200,5,0,5,4.5,3.0,22.5,0.0,22.5,15.0,7.5
TRX-20260330-01420,2026-03-30 05:42:04,1,00003560,622300356000,1,0,1,135.0,110.0,135.0,0.0,135.0,110.0,25.0
TRX-20260330-00464,2026-03-30 06:04:52,3,00003609,622300360900,5,0,5,110.0,85.0,550.0,0.0,550.0,425.0,125.0
TRX-20260330-00502,2026-03-30 06:14:07,2,00003589,622300358900,2,0,2,10.0,8.0,20.0,0.0,20.0,16.0,4.0
TRX-20260330-03647,2026-03-30 06:45:29,1,00003586,622300358624,1,0,1,1254.0,1080.0,1254.0,0.0,1254.0,1080.0,174.0
TRX-20260330-01709,2026-03-30 06:53:33,1,00003591,622300359112,2,0,2,79.8,60.0,159.6,0.0,159.6,120.0,39.6
TRX-20260330-00472,2026-03-30 07:10:07,2,00003577,622300357700,1,0,1,65.0,50.0,65.0,0.0,65.0,50.0,15.0
TRX-20260330-00251,2026-03-30 07:27:46,5,00003555,622300355500,1,0,1,480.0,420.0,480.0,0.0,480.0,420.0,60.0
TRX-20260330-00950,2026-03-30 07:44:16,3,00003578,622300357800,2,0,2,45.0,35.0,90.0,0.0,90.0,70.0,20.0
TRX-20260330-02777,2026-03-30 08:08:09,2,00003612,622300361200,5,0,5,16.0,12.0,80.0,0.0,80.0,60.0,20.0
TRX-20260330-03815,2026-03-30 08:47:25,4,00003602,622300360200,2,0,2,45.0,35.0,90.0,0.0,90.0,70.0,20.0
TRX-20260330-01183,2026-03-30 10:03:47,1,00003563,622300356300,4,0,4,12.0,9.0,48.0,0.0,48.0,36.0,12.0
TRX-20260330-00305,2026-03-30 10:22:49,2,00003575,622300357500,4,3,1,55.0,45.0,220.0,165.0,55.0,45.0,10.0
TRX-20260330-01609,2026-03-30 12:24:28,2,00003578,622300357800,1,1,0,45.0,35.0,45.0,45.0,0.0,0.0,0.0
TRX-20260330-02319,2026-03-30 12:40:35,1,00003606,622300360600,4,0,4,85.0,65.0,340.0,0.0,340.0,260.0,80.0
TRX-20260330-00669,2026-03-30 12:44:05,3,00003570,622300357000,1,0,1,20.0,16.0,20.0,0.0,20.0,16.0,4.0
TRX-20260330-04822,2026-03-30 13:27:48,3,00003563,622300356300,4,1,3,12.0,9.0,48.0,12.0,36.0,27.0,9.0
TRX-20260330-03603,2026-03-30 13:31:07,2,00003555,622300355500,4,0,4,480.0,420.0,1920.0,0.0,1920.0,1680.0,240.0
TRX-20260330-03691,2026-03-30 13:35:20,2,00003599,622300359900,1,0,1,380.0,320.0,380.0,0.0,380.0,320.0,60.0
TRX-20260330-00034,2026-03-30 13:56:30,2,00003589,622300358900,3,0,3,10.0,8.0,30.0,0.0,30.0,24.0,6.0
TRX-20260330-04818,2026-03-30 14:53:22,1,00003574,622300357400,2,0,2,155.0,135.0,310.0,0.0,310.0,270.0,40.0
TRX-20260330-03179,2026-03-30 14:59:51,3,00003586,622300358600,1,0,1,55.0,45.0,55.0,0.0,55.0,45.0,10.0
TRX-20260330-02233,2026-03-30 15:22:29,4,00003594,622300359400,4,0,4,195.0,160.0,780.0,0.0,780.0,640.0,140.0
TRX-20260330-02998,2026-03-30 15:31:59,1,00003556,622300355600,3,0,3,7.0,5.5,21.0,0.0,21.0,16.5,4.5
TRX-20260330-01743,2026-03-30 16:34:55,4,00003565,622300356500,1,0,1,38.0,32.0,38.0,0.0,38.0,32.0,6.0
TRX-20260330-01945,2026-03-30 16:49:46,1,00003612,622300361200,3,2,1,16.0,12.0,48.0,32.0,16.0,12.0,4.0
TRX-20260330-04223,2026-03-30 16:52:43,3,00003586,622300358600,5,0,5,55.0,45.0,275.0,0.0,275.0,225.0,50.0
TRX-20260330-03670,2026-03-30 17:09:28,3,00003559,622300355900,4,0,4,28.0,22.0,112.0,0.0,112.0,88.0,24.0
TRX-20260330-01606,2026-03-30 18:21:22,4,00003565,622300356500,2,0,2,38.0,32.0,76.0,0.0,76.0,64.0,12.0
TRX-20260330-03763,2026-03-30 18:46:04,5,00003552,622300355200,4,0,4,420.0,380.0,1680.0,0.0,1680.0,1520.0,160.0
TRX-20260330-00701,2026-03-30 18:51:48,3,00003592,622300359200,1,1,0,4.5,3.0,4.5,4.5,0.0,0.0,0.0
TRX-20260330-04208,2026-03-30 18:54:02,3,00003579,622300357900,4,1,3,110.0,85.0,440.0,110.0,330.0,255.0,75.0
TRX-20260330-00162,2026-03-30 19:15:04,2,00003587,622300358700,5,0,5,135.0,110.0,675.0,0.0,675.0,550.0,125.0
TRX-20260330-04875,2026-03-30 19:59:41,1,00003601,622300360100,2,0,2,205.0,175.0,410.0,0.0,410.0,350.0,60.0
TRX-20260330-02382,2026-03-30 20:21:55,3,00003594,622300359400,1,0,1,195.0,160.0,195.0,0.0,195.0,160.0,35.0
TRX-20260330-04621,2026-03-30 20:52:55,4,00003598,622300359800,4,0,4,245.0,210.0,980.0,0.0,980.0,840.0,140.0
TRX-20260330-04679,2026-03-30 22:05:54,1,00003592,622300359200,2,0,2,4.5,3.0,9.0,0.0,9.0,6.0,3.0
TRX-20260330-03386,2026-03-30 22:07:57,1,00003588,622300358800,4,0,4,95.0,75.0,380.0,0.0,380.0,300.0,80.0
TRX-20260330-04294,2026-03-30 22:12:59,3,00003553,622300355300,1,0,1,450.0,400.0,450.0,0.0,450.0,400.0,50.0
TRX-20260330-00590,2026-03-30 22:21:37,2,00003594,622300359406,2,0,2,1111.5,960.0,2223.0,0.0,2223.0,1920.0,303.0
TRX-20260330-00694,2026-03-30 22:29:03,2,00003575,622300357500,2,0,2,55.0,45.0,110.0,0.0,110.0,90.0,20.0
TRX-20260330-00867,2026-03-30 22:48:25,2,00003577,622300357700,1,1,0,65.0,50.0,65.0,65.0,0.0,0.0,0.0
TRX-20260330-02847,2026-03-30 23:39:16,1,00003565,622300356500,1,1,0,38.0,32.0,38.0,38.0,0.0,0.0,0.0
TRX-20260331-02711,2026-03-31 00:23:21,1,00003605,622300360500,2,0,2,58.0,45.0,116.0,0.0,116.0,90.0,26.0
TRX-20260331-00291,2026-03-31 00:30:55,1,00003591,622300359100,2,0,2,7.0,5.0,14.0,0.0,14.0,10.0,4.0
TRX-20260331-01327,2026-03-31 00:38:46,1,00003580,622300358000,5,0,5,38.0,30.0,190.0,0.0,190.0,150.0,40.0
TRX-20260331-02649,2026-03-31 00:45:26,5,00003589,622300358900,2,0,2,10.0,8.0,20.0,0.0,20.0,16.0,4.0
TRX-20260331-00147,2026-03-31 01:08:11,4,00003569,622300356900,1,0,1,14.0,11.0,14.0,0.0,14.0,11.0,3.0
TRX-20260331-03045,2026-03-31 01:41:43,4,00003577,622300357700,4,0,4,65.0,50.0,260.0,0.0,260.0,200.0,60.0
TRX-20260331-01698,2026-03-31 01:44:37,5,00003585,622300358500,1,0,1,220.0,180.0,220.0,0.0,220.0,180.0,40.0
TRX-20260331-02306,2026-03-31 01:54:02,2,00003613,622300361300,3,0,3,105.0,85.0,315.0,0.0,315.0,255.0,60.0
TRX-20260331-00442,2026-03-31 01:55:38,3,00003556,622300355600,3,0,3,7.0,5.5,21.0,0.0,21.0,16.5,4.5
TRX-20260331-01625,2026-03-31 02:26:03,1,00003559,622300355900,1,0,1,28.0,22.0,28.0,0.0,28.0,22.0,6.0
TRX-20260331-03935,2026-03-31 02:28:22,1,00003567,622300356700,2,0,2,34.0,29.0,68.0,0.0,68.0,58.0,10.0
TRX-20260331-02823,2026-03-31 03:43:41,5,00003586,622300358600,4,0,4,55.0,45.0,220.0,0.0,220.0,180.0,40.0
TRX-20260331-01581,2026-03-31 04:06:05,2,00003613,622300361324,1,0,1,2394.0,2040.0,2394.0,0.0,2394.0,2040.0,354.0
TRX-20260331-01404,2026-03-31 04:11:44,2,00003576,622300357600,5,3,2,245.0,210.0,1225.0,735.0,490.0,420.0,70.0
TRX-20260331-01916,2026-03-31 04:36:26,5,00003595,622300359500,4,4,0,110.0,85.0,440.0,440.0,0.0,0.0,0.0
TRX-20260331-02089,2026-03-31 04:39:30,2,00003604,622300360400,4,0,4,50.0,40.0,200.0,0.0,200.0,160.0,40.0
TRX-20260331-01015,2026-03-31 04:49:54,3,00003564,622300356400,2,2,0,20.0,16.0,40.0,40.0,0.0,0.0,0.0
TRX-20260331-00882,2026-03-31 05:14:05,4,00003593,622300359312,1,0,1,205.2,168.0,205.2,0.0,205.2,168.0,37.2
TRX-20260331-04255,2026-03-31 05:56:05,2,00003558,622300355800,5,0,5,8.0,6.5,40.0,0.0,40.0,32.5,7.5
TRX-20260331-00851,2026-03-31 06:17:23,3,00003598,622300359800,3,1,2,245.0,210.0,735.0,245.0,490.0,420.0,70.0
TRX-20260331-01904,2026-03-31 06:18:40,3,00003605,622300360500,4,0,4,58.0,45.0,232.0,0.0,232.0,180.0,52.0
TRX-20260331-01868,2026-03-31 06:34:09,1,00003581,622300358100,5,0,5,32.0,25.0,160.0,0.0,160.0,125.0,35.0
TRX-20260331-03509,2026-03-31 07:08:52,1,00003580,622300358000,3,0,3,38.0,30.0,114.0,0.0,114.0,90.0,24.0
TRX-20260331-02213,2026-03-31 07:33:01,4,00003575,622300357500,2,0,2,55.0,45.0,110.0,0.0,110.0,90.0,20.0
TRX-20260331-01002,2026-03-31 07:44:20,4,00003587,622300358700,2,0,2,135.0,110.0,270.0,0.0,270.0,220.0,50.0
TRX-20260331-04362,2026-03-31 07:58:57,1,00003593,622300359300,1,0,1,18.0,14.0,18.0,0.0,18.0,14.0,4.0
TRX-20260331-04995,2026-03-31 08:10:12,2,00003586,622300358624,1,0,1,1254.0,1080.0,1254.0,0.0,1254.0,1080.0,174.0
TRX-20260331-01444,2026-03-31 08:22:34,1,00003574,622300357400,1,1,0,155.0,135.0,155.0,155.0,0.0,0.0,0.0
TRX-20260331-01499,2026-03-31 08:40:49,2,00003561,622300356100,1,0,1,42.0,35.0,42.0,0.0,42.0,35.0,7.0
TRX-20260331-00426,2026-03-31 10:03:20,4,00003608,622300360824,2,1,1,1778.4,1440.0,3556.8,1778.4,1778.4,1440.0,338.4
TRX-20260331-02209,2026-03-31 11:10:26,3,00003571,622300357100,4,0,4,17.5,14.0,70.0,0.0,70.0,56.0,14.0
TRX-20260331-03303,2026-03-31 11:14:00,1,00003607,622300360700,1,0,1,125.0,95.0,125.0,0.0,125.0,95.0,30.0
TRX-20260331-01478,2026-03-31 11:19:24,2,00003613,622300361300,2,0,2,105.0,85.0,210.0,0.0,210.0,170.0,40.0
TRX-20260331-01517,2026-03-31 11:24:00,3,00003553,622300355300,5,0,5,450.0,400.0,2250.0,0.0,2250.0,2000.0,250.0
TRX-20260331-02380,2026-03-31 11:49:22,3,00003598,622300359800,2,0,2,245.0,210.0,490.0,0.0,490.0,420.0,70.0
TRX-20260331-02725,2026-03-31 11:54:35,1,00003557,622300355700,5,0,5,7.0,5.5,35.0,0.0,35.0,27.5,7.5
TRX-20260331-00446,2026-03-31 12:33:45,3,00003563,622300356300,4,0,4,12.0,9.0,48.0,0.0,48.0,36.0,12.0
TRX-20260331-01109,2026-03-31 13:21:57,1,00003570,622300357000,3,0,3,20.0,16.0,60.0,0.0,60.0,48.0,12.0
TRX-20260331-01401,2026-03-31 13:41:46,3,00003612,622300361200,3,0,3,16.0,12.0,48.0,0.0,48.0,36.0,12.0
TRX-20260331-04455,2026-03-31 13:52:50,3,00003569,622300356900,4,0,4,14.0,11.0,56.0,0.0,56.0,44.0,12.0
TRX-20260331-03318,2026-03-31 15:07:35,2,00003564,622300356424,1,0,1,456.0,384.0,456.0,0.0,456.0,384.0,72.0
TRX-20260331-04978,2026-03-31 15:37:28,3,00003590,622300359000,5,0,5,23.0,18.0,115.0,0.0,115.0,90.0,25.0
TRX-20260331-01645,2026-03-31 16:02:20,2,00003613,622300361300,4,0,4,105.0,85.0,420.0,0.0,420.0,340.0,80.0
TRX-20260331-00170,2026-03-31 16:19:57,1,00003581,622300358100,4,0,4,32.0,25.0,128.0,0.0,128.0,100.0,28.0
TRX-20260331-02981,2026-03-31 16:58:01,4,00003587,622300358700,1,0,1,135.0,110.0,135.0,0.0,135.0,110.0,25.0
TRX-20260331-00736,2026-03-31 17:23:36,1,00003554,622300355400,4,0,4,435.0,390.0,1740.0,0.0,1740.0,1560.0,180.0
TRX-20260331-01941,2026-03-31 18:08:32,1,00003605,622300360500,4,0,4,58.0,45.0,232.0,0.0,232.0,180.0,52.0
TRX-20260331-00088,2026-03-31 18:40:34,1,00003608,622300360800,4,0,4,78.0,60.0,312.0,0.0,312.0,240.0,72.0
TRX-20260331-03343,2026-03-31 18:41:22,2,00003575,622300357500,5,0,5,55.0,45.0,275.0,0.0,275.0,225.0,50.0
TRX-20260331-01544,2026-03-31 18:41:22,1,00003554,622300355400,1,0,1,435.0,390.0,435.0,0.0,435.0,390.0,45.0
TRX-20260331-01870,2026-03-31 18:44:37,4,00003562,622300356200,4,0,4,60.0,50.0,240.0,0.0,240.0,200.0,40.0
TRX-20260331-01027,2026-03-31 19:21:09,1,00003555,622300355500,1,0,1,480.0,420.0,480.0,0.0,480.0,420.0,60.0
TRX-20260331-03877,2026-03-31 20:12:22,5,00003598,622300359800,5,1,4,245.0,210.0,1225.0,245.0,980.0,840.0,140.0
TRX-20260331-03362,2026-03-31 20:19:00,4,00003580,622300358000,5,0,5,38.0,30.0,190.0,0.0,190.0,150.0,40.0
TRX-20260331-01126,2026-03-31 20:57:06,3,00003581,622300358100,5,0,5,32.0,25.0,160.0,0.0,160.0,125.0,35.0
TRX-20260331-03568,2026-03-31 21:34:38,2,00003612,622300361200,5,0,5,16.0,12.0,80.0,0.0,80.0,60.0,20.0
TRX-20260331-00496,2026-03-31 22:05:06,5,00003564,622300356400,5,0,5,20.0,16.0,100.0,0.0,100.0,80.0,20.0
TRX-20260331-00248,2026-03-31 22:37:59,2,00003555,622300355500,5,0,5,480.0,420.0,2400.0,0.0,2400.0,2100.0,300.0
TRX-20260331-04997,2026-03-31 22:54:10,2,00003611,622300361124,1,0,1,638.4,528.0,638.4,0.0,638.4,528.0,110.4
TRX-20260331-01767,2026-03-31 23:01:35,1,00003575,622300357500,3,0,3,55.0,45.0,165.0,0.0,165.0,135.0,30.0
TRX-20260331-02080,2026-03-31 23:15:57,5,00003557,622300355700,1,0,1,7.0,5.5,7.0,0.0,7.0,5.5,1.5
TRX-20260331-01006,2026-03-31 23:57:40,4,00003583,622300358300,3,0,3,5.5,4.0,16.5,0.0,16.5,12.0,4.5
TRX-20260401-01791,2026-04-01 00:04:15,3,00003555,622300355500,1,0,1,480.0,420.0,480.0,0.0,480.0,420.0,60.0
TRX-20260401-03971,2026-04-01 00:39:27,1,00003562,622300356200,4,0,4,60.0,50.0,240.0,0.0,240.0,200.0,40.0
TRX-20260401-02533,2026-04-01 00:56:22,2,00003602,622300360200,4,0,4,45.0,35.0,180.0,0.0,180.0,140.0,40.0
TRX-20260401-04667,2026-04-01 00:56:54,3,00003566,622300356600,2,0,2,180.0,150.0,360.0,0.0,360.0,300.0,60.0
TRX-20260401-02813,2026-04-01 01:05:09,1,00003566,622300356600,1,0,1,180.0,150.0,180.0,0.0,180.0,150.0,30.0
TRX-20260401-01486,2026-04-01 01:06:24,3,00003600,622300360000,3,0,3,135.0,110.0,405.0,0.0,405.0,330.0,75.0
TRX-20260401-00427,2026-04-01 01:19:30,3,00003606,622300360600,4,0,4,85.0,65.0,340.0,0.0,340.0,260.0,80.0
TRX-20260401-03913,2026-04-01 01:49:40,5,00003569,622300356900,2,0,2,14.0,11.0,28.0,0.0,28.0,22.0,6.0
TRX-20260401-00631,2026-04-01 01:52:18,5,00003612,622300361200,4,0,4,16.0,12.0,64.0,0.0,64.0,48.0,16.0
TRX-20260401-02360,2026-04-01 02:14:34,3,00003573,622300357300,5,1,4,88.0,75.0,440.0,88.0,352.0,300.0,52.0
TRX-20260401-01599,2026-04-01 02:21:27,2,00003585,622300358500,1,0,1,220.0,180.0,220.0,0.0,220.0,180.0,40.0
TRX-20260401-04571,2026-04-01 03:20:11,2,00003587,622300358700,3,0,3,135.0,110.0,405.0,0.0,405.0,330.0,75.0
TRX-20260401-04961,2026-04-01 03:44:09,1,00003602,622300360200,5,0,5,45.0,35.0,225.0,0.0,225.0,175.0,50.0
TRX-20260401-04666,2026-04-01 05:23:53,2,00003553,622300355300,1,0,1,450.0,400.0,450.0,0.0,450.0,400.0,50.0
TRX-20260401-00604,2026-04-01 05:41:04,1,00003600,622300360000,2,0,2,135.0,110.0,270.0,0.0,270.0,220.0,50.0
TRX-20260401-02423,2026-04-01 06:11:34,4,00003553,622300355300,4,0,4,450.0,400.0,1800.0,0.0,1800.0,1600.0,200.0
TRX-20260401-02683,2026-04-01 06:26:36,1,00003607,622300360700,3,0,3,125.0,95.0,375.0,0.0,375.0,285.0,90.0
TRX-20260401-02784,2026-04-01 06:41:34,5,00003553,622300355300,2,0,2,450.0,400.0,900.0,0.0,900.0,800.0,100.0
TRX-20260401-00325,2026-04-01 06:51:19,5,00003583,622300358300,4,0,4,5.5,4.0,22.0,0.0,22.0,16.0,6.0
TRX-20260401-03518,2026-04-01 07:04:59,3,00003603,622300360300,4,0,4,35.0,28.0,140.0,0.0,140.0,112.0,28.0
TRX-20260401-00301,2026-04-01 07:35:50,3,00003573,622300357300,1,0,1,88.0,75.0,88.0,0.0,88.0,75.0,13.0
TRX-20260401-00453,2026-04-01 07:42:57,1,00003569,622300356900,3,0,3,14.0,11.0,42.0,0.0,42.0,33.0,9.0
TRX-20260401-00012,2026-04-01 09:26:49,2,00003578,622300357800,3,0,3,45.0,35.0,135.0,0.0,135.0,105.0,30.0
TRX-20260401-02660,2026-04-01 09:47:30,2,00003598,622300359812,2,0,2,2793.0,2520.0,5586.0,0.0,5586.0,5040.0,546.0
TRX-20260401-00790,2026-04-01 09:54:08,3,00003584,622300358400,4,0,4,26.0,20.0,104.0,0.0,104.0,80.0,24.0
TRX-20260401-00749,2026-04-01 10:10:15,1,00003609,622300360900,1,0,1,110.0,85.0,110.0,0.0,110.0,85.0,25.0
TRX-20260401-04673,2026-04-01 10:20:05,4,00003572,622300357200,1,0,1,23.0,18.0,23.0,0.0,23.0,18.0,5.0
TRX-20260401-02954,2026-04-01 10:20:54,4,00003578,622300357800,1,0,1,45.0,35.0,45.0,0.0,45.0,35.0,10.0
TRX-20260401-03525,2026-04-01 10:54:21,1,00003605,622300360500,1,0,1,58.0,45.0,58.0,0.0,58.0,45.0,13.0
TRX-20260401-02669,2026-04-01 11:14:38,2,00003558,622300355824,1,1,0,182.4,156.0,182.4,182.4,0.0,0.0,0.0
TRX-20260401-01258,2026-04-01 11:27:57,3,00003561,622300356124,2,1,1,957.6,840.0,1915.2,957.6,957.6,840.0,117.6
TRX-20260401-01317,2026-04-01 12:42:32,1,00003597,622300359700,1,1,0,160.0,130.0,160.0,160.0,0.0,0.0,0.0
TRX-20260401-03820,2026-04-01 12:50:59,1,00003586,622300358624,1,1,0,1254.0,1080.0,1254.0,1254.0,0.0,0.0,0.0
TRX-20260401-02542,2026-04-01 13:00:41,3,00003574,622300357400,1,0,1,155.0,135.0,155.0,0.0,155.0,135.0,20.0
TRX-20260401-01871,2026-04-01 14:39:02,1,00003598,622300359800,2,0,2,245.0,210.0,490.0,0.0,490.0,420.0,70.0
TRX-20260401-00959,2026-04-01 15:28:27,3,00003561,622300356100,2,0,2,42.0,35.0,84.0,0.0,84.0,70.0,14.0
TRX-20260401-03436,2026-04-01 16:12:13,2,00003610,622300361000,1,0,1,75.0,60.0,75.0,0.0,75.0,60.0,15.0
TRX-20260401-03325,2026-04-01 16:33:30,1,00003573,622300357300,1,0,1,88.0,75.0,88.0,0.0,88.0,75.0,13.0
TRX-20260401-02084,2026-04-01 17:23:57,4,00003585,622300358500,3,0,3,220.0,180.0,660.0,0.0,660.0,540.0,120.0
TRX-20260401-04851,2026-04-01 17:37:50,5,00003561,622300356100,5,0,5,42.0,35.0,210.0,0.0,210.0,175.0,35.0
TRX-20260401-00506,2026-04-01 17:56:59,1,00003601,622300360100,2,2,0,205.0,175.0,410.0,410.0,0.0,0.0,0.0
TRX-20260401-04491,2026-04-01 18:15:31,4,00003558,622300355800,4,0,4,8.0,6.5,32.0,0.0,32.0,26.0,6.0
TRX-20260401-02075,2026-04-01 18:36:09,1,00003559,622300355900,3,2,1,28.0,22.0,84.0,56.0,28.0,22.0,6.0
TRX-20260401-00738,2026-04-01 19:59:10,3,00003588,622300358800,3,0,3,95.0,75.0,285.0,0.0,285.0,225.0,60.0
TRX-20260401-04519,2026-04-01 20:19:06,1,00003577,622300357700,1,0,1,65.0,50.0,65.0,0.0,65.0,50.0,15.0
TRX-20260401-01354,2026-04-01 21:03:54,1,00003590,622300359000,2,0,2,23.0,18.0,46.0,0.0,46.0,36.0,10.0
TRX-20260401-04980,2026-04-01 21:12:17,1,00003603,622300360300,5,0,5,35.0,28.0,175.0,0.0,175.0,140.0,35.0
TRX-20260401-00668,2026-04-01 22:49:54,1,00003565,622300356500,2,2,0,38.0,32.0,76.0,76.0,0.0,0.0,0.0
TRX-20260402-02903,2026-04-02 00:08:03,2,00003576,622300357600,1,0,1,245.0,210.0,245.0,0.0,245.0,210.0,35.0
TRX-20260402-02949,2026-04-02 00:09:26,3,00003568,622300356800,4,0,4,105.0,85.0,420.0,0.0,420.0,340.0,80.0
TRX-20260402-03898,2026-04-02 00:39:24,4,00003589,622300358912,2,0,2,114.0,96.0,228.0,0.0,228.0,192.0,36.0
TRX-20260402-04078,2026-04-02 01:40:20,3,00003562,622300356200,2,0,2,60.0,50.0,120.0,0.0,120.0,100.0,20.0
TRX-20260402-02365,2026-04-02 02:00:00,1,00003564,622300356400,4,0,4,20.0,16.0,80.0,0.0,80.0,64.0,16.0
TRX-20260402-03964,2026-04-02 02:02:32,1,00003582,622300358200,1,0,1,28.0,22.0,28.0,0.0,28.0,22.0,6.0
TRX-20260402-03210,2026-04-02 02:41:21,3,00003612,622300361200,4,0,4,16.0,12.0,64.0,0.0,64.0,48.0,16.0
TRX-20260402-02256,2026-04-02 02:59:11,4,00003608,622300360800,1,0,1,78.0,60.0,78.0,0.0,78.0,60.0,18.0
TRX-20260402-00163,2026-04-02 03:33:38,4,00003563,622300356300,3,0,3,12.0,9.0,36.0,0.0,36.0,27.0,9.0
TRX-20260402-02401,2026-04-02 04:04:33,1,00003580,622300358000,3,0,3,38.0,30.0,114.0,0.0,114.0,90.0,24.0
TRX-20260402-00099,2026-04-02 04:22:00,2,00003562,622300356206,2,0,2,342.0,300.0,684.0,0.0,684.0,600.0,84.0
TRX-20260402-00729,2026-04-02 04:57:24,2,00003601,622300360100,4,0,4,205.0,175.0,820.0,0.0,820.0,700.0,120.0
TRX-20260402-03828,2026-04-02 04:57:51,4,00003576,622300357600,1,0,1,245.0,210.0,245.0,0.0,245.0,210.0,35.0
TRX-20260402-02786,2026-04-02 05:42:53,3,00003596,622300359600,1,0,1,120.0,95.0,120.0,0.0,120.0,95.0,25.0
TRX-20260402-01230,2026-04-02 05:53:21,3,00003574,622300357400,5,0,5,155.0,135.0,775.0,0.0,775.0,675.0,100.0
TRX-20260402-04041,2026-04-02 06:07:13,3,00003605,622300360500,3,0,3,58.0,45.0,174.0,0.0,174.0,135.0,39.0
TRX-20260402-02923,2026-04-02 06:21:13,4,00003564,622300356400,1,0,1,20.0,16.0,20.0,0.0,20.0,16.0,4.0
TRX-20260402-02422,2026-04-02 06:25:58,3,00003600,622300360000,2,0,2,135.0,110.0,270.0,0.0,270.0,220.0,50.0
TRX-20260402-03854,2026-04-02 06:39:28,3,00003569,622300356900,2,2,0,14.0,11.0,28.0,28.0,0.0,0.0,0.0
TRX-20260402-02659,2026-04-02 06:58:51,5,00003570,622300357000,2,0,2,20.0,16.0,40.0,0.0,40.0,32.0,8.0
TRX-20260402-02131,2026-04-02 08:14:00,5,00003585,622300358500,1,0,1,220.0,180.0,220.0,0.0,220.0,180.0,40.0
TRX-20260402-00541,2026-04-02 08:17:37,1,00003606,622300360600,3,0,3,85.0,65.0,255.0,0.0,255.0,195.0,60.0
TRX-20260402-00730,2026-04-02 08:19:58,1,00003599,622300359900,4,2,2,380.0,320.0,1520.0,760.0,760.0,640.0,120.0
TRX-20260402-01353,2026-04-02 08:28:31,4,00003563,622300356300,3,0,3,12.0,9.0,36.0,0.0,36.0,27.0,9.0
TRX-20260402-04264,2026-04-02 08:32:45,2,00003561,622300356100,5,0,5,42.0,35.0,210.0,0.0,210.0,175.0,35.0
TRX-20260402-03545,2026-04-02 08:49:33,2,00003557,622300355700,2,0,2,7.0,5.5,14.0,0.0,14.0,11.0,3.0
TRX-20260402-03499,2026-04-02 08:57:00,4,00003608,622300360800,3,0,3,78.0,60.0,234.0,0.0,234.0,180.0,54.0
TRX-20260402-03590,2026-04-02 09:17:56,3,00003583,622300358300,1,0,1,5.5,4.0,5.5,0.0,5.5,4.0,1.5
TRX-20260402-01384,2026-04-02 09:32:04,3,00003585,622300358500,2,0,2,220.0,180.0,440.0,0.0,440.0,360.0,80.0
TRX-20260402-02461,2026-04-02 09:38:36,2,00003606,622300360600,3,0,3,85.0,65.0,255.0,0.0,255.0,195.0,60.0
TRX-20260402-02032,2026-04-02 10:09:47,1,00003562,622300356206,2,0,2,342.0,300.0,684.0,0.0,684.0,600.0,84.0
TRX-20260402-01962,2026-04-02 10:23:39,3,00003586,622300358600,4,0,4,55.0,45.0,220.0,0.0,220.0,180.0,40.0
TRX-20260402-00840,2026-04-02 10:29:18,5,00003569,622300356900,1,0,1,14.0,11.0,14.0,0.0,14.0,11.0,3.0
TRX-20260402-03814,2026-04-02 11:31:31,1,00003609,622300360900,1,0,1,110.0,85.0,110.0,0.0,110.0,85.0,25.0
TRX-20260402-02928,2026-04-02 11:47:45,2,00003592,622300359200,4,0,4,4.5,3.0,18.0,0.0,18.0,12.0,6.0
TRX-20260402-02857,2026-04-02 14:44:58,4,00003570,622300357000,1,0,1,20.0,16.0,20.0,0.0,20.0,16.0,4.0
TRX-20260402-00392,2026-04-02 15:47:54,3,00003603,622300360300,2,0,2,35.0,28.0,70.0,0.0,70.0,56.0,14.0
TRX-20260402-03707,2026-04-02 15:51:58,2,00003596,622300359600,5,0,5,120.0,95.0,600.0,0.0,600.0,475.0,125.0
TRX-20260402-04074,2026-04-02 16:37:10,1,00003560,622300356000,1,0,1,135.0,110.0,135.0,0.0,135.0,110.0,25.0
TRX-20260402-01298,2026-04-02 16:38:29,2,00003584,622300358400,1,1,0,26.0,20.0,26.0,26.0,0.0,0.0,0.0
TRX-20260402-00265,2026-04-02 17:13:17,3,00003600,622300360000,4,0,4,135.0,110.0,540.0,0.0,540.0,440.0,100.0
TRX-20260402-00711,2026-04-02 17:46:08,3,00003573,622300357300,4,0,4,88.0,75.0,352.0,0.0,352.0,300.0,52.0
TRX-20260402-04607,2026-04-02 17:57:25,2,00003606,622300360600,1,0,1,85.0,65.0,85.0,0.0,85.0,65.0,20.0
TRX-20260402-04266,2026-04-02 18:02:44,2,00003600,622300360000,4,0,4,135.0,110.0,540.0,0.0,540.0,440.0,100.0
TRX-20260402-02344,2026-04-02 19:45:21,1,00003594,622300359400,3,0,3,195.0,160.0,585.0,0.0,585.0,480.0,105.0
TRX-20260402-02667,2026-04-02 20:22:49,3,00003589,622300358900,1,1,0,10.0,8.0,10.0,10.0,0.0,0.0,0.0
TRX-20260402-01186,2026-04-02 21:03:49,1,00003601,622300360100,3,0,3,205.0,175.0,615.0,0.0,615.0,525.0,90.0
TRX-20260402-01228,2026-04-02 21:24:33,2,00003599,622300359900,2,0,2,380.0,320.0,760.0,0.0,760.0,640.0,120.0
TRX-20260402-02187,2026-04-02 22:01:04,2,00003572,622300357200,3,0,3,23.0,18.0,69.0,0.0,69.0,54.0,15.0
TRX-20260402-02048,2026-04-02 22:17:45,2,00003606,622300360600,2,0,2,85.0,65.0,170.0,0.0,170.0,130.0,40.0
TRX-20260402-04884,2026-04-02 22:24:02,2,00003596,622300359600,2,0,2,120.0,95.0,240.0,0.0,240.0,190.0,50.0
TRX-20260402-02951,2026-04-02 22:54:15,2,00003587,622300358700,5,0,5,135.0,110.0,675.0,0.0,675.0,550.0,125.0
TRX-20260402-00776,2026-04-02 23:00:40,2,00003568,622300356800,5,0,5,105.0,85.0,525.0,0.0,525.0,425.0,100.0
TRX-20260402-03960,2026-04-02 23:01:36,1,00003581,622300358124,2,0,2,729.6,600.0,1459.2,0.0,1459.2,1200.0,259.2
TRX-20260402-04203,2026-04-02 23:09:43,2,00003558,622300355800,2,0,2,8.0,6.5,16.0,0.0,16.0,13.0,3.0
TRX-20260402-00629,2026-04-02 23:18:03,4,00003557,622300355700,1,0,1,7.0,5.5,7.0,0.0,7.0,5.5,1.5
TRX-20260402-02517,2026-04-02 23:48:01,2,00003611,622300361100,5,0,5,28.0,22.0,140.0,0.0,140.0,110.0,30.0
TRX-20260402-03389,2026-04-02 23:49:37,1,00003560,622300356000,3,0,3,135.0,110.0,405.0,0.0,405.0,330.0,75.0
TRX-20260403-03936,2026-04-03 00:53:12,3,00003575,622300357500,5,0,5,55.0,45.0,275.0,0.0,275.0,225.0,50.0
TRX-20260403-03118,2026-04-03 01:17:41,3,00003606,622300360600,5,0,5,85.0,65.0,425.0,0.0,425.0,325.0,100.0
TRX-20260403-03904,2026-04-03 01:42:02,3,00003580,622300358000,1,1,0,38.0,30.0,38.0,38.0,0.0,0.0,0.0
TRX-20260403-01734,2026-04-03 01:55:33,3,00003579,622300357900,5,0,5,110.0,85.0,550.0,0.0,550.0,425.0,125.0
TRX-20260403-00699,2026-04-03 02:05:05,1,00003603,622300360300,2,0,2,35.0,28.0,70.0,0.0,70.0,56.0,14.0
TRX-20260403-00865,2026-04-03 02:19:55,2,00003571,622300357124,1,1,0,399.0,336.0,399.0,399.0,0.0,0.0,0.0
TRX-20260403-04365,2026-04-03 02:24:24,1,00003608,622300360800,2,0,2,78.0,60.0,156.0,0.0,156.0,120.0,36.0
TRX-20260403-02827,2026-04-03 03:16:20,4,00003578,622300357800,2,0,2,45.0,35.0,90.0,0.0,90.0,70.0,20.0
TRX-20260403-04888,2026-04-03 04:15:41,2,00003569,622300356900,2,2,0,14.0,11.0,28.0,28.0,0.0,0.0,0.0
TRX-20260403-02787,2026-04-03 04:21:47,2,00003584,622300358400,4,0,4,26.0,20.0,104.0,0.0,104.0,80.0,24.0
TRX-20260403-00386,2026-04-03 05:42:25,3,00003584,622300358400,4,0,4,26.0,20.0,104.0,0.0,104.0,80.0,24.0
TRX-20260403-00921,2026-04-03 06:20:36,4,00003573,622300357300,5,0,5,88.0,75.0,440.0,0.0,440.0,375.0,65.0
TRX-20260403-01344,2026-04-03 06:21:39,2,00003566,622300356600,4,0,4,180.0,150.0,720.0,0.0,720.0,600.0,120.0
TRX-20260403-01295,2026-04-03 07:09:50,1,00003564,622300356400,2,2,0,20.0,16.0,40.0,40.0,0.0,0.0,0.0
TRX-20260403-03641,2026-04-03 07:38:28,1,00003563,622300356312,2,0,2,136.8,108.0,273.6,0.0,273.6,216.0,57.6
TRX-20260403-00863,2026-04-03 07:57:05,3,00003600,622300360000,4,0,4,135.0,110.0,540.0,0.0,540.0,440.0,100.0
TRX-20260403-04504,2026-04-03 08:13:13,2,00003555,622300355500,1,0,1,480.0,420.0,480.0,0.0,480.0,420.0,60.0
TRX-20260403-04478,2026-04-03 08:15:08,3,00003610,622300361000,4,0,4,75.0,60.0,300.0,0.0,300.0,240.0,60.0
TRX-20260403-04637,2026-04-03 08:31:41,1,00003566,622300356600,4,0,4,180.0,150.0,720.0,0.0,720.0,600.0,120.0
TRX-20260403-01257,2026-04-03 08:46:04,5,00003590,622300359000,4,0,4,23.0,18.0,92.0,0.0,92.0,72.0,20.0
TRX-20260403-00597,2026-04-03 10:27:07,1,00003603,622300360300,1,0,1,35.0,28.0,35.0,0.0,35.0,28.0,7.0
TRX-20260403-04785,2026-04-03 11:10:05,1,00003606,622300360600,2,0,2,85.0,65.0,170.0,0.0,170.0,130.0,40.0
TRX-20260403-04238,2026-04-03 12:30:50,4,00003574,622300357400,2,0,2,155.0,135.0,310.0,0.0,310.0,270.0,40.0
TRX-20260403-00173,2026-04-03 12:32:50,2,00003605,622300360500,2,0,2,58.0,45.0,116.0,0.0,116.0,90.0,26.0
TRX-20260403-02340,2026-04-03 13:07:24,1,00003565,622300356500,1,0,1,38.0,32.0,38.0,0.0,38.0,32.0,6.0
TRX-20260403-03799,2026-04-03 13:48:24,1,00003606,622300360600,3,0,3,85.0,65.0,255.0,0.0,255.0,195.0,60.0
TRX-20260403-01424,2026-04-03 14:25:48,2,00003598,622300359800,2,0,2,245.0,210.0,490.0,0.0,490.0,420.0,70.0
TRX-20260403-00129,2026-04-03 14:52:41,1,00003561,622300356100,3,0,3,42.0,35.0,126.0,0.0,126.0,105.0,21.0
TRX-20260403-01642,2026-04-03 15:07:18,2,00003611,622300361100,1,0,1,28.0,22.0,28.0,0.0,28.0,22.0,6.0
TRX-20260403-02713,2026-04-03 15:29:11,1,00003576,622300357600,2,0,2,245.0,210.0,490.0,0.0,490.0,420.0,70.0
TRX-20260403-02211,2026-04-03 15:43:47,1,00003610,622300361000,4,0,4,75.0,60.0,300.0,0.0,300.0,240.0,60.0
TRX-20260403-04524,2026-04-03 15:56:12,2,00003611,622300361100,2,0,2,28.0,22.0,56.0,0.0,56.0,44.0,12.0
TRX-20260403-00067,2026-04-03 16:13:28,1,00003557,622300355700,1,0,1,7.0,5.5,7.0,0.0,7.0,5.5,1.5
TRX-20260403-02950,2026-04-03 16:18:57,3,00003560,622300356000,3,2,1,135.0,110.0,405.0,270.0,135.0,110.0,25.0
TRX-20260403-02945,2026-04-03 16:55:46,3,00003607,622300360700,1,0,1,125.0,95.0,125.0,0.0,125.0,95.0,30.0
TRX-20260403-00073,2026-04-03 17:39:58,4,00003594,622300359406,1,0,1,1111.5,960.0,1111.5,0.0,1111.5,960.0,151.5
TRX-20260403-02896,2026-04-03 17:54:31,1,00003594,622300359400,2,0,2,195.0,160.0,390.0,0.0,390.0,320.0,70.0
TRX-20260403-01854,2026-04-03 18:29:22,3,00003596,622300359600,5,0,5,120.0,95.0,600.0,0.0,600.0,475.0,125.0
TRX-20260403-03535,2026-04-03 19:01:39,5,00003558,622300355800,4,0,4,8.0,6.5,32.0,0.0,32.0,26.0,6.0
TRX-20260403-02276,2026-04-03 19:04:31,3,00003580,622300358000,5,0,5,38.0,30.0,190.0,0.0,190.0,150.0,40.0
TRX-20260403-02576,2026-04-03 19:13:19,5,00003552,622300355200,2,0,2,420.0,380.0,840.0,0.0,840.0,760.0,80.0
TRX-20260403-03490,2026-04-03 19:27:27,3,00003567,622300356700,2,0,2,34.0,29.0,68.0,0.0,68.0,58.0,10.0
TRX-20260403-01066,2026-04-03 20:21:52,1,00003567,622300356724,2,0,2,775.2,696.0,1550.4,0.0,1550.4,1392.0,158.4
TRX-20260403-04930,2026-04-03 20:28:41,2,00003576,622300357600,2,0,2,245.0,210.0,490.0,0.0,490.0,420.0,70.0
TRX-20260403-00303,2026-04-03 20:31:29,2,00003578,622300357800,3,2,1,45.0,35.0,135.0,90.0,45.0,35.0,10.0
TRX-20260403-03411,2026-04-03 20:47:50,2,00003562,622300356200,1,0,1,60.0,50.0,60.0,0.0,60.0,50.0,10.0
TRX-20260403-00523,2026-04-03 21:17:48,2,00003573,622300357300,3,0,3,88.0,75.0,264.0,0.0,264.0,225.0,39.0
TRX-20260403-03216,2026-04-03 21:37:59,5,00003612,622300361200,4,2,2,16.0,12.0,64.0,32.0,32.0,24.0,8.0
TRX-20260403-02634,2026-04-03 21:47:08,3,00003602,622300360200,4,0,4,45.0,35.0,180.0,0.0,180.0,140.0,40.0
TRX-20260403-01824,2026-04-03 22:17:33,1,00003572,622300357206,2,0,2,131.1,108.0,262.2,0.0,262.2,216.0,46.2
TRX-20260403-03153,2026-04-03 23:06:25,2,00003573,622300357300,5,0,5,88.0,75.0,440.0,0.0,440.0,375.0,65.0
TRX-20260403-03666,2026-04-03 23:40:20,1,00003612,622300361200,4,0,4,16.0,12.0,64.0,0.0,64.0,48.0,16.0
TRX-20260403-02598,2026-04-03 23:58:01,5,00003557,622300355700,5,0,5,7.0,5.5,35.0,0.0,35.0,27.5,7.5
TRX-20260404-00131,2026-04-04 00:07:35,4,00003575,622300357500,4,0,4,55.0,45.0,220.0,0.0,220.0,180.0,40.0
TRX-20260404-01199,2026-04-04 00:11:56,2,00003583,622300358300,4,0,4,5.5,4.0,22.0,0.0,22.0,16.0,6.0
TRX-20260404-00421,2026-04-04 02:19:51,3,00003596,622300359600,4,0,4,120.0,95.0,480.0,0.0,480.0,380.0,100.0
TRX-20260404-04868,2026-04-04 02:40:05,1,00003569,622300356900,4,0,4,14.0,11.0,56.0,0.0,56.0,44.0,12.0
TRX-20260404-02028,2026-04-04 02:54:15,3,00003599,622300359906,1,1,0,2166.0,1920.0,2166.0,2166.0,0.0,0.0,0.0
TRX-20260404-00525,2026-04-04 03:07:55,1,00003584,622300358400,2,0,2,26.0,20.0,52.0,0.0,52.0,40.0,12.0
TRX-20260404-00202,2026-04-04 03:09:42,3,00003555,622300355500,2,0,2,480.0,420.0,960.0,0.0,960.0,840.0,120.0
TRX-20260404-01100,2026-04-04 03:19:48,4,00003596,622300359600,5,0,5,120.0,95.0,600.0,0.0,600.0,475.0,125.0
TRX-20260404-04577,2026-04-04 03:35:00,4,00003558,622300355800,2,0,2,8.0,6.5,16.0,0.0,16.0,13.0,3.0
TRX-20260404-04429,2026-04-04 03:37:29,1,00003601,622300360100,1,1,0,205.0,175.0,205.0,205.0,0.0,0.0,0.0
TRX-20260404-01563,2026-04-04 03:57:44,1,00003596,622300359600,4,0,4,120.0,95.0,480.0,0.0,480.0,380.0,100.0
TRX-20260404-03752,2026-04-04 04:22:09,4,00003595,622300359500,2,0,2,110.0,85.0,220.0,0.0,220.0,170.0,50.0
TRX-20260404-03262,2026-04-04 05:50:47,4,00003555,622300355500,1,0,1,480.0,420.0,480.0,0.0,480.0,420.0,60.0
TRX-20260404-04154,2026-04-04 05:51:35,1,00003601,622300360100,2,0,2,205.0,175.0,410.0,0.0,410.0,350.0,60.0
TRX-20260404-01455,2026-04-04 06:12:30,2,00003571,622300357100,2,0,2,17.5,14.0,35.0,0.0,35.0,28.0,7.0
TRX-20260404-04420,2026-04-04 06:15:29,1,00003578,622300357800,1,0,1,45.0,35.0,45.0,0.0,45.0,35.0,10.0
TRX-20260404-02012,2026-04-04 06:23:31,1,00003572,622300357200,5,0,5,23.0,18.0,115.0,0.0,115.0,90.0,25.0
TRX-20260404-00220,2026-04-04 07:53:22,3,00003593,622300359312,2,0,2,205.2,168.0,410.4,0.0,410.4,336.0,74.4
TRX-20260404-02481,2026-04-04 08:36:46,1,00003597,622300359700,5,0,5,160.0,130.0,800.0,0.0,800.0,650.0,150.0
TRX-20260404-03952,2026-04-04 08:44:42,3,00003580,622300358000,3,0,3,38.0,30.0,114.0,0.0,114.0,90.0,24.0
TRX-20260404-00515,2026-04-04 08:45:19,1,00003595,622300359500,5,0,5,110.0,85.0,550.0,0.0,550.0,425.0,125.0
TRX-20260404-04899,2026-04-04 09:02:42,5,00003594,622300359400,4,2,2,195.0,160.0,780.0,390.0,390.0,320.0,70.0
TRX-20260404-03907,2026-04-04 09:31:27,1,00003612,622300361200,1,1,0,16.0,12.0,16.0,16.0,0.0,0.0,0.0
TRX-20260404-02696,2026-04-04 09:51:50,1,00003597,622300359700,3,0,3,160.0,130.0,480.0,0.0,480.0,390.0,90.0
TRX-20260404-00737,2026-04-04 10:07:47,3,00003573,622300357300,2,0,2,88.0,75.0,176.0,0.0,176.0,150.0,26.0
TRX-20260404-04080,2026-04-04 10:20:33,1,00003607,622300360712,2,0,2,1425.0,1140.0,2850.0,0.0,2850.0,2280.0,570.0
TRX-20260404-00540,2026-04-04 10:34:55,4,00003592,622300359200,5,0,5,4.5,3.0,22.5,0.0,22.5,15.0,7.5
TRX-20260404-00537,2026-04-04 11:02:43,2,00003598,622300359800,1,0,1,245.0,210.0,245.0,0.0,245.0,210.0,35.0
TRX-20260404-00610,2026-04-04 11:25:21,1,00003559,622300355900,4,0,4,28.0,22.0,112.0,0.0,112.0,88.0,24.0
TRX-20260404-00877,2026-04-04 11:42:06,1,00003597,622300359700,2,0,2,160.0,130.0,320.0,0.0,320.0,260.0,60.0
TRX-20260404-02004,2026-04-04 11:47:57,2,00003606,622300360600,5,0,5,85.0,65.0,425.0,0.0,425.0,325.0,100.0
TRX-20260404-01536,2026-04-04 12:05:19,2,00003591,622300359100,2,0,2,7.0,5.0,14.0,0.0,14.0,10.0,4.0
TRX-20260404-01552,2026-04-04 12:08:55,1,00003591,622300359100,2,0,2,7.0,5.0,14.0,0.0,14.0,10.0,4.0
TRX-20260404-02248,2026-04-04 13:20:53,1,00003569,622300356900,4,1,3,14.0,11.0,56.0,14.0,42.0,33.0,9.0
TRX-20260404-03050,2026-04-04 14:31:57,1,00003591,622300359100,3,2,1,7.0,5.0,21.0,14.0,7.0,5.0,2.0
TRX-20260404-01148,2026-04-04 16:07:45,1,00003596,622300359600,4,0,4,120.0,95.0,480.0,0.0,480.0,380.0,100.0
TRX-20260404-01684,2026-04-04 16:08:36,2,00003562,622300356200,3,0,3,60.0,50.0,180.0,0.0,180.0,150.0,30.0
TRX-20260404-02686,2026-04-04 16:58:23,1,00003583,622300358300,4,0,4,5.5,4.0,22.0,0.0,22.0,16.0,6.0
TRX-20260404-04390,2026-04-04 16:59:35,1,00003605,622300360500,2,0,2,58.0,45.0,116.0,0.0,116.0,90.0,26.0
TRX-20260404-01529,2026-04-04 17:21:48,2,00003609,622300360900,2,0,2,110.0,85.0,220.0,0.0,220.0,170.0,50.0
TRX-20260404-02379,2026-04-04 17:26:11,3,00003592,622300359200,4,0,4,4.5,3.0,18.0,0.0,18.0,12.0,6.0
TRX-20260404-03697,2026-04-04 17:30:14,1,00003576,622300357600,3,0,3,245.0,210.0,735.0,0.0,735.0,630.0,105.0
TRX-20260404-01013,2026-04-04 17:42:35,5,00003607,622300360700,2,0,2,125.0,95.0,250.0,0.0,250.0,190.0,60.0
TRX-20260404-00622,2026-04-04 18:21:08,1,00003559,622300355900,5,0,5,28.0,22.0,140.0,0.0,140.0,110.0,30.0
TRX-20260404-03489,2026-04-04 18:35:34,4,00003597,622300359700,4,0,4,160.0,130.0,640.0,0.0,640.0,520.0,120.0
TRX-20260404-00758,2026-04-04 18:38:45,3,00003609,622300360900,3,0,3,110.0,85.0,330.0,0.0,330.0,255.0,75.0
TRX-20260404-02741,2026-04-04 19:30:10,5,00003598,622300359800,5,0,5,245.0,210.0,1225.0,0.0,1225.0,1050.0,175.0
TRX-20260404-04944,2026-04-04 19:41:34,1,00003569,622300356900,2,0,2,14.0,11.0,28.0,0.0,28.0,22.0,6.0
TRX-20260404-00644,2026-04-04 20:07:07,3,00003556,622300355600,2,0,2,7.0,5.5,14.0,0.0,14.0,11.0,3.0
TRX-20260404-03361,2026-04-04 20:28:48,2,00003594,622300359400,5,1,4,195.0,160.0,975.0,195.0,780.0,640.0,140.0
TRX-20260404-03101,2026-04-04 21:07:17,3,00003598,622300359800,3,0,3,245.0,210.0,735.0,0.0,735.0,630.0,105.0
TRX-20260404-04354,2026-04-04 21:15:49,2,00003572,622300357200,3,0,3,23.0,18.0,69.0,0.0,69.0,54.0,15.0
TRX-20260404-03506,2026-04-04 21:37:57,4,00003588,622300358800,1,0,1,95.0,75.0,95.0,0.0,95.0,75.0,20.0
TRX-20260404-02174,2026-04-04 22:22:33,1,00003611,622300361100,3,0,3,28.0,22.0,84.0,0.0,84.0,66.0,18.0
TRX-20260404-03306,2026-04-04 22:23:11,2,00003586,622300358600,3,0,3,55.0,45.0,165.0,0.0,165.0,135.0,30.0
TRX-20260404-02410,2026-04-04 22:46:05,1,00003577,622300357700,2,0,2,65.0,50.0,130.0,0.0,130.0,100.0,30.0
TRX-20260404-01816,2026-04-04 23:09:29,2,00003579,622300357900,1,0,1,110.0,85.0,110.0,0.0,110.0,85.0,25.0
TRX-20260404-00475,2026-04-04 23:19:28,4,00003565,622300356500,3,0,3,38.0,32.0,114.0,0.0,114.0,96.0,18.0
TRX-20260404-04022,2026-04-04 23:22:58,3,00003552,622300355200,1,0,1,420.0,380.0,420.0,0.0,420.0,380.0,40.0
TRX-20260405-02200,2026-04-05 02:14:58,1,00003584,622300358400,2,0,2,26.0,20.0,52.0,0.0,52.0,40.0,12.0
TRX-20260405-01056,2026-04-05 03:06:50,1,00003568,622300356800,1,0,1,105.0,85.0,105.0,0.0,105.0,85.0,20.0
TRX-20260405-03296,2026-04-05 03:31:37,5,00003564,622300356400,3,0,3,20.0,16.0,60.0,0.0,60.0,48.0,12.0
TRX-20260405-04152,2026-04-05 03:45:58,3,00003573,622300357300,1,1,0,88.0,75.0,88.0,88.0,0.0,0.0,0.0
TRX-20260405-03028,2026-04-05 04:03:43,3,00003572,622300357200,2,2,0,23.0,18.0,46.0,46.0,0.0,0.0,0.0
TRX-20260405-01442,2026-04-05 04:03:50,1,00003580,622300358000,2,0,2,38.0,30.0,76.0,0.0,76.0,60.0,16.0
TRX-20260405-02210,2026-04-05 04:06:26,5,00003573,622300357300,4,0,4,88.0,75.0,352.0,0.0,352.0,300.0,52.0
TRX-20260405-02697,2026-04-05 04:26:33,2,00003586,622300358600,5,0,5,55.0,45.0,275.0,0.0,275.0,225.0,50.0
TRX-20260405-00847,2026-04-05 04:44:00,3,00003588,622300358800,4,0,4,95.0,75.0,380.0,0.0,380.0,300.0,80.0
TRX-20260405-03962,2026-04-05 04:53:37,3,00003575,622300357500,5,0,5,55.0,45.0,275.0,0.0,275.0,225.0,50.0
TRX-20260405-01362,2026-04-05 05:06:48,4,00003610,622300361000,3,0,3,75.0,60.0,225.0,0.0,225.0,180.0,45.0
TRX-20260405-02392,2026-04-05 05:49:06,1,00003569,622300356900,5,0,5,14.0,11.0,70.0,0.0,70.0,55.0,15.0
TRX-20260405-02984,2026-04-05 05:58:55,5,00003589,622300358900,5,0,5,10.0,8.0,50.0,0.0,50.0,40.0,10.0
TRX-20260405-00712,2026-04-05 06:27:54,1,00003569,622300356900,5,0,5,14.0,11.0,70.0,0.0,70.0,55.0,15.0
TRX-20260405-03047,2026-04-05 06:35:52,2,00003562,622300356200,1,0,1,60.0,50.0,60.0,0.0,60.0,50.0,10.0
TRX-20260405-03715,2026-04-05 06:43:05,2,00003585,622300358512,1,0,1,2508.0,2160.0,2508.0,0.0,2508.0,2160.0,348.0
TRX-20260405-02025,2026-04-05 06:56:46,1,00003588,622300358824,1,1,0,2166.0,1800.0,2166.0,2166.0,0.0,0.0,0.0
TRX-20260405-02092,2026-04-05 06:57:03,1,00003591,622300359100,4,0,4,7.0,5.0,28.0,0.0,28.0,20.0,8.0
TRX-20260405-02018,2026-04-05 07:00:02,1,00003589,622300358900,4,0,4,10.0,8.0,40.0,0.0,40.0,32.0,8.0
TRX-20260405-00302,2026-04-05 07:02:19,4,00003580,622300358000,3,0,3,38.0,30.0,114.0,0.0,114.0,90.0,24.0
TRX-20260405-04947,2026-04-05 07:34:58,5,00003580,622300358000,1,0,1,38.0,30.0,38.0,0.0,38.0,30.0,8.0
TRX-20260405-03765,2026-04-05 08:19:46,4,00003586,622300358600,3,0,3,55.0,45.0,165.0,0.0,165.0,135.0,30.0
TRX-20260405-02722,2026-04-05 08:58:09,1,00003560,622300356000,4,0,4,135.0,110.0,540.0,0.0,540.0,440.0,100.0
TRX-20260405-04236,2026-04-05 09:36:27,5,00003603,622300360300,1,0,1,35.0,28.0,35.0,0.0,35.0,28.0,7.0
TRX-20260405-02540,2026-04-05 10:35:17,2,00003564,622300356400,1,0,1,20.0,16.0,20.0,0.0,20.0,16.0,4.0
TRX-20260405-01530,2026-04-05 10:54:38,1,00003584,622300358400,1,0,1,26.0,20.0,26.0,0.0,26.0,20.0,6.0
TRX-20260405-04099,2026-04-05 11:15:52,5,00003585,622300358500,2,0,2,220.0,180.0,440.0,0.0,440.0,360.0,80.0
TRX-20260405-01998,2026-04-05 11:38:02,1,00003575,622300357500,1,1,0,55.0,45.0,55.0,55.0,0.0,0.0,0.0
TRX-20260405-03196,2026-04-05 11:54:19,5,00003571,622300357100,4,0,4,17.5,14.0,70.0,0.0,70.0,56.0,14.0
TRX-20260405-02534,2026-04-05 11:54:28,3,00003560,622300356000,1,0,1,135.0,110.0,135.0,0.0,135.0,110.0,25.0
TRX-20260405-00140,2026-04-05 12:01:25,3,00003556,622300355600,1,0,1,7.0,5.5,7.0,0.0,7.0,5.5,1.5
TRX-20260405-02541,2026-04-05 12:47:13,1,00003568,622300356800,4,3,1,105.0,85.0,420.0,315.0,105.0,85.0,20.0
TRX-20260405-02819,2026-04-05 13:30:10,3,00003559,622300355900,4,0,4,28.0,22.0,112.0,0.0,112.0,88.0,24.0
TRX-20260405-04370,2026-04-05 13:42:17,3,00003584,622300358400,3,0,3,26.0,20.0,78.0,0.0,78.0,60.0,18.0
TRX-20260405-02358,2026-04-05 14:02:49,4,00003558,622300355824,2,0,2,182.4,156.0,364.8,0.0,364.8,312.0,52.8
TRX-20260405-03219,2026-04-05 14:44:33,3,00003570,622300357000,2,1,1,20.0,16.0,40.0,20.0,20.0,16.0,4.0
TRX-20260405-02797,2026-04-05 14:54:25,2,00003601,622300360100,2,0,2,205.0,175.0,410.0,0.0,410.0,350.0,60.0
TRX-20260405-04202,2026-04-05 15:04:17,3,00003564,622300356400,1,0,1,20.0,16.0,20.0,0.0,20.0,16.0,4.0
TRX-20260405-00083,2026-04-05 15:11:10,1,00003570,622300357000,3,0,3,20.0,16.0,60.0,0.0,60.0,48.0,12.0
TRX-20260405-00198,2026-04-05 15:37:31,1,00003611,622300361100,3,0,3,28.0,22.0,84.0,0.0,84.0,66.0,18.0
TRX-20260405-04927,2026-04-05 16:08:07,1,00003578,622300357800,2,0,2,45.0,35.0,90.0,0.0,90.0,70.0,20.0
TRX-20260405-02771,2026-04-05 16:22:48,2,00003574,622300357400,5,0,5,155.0,135.0,775.0,0.0,775.0,675.0,100.0
TRX-20260405-02944,2026-04-05 16:25:37,5,00003613,622300361300,2,0,2,105.0,85.0,210.0,0.0,210.0,170.0,40.0
TRX-20260405-04559,2026-04-05 16:29:40,1,00003608,622300360800,3,0,3,78.0,60.0,234.0,0.0,234.0,180.0,54.0
TRX-20260405-01828,2026-04-05 17:00:29,1,00003589,622300358900,5,0,5,10.0,8.0,50.0,0.0,50.0,40.0,10.0
TRX-20260405-04097,2026-04-05 17:17:12,4,00003593,622300359312,2,1,1,205.2,168.0,410.4,205.2,205.2,168.0,37.2
TRX-20260405-03931,2026-04-05 17:26:45,3,00003559,622300355900,3,0,3,28.0,22.0,84.0,0.0,84.0,66.0,18.0
TRX-20260405-03167,2026-04-05 17:38:33,5,00003590,622300359000,3,0,3,23.0,18.0,69.0,0.0,69.0,54.0,15.0
TRX-20260405-00344,2026-04-05 17:51:47,1,00003569,622300356900,3,0,3,14.0,11.0,42.0,0.0,42.0,33.0,9.0
TRX-20260405-00563,2026-04-05 18:48:09,1,00003607,622300360700,4,0,4,125.0,95.0,500.0,0.0,500.0,380.0,120.0
TRX-20260405-00804,2026-04-05 19:08:24,2,00003599,622300359900,1,0,1,380.0,320.0,380.0,0.0,380.0,320.0,60.0
TRX-20260405-00516,2026-04-05 19:43:00,1,00003581,622300358100,5,0,5,32.0,25.0,160.0,0.0,160.0,125.0,35.0
TRX-20260405-00318,2026-04-05 20:41:43,3,00003557,622300355700,2,0,2,7.0,5.5,14.0,0.0,14.0,11.0,3.0
TRX-20260405-01255,2026-04-05 21:50:09,1,00003553,622300355300,3,0,3,450.0,400.0,1350.0,0.0,1350.0,1200.0,150.0
TRX-20260405-01076,2026-04-05 21:55:02,2,00003584,622300358400,4,0,4,26.0,20.0,104.0,0.0,104.0,80.0,24.0
TRX-20260405-00517,2026-04-05 21:58:32,4,00003588,622300358800,4,4,0,95.0,75.0,380.0,380.0,0.0,0.0,0.0
TRX-20260405-01143,2026-04-05 21:59:56,2,00003572,622300357200,3,0,3,23.0,18.0,69.0,0.0,69.0,54.0,15.0
TRX-20260405-02450,2026-04-05 22:00:32,3,00003598,622300359800,4,0,4,245.0,210.0,980.0,0.0,980.0,840.0,140.0
TRX-20260405-01410,2026-04-05 23:42:34,1,00003572,622300357206,1,1,0,131.1,108.0,131.1,131.1,0.0,0.0,0.0
TRX-20260405-00434,2026-04-05 23:50:05,1,00003607,622300360700,4,0,4,125.0,95.0,500.0,0.0,500.0,380.0,120.0
TRX-20260405-03629,2026-04-05 23:59:17,2,00003583,622300358300,3,0,3,5.5,4.0,16.5,0.0,16.5,12.0,4.5
TRX-20260406-04005,2026-04-06 00:43:24,1,00003575,622300357500,1,0,1,55.0,45.0,55.0,0.0,55.0,45.0,10.0
TRX-20260406-04698,2026-04-06 00:52:25,1,00003565,622300356500,1,0,1,38.0,32.0,38.0,0.0,38.0,32.0,6.0
TRX-20260406-00653,2026-04-06 03:36:26,3,00003593,622300359300,4,0,4,18.0,14.0,72.0,0.0,72.0,56.0,16.0
TRX-20260406-04582,2026-04-06 03:54:54,4,00003587,622300358700,5,0,5,135.0,110.0,675.0,0.0,675.0,550.0,125.0
TRX-20260406-02293,2026-04-06 03:58:59,5,00003589,622300358900,5,0,5,10.0,8.0,50.0,0.0,50.0,40.0,10.0
TRX-20260406-00998,2026-04-06 04:05:28,2,00003594,622300359400,1,0,1,195.0,160.0,195.0,0.0,195.0,160.0,35.0
TRX-20260406-03472,2026-04-06 04:10:09,2,00003585,622300358512,2,0,2,2508.0,2160.0,5016.0,0.0,5016.0,4320.0,696.0
TRX-20260406-03684,2026-04-06 05:25:52,1,00003560,622300356000,5,0,5,135.0,110.0,675.0,0.0,675.0,550.0,125.0
TRX-20260406-03617,2026-04-06 05:33:12,2,00003570,622300357000,4,0,4,20.0,16.0,80.0,0.0,80.0,64.0,16.0
TRX-20260406-03427,2026-04-06 06:27:13,1,00003606,622300360600,4,0,4,85.0,65.0,340.0,0.0,340.0,260.0,80.0
TRX-20260406-04272,2026-04-06 07:19:05,3,00003582,622300358200,2,0,2,28.0,22.0,56.0,0.0,56.0,44.0,12.0
TRX-20260406-03284,2026-04-06 07:41:16,3,00003594,622300359400,1,0,1,195.0,160.0,195.0,0.0,195.0,160.0,35.0
TRX-20260406-00023,2026-04-06 08:10:31,1,00003576,622300357600,3,0,3,245.0,210.0,735.0,0.0,735.0,630.0,105.0
TRX-20260406-01428,2026-04-06 08:55:11,2,00003593,622300359300,3,0,3,18.0,14.0,54.0,0.0,54.0,42.0,12.0
TRX-20260406-04863,2026-04-06 09:06:43,2,00003565,622300356500,5,0,5,38.0,32.0,190.0,0.0,190.0,160.0,30.0
TRX-20260406-00092,2026-04-06 09:49:16,1,00003585,622300358500,3,0,3,220.0,180.0,660.0,0.0,660.0,540.0,120.0
TRX-20260406-00412,2026-04-06 10:23:47,2,00003611,622300361124,1,0,1,638.4,528.0,638.4,0.0,638.4,528.0,110.4
TRX-20260406-01307,2026-04-06 10:51:28,2,00003604,622300360400,1,0,1,50.0,40.0,50.0,0.0,50.0,40.0,10.0
TRX-20260406-04717,2026-04-06 11:11:30,2,00003609,622300360900,4,0,4,110.0,85.0,440.0,0.0,440.0,340.0,100.0
TRX-20260406-00601,2026-04-06 11:11:34,5,00003582,622300358200,1,0,1,28.0,22.0,28.0,0.0,28.0,22.0,6.0
TRX-20260406-01413,2026-04-06 11:55:26,4,00003604,622300360400,5,0,5,50.0,40.0,250.0,0.0,250.0,200.0,50.0
TRX-20260406-01963,2026-04-06 12:13:23,5,00003610,622300361000,2,0,2,75.0,60.0,150.0,0.0,150.0,120.0,30.0
TRX-20260406-02574,2026-04-06 12:29:25,2,00003598,622300359800,1,0,1,245.0,210.0,245.0,0.0,245.0,210.0,35.0
TRX-20260406-01275,2026-04-06 12:38:25,3,00003589,622300358900,2,0,2,10.0,8.0,20.0,0.0,20.0,16.0,4.0
TRX-20260406-00733,2026-04-06 12:45:29,3,00003592,622300359200,1,0,1,4.5,3.0,4.5,0.0,4.5,3.0,1.5
TRX-20260406-04063,2026-04-06 12:54:05,2,00003595,622300359500,1,0,1,110.0,85.0,110.0,0.0,110.0,85.0,25.0
TRX-20260406-01598,2026-04-06 13:47:07,2,00003583,622300358300,4,0,4,5.5,4.0,22.0,0.0,22.0,16.0,6.0
TRX-20260406-00624,2026-04-06 13:50:03,2,00003597,622300359700,1,0,1,160.0,130.0,160.0,0.0,160.0,130.0,30.0
TRX-20260406-00956,2026-04-06 14:27:06,1,00003589,622300358900,3,0,3,10.0,8.0,30.0,0.0,30.0,24.0,6.0
TRX-20260406-04444,2026-04-06 14:33:55,2,00003611,622300361100,5,0,5,28.0,22.0,140.0,0.0,140.0,110.0,30.0
TRX-20260406-02834,2026-04-06 14:44:29,3,00003560,622300356000,4,3,1,135.0,110.0,540.0,405.0,135.0,110.0,25.0
TRX-20260406-02916,2026-04-06 15:10:05,2,00003599,622300359900,2,0,2,380.0,320.0,760.0,0.0,760.0,640.0,120.0
TRX-20260406-04431,2026-04-06 15:11:14,1,00003602,622300360200,4,0,4,45.0,35.0,180.0,0.0,180.0,140.0,40.0
TRX-20260406-00919,2026-04-06 15:25:39,5,00003591,622300359100,5,1,4,7.0,5.0,35.0,7.0,28.0,20.0,8.0
TRX-20260406-02134,2026-04-06 15:27:59,1,00003607,622300360700,5,0,5,125.0,95.0,625.0,0.0,625.0,475.0,150.0
TRX-20260406-02142,2026-04-06 15:46:20,3,00003553,622300355300,3,1,2,450.0,400.0,1350.0,450.0,900.0,800.0,100.0
TRX-20260406-03470,2026-04-06 15:58:40,1,00003558,622300355824,2,0,2,182.4,156.0,364.8,0.0,364.8,312.0,52.8
TRX-20260406-04985,2026-04-06 16:02:26,3,00003611,622300361100,2,0,2,28.0,22.0,56.0,0.0,56.0,44.0,12.0
TRX-20260406-01639,2026-04-06 16:31:51,1,00003589,622300358912,2,0,2,114.0,96.0,228.0,0.0,228.0,192.0,36.0
TRX-20260406-03455,2026-04-06 16:35:29,5,00003607,622300360700,1,0,1,125.0,95.0,125.0,0.0,125.0,95.0,30.0
TRX-20260406-02873,2026-04-06 17:34:16,1,00003597,622300359700,5,0,5,160.0,130.0,800.0,0.0,800.0,650.0,150.0
TRX-20260406-04829,2026-04-06 19:32:28,1,00003580,622300358000,2,0,2,38.0,30.0,76.0,0.0,76.0,60.0,16.0
TRX-20260406-03645,2026-04-06 20:08:31,2,00003596,622300359600,4,0,4,120.0,95.0,480.0,0.0,480.0,380.0,100.0
TRX-20260406-04436,2026-04-06 21:58:28,3,00003582,622300358200,1,0,1,28.0,22.0,28.0,0.0,28.0,22.0,6.0
TRX-20260406-01588,2026-04-06 22:26:23,2,00003556,622300355600,1,0,1,7.0,5.5,7.0,0.0,7.0,5.5,1.5
TRX-20260406-00342,2026-04-06 22:32:40,1,00003557,622300355700,2,0,2,7.0,5.5,14.0,0.0,14.0,11.0,3.0
TRX-20260406-01211,2026-04-06 22:54:21,1,00003585,622300358500,3,0,3,220.0,180.0,660.0,0.0,660.0,540.0,120.0
TRX-20260406-02420,2026-04-06 23:03:37,2,00003591,622300359100,4,1,3,7.0,5.0,28.0,7.0,21.0,15.0,6.0
TRX-20260407-03883,2026-04-07 01:43:39,5,00003603,622300360300,4,1,3,35.0,28.0,140.0,35.0,105.0,84.0,21.0
TRX-20260407-01710,2026-04-07 02:18:54,3,00003552,622300355200,5,0,5,420.0,380.0,2100.0,0.0,2100.0,1900.0,200.0
TRX-20260407-01244,2026-04-07 04:24:20,1,00003555,622300355500,1,0,1,480.0,420.0,480.0,0.0,480.0,420.0,60.0
TRX-20260407-02836,2026-04-07 04:26:49,1,00003570,622300357006,1,0,1,114.0,96.0,114.0,0.0,114.0,96.0,18.0
TRX-20260407-03441,2026-04-07 04:41:22,1,00003595,622300359500,2,0,2,110.0,85.0,220.0,0.0,220.0,170.0,50.0
TRX-20260407-04075,2026-04-07 04:46:40,2,00003607,622300360700,4,0,4,125.0,95.0,500.0,0.0,500.0,380.0,120.0
TRX-20260407-04865,2026-04-07 04:53:42,2,00003612,622300361200,2,0,2,16.0,12.0,32.0,0.0,32.0,24.0,8.0
TRX-20260407-02872,2026-04-07 05:53:18,2,00003558,622300355800,3,0,3,8.0,6.5,24.0,0.0,24.0,19.5,4.5
TRX-20260407-01220,2026-04-07 06:09:30,3,00003587,622300358700,1,0,1,135.0,110.0,135.0,0.0,135.0,110.0,25.0
TRX-20260407-02789,2026-04-07 06:29:27,2,00003613,622300361300,4,0,4,105.0,85.0,420.0,0.0,420.0,340.0,80.0
TRX-20260407-00531,2026-04-07 06:42:39,5,00003592,622300359200,5,0,5,4.5,3.0,22.5,0.0,22.5,15.0,7.5
TRX-20260407-03198,2026-04-07 07:16:43,1,00003570,622300357000,2,0,2,20.0,16.0,40.0,0.0,40.0,32.0,8.0
TRX-20260407-04965,2026-04-07 07:33:48,2,00003567,622300356700,2,0,2,34.0,29.0,68.0,0.0,68.0,58.0,10.0
TRX-20260407-02960,2026-04-07 07:49:43,3,00003583,622300358300,2,0,2,5.5,4.0,11.0,0.0,11.0,8.0,3.0
TRX-20260407-00952,2026-04-07 08:50:39,1,00003557,622300355706,1,0,1,39.9,33.0,39.9,0.0,39.9,33.0,6.9
TRX-20260407-00688,2026-04-07 09:29:39,1,00003571,622300357100,4,0,4,17.5,14.0,70.0,0.0,70.0,56.0,14.0
TRX-20260407-02455,2026-04-07 10:24:44,1,00003575,622300357500,2,0,2,55.0,45.0,110.0,0.0,110.0,90.0,20.0
TRX-20260407-01328,2026-04-07 10:55:21,3,00003606,622300360600,5,0,5,85.0,65.0,425.0,0.0,425.0,325.0,100.0
TRX-20260407-01524,2026-04-07 12:55:04,3,00003590,622300359000,5,0,5,23.0,18.0,115.0,0.0,115.0,90.0,25.0
TRX-20260407-04952,2026-04-07 13:01:54,1,00003597,622300359706,2,0,2,912.0,780.0,1824.0,0.0,1824.0,1560.0,264.0
TRX-20260407-02394,2026-04-07 13:27:08,5,00003574,622300357400,4,0,4,155.0,135.0,620.0,0.0,620.0,540.0,80.0
TRX-20260407-01235,2026-04-07 14:14:28,3,00003554,622300355400,2,0,2,435.0,390.0,870.0,0.0,870.0,780.0,90.0
TRX-20260407-03558,2026-04-07 14:40:54,1,00003599,622300359900,3,0,3,380.0,320.0,1140.0,0.0,1140.0,960.0,180.0
TRX-20260407-00972,2026-04-07 15:08:58,1,00003591,622300359100,4,0,4,7.0,5.0,28.0,0.0,28.0,20.0,8.0
TRX-20260407-01763,2026-04-07 15:24:26,4,00003561,622300356124,2,0,2,957.6,840.0,1915.2,0.0,1915.2,1680.0,235.2
TRX-20260407-00009,2026-04-07 16:10:15,5,00003594,622300359400,5,0,5,195.0,160.0,975.0,0.0,975.0,800.0,175.0
TRX-20260407-00368,2026-04-07 16:13:55,4,00003588,622300358800,4,0,4,95.0,75.0,380.0,0.0,380.0,300.0,80.0
TRX-20260407-02257,2026-04-07 16:21:27,3,00003572,622300357200,2,0,2,23.0,18.0,46.0,0.0,46.0,36.0,10.0
TRX-20260407-01152,2026-04-07 16:37:11,1,00003566,622300356600,5,0,5,180.0,150.0,900.0,0.0,900.0,750.0,150.0
TRX-20260407-01910,2026-04-07 16:47:55,1,00003581,622300358100,5,0,5,32.0,25.0,160.0,0.0,160.0,125.0,35.0
TRX-20260407-01585,2026-04-07 17:04:05,5,00003565,622300356500,2,0,2,38.0,32.0,76.0,0.0,76.0,64.0,12.0
TRX-20260407-02229,2026-04-07 17:06:03,3,00003564,622300356400,3,0,3,20.0,16.0,60.0,0.0,60.0,48.0,12.0
TRX-20260407-02441,2026-04-07 17:25:51,3,00003568,622300356800,4,0,4,105.0,85.0,420.0,0.0,420.0,340.0,80.0
TRX-20260407-01906,2026-04-07 17:34:17,2,00003594,622300359400,4,0,4,195.0,160.0,780.0,0.0,780.0,640.0,140.0
TRX-20260407-01319,2026-04-07 17:36:51,4,00003560,622300356000,5,0,5,135.0,110.0,675.0,0.0,675.0,550.0,125.0
TRX-20260407-03121,2026-04-07 18:04:00,3,00003561,622300356100,5,0,5,42.0,35.0,210.0,0.0,210.0,175.0,35.0
TRX-20260407-00035,2026-04-07 18:32:25,4,00003612,622300361200,2,2,0,16.0,12.0,32.0,32.0,0.0,0.0,0.0
TRX-20260407-01010,2026-04-07 18:48:40,1,00003584,622300358400,5,0,5,26.0,20.0,130.0,0.0,130.0,100.0,30.0
TRX-20260407-00634,2026-04-07 19:13:00,2,00003558,622300355824,2,0,2,182.4,156.0,364.8,0.0,364.8,312.0,52.8
TRX-20260407-00051,2026-04-07 20:02:33,3,00003604,622300360400,5,0,5,50.0,40.0,250.0,0.0,250.0,200.0,50.0
TRX-20260407-00687,2026-04-07 20:13:27,1,00003587,622300358700,1,0,1,135.0,110.0,135.0,0.0,135.0,110.0,25.0
TRX-20260407-03049,2026-04-07 21:22:22,3,00003584,622300358400,3,0,3,26.0,20.0,78.0,0.0,78.0,60.0,18.0
TRX-20260407-04830,2026-04-07 21:32:42,2,00003583,622300358300,3,0,3,5.5,4.0,16.5,0.0,16.5,12.0,4.5
TRX-20260407-03242,2026-04-07 23:05:03,3,00003554,622300355400,5,5,0,435.0,390.0,2175.0,2175.0,0.0,0.0,0.0
TRX-20260407-00018,2026-04-07 23:46:13,3,00003579,622300357900,4,0,4,110.0,85.0,440.0,0.0,440.0,340.0,100.0
TRX-20260408-04329,2026-04-08 00:07:58,2,00003597,622300359700,1,0,1,160.0,130.0,160.0,0.0,160.0,130.0,30.0
TRX-20260408-03048,2026-04-08 00:12:41,5,00003581,622300358100,5,0,5,32.0,25.0,160.0,0.0,160.0,125.0,35.0
TRX-20260408-01330,2026-04-08 00:21:17,4,00003564,622300356400,2,0,2,20.0,16.0,40.0,0.0,40.0,32.0,8.0
TRX-20260408-01452,2026-04-08 00:39:49,1,00003566,622300356600,4,0,4,180.0,150.0,720.0,0.0,720.0,600.0,120.0
TRX-20260408-02946,2026-04-08 01:15:05,2,00003589,622300358900,1,0,1,10.0,8.0,10.0,0.0,10.0,8.0,2.0
TRX-20260408-03845,2026-04-08 01:44:02,3,00003558,622300355800,4,0,4,8.0,6.5,32.0,0.0,32.0,26.0,6.0
TRX-20260408-00338,2026-04-08 01:50:52,1,00003605,622300360506,1,0,1,330.6,270.0,330.6,0.0,330.6,270.0,60.6
TRX-20260408-00350,2026-04-08 02:20:53,2,00003571,622300357100,2,0,2,17.5,14.0,35.0,0.0,35.0,28.0,7.0
TRX-20260408-02729,2026-04-08 02:30:16,1,00003594,622300359406,1,1,0,1111.5,960.0,1111.5,1111.5,0.0,0.0,0.0
TRX-20260408-04130,2026-04-08 02:51:36,1,00003575,622300357500,4,0,4,55.0,45.0,220.0,0.0,220.0,180.0,40.0
TRX-20260408-01984,2026-04-08 03:23:12,2,00003612,622300361200,5,0,5,16.0,12.0,80.0,0.0,80.0,60.0,20.0
TRX-20260408-00187,2026-04-08 03:54:46,2,00003553,622300355300,3,0,3,450.0,400.0,1350.0,0.0,1350.0,1200.0,150.0
TRX-20260408-00870,2026-04-08 04:17:31,4,00003560,622300356000,4,0,4,135.0,110.0,540.0,0.0,540.0,440.0,100.0
TRX-20260408-01997,2026-04-08 04:24:13,3,00003596,622300359600,1,0,1,120.0,95.0,120.0,0.0,120.0,95.0,25.0
TRX-20260408-04039,2026-04-08 05:04:08,4,00003577,622300357700,2,0,2,65.0,50.0,130.0,0.0,130.0,100.0,30.0
TRX-20260408-00320,2026-04-08 05:04:58,5,00003593,622300359300,2,0,2,18.0,14.0,36.0,0.0,36.0,28.0,8.0
TRX-20260408-02178,2026-04-08 05:33:37,2,00003590,622300359000,5,0,5,23.0,18.0,115.0,0.0,115.0,90.0,25.0
TRX-20260408-03753,2026-04-08 06:31:51,2,00003570,622300357000,4,0,4,20.0,16.0,80.0,0.0,80.0,64.0,16.0
TRX-20260408-03519,2026-04-08 06:38:52,3,00003581,622300358100,5,0,5,32.0,25.0,160.0,0.0,160.0,125.0,35.0
TRX-20260408-02664,2026-04-08 07:15:01,2,00003604,622300360400,2,0,2,50.0,40.0,100.0,0.0,100.0,80.0,20.0
TRX-20260408-02614,2026-04-08 07:19:08,1,00003589,622300358900,3,0,3,10.0,8.0,30.0,0.0,30.0,24.0,6.0
TRX-20260408-01602,2026-04-08 07:25:43,2,00003596,622300359600,4,0,4,120.0,95.0,480.0,0.0,480.0,380.0,100.0
TRX-20260408-01885,2026-04-08 07:38:19,5,00003597,622300359700,2,0,2,160.0,130.0,320.0,0.0,320.0,260.0,60.0
TRX-20260408-04963,2026-04-08 08:09:55,1,00003612,622300361200,4,0,4,16.0,12.0,64.0,0.0,64.0,48.0,16.0
TRX-20260408-00373,2026-04-08 08:24:04,1,00003599,622300359906,2,0,2,2166.0,1920.0,4332.0,0.0,4332.0,3840.0,492.0
TRX-20260408-00603,2026-04-08 08:26:57,1,00003564,622300356400,2,0,2,20.0,16.0,40.0,0.0,40.0,32.0,8.0
TRX-20260408-02272,2026-04-08 09:19:55,1,00003604,622300360424,1,0,1,1140.0,960.0,1140.0,0.0,1140.0,960.0,180.0
TRX-20260408-01373,2026-04-08 09:28:33,2,00003568,622300356800,4,0,4,105.0,85.0,420.0,0.0,420.0,340.0,80.0
TRX-20260408-02094,2026-04-08 09:29:56,5,00003588,622300358800,3,0,3,95.0,75.0,285.0,0.0,285.0,225.0,60.0
TRX-20260408-02937,2026-04-08 10:10:49,1,00003552,622300355200,2,0,2,420.0,380.0,840.0,0.0,840.0,760.0,80.0
TRX-20260408-03299,2026-04-08 10:35:06,4,00003571,622300357100,5,0,5,17.5,14.0,87.5,0.0,87.5,70.0,17.5
TRX-20260408-03203,2026-04-08 10:57:09,1,00003605,622300360500,3,0,3,58.0,45.0,174.0,0.0,174.0,135.0,39.0
TRX-20260408-03348,2026-04-08 11:09:40,4,00003576,622300357600,1,0,1,245.0,210.0,245.0,0.0,245.0,210.0,35.0
TRX-20260408-01947,2026-04-08 11:12:13,3,00003598,622300359800,5,0,5,245.0,210.0,1225.0,0.0,1225.0,1050.0,175.0
TRX-20260408-00893,2026-04-08 11:30:59,1,00003589,622300358900,5,0,5,10.0,8.0,50.0,0.0,50.0,40.0,10.0
TRX-20260408-04073,2026-04-08 11:42:32,1,00003552,622300355200,4,0,4,420.0,380.0,1680.0,0.0,1680.0,1520.0,160.0
TRX-20260408-02316,2026-04-08 12:18:32,1,00003557,622300355700,4,0,4,7.0,5.5,28.0,0.0,28.0,22.0,6.0
TRX-20260408-00583,2026-04-08 12:42:54,1,00003596,622300359600,1,0,1,120.0,95.0,120.0,0.0,120.0,95.0,25.0
TRX-20260408-03713,2026-04-08 12:48:22,1,00003593,622300359300,5,0,5,18.0,14.0,90.0,0.0,90.0,70.0,20.0
TRX-20260408-04800,2026-04-08 12:52:42,3,00003606,622300360600,2,1,1,85.0,65.0,170.0,85.0,85.0,65.0,20.0
TRX-20260408-00312,2026-04-08 12:53:27,2,00003568,622300356800,1,0,1,105.0,85.0,105.0,0.0,105.0,85.0,20.0
TRX-20260408-02611,2026-04-08 13:28:51,4,00003593,622300359300,3,0,3,18.0,14.0,54.0,0.0,54.0,42.0,12.0
TRX-20260408-02169,2026-04-08 13:43:38,3,00003552,622300355200,4,0,4,420.0,380.0,1680.0,0.0,1680.0,1520.0,160.0
TRX-20260408-00359,2026-04-08 14:12:45,3,00003572,622300357200,1,0,1,23.0,18.0,23.0,0.0,23.0,18.0,5.0
TRX-20260408-00095,2026-04-08 15:24:58,3,00003597,622300359700,2,0,2,160.0,130.0,320.0,0.0,320.0,260.0,60.0
TRX-20260408-03701,2026-04-08 15:29:12,1,00003575,622300357500,4,0,4,55.0,45.0,220.0,0.0,220.0,180.0,40.0
TRX-20260408-01804,2026-04-08 15:29:42,3,00003598,622300359800,3,0,3,245.0,210.0,735.0,0.0,735.0,630.0,105.0
TRX-20260408-01115,2026-04-08 16:13:39,1,00003611,622300361100,1,0,1,28.0,22.0,28.0,0.0,28.0,22.0,6.0
TRX-20260408-00233,2026-04-08 16:30:52,2,00003582,622300358200,5,0,5,28.0,22.0,140.0,0.0,140.0,110.0,30.0
TRX-20260408-02511,2026-04-08 16:35:13,5,00003587,622300358700,3,0,3,135.0,110.0,405.0,0.0,405.0,330.0,75.0
TRX-20260408-01619,2026-04-08 17:18:58,1,00003605,622300360500,2,0,2,58.0,45.0,116.0,0.0,116.0,90.0,26.0
TRX-20260408-01603,2026-04-08 17:52:26,4,00003583,622300358300,4,0,4,5.5,4.0,22.0,0.0,22.0,16.0,6.0
TRX-20260408-03469,2026-04-08 19:02:49,2,00003581,622300358100,2,0,2,32.0,25.0,64.0,0.0,64.0,50.0,14.0
TRX-20260408-00309,2026-04-08 20:51:00,1,00003584,622300358400,4,0,4,26.0,20.0,104.0,0.0,104.0,80.0,24.0
TRX-20260408-04585,2026-04-08 22:04:05,3,00003589,622300358900,4,0,4,10.0,8.0,40.0,0.0,40.0,32.0,8.0
TRX-20260408-03492,2026-04-08 22:14:19,5,00003577,622300357700,1,0,1,65.0,50.0,65.0,0.0,65.0,50.0,15.0
TRX-20260408-02127,2026-04-08 22:46:56,2,00003558,622300355800,3,0,3,8.0,6.5,24.0,0.0,24.0,19.5,4.5
TRX-20260408-03233,2026-04-08 23:26:04,3,00003596,622300359600,2,0,2,120.0,95.0,240.0,0.0,240.0,190.0,50.0
TRX-20260409-01610,2026-04-09 00:01:27,5,00003585,622300358500,1,0,1,220.0,180.0,220.0,0.0,220.0,180.0,40.0
TRX-20260409-00288,2026-04-09 00:18:56,2,00003604,622300360400,5,0,5,50.0,40.0,250.0,0.0,250.0,200.0,50.0
TRX-20260409-00394,2026-04-09 00:20:16,3,00003589,622300358900,3,0,3,10.0,8.0,30.0,0.0,30.0,24.0,6.0
TRX-20260409-04474,2026-04-09 01:40:31,5,00003606,622300360600,2,0,2,85.0,65.0,170.0,0.0,170.0,130.0,40.0
TRX-20260409-02762,2026-04-09 01:41:05,5,00003594,622300359400,5,0,5,195.0,160.0,975.0,0.0,975.0,800.0,175.0
TRX-20260409-04915,2026-04-09 02:35:57,1,00003582,622300358200,1,0,1,28.0,22.0,28.0,0.0,28.0,22.0,6.0
TRX-20260409-02982,2026-04-09 02:51:55,3,00003598,622300359800,4,0,4,245.0,210.0,980.0,0.0,980.0,840.0,140.0
TRX-20260409-00382,2026-04-09 03:27:10,2,00003607,622300360700,1,0,1,125.0,95.0,125.0,0.0,125.0,95.0,30.0
TRX-20260409-02348,2026-04-09 03:55:38,2,00003568,622300356800,1,0,1,105.0,85.0,105.0,0.0,105.0,85.0,20.0
TRX-20260409-01170,2026-04-09 04:00:14,2,00003602,622300360200,3,0,3,45.0,35.0,135.0,0.0,135.0,105.0,30.0
TRX-20260409-04251,2026-04-09 04:05:29,5,00003609,622300360924,2,0,2,2508.0,2040.0,5016.0,0.0,5016.0,4080.0,936.0
TRX-20260409-02259,2026-04-09 04:17:05,2,00003573,622300357300,5,0,5,88.0,75.0,440.0,0.0,440.0,375.0,65.0
TRX-20260409-00306,2026-04-09 04:52:37,1,00003592,622300359200,1,0,1,4.5,3.0,4.5,0.0,4.5,3.0,1.5
TRX-20260409-02137,2026-04-09 05:40:49,4,00003563,622300356300,1,0,1,12.0,9.0,12.0,0.0,12.0,9.0,3.0
TRX-20260409-03274,2026-04-09 06:14:29,3,00003569,622300356900,5,4,1,14.0,11.0,70.0,56.0,14.0,11.0,3.0
TRX-20260409-03648,2026-04-09 06:39:33,5,00003577,622300357700,4,0,4,65.0,50.0,260.0,0.0,260.0,200.0,60.0
TRX-20260409-02189,2026-04-09 07:29:08,4,00003555,622300355500,5,0,5,480.0,420.0,2400.0,0.0,2400.0,2100.0,300.0
TRX-20260409-01448,2026-04-09 07:37:32,4,00003552,622300355200,5,1,4,420.0,380.0,2100.0,420.0,1680.0,1520.0,160.0
TRX-20260409-00598,2026-04-09 07:57:56,2,00003588,622300358800,5,0,5,95.0,75.0,475.0,0.0,475.0,375.0,100.0
TRX-20260409-01430,2026-04-09 08:14:54,1,00003582,622300358200,1,0,1,28.0,22.0,28.0,0.0,28.0,22.0,6.0
TRX-20260409-01758,2026-04-09 08:15:26,1,00003591,622300359100,1,0,1,7.0,5.0,7.0,0.0,7.0,5.0,2.0
TRX-20260409-00557,2026-04-09 08:22:21,1,00003578,622300357800,5,0,5,45.0,35.0,225.0,0.0,225.0,175.0,50.0
TRX-20260409-03538,2026-04-09 08:38:51,1,00003559,622300355900,5,0,5,28.0,22.0,140.0,0.0,140.0,110.0,30.0
TRX-20260409-01745,2026-04-09 08:39:43,1,00003561,622300356124,1,1,0,957.6,840.0,957.6,957.6,0.0,0.0,0.0
TRX-20260409-00326,2026-04-09 08:41:30,4,00003567,622300356700,1,0,1,34.0,29.0,34.0,0.0,34.0,29.0,5.0
TRX-20260409-03007,2026-04-09 09:10:36,2,00003599,622300359906,1,0,1,2166.0,1920.0,2166.0,0.0,2166.0,1920.0,246.0
TRX-20260409-04824,2026-04-09 09:40:37,4,00003566,622300356600,1,0,1,180.0,150.0,180.0,0.0,180.0,150.0,30.0
TRX-20260409-00812,2026-04-09 09:50:35,1,00003578,622300357800,2,0,2,45.0,35.0,90.0,0.0,90.0,70.0,20.0
TRX-20260409-00533,2026-04-09 09:58:36,2,00003576,622300357600,3,0,3,245.0,210.0,735.0,0.0,735.0,630.0,105.0
TRX-20260409-02640,2026-04-09 10:01:10,1,00003599,622300359900,2,0,2,380.0,320.0,760.0,0.0,760.0,640.0,120.0
TRX-20260409-03353,2026-04-09 10:02:48,4,00003576,622300357600,2,0,2,245.0,210.0,490.0,0.0,490.0,420.0,70.0
TRX-20260409-04846,2026-04-09 10:07:05,1,00003567,622300356700,3,0,3,34.0,29.0,102.0,0.0,102.0,87.0,15.0
TRX-20260409-03302,2026-04-09 10:20:39,2,00003593,622300359300,3,0,3,18.0,14.0,54.0,0.0,54.0,42.0,12.0
TRX-20260409-04308,2026-04-09 10:58:29,1,00003559,622300355900,2,0,2,28.0,22.0,56.0,0.0,56.0,44.0,12.0
TRX-20260409-02290,2026-04-09 11:07:22,1,00003582,622300358200,5,0,5,28.0,22.0,140.0,0.0,140.0,110.0,30.0
TRX-20260409-00138,2026-04-09 11:20:59,2,00003556,622300355600,5,0,5,7.0,5.5,35.0,0.0,35.0,27.5,7.5
TRX-20260409-00126,2026-04-09 11:37:14,1,00003564,622300356400,1,0,1,20.0,16.0,20.0,0.0,20.0,16.0,4.0
TRX-20260409-04273,2026-04-09 12:11:55,1,00003590,622300359000,5,0,5,23.0,18.0,115.0,0.0,115.0,90.0,25.0
TRX-20260409-00954,2026-04-09 12:28:57,2,00003590,622300359000,4,1,3,23.0,18.0,92.0,23.0,69.0,54.0,15.0
TRX-20260409-04318,2026-04-09 12:37:16,2,00003575,622300357500,2,0,2,55.0,45.0,110.0,0.0,110.0,90.0,20.0
TRX-20260409-02881,2026-04-09 12:54:11,2,00003575,622300357500,3,0,3,55.0,45.0,165.0,0.0,165.0,135.0,30.0
TRX-20260409-02967,2026-04-09 13:11:52,1,00003562,622300356200,2,0,2,60.0,50.0,120.0,0.0,120.0,100.0,20.0
TRX-20260409-00856,2026-04-09 13:20:00,2,00003597,622300359700,5,0,5,160.0,130.0,800.0,0.0,800.0,650.0,150.0
TRX-20260409-04950,2026-04-09 14:50:30,1,00003565,622300356500,4,2,2,38.0,32.0,152.0,76.0,76.0,64.0,12.0
TRX-20260409-04079,2026-04-09 15:00:37,1,00003556,622300355600,2,0,2,7.0,5.5,14.0,0.0,14.0,11.0,3.0
TRX-20260409-00158,2026-04-09 15:02:44,1,00003559,622300355900,1,0,1,28.0,22.0,28.0,0.0,28.0,22.0,6.0
TRX-20260409-02877,2026-04-09 15:09:07,1,00003587,622300358700,2,0,2,135.0,110.0,270.0,0.0,270.0,220.0,50.0
TRX-20260409-04417,2026-04-09 15:14:08,1,00003572,622300357200,1,1,0,23.0,18.0,23.0,23.0,0.0,0.0,0.0
TRX-20260409-04480,2026-04-09 16:42:59,3,00003611,622300361100,3,3,0,28.0,22.0,84.0,84.0,0.0,0.0,0.0
TRX-20260409-02085,2026-04-09 17:01:25,2,00003562,622300356200,2,0,2,60.0,50.0,120.0,0.0,120.0,100.0,20.0
TRX-20260409-03395,2026-04-09 17:58:20,1,00003566,622300356600,3,0,3,180.0,150.0,540.0,0.0,540.0,450.0,90.0
TRX-20260409-02938,2026-04-09 18:04:47,3,00003604,622300360400,2,0,2,50.0,40.0,100.0,0.0,100.0,80.0,20.0
TRX-20260409-02596,2026-04-09 18:11:27,4,00003565,622300356512,2,0,2,433.2,384.0,866.4,0.0,866.4,768.0,98.4
TRX-20260409-00596,2026-04-09 18:39:07,1,00003562,622300356200,2,0,2,60.0,50.0,120.0,0.0,120.0,100.0,20.0
TRX-20260409-00582,2026-04-09 18:45:23,3,00003579,622300357900,2,1,1,110.0,85.0,220.0,110.0,110.0,85.0,25.0
TRX-20260409-03175,2026-04-09 19:29:42,2,00003557,622300355700,2,1,1,7.0,5.5,14.0,7.0,7.0,5.5,1.5
TRX-20260409-02628,2026-04-09 21:02:55,1,00003555,622300355500,3,0,3,480.0,420.0,1440.0,0.0,1440.0,1260.0,180.0
TRX-20260409-02639,2026-04-09 21:44:30,3,00003557,622300355706,1,0,1,39.9,33.0,39.9,0.0,39.9,33.0,6.9
TRX-20260409-00678,2026-04-09 22:19:57,3,00003613,622300361300,1,0,1,105.0,85.0,105.0,0.0,105.0,85.0,20.0
TRX-20260409-00543,2026-04-09 22:46:29,2,00003564,622300356400,5,0,5,20.0,16.0,100.0,0.0,100.0,80.0,20.0
TRX-20260409-03406,2026-04-09 23:36:44,3,00003582,622300358200,3,0,3,28.0,22.0,84.0,0.0,84.0,66.0,18.0
TRX-20260410-04164,2026-04-10 00:03:16,1,00003565,622300356512,1,0,1,433.2,384.0,433.2,0.0,433.2,384.0,49.2
TRX-20260410-02814,2026-04-10 00:16:12,1,00003594,622300359400,3,0,3,195.0,160.0,585.0,0.0,585.0,480.0,105.0
TRX-20260410-00109,2026-04-10 00:33:38,1,00003575,622300357500,2,2,0,55.0,45.0,110.0,110.0,0.0,0.0,0.0
TRX-20260410-03644,2026-04-10 01:07:31,1,00003597,622300359700,2,1,1,160.0,130.0,320.0,160.0,160.0,130.0,30.0
TRX-20260410-01573,2026-04-10 01:24:35,1,00003567,622300356700,5,0,5,34.0,29.0,170.0,0.0,170.0,145.0,25.0
TRX-20260410-00837,2026-04-10 01:30:13,2,00003566,622300356600,3,1,2,180.0,150.0,540.0,180.0,360.0,300.0,60.0
TRX-20260410-03594,2026-04-10 01:37:24,2,00003568,622300356800,5,0,5,105.0,85.0,525.0,0.0,525.0,425.0,100.0
TRX-20260410-01882,2026-04-10 02:05:25,5,00003603,622300360300,1,0,1,35.0,28.0,35.0,0.0,35.0,28.0,7.0
TRX-20260410-02907,2026-04-10 02:38:20,2,00003591,622300359100,4,0,4,7.0,5.0,28.0,0.0,28.0,20.0,8.0
TRX-20260410-00883,2026-04-10 02:54:44,1,00003555,622300355500,1,0,1,480.0,420.0,480.0,0.0,480.0,420.0,60.0
TRX-20260410-00817,2026-04-10 02:58:48,3,00003605,622300360500,1,0,1,58.0,45.0,58.0,0.0,58.0,45.0,13.0
TRX-20260410-04372,2026-04-10 06:02:32,1,00003579,622300357900,5,0,5,110.0,85.0,550.0,0.0,550.0,425.0,125.0
TRX-20260410-04608,2026-04-10 06:04:21,5,00003588,622300358800,1,0,1,95.0,75.0,95.0,0.0,95.0,75.0,20.0
TRX-20260410-02262,2026-04-10 06:59:29,2,00003592,622300359200,2,0,2,4.5,3.0,9.0,0.0,9.0,6.0,3.0
TRX-20260410-01479,2026-04-10 07:42:55,2,00003581,622300358100,1,0,1,32.0,25.0,32.0,0.0,32.0,25.0,7.0
TRX-20260410-02489,2026-04-10 07:47:11,2,00003578,622300357800,3,3,0,45.0,35.0,135.0,135.0,0.0,0.0,0.0
TRX-20260410-00143,2026-04-10 07:58:19,1,00003601,622300360100,5,0,5,205.0,175.0,1025.0,0.0,1025.0,875.0,150.0
TRX-20260410-00770,2026-04-10 08:12:31,1,00003582,622300358200,2,0,2,28.0,22.0,56.0,0.0,56.0,44.0,12.0
TRX-20260410-00423,2026-04-10 08:57:11,4,00003584,622300358400,1,0,1,26.0,20.0,26.0,0.0,26.0,20.0,6.0
TRX-20260410-04849,2026-04-10 09:04:28,2,00003595,622300359500,3,0,3,110.0,85.0,330.0,0.0,330.0,255.0,75.0
TRX-20260410-04741,2026-04-10 09:13:18,1,00003575,622300357500,2,0,2,55.0,45.0,110.0,0.0,110.0,90.0,20.0
TRX-20260410-00774,2026-04-10 09:29:31,2,00003600,622300360000,2,0,2,135.0,110.0,270.0,0.0,270.0,220.0,50.0
TRX-20260410-02613,2026-04-10 09:33:24,1,00003610,622300361000,5,0,5,75.0,60.0,375.0,0.0,375.0,300.0,75.0
TRX-20260410-04517,2026-04-10 10:06:59,5,00003607,622300360700,5,4,1,125.0,95.0,625.0,500.0,125.0,95.0,30.0
TRX-20260410-04984,2026-04-10 10:08:41,2,00003605,622300360500,4,2,2,58.0,45.0,232.0,116.0,116.0,90.0,26.0
TRX-20260410-03078,2026-04-10 10:15:53,4,00003574,622300357406,1,0,1,883.5,810.0,883.5,0.0,883.5,810.0,73.5
TRX-20260410-01994,2026-04-10 10:32:43,1,00003569,622300356900,1,0,1,14.0,11.0,14.0,0.0,14.0,11.0,3.0
TRX-20260410-02385,2026-04-10 10:32:58,1,00003580,622300358006,2,2,0,216.6,180.0,433.2,433.2,0.0,0.0,0.0
TRX-20260410-04307,2026-04-10 11:13:15,3,00003552,622300355200,1,0,1,420.0,380.0,420.0,0.0,420.0,380.0,40.0
TRX-20260410-00322,2026-04-10 12:38:41,5,00003591,622300359100,4,1,3,7.0,5.0,28.0,7.0,21.0,15.0,6.0
TRX-20260410-02352,2026-04-10 13:21:29,2,00003596,622300359600,5,0,5,120.0,95.0,600.0,0.0,600.0,475.0,125.0
TRX-20260410-01168,2026-04-10 13:26:23,2,00003606,622300360600,5,0,5,85.0,65.0,425.0,0.0,425.0,325.0,100.0
TRX-20260410-04694,2026-04-10 13:41:25,3,00003556,622300355600,1,0,1,7.0,5.5,7.0,0.0,7.0,5.5,1.5
TRX-20260410-03396,2026-04-10 13:54:51,3,00003564,622300356400,2,0,2,20.0,16.0,40.0,0.0,40.0,32.0,8.0
TRX-20260410-01078,2026-04-10 14:20:51,3,00003555,622300355500,2,0,2,480.0,420.0,960.0,0.0,960.0,840.0,120.0
TRX-20260410-03790,2026-04-10 14:30:59,3,00003593,622300359300,3,0,3,18.0,14.0,54.0,0.0,54.0,42.0,12.0
TRX-20260410-03473,2026-04-10 14:52:33,1,00003597,622300359700,2,0,2,160.0,130.0,320.0,0.0,320.0,260.0,60.0
TRX-20260410-04634,2026-04-10 15:12:06,1,00003603,622300360300,4,0,4,35.0,28.0,140.0,0.0,140.0,112.0,28.0
TRX-20260410-04375,2026-04-10 15:14:56,2,00003597,622300359700,3,0,3,160.0,130.0,480.0,0.0,480.0,390.0,90.0
TRX-20260410-03004,2026-04-10 16:37:20,2,00003596,622300359600,3,0,3,120.0,95.0,360.0,0.0,360.0,285.0,75.0
TRX-20260410-03300,2026-04-10 16:59:53,2,00003592,622300359200,1,0,1,4.5,3.0,4.5,0.0,4.5,3.0,1.5
TRX-20260410-04440,2026-04-10 17:31:47,3,00003598,622300359800,5,0,5,245.0,210.0,1225.0,0.0,1225.0,1050.0,175.0
TRX-20260410-04953,2026-04-10 17:50:29,3,00003567,622300356724,1,0,1,775.2,696.0,775.2,0.0,775.2,696.0,79.2
TRX-20260410-03199,2026-04-10 17:52:24,2,00003561,622300356100,5,0,5,42.0,35.0,210.0,0.0,210.0,175.0,35.0
TRX-20260410-01141,2026-04-10 17:53:42,2,00003562,622300356200,1,0,1,60.0,50.0,60.0,0.0,60.0,50.0,10.0
TRX-20260410-02610,2026-04-10 18:30:17,1,00003608,622300360800,2,0,2,78.0,60.0,156.0,0.0,156.0,120.0,36.0
TRX-20260410-01031,2026-04-10 19:41:07,1,00003584,622300358400,3,0,3,26.0,20.0,78.0,0.0,78.0,60.0,18.0
TRX-20260410-02796,2026-04-10 19:47:00,2,00003586,622300358600,5,0,5,55.0,45.0,275.0,0.0,275.0,225.0,50.0
TRX-20260410-04268,2026-04-10 20:00:44,2,00003576,622300357600,4,4,0,245.0,210.0,980.0,980.0,0.0,0.0,0.0
TRX-20260410-02774,2026-04-10 20:14:10,2,00003597,622300359700,5,0,5,160.0,130.0,800.0,0.0,800.0,650.0,150.0
TRX-20260410-00964,2026-04-10 20:52:45,2,00003558,622300355800,5,0,5,8.0,6.5,40.0,0.0,40.0,32.5,7.5
TRX-20260410-03596,2026-04-10 20:58:52,3,00003613,622300361300,1,0,1,105.0,85.0,105.0,0.0,105.0,85.0,20.0
TRX-20260410-01724,2026-04-10 21:51:36,1,00003593,622300359300,5,0,5,18.0,14.0,90.0,0.0,90.0,70.0,20.0
TRX-20260410-04999,2026-04-10 22:09:19,1,00003565,622300356500,4,0,4,38.0,32.0,152.0,0.0,152.0,128.0,24.0
TRX-20260410-04870,2026-04-10 22:43:05,1,00003599,622300359900,2,0,2,380.0,320.0,760.0,0.0,760.0,640.0,120.0
TRX-20260410-00848,2026-04-10 22:49:58,2,00003564,622300356400,4,0,4,20.0,16.0,80.0,0.0,80.0,64.0,16.0
TRX-20260410-04479,2026-04-10 23:56:46,1,00003569,622300356900,4,4,0,14.0,11.0,56.0,56.0,0.0,0.0,0.0
TRX-20260411-02438,2026-04-11 00:14:31,2,00003578,622300357800,4,0,4,45.0,35.0,180.0,0.0,180.0,140.0,40.0
TRX-20260411-03000,2026-04-11 01:26:24,3,00003569,622300356900,1,0,1,14.0,11.0,14.0,0.0,14.0,11.0,3.0
TRX-20260411-01372,2026-04-11 02:36:00,3,00003586,622300358600,5,0,5,55.0,45.0,275.0,0.0,275.0,225.0,50.0
TRX-20260411-01209,2026-04-11 03:55:45,2,00003556,622300355624,1,0,1,159.6,132.0,159.6,0.0,159.6,132.0,27.6
TRX-20260411-04977,2026-04-11 04:18:23,3,00003563,622300356300,1,0,1,12.0,9.0,12.0,0.0,12.0,9.0,3.0
TRX-20260411-00277,2026-04-11 04:41:11,1,00003563,622300356312,1,0,1,136.8,108.0,136.8,0.0,136.8,108.0,28.8
TRX-20260411-00941,2026-04-11 05:12:59,1,00003582,622300358212,1,0,1,319.2,264.0,319.2,0.0,319.2,264.0,55.2
TRX-20260411-03072,2026-04-11 05:17:28,2,00003595,622300359500,4,0,4,110.0,85.0,440.0,0.0,440.0,340.0,100.0
TRX-20260411-03754,2026-04-11 06:58:57,3,00003561,622300356100,3,0,3,42.0,35.0,126.0,0.0,126.0,105.0,21.0
TRX-20260411-02651,2026-04-11 07:43:04,1,00003568,622300356800,4,0,4,105.0,85.0,420.0,0.0,420.0,340.0,80.0
TRX-20260411-01206,2026-04-11 07:49:47,1,00003577,622300357700,1,0,1,65.0,50.0,65.0,0.0,65.0,50.0,15.0
TRX-20260411-01523,2026-04-11 08:12:16,4,00003557,622300355700,5,5,0,7.0,5.5,35.0,35.0,0.0,0.0,0.0
TRX-20260411-02258,2026-04-11 08:18:05,4,00003552,622300355200,5,0,5,420.0,380.0,2100.0,0.0,2100.0,1900.0,200.0
TRX-20260411-00536,2026-04-11 08:35:16,1,00003552,622300355200,5,0,5,420.0,380.0,2100.0,0.0,2100.0,1900.0,200.0
TRX-20260411-02449,2026-04-11 09:02:58,2,00003584,622300358400,3,0,3,26.0,20.0,78.0,0.0,78.0,60.0,18.0
TRX-20260411-00609,2026-04-11 09:17:20,1,00003599,622300359900,1,0,1,380.0,320.0,380.0,0.0,380.0,320.0,60.0
TRX-20260411-00937,2026-04-11 09:26:31,3,00003589,622300358912,2,0,2,114.0,96.0,228.0,0.0,228.0,192.0,36.0
TRX-20260411-02111,2026-04-11 09:55:20,3,00003596,622300359600,3,0,3,120.0,95.0,360.0,0.0,360.0,285.0,75.0
TRX-20260411-00667,2026-04-11 10:02:31,3,00003605,622300360500,2,0,2,58.0,45.0,116.0,0.0,116.0,90.0,26.0
TRX-20260411-04410,2026-04-11 10:06:45,4,00003574,622300357400,1,0,1,155.0,135.0,155.0,0.0,155.0,135.0,20.0
TRX-20260411-01300,2026-04-11 10:51:42,2,00003571,622300357100,4,0,4,17.5,14.0,70.0,0.0,70.0,56.0,14.0
TRX-20260411-04348,2026-04-11 10:57:57,2,00003570,622300357000,2,0,2,20.0,16.0,40.0,0.0,40.0,32.0,8.0
TRX-20260411-00714,2026-04-11 12:32:15,3,00003609,622300360924,2,0,2,2508.0,2040.0,5016.0,0.0,5016.0,4080.0,936.0
TRX-20260411-00390,2026-04-11 12:32:33,4,00003595,622300359500,3,0,3,110.0,85.0,330.0,0.0,330.0,255.0,75.0
TRX-20260411-00833,2026-04-11 13:12:13,1,00003568,622300356800,2,0,2,105.0,85.0,210.0,0.0,210.0,170.0,40.0
TRX-20260411-02843,2026-04-11 13:20:58,3,00003604,622300360400,5,0,5,50.0,40.0,250.0,0.0,250.0,200.0,50.0
TRX-20260411-00744,2026-04-11 13:47:37,3,00003581,622300358124,1,0,1,729.6,600.0,729.6,0.0,729.6,600.0,129.6
TRX-20260411-03370,2026-04-11 14:36:51,5,00003579,622300357900,5,0,5,110.0,85.0,550.0,0.0,550.0,425.0,125.0
TRX-20260411-00913,2026-04-11 15:18:13,1,00003552,622300355200,1,0,1,420.0,380.0,420.0,0.0,420.0,380.0,40.0
TRX-20260411-00489,2026-04-11 15:21:45,3,00003583,622300358300,3,0,3,5.5,4.0,16.5,0.0,16.5,12.0,4.5
TRX-20260411-02581,2026-04-11 15:24:46,1,00003583,622300358300,2,0,2,5.5,4.0,11.0,0.0,11.0,8.0,3.0
TRX-20260411-01341,2026-04-11 15:36:20,3,00003613,622300361300,1,0,1,105.0,85.0,105.0,0.0,105.0,85.0,20.0
TRX-20260411-01496,2026-04-11 15:41:38,1,00003585,622300358500,1,1,0,220.0,180.0,220.0,220.0,0.0,0.0,0.0
TRX-20260411-02699,2026-04-11 15:52:22,1,00003599,622300359900,4,0,4,380.0,320.0,1520.0,0.0,1520.0,1280.0,240.0
TRX-20260411-03705,2026-04-11 15:57:53,1,00003613,622300361300,5,1,4,105.0,85.0,525.0,105.0,420.0,340.0,80.0
TRX-20260411-04312,2026-04-11 16:19:42,2,00003579,622300357900,3,3,0,110.0,85.0,330.0,330.0,0.0,0.0,0.0
TRX-20260411-04752,2026-04-11 16:47:21,4,00003590,622300359000,1,0,1,23.0,18.0,23.0,0.0,23.0,18.0,5.0
TRX-20260411-01393,2026-04-11 17:22:15,2,00003566,622300356606,1,0,1,1026.0,900.0,1026.0,0.0,1026.0,900.0,126.0
TRX-20260411-01927,2026-04-11 18:12:28,4,00003592,622300359200,4,0,4,4.5,3.0,18.0,0.0,18.0,12.0,6.0
TRX-20260411-00842,2026-04-11 18:18:27,1,00003592,622300359224,1,0,1,102.6,72.0,102.6,0.0,102.6,72.0,30.6
TRX-20260411-00484,2026-04-11 18:31:26,1,00003568,622300356800,1,0,1,105.0,85.0,105.0,0.0,105.0,85.0,20.0
TRX-20260411-01305,2026-04-11 20:23:20,3,00003584,622300358400,3,0,3,26.0,20.0,78.0,0.0,78.0,60.0,18.0
TRX-20260411-04489,2026-04-11 20:28:56,1,00003570,622300357000,4,0,4,20.0,16.0,80.0,0.0,80.0,64.0,16.0
TRX-20260411-04269,2026-04-11 20:30:07,1,00003610,622300361000,5,0,5,75.0,60.0,375.0,0.0,375.0,300.0,75.0
TRX-20260411-02902,2026-04-11 22:01:19,2,00003573,622300357300,3,0,3,88.0,75.0,264.0,0.0,264.0,225.0,39.0
TRX-20260411-01851,2026-04-11 22:03:49,4,00003562,622300356200,3,1,2,60.0,50.0,180.0,60.0,120.0,100.0,20.0
TRX-20260411-03566,2026-04-11 22:35:13,3,00003605,622300360500,3,0,3,58.0,45.0,174.0,0.0,174.0,135.0,39.0
TRX-20260411-04359,2026-04-11 22:51:25,2,00003594,622300359400,2,0,2,195.0,160.0,390.0,0.0,390.0,320.0,70.0
TRX-20260411-03704,2026-04-11 23:40:22,2,00003578,622300357800,2,0,2,45.0,35.0,90.0,0.0,90.0,70.0,20.0
TRX-20260412-01711,2026-04-12 00:27:59,2,00003577,622300357700,1,0,1,65.0,50.0,65.0,0.0,65.0,50.0,15.0
TRX-20260412-04280,2026-04-12 00:28:18,3,00003591,622300359100,2,0,2,7.0,5.0,14.0,0.0,14.0,10.0,4.0
TRX-20260412-03578,2026-04-12 00:44:14,1,00003562,622300356200,2,0,2,60.0,50.0,120.0,0.0,120.0,100.0,20.0
TRX-20260412-00449,2026-04-12 00:46:13,1,00003612,622300361200,2,0,2,16.0,12.0,32.0,0.0,32.0,24.0,8.0
TRX-20260412-03316,2026-04-12 01:26:23,3,00003598,622300359800,1,0,1,245.0,210.0,245.0,0.0,245.0,210.0,35.0
TRX-20260412-02551,2026-04-12 01:47:18,1,00003569,622300356900,3,0,3,14.0,11.0,42.0,0.0,42.0,33.0,9.0
TRX-20260412-01897,2026-04-12 01:57:08,3,00003565,622300356500,3,0,3,38.0,32.0,114.0,0.0,114.0,96.0,18.0
TRX-20260412-01680,2026-04-12 02:53:20,4,00003567,622300356700,2,0,2,34.0,29.0,68.0,0.0,68.0,58.0,10.0
TRX-20260412-03366,2026-04-12 02:55:13,2,00003562,622300356200,1,0,1,60.0,50.0,60.0,0.0,60.0,50.0,10.0
TRX-20260412-02975,2026-04-12 03:04:51,1,00003578,622300357800,5,0,5,45.0,35.0,225.0,0.0,225.0,175.0,50.0
TRX-20260412-01208,2026-04-12 03:29:37,1,00003598,622300359800,5,3,2,245.0,210.0,1225.0,735.0,490.0,420.0,70.0
TRX-20260412-04077,2026-04-12 03:39:15,3,00003581,622300358100,1,0,1,32.0,25.0,32.0,0.0,32.0,25.0,7.0
TRX-20260412-04121,2026-04-12 04:17:45,4,00003556,622300355600,4,0,4,7.0,5.5,28.0,0.0,28.0,22.0,6.0
TRX-20260412-00553,2026-04-12 04:26:29,3,00003572,622300357200,4,4,0,23.0,18.0,92.0,92.0,0.0,0.0,0.0
TRX-20260412-02529,2026-04-12 04:30:03,3,00003563,622300356300,2,0,2,12.0,9.0,24.0,0.0,24.0,18.0,6.0
TRX-20260412-04466,2026-04-12 05:02:09,5,00003575,622300357500,3,0,3,55.0,45.0,165.0,0.0,165.0,135.0,30.0
TRX-20260412-00272,2026-04-12 05:11:16,5,00003570,622300357000,1,0,1,20.0,16.0,20.0,0.0,20.0,16.0,4.0
TRX-20260412-02879,2026-04-12 05:18:14,3,00003555,622300355500,5,0,5,480.0,420.0,2400.0,0.0,2400.0,2100.0,300.0
TRX-20260412-00512,2026-04-12 05:19:57,1,00003601,622300360100,4,0,4,205.0,175.0,820.0,0.0,820.0,700.0,120.0
TRX-20260412-04086,2026-04-12 05:34:23,5,00003613,622300361300,5,0,5,105.0,85.0,525.0,0.0,525.0,425.0,100.0
TRX-20260412-04217,2026-04-12 06:52:05,2,00003613,622300361300,2,0,2,105.0,85.0,210.0,0.0,210.0,170.0,40.0
TRX-20260412-01240,2026-04-12 08:07:59,5,00003557,622300355706,2,0,2,39.9,33.0,79.8,0.0,79.8,66.0,13.8
TRX-20260412-01553,2026-04-12 09:31:15,5,00003611,622300361100,3,3,0,28.0,22.0,84.0,84.0,0.0,0.0,0.0
TRX-20260412-03887,2026-04-12 09:35:14,2,00003561,622300356100,5,1,4,42.0,35.0,210.0,42.0,168.0,140.0,28.0
TRX-20260412-01796,2026-04-12 09:42:02,3,00003553,622300355300,4,4,0,450.0,400.0,1800.0,1800.0,0.0,0.0,0.0
TRX-20260412-01705,2026-04-12 10:20:43,1,00003595,622300359500,4,0,4,110.0,85.0,440.0,0.0,440.0,340.0,100.0
TRX-20260412-01011,2026-04-12 11:26:21,5,00003562,622300356200,3,0,3,60.0,50.0,180.0,0.0,180.0,150.0,30.0
TRX-20260412-03168,2026-04-12 12:17:55,5,00003599,622300359900,1,0,1,380.0,320.0,380.0,0.0,380.0,320.0,60.0
TRX-20260412-01239,2026-04-12 12:34:25,4,00003601,622300360100,3,0,3,205.0,175.0,615.0,0.0,615.0,525.0,90.0
TRX-20260412-04058,2026-04-12 12:47:50,2,00003574,622300357400,1,0,1,155.0,135.0,155.0,0.0,155.0,135.0,20.0
TRX-20260412-03517,2026-04-12 13:38:04,2,00003610,622300361000,3,3,0,75.0,60.0,225.0,225.0,0.0,0.0,0.0
TRX-20260412-04613,2026-04-12 13:42:19,3,00003604,622300360400,3,0,3,50.0,40.0,150.0,0.0,150.0,120.0,30.0
TRX-20260412-03297,2026-04-12 13:56:52,2,00003574,622300357400,5,0,5,155.0,135.0,775.0,0.0,775.0,675.0,100.0
TRX-20260412-00836,2026-04-12 14:03:57,5,00003603,622300360300,1,0,1,35.0,28.0,35.0,0.0,35.0,28.0,7.0
TRX-20260412-00239,2026-04-12 15:20:57,3,00003584,622300358400,1,0,1,26.0,20.0,26.0,0.0,26.0,20.0,6.0
TRX-20260412-02153,2026-04-12 15:28:45,1,00003599,622300359900,5,1,4,380.0,320.0,1900.0,380.0,1520.0,1280.0,240.0
TRX-20260412-01238,2026-04-12 15:40:32,4,00003569,622300356900,4,0,4,14.0,11.0,56.0,0.0,56.0,44.0,12.0
TRX-20260412-04786,2026-04-12 15:59:36,1,00003566,622300356600,2,0,2,180.0,150.0,360.0,0.0,360.0,300.0,60.0
TRX-20260412-02953,2026-04-12 16:47:52,4,00003591,622300359100,5,3,2,7.0,5.0,35.0,21.0,14.0,10.0,4.0
TRX-20260412-03421,2026-04-12 16:57:59,2,00003610,622300361000,4,0,4,75.0,60.0,300.0,0.0,300.0,240.0,60.0
TRX-20260412-02869,2026-04-12 17:19:48,1,00003574,622300357400,3,0,3,155.0,135.0,465.0,0.0,465.0,405.0,60.0
TRX-20260412-03976,2026-04-12 17:39:34,4,00003608,622300360800,5,5,0,78.0,60.0,390.0,390.0,0.0,0.0,0.0
TRX-20260412-01988,2026-04-12 18:12:52,2,00003561,622300356100,1,0,1,42.0,35.0,42.0,0.0,42.0,35.0,7.0
TRX-20260412-02935,2026-04-12 18:12:54,4,00003582,622300358200,5,0,5,28.0,22.0,140.0,0.0,140.0,110.0,30.0
TRX-20260412-02759,2026-04-12 18:21:42,1,00003572,622300357200,5,0,5,23.0,18.0,115.0,0.0,115.0,90.0,25.0
TRX-20260412-00722,2026-04-12 18:45:11,5,00003568,622300356800,3,0,3,105.0,85.0,315.0,0.0,315.0,255.0,60.0
TRX-20260412-00323,2026-04-12 18:59:17,4,00003568,622300356800,3,0,3,105.0,85.0,315.0,0.0,315.0,255.0,60.0
TRX-20260412-02047,2026-04-12 19:20:15,3,00003613,622300361300,4,1,3,105.0,85.0,420.0,105.0,315.0,255.0,60.0
TRX-20260412-03324,2026-04-12 19:33:35,2,00003572,622300357200,2,0,2,23.0,18.0,46.0,0.0,46.0,36.0,10.0
TRX-20260412-02275,2026-04-12 19:41:20,1,00003604,622300360400,2,0,2,50.0,40.0,100.0,0.0,100.0,80.0,20.0
TRX-20260412-00397,2026-04-12 19:46:13,5,00003587,622300358700,3,0,3,135.0,110.0,405.0,0.0,405.0,330.0,75.0
TRX-20260412-03805,2026-04-12 19:54:57,1,00003589,622300358900,3,0,3,10.0,8.0,30.0,0.0,30.0,24.0,6.0
TRX-20260412-00470,2026-04-12 21:34:56,2,00003599,622300359900,5,0,5,380.0,320.0,1900.0,0.0,1900.0,1600.0,300.0
TRX-20260412-03739,2026-04-12 23:00:47,1,00003568,622300356800,3,0,3,105.0,85.0,315.0,0.0,315.0,255.0,60.0
TRX-20260412-00508,2026-04-12 23:07:59,1,00003570,622300357000,5,0,5,20.0,16.0,100.0,0.0,100.0,80.0,20.0
TRX-20260412-04941,2026-04-12 23:09:37,3,00003590,622300359000,3,0,3,23.0,18.0,69.0,0.0,69.0,54.0,15.0
TRX-20260412-03528,2026-04-12 23:34:55,4,00003569,622300356900,4,0,4,14.0,11.0,56.0,0.0,56.0,44.0,12.0
TRX-20260413-01695,2026-04-13 00:03:12,1,00003574,622300357400,5,0,5,155.0,135.0,775.0,0.0,775.0,675.0,100.0
TRX-20260413-02593,2026-04-13 00:14:02,1,00003563,622300356300,5,0,5,12.0,9.0,60.0,0.0,60.0,45.0,15.0
TRX-20260413-03911,2026-04-13 00:29:54,1,00003586,622300358600,1,0,1,55.0,45.0,55.0,0.0,55.0,45.0,10.0
TRX-20260413-04932,2026-04-13 00:41:38,3,00003591,622300359100,4,0,4,7.0,5.0,28.0,0.0,28.0,20.0,8.0
TRX-20260413-00752,2026-04-13 00:43:38,1,00003561,622300356100,4,0,4,42.0,35.0,168.0,0.0,168.0,140.0,28.0
TRX-20260413-04998,2026-04-13 00:44:07,1,00003606,622300360600,4,0,4,85.0,65.0,340.0,0.0,340.0,260.0,80.0
TRX-20260413-04481,2026-04-13 01:34:38,4,00003611,622300361100,5,0,5,28.0,22.0,140.0,0.0,140.0,110.0,30.0
TRX-20260413-02152,2026-04-13 01:45:16,2,00003595,622300359500,1,0,1,110.0,85.0,110.0,0.0,110.0,85.0,25.0
TRX-20260413-04394,2026-04-13 01:53:33,3,00003595,622300359500,1,0,1,110.0,85.0,110.0,0.0,110.0,85.0,25.0
TRX-20260413-02513,2026-04-13 01:56:47,1,00003599,622300359906,2,0,2,2166.0,1920.0,4332.0,0.0,4332.0,3840.0,492.0
TRX-20260413-02283,2026-04-13 02:19:51,5,00003612,622300361212,2,0,2,182.4,144.0,364.8,0.0,364.8,288.0,76.8
TRX-20260413-03214,2026-04-13 02:20:20,2,00003567,622300356700,5,0,5,34.0,29.0,170.0,0.0,170.0,145.0,25.0
TRX-20260413-02624,2026-04-13 03:06:58,4,00003602,622300360200,3,0,3,45.0,35.0,135.0,0.0,135.0,105.0,30.0
TRX-20260413-04197,2026-04-13 03:21:47,1,00003578,622300357800,3,0,3,45.0,35.0,135.0,0.0,135.0,105.0,30.0
TRX-20260413-01924,2026-04-13 03:26:52,1,00003591,622300359100,1,0,1,7.0,5.0,7.0,0.0,7.0,5.0,2.0
TRX-20260413-01503,2026-04-13 03:39:00,2,00003604,622300360424,2,0,2,1140.0,960.0,2280.0,0.0,2280.0,1920.0,360.0
TRX-20260413-01740,2026-04-13 03:52:48,3,00003577,622300357700,1,0,1,65.0,50.0,65.0,0.0,65.0,50.0,15.0
TRX-20260413-00500,2026-04-13 04:01:13,1,00003558,622300355800,2,0,2,8.0,6.5,16.0,0.0,16.0,13.0,3.0
TRX-20260413-04583,2026-04-13 05:12:14,2,00003560,622300356000,1,0,1,135.0,110.0,135.0,0.0,135.0,110.0,25.0
TRX-20260413-03191,2026-04-13 05:34:06,2,00003589,622300358900,2,0,2,10.0,8.0,20.0,0.0,20.0,16.0,4.0
TRX-20260413-04856,2026-04-13 05:44:15,2,00003610,622300361000,3,3,0,75.0,60.0,225.0,225.0,0.0,0.0,0.0
TRX-20260413-01576,2026-04-13 06:27:34,2,00003574,622300357400,3,0,3,155.0,135.0,465.0,0.0,465.0,405.0,60.0
TRX-20260413-01242,2026-04-13 06:30:16,1,00003593,622300359300,2,0,2,18.0,14.0,36.0,0.0,36.0,28.0,8.0
TRX-20260413-00707,2026-04-13 06:35:10,3,00003592,622300359200,3,1,2,4.5,3.0,13.5,4.5,9.0,6.0,3.0
TRX-20260413-00832,2026-04-13 06:54:27,1,00003585,622300358500,5,0,5,220.0,180.0,1100.0,0.0,1100.0,900.0,200.0
TRX-20260413-03283,2026-04-13 07:13:38,1,00003577,622300357700,1,0,1,65.0,50.0,65.0,0.0,65.0,50.0,15.0
TRX-20260413-02764,2026-04-13 07:22:32,1,00003596,622300359600,2,0,2,120.0,95.0,240.0,0.0,240.0,190.0,50.0
TRX-20260413-02098,2026-04-13 07:35:25,2,00003592,622300359200,4,0,4,4.5,3.0,18.0,0.0,18.0,12.0,6.0
TRX-20260413-03017,2026-04-13 07:42:33,5,00003560,622300356000,4,0,4,135.0,110.0,540.0,0.0,540.0,440.0,100.0
TRX-20260413-01282,2026-04-13 07:50:24,4,00003609,622300360900,5,0,5,110.0,85.0,550.0,0.0,550.0,425.0,125.0
TRX-20260413-03409,2026-04-13 08:10:04,1,00003559,622300355900,4,0,4,28.0,22.0,112.0,0.0,112.0,88.0,24.0
TRX-20260413-00176,2026-04-13 08:33:55,5,00003557,622300355700,3,0,3,7.0,5.5,21.0,0.0,21.0,16.5,4.5
TRX-20260413-03173,2026-04-13 08:43:45,3,00003577,622300357700,4,0,4,65.0,50.0,260.0,0.0,260.0,200.0,60.0
TRX-20260413-01350,2026-04-13 08:54:28,1,00003564,622300356400,1,1,0,20.0,16.0,20.0,20.0,0.0,0.0,0.0
TRX-20260413-01522,2026-04-13 09:08:02,2,00003582,622300358212,1,0,1,319.2,264.0,319.2,0.0,319.2,264.0,55.2
TRX-20260413-04906,2026-04-13 09:11:14,2,00003611,622300361100,4,0,4,28.0,22.0,112.0,0.0,112.0,88.0,24.0
TRX-20260413-04972,2026-04-13 09:19:32,3,00003596,622300359624,1,0,1,2736.0,2280.0,2736.0,0.0,2736.0,2280.0,456.0
TRX-20260413-04858,2026-04-13 09:25:36,1,00003552,622300355200,3,1,2,420.0,380.0,1260.0,420.0,840.0,760.0,80.0
TRX-20260413-04643,2026-04-13 10:21:00,2,00003562,622300356200,5,0,5,60.0,50.0,300.0,0.0,300.0,250.0,50.0
TRX-20260413-01216,2026-04-13 10:42:03,3,00003611,622300361100,2,0,2,28.0,22.0,56.0,0.0,56.0,44.0,12.0
TRX-20260413-02835,2026-04-13 10:45:58,3,00003592,622300359200,5,0,5,4.5,3.0,22.5,0.0,22.5,15.0,7.5
TRX-20260413-03761,2026-04-13 12:05:49,2,00003578,622300357800,5,3,2,45.0,35.0,225.0,135.0,90.0,70.0,20.0
TRX-20260413-04815,2026-04-13 14:02:54,1,00003607,622300360700,3,0,3,125.0,95.0,375.0,0.0,375.0,285.0,90.0
TRX-20260413-00028,2026-04-13 15:01:09,1,00003588,622300358824,2,0,2,2166.0,1800.0,4332.0,0.0,4332.0,3600.0,732.0
TRX-20260413-02751,2026-04-13 15:44:26,1,00003560,622300356000,3,0,3,135.0,110.0,405.0,0.0,405.0,330.0,75.0
TRX-20260413-03709,2026-04-13 16:19:21,2,00003608,622300360800,4,0,4,78.0,60.0,312.0,0.0,312.0,240.0,72.0
TRX-20260413-03066,2026-04-13 16:29:41,2,00003600,622300360024,2,0,2,3078.0,2640.0,6156.0,0.0,6156.0,5280.0,876.0
TRX-20260413-04625,2026-04-13 16:36:30,1,00003563,622300356300,4,0,4,12.0,9.0,48.0,0.0,48.0,36.0,12.0
TRX-20260413-03562,2026-04-13 17:10:35,1,00003552,622300355200,1,0,1,420.0,380.0,420.0,0.0,420.0,380.0,40.0
TRX-20260413-00084,2026-04-13 17:14:22,2,00003586,622300358600,5,0,5,55.0,45.0,275.0,0.0,275.0,225.0,50.0
TRX-20260413-02232,2026-04-13 17:25:11,2,00003576,622300357606,2,0,2,1396.5,1260.0,2793.0,0.0,2793.0,2520.0,273.0
TRX-20260413-03293,2026-04-13 17:43:54,1,00003586,622300358600,2,0,2,55.0,45.0,110.0,0.0,110.0,90.0,20.0
TRX-20260413-01569,2026-04-13 17:47:31,2,00003603,622300360300,2,0,2,35.0,28.0,70.0,0.0,70.0,56.0,14.0
TRX-20260413-00408,2026-04-13 17:51:54,2,00003584,622300358400,2,0,2,26.0,20.0,52.0,0.0,52.0,40.0,12.0
TRX-20260413-04652,2026-04-13 18:13:29,1,00003583,622300358300,3,0,3,5.5,4.0,16.5,0.0,16.5,12.0,4.5
TRX-20260413-02582,2026-04-13 18:13:46,2,00003603,622300360300,1,1,0,35.0,28.0,35.0,35.0,0.0,0.0,0.0
TRX-20260413-03036,2026-04-13 18:52:19,1,00003554,622300355400,3,0,3,435.0,390.0,1305.0,0.0,1305.0,1170.0,135.0
TRX-20260413-00383,2026-04-13 19:02:30,1,00003596,622300359600,5,0,5,120.0,95.0,600.0,0.0,600.0,475.0,125.0
TRX-20260413-02487,2026-04-13 21:18:15,5,00003564,622300356400,3,0,3,20.0,16.0,60.0,0.0,60.0,48.0,12.0
TRX-20260413-00395,2026-04-13 21:30:14,1,00003584,622300358400,4,0,4,26.0,20.0,104.0,0.0,104.0,80.0,24.0
TRX-20260413-01144,2026-04-13 21:30:27,2,00003568,622300356800,4,0,4,105.0,85.0,420.0,0.0,420.0,340.0,80.0
TRX-20260413-02163,2026-04-13 22:22:00,1,00003562,622300356200,2,0,2,60.0,50.0,120.0,0.0,120.0,100.0,20.0
TRX-20260413-02226,2026-04-13 22:51:29,1,00003591,622300359100,3,0,3,7.0,5.0,21.0,0.0,21.0,15.0,6.0
TRX-20260413-03057,2026-04-13 23:12:31,1,00003566,622300356600,1,1,0,180.0,150.0,180.0,180.0,0.0,0.0,0.0
TRX-20260413-04032,2026-04-13 23:17:43,2,00003560,622300356000,5,0,5,135.0,110.0,675.0,0.0,675.0,550.0,125.0
TRX-20260413-04082,2026-04-13 23:38:34,5,00003589,622300358912,2,0,2,114.0,96.0,228.0,0.0,228.0,192.0,36.0
TRX-20260413-01837,2026-04-13 23:58:40,4,00003584,622300358400,1,1,0,26.0,20.0,26.0,26.0,0.0,0.0,0.0
TRX-20260414-03033,2026-04-14 01:33:44,2,00003573,622300357300,2,0,2,88.0,75.0,176.0,0.0,176.0,150.0,26.0
TRX-20260414-03183,2026-04-14 01:48:13,2,00003556,622300355600,2,1,1,7.0,5.5,14.0,7.0,7.0,5.5,1.5
TRX-20260414-02398,2026-04-14 02:04:19,2,00003574,622300357406,2,0,2,883.5,810.0,1767.0,0.0,1767.0,1620.0,147.0
TRX-20260414-01039,2026-04-14 02:07:49,1,00003572,622300357200,5,4,1,23.0,18.0,115.0,92.0,23.0,18.0,5.0
TRX-20260414-03131,2026-04-14 02:19:41,3,00003584,622300358400,3,0,3,26.0,20.0,78.0,0.0,78.0,60.0,18.0
TRX-20260414-01087,2026-04-14 02:20:10,2,00003604,622300360400,1,0,1,50.0,40.0,50.0,0.0,50.0,40.0,10.0
TRX-20260414-02239,2026-04-14 02:48:00,3,00003583,622300358300,3,0,3,5.5,4.0,16.5,0.0,16.5,12.0,4.5
TRX-20260414-01380,2026-04-14 03:02:53,1,00003573,622300357300,3,0,3,88.0,75.0,264.0,0.0,264.0,225.0,39.0
TRX-20260414-04576,2026-04-14 03:44:51,3,00003576,622300357600,4,0,4,245.0,210.0,980.0,0.0,980.0,840.0,140.0
TRX-20260414-04656,2026-04-14 03:51:16,2,00003573,622300357300,3,0,3,88.0,75.0,264.0,0.0,264.0,225.0,39.0
TRX-20260414-00437,2026-04-14 03:54:58,3,00003589,622300358900,2,0,2,10.0,8.0,20.0,0.0,20.0,16.0,4.0
TRX-20260414-00007,2026-04-14 04:49:58,2,00003572,622300357200,5,0,5,23.0,18.0,115.0,0.0,115.0,90.0,25.0
TRX-20260414-04843,2026-04-14 04:52:43,5,00003582,622300358200,5,0,5,28.0,22.0,140.0,0.0,140.0,110.0,30.0
TRX-20260414-01446,2026-04-14 05:14:58,2,00003565,622300356500,3,0,3,38.0,32.0,114.0,0.0,114.0,96.0,18.0
TRX-20260414-02617,2026-04-14 05:18:05,1,00003555,622300355500,4,0,4,480.0,420.0,1920.0,0.0,1920.0,1680.0,240.0
TRX-20260414-02760,2026-04-14 06:00:01,3,00003597,622300359700,4,0,4,160.0,130.0,640.0,0.0,640.0,520.0,120.0
TRX-20260414-02099,2026-04-14 07:22:37,1,00003609,622300360900,2,0,2,110.0,85.0,220.0,0.0,220.0,170.0,50.0
TRX-20260414-03206,2026-04-14 08:21:31,3,00003586,622300358600,5,0,5,55.0,45.0,275.0,0.0,275.0,225.0,50.0
TRX-20260414-00006,2026-04-14 09:10:52,1,00003608,622300360824,1,0,1,1778.4,1440.0,1778.4,0.0,1778.4,1440.0,338.4
TRX-20260414-02005,2026-04-14 09:46:59,2,00003570,622300357000,4,0,4,20.0,16.0,80.0,0.0,80.0,64.0,16.0
TRX-20260414-01864,2026-04-14 10:28:27,3,00003563,622300356300,3,0,3,12.0,9.0,36.0,0.0,36.0,27.0,9.0
TRX-20260414-02182,2026-04-14 10:47:34,2,00003612,622300361200,4,0,4,16.0,12.0,64.0,0.0,64.0,48.0,16.0
TRX-20260414-04363,2026-04-14 10:58:08,5,00003609,622300360900,4,0,4,110.0,85.0,440.0,0.0,440.0,340.0,100.0
TRX-20260414-02369,2026-04-14 11:12:21,2,00003554,622300355400,1,0,1,435.0,390.0,435.0,0.0,435.0,390.0,45.0
TRX-20260414-03584,2026-04-14 11:38:49,1,00003556,622300355600,3,0,3,7.0,5.5,21.0,0.0,21.0,16.5,4.5
TRX-20260414-03683,2026-04-14 11:40:27,5,00003554,622300355400,5,0,5,435.0,390.0,2175.0,0.0,2175.0,1950.0,225.0
TRX-20260414-04648,2026-04-14 11:57:24,2,00003605,622300360500,2,0,2,58.0,45.0,116.0,0.0,116.0,90.0,26.0
TRX-20260414-04567,2026-04-14 12:38:41,2,00003592,622300359200,2,0,2,4.5,3.0,9.0,0.0,9.0,6.0,3.0
TRX-20260414-00961,2026-04-14 12:57:11,1,00003603,622300360300,2,0,2,35.0,28.0,70.0,0.0,70.0,56.0,14.0
TRX-20260414-00033,2026-04-14 13:17:22,2,00003594,622300359400,1,0,1,195.0,160.0,195.0,0.0,195.0,160.0,35.0
TRX-20260414-04738,2026-04-14 14:18:58,1,00003581,622300358100,5,0,5,32.0,25.0,160.0,0.0,160.0,125.0,35.0
TRX-20260414-04833,2026-04-14 15:27:54,2,00003610,622300361000,1,0,1,75.0,60.0,75.0,0.0,75.0,60.0,15.0
TRX-20260414-00474,2026-04-14 15:30:55,1,00003568,622300356800,3,0,3,105.0,85.0,315.0,0.0,315.0,255.0,60.0
TRX-20260414-03947,2026-04-14 16:32:33,2,00003575,622300357500,1,0,1,55.0,45.0,55.0,0.0,55.0,45.0,10.0
TRX-20260414-02716,2026-04-14 16:36:56,3,00003599,622300359900,4,0,4,380.0,320.0,1520.0,0.0,1520.0,1280.0,240.0
TRX-20260414-02860,2026-04-14 17:19:14,4,00003552,622300355200,3,0,3,420.0,380.0,1260.0,0.0,1260.0,1140.0,120.0
TRX-20260414-04195,2026-04-14 18:21:44,1,00003594,622300359400,1,0,1,195.0,160.0,195.0,0.0,195.0,160.0,35.0
TRX-20260414-03358,2026-04-14 18:40:25,4,00003591,622300359100,2,0,2,7.0,5.0,14.0,0.0,14.0,10.0,4.0
TRX-20260414-02338,2026-04-14 19:01:30,5,00003605,622300360500,2,0,2,58.0,45.0,116.0,0.0,116.0,90.0,26.0
TRX-20260414-02704,2026-04-14 19:28:08,1,00003554,622300355400,1,0,1,435.0,390.0,435.0,0.0,435.0,390.0,45.0
TRX-20260414-00164,2026-04-14 19:32:00,3,00003592,622300359200,2,0,2,4.5,3.0,9.0,0.0,9.0,6.0,3.0
TRX-20260414-00133,2026-04-14 19:45:51,4,00003561,622300356100,3,0,3,42.0,35.0,126.0,0.0,126.0,105.0,21.0
TRX-20260414-04172,2026-04-14 20:05:44,2,00003597,622300359700,5,0,5,160.0,130.0,800.0,0.0,800.0,650.0,150.0
TRX-20260414-00171,2026-04-14 20:22:10,3,00003607,622300360700,3,0,3,125.0,95.0,375.0,0.0,375.0,285.0,90.0
TRX-20260414-02056,2026-04-14 20:36:16,1,00003567,622300356700,3,0,3,34.0,29.0,102.0,0.0,102.0,87.0,15.0
TRX-20260414-03466,2026-04-14 20:51:27,5,00003594,622300359406,2,0,2,1111.5,960.0,2223.0,0.0,2223.0,1920.0,303.0
TRX-20260414-02479,2026-04-14 21:27:29,4,00003592,622300359200,2,0,2,4.5,3.0,9.0,0.0,9.0,6.0,3.0
TRX-20260414-03839,2026-04-14 22:06:38,2,00003561,622300356100,2,1,1,42.0,35.0,84.0,42.0,42.0,35.0,7.0
TRX-20260414-04881,2026-04-14 22:08:08,2,00003565,622300356500,1,0,1,38.0,32.0,38.0,0.0,38.0,32.0,6.0
TRX-20260414-02587,2026-04-14 23:18:22,2,00003558,622300355800,3,0,3,8.0,6.5,24.0,0.0,24.0,19.5,4.5
TRX-20260414-04222,2026-04-14 23:56:04,3,00003592,622300359200,5,0,5,4.5,3.0,22.5,0.0,22.5,15.0,7.5
TRX-20260415-02917,2026-04-15 01:21:19,3,00003564,622300356400,4,0,4,20.0,16.0,80.0,0.0,80.0,64.0,16.0
TRX-20260415-04114,2026-04-15 01:28:47,3,00003596,622300359600,3,0,3,120.0,95.0,360.0,0.0,360.0,285.0,75.0
TRX-20260415-02031,2026-04-15 01:32:47,2,00003576,622300357600,5,4,1,245.0,210.0,1225.0,980.0,245.0,210.0,35.0
TRX-20260415-00985,2026-04-15 01:33:06,2,00003588,622300358800,2,0,2,95.0,75.0,190.0,0.0,190.0,150.0,40.0
TRX-20260415-01902,2026-04-15 02:03:33,3,00003562,622300356200,3,0,3,60.0,50.0,180.0,0.0,180.0,150.0,30.0
TRX-20260415-01691,2026-04-15 02:50:16,1,00003560,622300356000,5,0,5,135.0,110.0,675.0,0.0,675.0,550.0,125.0
TRX-20260415-04066,2026-04-15 02:51:44,2,00003571,622300357100,1,0,1,17.5,14.0,17.5,0.0,17.5,14.0,3.5
TRX-20260415-00293,2026-04-15 03:17:42,5,00003594,622300359400,3,1,2,195.0,160.0,585.0,195.0,390.0,320.0,70.0
TRX-20260415-00493,2026-04-15 03:23:48,1,00003587,622300358700,4,0,4,135.0,110.0,540.0,0.0,540.0,440.0,100.0
TRX-20260415-04727,2026-04-15 04:05:13,1,00003561,622300356100,3,0,3,42.0,35.0,126.0,0.0,126.0,105.0,21.0
TRX-20260415-01788,2026-04-15 04:46:32,3,00003582,622300358200,4,0,4,28.0,22.0,112.0,0.0,112.0,88.0,24.0
TRX-20260415-02556,2026-04-15 05:16:16,1,00003564,622300356400,1,0,1,20.0,16.0,20.0,0.0,20.0,16.0,4.0
TRX-20260415-04419,2026-04-15 05:33:37,3,00003556,622300355624,2,0,2,159.6,132.0,319.2,0.0,319.2,264.0,55.2
TRX-20260415-04279,2026-04-15 07:05:05,4,00003595,622300359500,2,0,2,110.0,85.0,220.0,0.0,220.0,170.0,50.0
TRX-20260415-02934,2026-04-15 07:29:24,3,00003552,622300355200,3,0,3,420.0,380.0,1260.0,0.0,1260.0,1140.0,120.0
TRX-20260415-03301,2026-04-15 07:35:57,3,00003583,622300358300,1,0,1,5.5,4.0,5.5,0.0,5.5,4.0,1.5
TRX-20260415-04879,2026-04-15 07:38:52,1,00003572,622300357200,2,0,2,23.0,18.0,46.0,0.0,46.0,36.0,10.0
TRX-20260415-00195,2026-04-15 07:41:54,2,00003556,622300355600,3,0,3,7.0,5.5,21.0,0.0,21.0,16.5,4.5
TRX-20260415-01846,2026-04-15 08:00:55,3,00003602,622300360212,2,2,0,513.0,420.0,1026.0,1026.0,0.0,0.0,0.0
TRX-20260415-04388,2026-04-15 08:06:54,3,00003574,622300357400,2,0,2,155.0,135.0,310.0,0.0,310.0,270.0,40.0
TRX-20260415-02616,2026-04-15 08:08:32,5,00003584,622300358424,1,0,1,592.8,480.0,592.8,0.0,592.8,480.0,112.8
TRX-20260415-01018,2026-04-15 08:15:57,1,00003557,622300355700,2,0,2,7.0,5.5,14.0,0.0,14.0,11.0,3.0
TRX-20260415-00240,2026-04-15 08:21:43,3,00003576,622300357600,2,0,2,245.0,210.0,490.0,0.0,490.0,420.0,70.0
TRX-20260415-03260,2026-04-15 08:50:39,1,00003558,622300355800,1,1,0,8.0,6.5,8.0,8.0,0.0,0.0,0.0
TRX-20260415-00885,2026-04-15 09:23:19,2,00003568,622300356824,2,2,0,2394.0,2040.0,4788.0,4788.0,0.0,0.0,0.0
TRX-20260415-01896,2026-04-15 09:24:10,1,00003567,622300356700,5,0,5,34.0,29.0,170.0,0.0,170.0,145.0,25.0
TRX-20260415-01123,2026-04-15 09:48:01,3,00003565,622300356500,5,0,5,38.0,32.0,190.0,0.0,190.0,160.0,30.0
TRX-20260415-02076,2026-04-15 09:59:21,2,00003556,622300355624,2,2,0,159.6,132.0,319.2,319.2,0.0,0.0,0.0
TRX-20260415-00824,2026-04-15 10:17:06,2,00003598,622300359800,2,0,2,245.0,210.0,490.0,0.0,490.0,420.0,70.0
TRX-20260415-02077,2026-04-15 10:22:40,4,00003562,622300356200,5,0,5,60.0,50.0,300.0,0.0,300.0,250.0,50.0
TRX-20260415-03461,2026-04-15 11:07:39,1,00003579,622300357900,1,0,1,110.0,85.0,110.0,0.0,110.0,85.0,25.0
TRX-20260415-00980,2026-04-15 11:21:01,1,00003560,622300356000,1,0,1,135.0,110.0,135.0,0.0,135.0,110.0,25.0
TRX-20260415-01062,2026-04-15 11:59:55,1,00003552,622300355200,4,0,4,420.0,380.0,1680.0,0.0,1680.0,1520.0,160.0
TRX-20260415-01865,2026-04-15 12:02:16,3,00003588,622300358800,5,0,5,95.0,75.0,475.0,0.0,475.0,375.0,100.0
TRX-20260415-04942,2026-04-15 12:06:12,3,00003566,622300356600,5,0,5,180.0,150.0,900.0,0.0,900.0,750.0,150.0
TRX-20260415-04675,2026-04-15 12:12:44,1,00003585,622300358500,4,3,1,220.0,180.0,880.0,660.0,220.0,180.0,40.0
TRX-20260415-00349,2026-04-15 12:43:41,1,00003567,622300356700,2,0,2,34.0,29.0,68.0,0.0,68.0,58.0,10.0
TRX-20260415-00137,2026-04-15 12:53:38,1,00003564,622300356400,5,0,5,20.0,16.0,100.0,0.0,100.0,80.0,20.0
TRX-20260415-00651,2026-04-15 12:57:30,1,00003561,622300356100,2,0,2,42.0,35.0,84.0,0.0,84.0,70.0,14.0
TRX-20260415-00571,2026-04-15 13:42:59,4,00003566,622300356600,1,0,1,180.0,150.0,180.0,0.0,180.0,150.0,30.0
TRX-20260415-04009,2026-04-15 13:44:35,1,00003604,622300360400,1,0,1,50.0,40.0,50.0,0.0,50.0,40.0,10.0
TRX-20260415-03079,2026-04-15 14:41:50,1,00003605,622300360500,2,0,2,58.0,45.0,116.0,0.0,116.0,90.0,26.0
TRX-20260415-02822,2026-04-15 15:41:07,2,00003591,622300359100,4,0,4,7.0,5.0,28.0,0.0,28.0,20.0,8.0
TRX-20260415-01527,2026-04-15 15:47:36,1,00003570,622300357000,5,0,5,20.0,16.0,100.0,0.0,100.0,80.0,20.0
TRX-20260415-04098,2026-04-15 16:29:21,3,00003572,622300357200,1,0,1,23.0,18.0,23.0,0.0,23.0,18.0,5.0
TRX-20260415-01020,2026-04-15 16:52:38,2,00003571,622300357100,3,0,3,17.5,14.0,52.5,0.0,52.5,42.0,10.5
TRX-20260415-04751,2026-04-15 17:03:15,3,00003582,622300358200,2,0,2,28.0,22.0,56.0,0.0,56.0,44.0,12.0
TRX-20260415-02561,2026-04-15 18:27:30,5,00003559,622300355900,4,0,4,28.0,22.0,112.0,0.0,112.0,88.0,24.0
TRX-20260415-03478,2026-04-15 18:41:45,3,00003609,622300360900,1,0,1,110.0,85.0,110.0,0.0,110.0,85.0,25.0
TRX-20260415-03634,2026-04-15 18:43:56,1,00003573,622300357300,2,0,2,88.0,75.0,176.0,0.0,176.0,150.0,26.0
TRX-20260415-04902,2026-04-15 18:59:05,1,00003563,622300356300,1,0,1,12.0,9.0,12.0,0.0,12.0,9.0,3.0
TRX-20260415-01779,2026-04-15 19:30:01,1,00003565,622300356500,5,0,5,38.0,32.0,190.0,0.0,190.0,160.0,30.0
TRX-20260415-01739,2026-04-15 20:07:00,1,00003586,622300358600,1,0,1,55.0,45.0,55.0,0.0,55.0,45.0,10.0
TRX-20260415-04439,2026-04-15 20:55:44,2,00003562,622300356200,5,2,3,60.0,50.0,300.0,120.0,180.0,150.0,30.0
TRX-20260415-04802,2026-04-15 20:58:14,1,00003611,622300361100,3,0,3,28.0,22.0,84.0,0.0,84.0,66.0,18.0
TRX-20260415-02184,2026-04-15 21:48:16,1,00003597,622300359700,4,0,4,160.0,130.0,640.0,0.0,640.0,520.0,120.0
TRX-20260415-03223,2026-04-15 23:08:37,2,00003585,622300358500,1,0,1,220.0,180.0,220.0,0.0,220.0,180.0,40.0
TRX-20260415-02437,2026-04-15 23:17:55,2,00003591,622300359100,5,0,5,7.0,5.0,35.0,0.0,35.0,25.0,10.0
TRX-20260415-02884,2026-04-15 23:30:34,2,00003587,622300358706,1,0,1,769.5,660.0,769.5,0.0,769.5,660.0,109.5
TRX-20260416-00663,2026-04-16 00:11:48,3,00003610,622300361000,1,0,1,75.0,60.0,75.0,0.0,75.0,60.0,15.0
TRX-20260416-04554,2026-04-16 00:56:47,2,00003577,622300357700,2,0,2,65.0,50.0,130.0,0.0,130.0,100.0,30.0
TRX-20260416-01935,2026-04-16 00:57:46,1,00003581,622300358124,1,0,1,729.6,600.0,729.6,0.0,729.6,600.0,129.6
TRX-20260416-01895,2026-04-16 00:59:18,1,00003605,622300360500,4,0,4,58.0,45.0,232.0,0.0,232.0,180.0,52.0
TRX-20260416-00611,2026-04-16 01:20:50,2,00003602,622300360200,3,0,3,45.0,35.0,135.0,0.0,135.0,105.0,30.0
TRX-20260416-03133,2026-04-16 01:57:58,1,00003557,622300355700,3,0,3,7.0,5.5,21.0,0.0,21.0,16.5,4.5
TRX-20260416-04253,2026-04-16 02:01:46,4,00003599,622300359900,3,0,3,380.0,320.0,1140.0,0.0,1140.0,960.0,180.0
TRX-20260416-01355,2026-04-16 02:08:56,3,00003606,622300360600,4,1,3,85.0,65.0,340.0,85.0,255.0,195.0,60.0
TRX-20260416-04789,2026-04-16 02:20:57,1,00003568,622300356800,2,0,2,105.0,85.0,210.0,0.0,210.0,170.0,40.0
TRX-20260416-03086,2026-04-16 03:36:18,2,00003584,622300358400,5,0,5,26.0,20.0,130.0,0.0,130.0,100.0,30.0
TRX-20260416-03037,2026-04-16 03:52:53,3,00003598,622300359800,1,1,0,245.0,210.0,245.0,245.0,0.0,0.0,0.0
TRX-20260416-02225,2026-04-16 04:09:07,4,00003603,622300360300,2,0,2,35.0,28.0,70.0,0.0,70.0,56.0,14.0
TRX-20260416-00068,2026-04-16 04:37:51,1,00003558,622300355824,1,0,1,182.4,156.0,182.4,0.0,182.4,156.0,26.4
TRX-20260416-01291,2026-04-16 04:56:03,1,00003561,622300356100,5,2,3,42.0,35.0,210.0,84.0,126.0,105.0,21.0
TRX-20260416-02705,2026-04-16 05:15:23,4,00003587,622300358700,1,0,1,135.0,110.0,135.0,0.0,135.0,110.0,25.0
TRX-20260416-01135,2026-04-16 05:15:38,2,00003600,622300360000,3,1,2,135.0,110.0,405.0,135.0,270.0,220.0,50.0
TRX-20260416-04156,2026-04-16 05:58:19,2,00003600,622300360000,2,0,2,135.0,110.0,270.0,0.0,270.0,220.0,50.0
TRX-20260416-04511,2026-04-16 06:22:44,1,00003576,622300357600,5,0,5,245.0,210.0,1225.0,0.0,1225.0,1050.0,175.0
TRX-20260416-01001,2026-04-16 06:34:16,3,00003593,622300359300,2,0,2,18.0,14.0,36.0,0.0,36.0,28.0,8.0
TRX-20260416-02968,2026-04-16 06:52:59,4,00003612,622300361200,4,0,4,16.0,12.0,64.0,0.0,64.0,48.0,16.0
TRX-20260416-03390,2026-04-16 07:06:27,4,00003600,622300360000,3,0,3,135.0,110.0,405.0,0.0,405.0,330.0,75.0
TRX-20260416-04680,2026-04-16 07:25:35,3,00003576,622300357606,2,0,2,1396.5,1260.0,2793.0,0.0,2793.0,2520.0,273.0
TRX-20260416-04100,2026-04-16 07:46:29,5,00003605,622300360500,3,0,3,58.0,45.0,174.0,0.0,174.0,135.0,39.0
TRX-20260416-00800,2026-04-16 07:48:42,3,00003609,622300360900,5,0,5,110.0,85.0,550.0,0.0,550.0,425.0,125.0
TRX-20260416-02413,2026-04-16 08:07:09,1,00003575,622300357500,2,0,2,55.0,45.0,110.0,0.0,110.0,90.0,20.0
TRX-20260416-02963,2026-04-16 08:16:09,5,00003561,622300356100,5,0,5,42.0,35.0,210.0,0.0,210.0,175.0,35.0
TRX-20260416-04534,2026-04-16 08:37:26,4,00003610,622300361000,2,0,2,75.0,60.0,150.0,0.0,150.0,120.0,30.0
TRX-20260416-02666,2026-04-16 08:40:41,3,00003575,622300357500,4,0,4,55.0,45.0,220.0,0.0,220.0,180.0,40.0
TRX-20260416-02604,2026-04-16 08:49:56,2,00003555,622300355500,5,5,0,480.0,420.0,2400.0,2400.0,0.0,0.0,0.0
TRX-20260416-00654,2026-04-16 09:46:36,1,00003558,622300355800,3,0,3,8.0,6.5,24.0,0.0,24.0,19.5,4.5
TRX-20260416-02093,2026-04-16 09:53:30,2,00003594,622300359406,2,1,1,1111.5,960.0,2223.0,1111.5,1111.5,960.0,151.5
TRX-20260416-02464,2026-04-16 09:57:03,2,00003607,622300360700,2,0,2,125.0,95.0,250.0,0.0,250.0,190.0,60.0
TRX-20260416-02868,2026-04-16 10:54:07,1,00003569,622300356900,5,0,5,14.0,11.0,70.0,0.0,70.0,55.0,15.0
TRX-20260416-02240,2026-04-16 11:09:03,2,00003553,622300355300,5,2,3,450.0,400.0,2250.0,900.0,1350.0,1200.0,150.0
TRX-20260416-04565,2026-04-16 11:27:03,2,00003570,622300357000,1,1,0,20.0,16.0,20.0,20.0,0.0,0.0,0.0
TRX-20260416-04379,2026-04-16 13:01:11,5,00003599,622300359900,3,2,1,380.0,320.0,1140.0,760.0,380.0,320.0,60.0
TRX-20260416-03606,2026-04-16 13:13:55,3,00003590,622300359000,2,0,2,23.0,18.0,46.0,0.0,46.0,36.0,10.0
TRX-20260416-01351,2026-04-16 13:37:11,3,00003567,622300356724,1,0,1,775.2,696.0,775.2,0.0,775.2,696.0,79.2
TRX-20260416-00217,2026-04-16 13:39:30,1,00003587,622300358700,5,0,5,135.0,110.0,675.0,0.0,675.0,550.0,125.0
TRX-20260416-04343,2026-04-16 16:58:23,5,00003583,622300358300,3,0,3,5.5,4.0,16.5,0.0,16.5,12.0,4.5
TRX-20260416-01661,2026-04-16 17:46:43,1,00003555,622300355500,3,0,3,480.0,420.0,1440.0,0.0,1440.0,1260.0,180.0
TRX-20260416-04544,2026-04-16 17:52:47,1,00003558,622300355800,4,0,4,8.0,6.5,32.0,0.0,32.0,26.0,6.0
TRX-20260416-03227,2026-04-16 19:17:34,5,00003572,622300357200,4,0,4,23.0,18.0,92.0,0.0,92.0,72.0,20.0
TRX-20260416-01809,2026-04-16 19:33:17,3,00003603,622300360300,2,0,2,35.0,28.0,70.0,0.0,70.0,56.0,14.0
TRX-20260416-03442,2026-04-16 19:42:47,1,00003609,622300360900,2,0,2,110.0,85.0,220.0,0.0,220.0,170.0,50.0
TRX-20260416-03115,2026-04-16 19:55:30,1,00003613,622300361300,2,0,2,105.0,85.0,210.0,0.0,210.0,170.0,40.0
TRX-20260416-00422,2026-04-16 20:19:15,1,00003612,622300361200,3,0,3,16.0,12.0,48.0,0.0,48.0,36.0,12.0
TRX-20260416-00997,2026-04-16 20:25:44,3,00003574,622300357400,2,0,2,155.0,135.0,310.0,0.0,310.0,270.0,40.0
TRX-20260416-01461,2026-04-16 21:14:04,2,00003602,622300360200,1,0,1,45.0,35.0,45.0,0.0,45.0,35.0,10.0
TRX-20260416-04882,2026-04-16 21:18:29,3,00003582,622300358200,2,0,2,28.0,22.0,56.0,0.0,56.0,44.0,12.0
TRX-20260416-04885,2026-04-16 22:03:07,2,00003560,622300356000,4,0,4,135.0,110.0,540.0,0.0,540.0,440.0,100.0
TRX-20260416-03627,2026-04-16 22:23:07,3,00003596,622300359600,4,3,1,120.0,95.0,480.0,360.0,120.0,95.0,25.0
TRX-20260416-01392,2026-04-16 22:26:19,2,00003592,622300359200,3,0,3,4.5,3.0,13.5,0.0,13.5,9.0,4.5
TRX-20260416-00488,2026-04-16 23:31:24,1,00003568,622300356800,1,0,1,105.0,85.0,105.0,0.0,105.0,85.0,20.0
TRX-20260416-01716,2026-04-16 23:44:44,4,00003596,622300359600,3,0,3,120.0,95.0,360.0,0.0,360.0,285.0,75.0
TRX-20260417-01608,2026-04-17 00:18:57,1,00003581,622300358100,3,0,3,32.0,25.0,96.0,0.0,96.0,75.0,21.0
TRX-20260417-03686,2026-04-17 00:24:33,2,00003586,622300358600,4,0,4,55.0,45.0,220.0,0.0,220.0,180.0,40.0
TRX-20260417-04242,2026-04-17 01:30:39,1,00003603,622300360300,1,0,1,35.0,28.0,35.0,0.0,35.0,28.0,7.0
TRX-20260417-02618,2026-04-17 01:45:36,4,00003609,622300360900,4,4,0,110.0,85.0,440.0,440.0,0.0,0.0,0.0
TRX-20260417-00419,2026-04-17 01:46:17,3,00003577,622300357700,5,0,5,65.0,50.0,325.0,0.0,325.0,250.0,75.0
TRX-20260417-03685,2026-04-17 02:17:40,1,00003553,622300355300,1,0,1,450.0,400.0,450.0,0.0,450.0,400.0,50.0
TRX-20260417-03360,2026-04-17 02:32:29,1,00003608,622300360800,2,0,2,78.0,60.0,156.0,0.0,156.0,120.0,36.0
TRX-20260417-00720,2026-04-17 02:53:05,3,00003586,622300358600,2,0,2,55.0,45.0,110.0,0.0,110.0,90.0,20.0
TRX-20260417-03081,2026-04-17 02:53:41,2,00003563,622300356300,1,0,1,12.0,9.0,12.0,0.0,12.0,9.0,3.0
TRX-20260417-00255,2026-04-17 04:29:06,3,00003574,622300357400,3,0,3,155.0,135.0,465.0,0.0,465.0,405.0,60.0
TRX-20260417-02742,2026-04-17 04:34:51,3,00003580,622300358000,4,0,4,38.0,30.0,152.0,0.0,152.0,120.0,32.0
TRX-20260417-04916,2026-04-17 04:35:59,2,00003583,622300358300,5,0,5,5.5,4.0,27.5,0.0,27.5,20.0,7.5
TRX-20260417-00916,2026-04-17 05:53:37,1,00003555,622300355500,5,1,4,480.0,420.0,2400.0,480.0,1920.0,1680.0,240.0
TRX-20260417-02494,2026-04-17 06:27:19,1,00003597,622300359700,1,0,1,160.0,130.0,160.0,0.0,160.0,130.0,30.0
TRX-20260417-00276,2026-04-17 06:43:54,2,00003568,622300356800,2,0,2,105.0,85.0,210.0,0.0,210.0,170.0,40.0
TRX-20260417-00482,2026-04-17 07:06:49,3,00003570,622300357000,5,0,5,20.0,16.0,100.0,0.0,100.0,80.0,20.0
TRX-20260417-04003,2026-04-17 07:51:04,4,00003597,622300359700,5,0,5,160.0,130.0,800.0,0.0,800.0,650.0,150.0
TRX-20260417-02723,2026-04-17 09:06:24,1,00003573,622300357300,1,0,1,88.0,75.0,88.0,0.0,88.0,75.0,13.0
TRX-20260417-00777,2026-04-17 10:07:12,1,00003585,622300358500,4,0,4,220.0,180.0,880.0,0.0,880.0,720.0,160.0
TRX-20260417-03054,2026-04-17 10:13:12,1,00003604,622300360400,3,0,3,50.0,40.0,150.0,0.0,150.0,120.0,30.0
TRX-20260417-02925,2026-04-17 10:29:51,1,00003589,622300358900,3,0,3,10.0,8.0,30.0,0.0,30.0,24.0,6.0
TRX-20260417-02961,2026-04-17 10:38:26,1,00003588,622300358800,4,0,4,95.0,75.0,380.0,0.0,380.0,300.0,80.0
TRX-20260417-04677,2026-04-17 10:44:23,2,00003555,622300355500,5,0,5,480.0,420.0,2400.0,0.0,2400.0,2100.0,300.0
TRX-20260417-02471,2026-04-17 10:45:54,5,00003579,622300357900,4,0,4,110.0,85.0,440.0,0.0,440.0,340.0,100.0
TRX-20260417-00494,2026-04-17 11:24:31,1,00003607,622300360712,2,0,2,1425.0,1140.0,2850.0,0.0,2850.0,2280.0,570.0
TRX-20260417-03876,2026-04-17 11:30:23,2,00003580,622300358000,1,0,1,38.0,30.0,38.0,0.0,38.0,30.0,8.0
TRX-20260417-03607,2026-04-17 11:48:32,1,00003555,622300355500,2,0,2,480.0,420.0,960.0,0.0,960.0,840.0,120.0
TRX-20260417-00300,2026-04-17 11:55:45,4,00003553,622300355300,4,0,4,450.0,400.0,1800.0,0.0,1800.0,1600.0,200.0
TRX-20260417-02105,2026-04-17 12:15:01,1,00003603,622300360300,5,0,5,35.0,28.0,175.0,0.0,175.0,140.0,35.0
TRX-20260417-01666,2026-04-17 12:23:29,2,00003572,622300357200,3,0,3,23.0,18.0,69.0,0.0,69.0,54.0,15.0
TRX-20260417-02326,2026-04-17 12:53:01,2,00003590,622300359000,4,0,4,23.0,18.0,92.0,0.0,92.0,72.0,20.0
TRX-20260417-03574,2026-04-17 13:21:57,1,00003571,622300357100,2,0,2,17.5,14.0,35.0,0.0,35.0,28.0,7.0
TRX-20260417-01429,2026-04-17 13:22:23,5,00003575,622300357500,1,0,1,55.0,45.0,55.0,0.0,55.0,45.0,10.0
TRX-20260417-04683,2026-04-17 13:54:28,1,00003594,622300359400,1,0,1,195.0,160.0,195.0,0.0,195.0,160.0,35.0
TRX-20260417-03858,2026-04-17 15:08:40,3,00003559,622300355900,3,0,3,28.0,22.0,84.0,0.0,84.0,66.0,18.0
TRX-20260417-00294,2026-04-17 16:47:17,1,00003606,622300360600,4,0,4,85.0,65.0,340.0,0.0,340.0,260.0,80.0
TRX-20260417-04964,2026-04-17 18:36:58,4,00003586,622300358624,1,0,1,1254.0,1080.0,1254.0,0.0,1254.0,1080.0,174.0
TRX-20260417-03405,2026-04-17 19:12:59,4,00003599,622300359900,3,0,3,380.0,320.0,1140.0,0.0,1140.0,960.0,180.0
TRX-20260417-01320,2026-04-17 19:19:41,2,00003589,622300358900,5,0,5,10.0,8.0,50.0,0.0,50.0,40.0,10.0
TRX-20260417-03793,2026-04-17 19:43:13,5,00003578,622300357800,5,0,5,45.0,35.0,225.0,0.0,225.0,175.0,50.0
TRX-20260417-03832,2026-04-17 19:45:30,1,00003553,622300355300,5,0,5,450.0,400.0,2250.0,0.0,2250.0,2000.0,250.0
TRX-20260417-03655,2026-04-17 20:07:07,1,00003564,622300356400,3,0,3,20.0,16.0,60.0,0.0,60.0,48.0,12.0
TRX-20260417-01419,2026-04-17 20:08:54,4,00003605,622300360500,1,0,1,58.0,45.0,58.0,0.0,58.0,45.0,13.0
TRX-20260417-04463,2026-04-17 20:10:37,1,00003566,622300356600,3,0,3,180.0,150.0,540.0,0.0,540.0,450.0,90.0
TRX-20260417-01007,2026-04-17 20:21:07,3,00003572,622300357200,5,0,5,23.0,18.0,115.0,0.0,115.0,90.0,25.0
TRX-20260417-02918,2026-04-17 20:50:24,1,00003554,622300355400,3,0,3,435.0,390.0,1305.0,0.0,1305.0,1170.0,135.0
TRX-20260417-04665,2026-04-17 20:55:28,1,00003609,622300360900,4,0,4,110.0,85.0,440.0,0.0,440.0,340.0,100.0
TRX-20260417-04355,2026-04-17 21:08:50,3,00003593,622300359300,3,0,3,18.0,14.0,54.0,0.0,54.0,42.0,12.0
TRX-20260417-00253,2026-04-17 21:09:41,4,00003605,622300360500,5,0,5,58.0,45.0,290.0,0.0,290.0,225.0,65.0
TRX-20260417-01803,2026-04-17 21:17:47,2,00003596,622300359600,3,0,3,120.0,95.0,360.0,0.0,360.0,285.0,75.0
TRX-20260417-00849,2026-04-17 21:39:31,1,00003564,622300356400,5,0,5,20.0,16.0,100.0,0.0,100.0,80.0,20.0
TRX-20260417-02592,2026-04-17 21:51:08,2,00003613,622300361300,4,0,4,105.0,85.0,420.0,0.0,420.0,340.0,80.0
TRX-20260417-01127,2026-04-17 22:03:46,4,00003597,622300359700,3,0,3,160.0,130.0,480.0,0.0,480.0,390.0,90.0
TRX-20260417-03982,2026-04-17 22:17:25,5,00003586,622300358600,1,0,1,55.0,45.0,55.0,0.0,55.0,45.0,10.0
TRX-20260417-03122,2026-04-17 22:34:57,4,00003564,622300356400,2,0,2,20.0,16.0,40.0,0.0,40.0,32.0,8.0
TRX-20260417-00764,2026-04-17 22:38:29,1,00003560,622300356000,1,0,1,135.0,110.0,135.0,0.0,135.0,110.0,25.0
TRX-20260418-04040,2026-04-18 00:06:42,1,00003567,622300356700,5,0,5,34.0,29.0,170.0,0.0,170.0,145.0,25.0
TRX-20260418-04287,2026-04-18 00:19:26,4,00003581,622300358100,4,0,4,32.0,25.0,128.0,0.0,128.0,100.0,28.0
TRX-20260418-00984,2026-04-18 00:31:01,3,00003598,622300359812,1,0,1,2793.0,2520.0,2793.0,0.0,2793.0,2520.0,273.0
TRX-20260418-03384,2026-04-18 00:59:15,5,00003574,622300357400,4,0,4,155.0,135.0,620.0,0.0,620.0,540.0,80.0
TRX-20260418-03330,2026-04-18 01:30:17,2,00003564,622300356400,2,0,2,20.0,16.0,40.0,0.0,40.0,32.0,8.0
TRX-20260418-00723,2026-04-18 01:37:36,1,00003554,622300355400,2,0,2,435.0,390.0,870.0,0.0,870.0,780.0,90.0
TRX-20260418-04014,2026-04-18 01:50:22,1,00003599,622300359900,3,0,3,380.0,320.0,1140.0,0.0,1140.0,960.0,180.0
TRX-20260418-02778,2026-04-18 02:16:43,2,00003579,622300357900,1,0,1,110.0,85.0,110.0,0.0,110.0,85.0,25.0
TRX-20260418-01036,2026-04-18 02:39:12,1,00003600,622300360000,2,0,2,135.0,110.0,270.0,0.0,270.0,220.0,50.0
TRX-20260418-02342,2026-04-18 03:24:00,3,00003570,622300357000,3,0,3,20.0,16.0,60.0,0.0,60.0,48.0,12.0
TRX-20260418-01768,2026-04-18 03:29:19,2,00003590,622300359000,2,0,2,23.0,18.0,46.0,0.0,46.0,36.0,10.0
TRX-20260418-01932,2026-04-18 03:30:43,2,00003578,622300357800,5,0,5,45.0,35.0,225.0,0.0,225.0,175.0,50.0
TRX-20260418-04326,2026-04-18 03:57:49,1,00003590,622300359006,1,0,1,131.1,108.0,131.1,0.0,131.1,108.0,23.1
TRX-20260418-03344,2026-04-18 04:19:30,1,00003578,622300357800,4,0,4,45.0,35.0,180.0,0.0,180.0,140.0,40.0
TRX-20260418-00490,2026-04-18 04:26:00,3,00003556,622300355600,3,0,3,7.0,5.5,21.0,0.0,21.0,16.5,4.5
TRX-20260418-04442,2026-04-18 04:43:21,1,00003587,622300358700,1,0,1,135.0,110.0,135.0,0.0,135.0,110.0,25.0
TRX-20260418-03046,2026-04-18 04:56:16,2,00003597,622300359700,4,0,4,160.0,130.0,640.0,0.0,640.0,520.0,120.0
TRX-20260418-03602,2026-04-18 05:32:57,1,00003599,622300359900,3,0,3,380.0,320.0,1140.0,0.0,1140.0,960.0,180.0
TRX-20260418-04324,2026-04-18 06:49:47,3,00003589,622300358900,3,0,3,10.0,8.0,30.0,0.0,30.0,24.0,6.0
TRX-20260418-01511,2026-04-18 07:08:20,4,00003565,622300356500,1,0,1,38.0,32.0,38.0,0.0,38.0,32.0,6.0
TRX-20260418-04526,2026-04-18 07:15:08,3,00003611,622300361100,2,0,2,28.0,22.0,56.0,0.0,56.0,44.0,12.0
TRX-20260418-00319,2026-04-18 07:15:51,3,00003555,622300355500,2,0,2,480.0,420.0,960.0,0.0,960.0,840.0,120.0
TRX-20260418-03587,2026-04-18 07:37:27,2,00003593,622300359300,4,0,4,18.0,14.0,72.0,0.0,72.0,56.0,16.0
TRX-20260418-03772,2026-04-18 07:41:09,5,00003557,622300355700,2,0,2,7.0,5.5,14.0,0.0,14.0,11.0,3.0
TRX-20260418-01312,2026-04-18 08:10:23,1,00003588,622300358800,1,0,1,95.0,75.0,95.0,0.0,95.0,75.0,20.0
TRX-20260418-00017,2026-04-18 08:12:10,1,00003602,622300360200,5,0,5,45.0,35.0,225.0,0.0,225.0,175.0,50.0
TRX-20260418-01722,2026-04-18 08:20:34,3,00003577,622300357700,2,1,1,65.0,50.0,130.0,65.0,65.0,50.0,15.0
TRX-20260418-04605,2026-04-18 08:41:19,1,00003589,622300358900,5,0,5,10.0,8.0,50.0,0.0,50.0,40.0,10.0
TRX-20260418-02083,2026-04-18 08:51:20,1,00003590,622300359000,1,0,1,23.0,18.0,23.0,0.0,23.0,18.0,5.0
TRX-20260418-02658,2026-04-18 09:06:14,1,00003611,622300361100,5,0,5,28.0,22.0,140.0,0.0,140.0,110.0,30.0
TRX-20260418-03398,2026-04-18 09:19:51,1,00003561,622300356100,5,0,5,42.0,35.0,210.0,0.0,210.0,175.0,35.0
TRX-20260418-03051,2026-04-18 10:10:48,1,00003612,622300361200,5,0,5,16.0,12.0,80.0,0.0,80.0,60.0,20.0
TRX-20260418-00076,2026-04-18 10:22:34,1,00003581,622300358100,5,0,5,32.0,25.0,160.0,0.0,160.0,125.0,35.0
TRX-20260418-03329,2026-04-18 10:25:37,5,00003606,622300360600,2,0,2,85.0,65.0,170.0,0.0,170.0,130.0,40.0
TRX-20260418-00876,2026-04-18 10:38:46,4,00003605,622300360500,1,0,1,58.0,45.0,58.0,0.0,58.0,45.0,13.0
TRX-20260418-01309,2026-04-18 11:45:19,3,00003593,622300359300,3,0,3,18.0,14.0,54.0,0.0,54.0,42.0,12.0
TRX-20260418-02250,2026-04-18 12:15:53,1,00003577,622300357700,5,0,5,65.0,50.0,325.0,0.0,325.0,250.0,75.0
TRX-20260418-01635,2026-04-18 14:04:26,4,00003611,622300361100,4,0,4,28.0,22.0,112.0,0.0,112.0,88.0,24.0
TRX-20260418-02029,2026-04-18 14:19:26,2,00003603,622300360300,5,1,4,35.0,28.0,175.0,35.0,140.0,112.0,28.0
TRX-20260418-02791,2026-04-18 14:21:59,3,00003585,622300358500,4,0,4,220.0,180.0,880.0,0.0,880.0,720.0,160.0
TRX-20260418-02549,2026-04-18 16:58:01,3,00003601,622300360100,2,0,2,205.0,175.0,410.0,0.0,410.0,350.0,60.0
TRX-20260418-04869,2026-04-18 17:02:23,2,00003568,622300356800,2,0,2,105.0,85.0,210.0,0.0,210.0,170.0,40.0
TRX-20260418-01164,2026-04-18 17:34:51,5,00003594,622300359400,4,0,4,195.0,160.0,780.0,0.0,780.0,640.0,140.0
TRX-20260418-02653,2026-04-18 17:35:50,5,00003571,622300357124,2,0,2,399.0,336.0,798.0,0.0,798.0,672.0,126.0
TRX-20260418-03149,2026-04-18 17:42:21,3,00003589,622300358900,1,0,1,10.0,8.0,10.0,0.0,10.0,8.0,2.0
TRX-20260418-04299,2026-04-18 18:18:53,3,00003588,622300358800,4,0,4,95.0,75.0,380.0,0.0,380.0,300.0,80.0
TRX-20260418-00630,2026-04-18 18:21:45,4,00003610,622300361000,2,0,2,75.0,60.0,150.0,0.0,150.0,120.0,30.0
TRX-20260418-02425,2026-04-18 18:31:50,1,00003606,622300360606,1,0,1,484.5,390.0,484.5,0.0,484.5,390.0,94.5
TRX-20260418-01827,2026-04-18 19:11:48,1,00003586,622300358624,1,0,1,1254.0,1080.0,1254.0,0.0,1254.0,1080.0,174.0
TRX-20260418-04131,2026-04-18 19:24:49,1,00003569,622300356900,4,0,4,14.0,11.0,56.0,0.0,56.0,44.0,12.0
TRX-20260418-02994,2026-04-18 20:53:37,5,00003567,622300356700,5,0,5,34.0,29.0,170.0,0.0,170.0,145.0,25.0
TRX-20260418-01302,2026-04-18 21:07:47,2,00003594,622300359400,5,0,5,195.0,160.0,975.0,0.0,975.0,800.0,175.0
TRX-20260418-00037,2026-04-18 21:56:05,4,00003563,622300356300,3,0,3,12.0,9.0,36.0,0.0,36.0,27.0,9.0
TRX-20260418-02964,2026-04-18 22:26:25,5,00003582,622300358212,1,0,1,319.2,264.0,319.2,0.0,319.2,264.0,55.2
TRX-20260418-03044,2026-04-18 22:31:37,1,00003613,622300361300,2,0,2,105.0,85.0,210.0,0.0,210.0,170.0,40.0
TRX-20260418-02224,2026-04-18 22:34:41,1,00003570,622300357000,3,0,3,20.0,16.0,60.0,0.0,60.0,48.0,12.0
TRX-20260418-02743,2026-04-18 23:04:29,3,00003587,622300358700,5,0,5,135.0,110.0,675.0,0.0,675.0,550.0,125.0
TRX-20260418-04300,2026-04-18 23:22:56,3,00003593,622300359300,1,0,1,18.0,14.0,18.0,0.0,18.0,14.0,4.0
TRX-20260418-00410,2026-04-18 23:34:25,3,00003566,622300356600,4,0,4,180.0,150.0,720.0,0.0,720.0,600.0,120.0
TRX-20260419-04007,2026-04-19 01:11:26,2,00003607,622300360700,2,0,2,125.0,95.0,250.0,0.0,250.0,190.0,60.0
TRX-20260419-03600,2026-04-19 01:18:31,1,00003562,622300356200,2,0,2,60.0,50.0,120.0,0.0,120.0,100.0,20.0
TRX-20260419-02128,2026-04-19 01:36:16,1,00003596,622300359600,2,0,2,120.0,95.0,240.0,0.0,240.0,190.0,50.0
TRX-20260419-03098,2026-04-19 02:25:49,3,00003591,622300359100,1,0,1,7.0,5.0,7.0,0.0,7.0,5.0,2.0
TRX-20260419-04806,2026-04-19 04:13:22,3,00003606,622300360600,3,0,3,85.0,65.0,255.0,0.0,255.0,195.0,60.0
TRX-20260419-00059,2026-04-19 05:46:35,2,00003566,622300356600,1,0,1,180.0,150.0,180.0,0.0,180.0,150.0,30.0
TRX-20260419-00632,2026-04-19 05:59:39,2,00003610,622300361000,1,0,1,75.0,60.0,75.0,0.0,75.0,60.0,15.0
TRX-20260419-02730,2026-04-19 06:12:41,1,00003596,622300359600,4,0,4,120.0,95.0,480.0,0.0,480.0,380.0,100.0
TRX-20260419-03356,2026-04-19 07:21:53,2,00003591,622300359112,2,0,2,79.8,60.0,159.6,0.0,159.6,120.0,39.6
TRX-20260419-02280,2026-04-19 07:30:36,2,00003592,622300359224,1,0,1,102.6,72.0,102.6,0.0,102.6,72.0,30.6
TRX-20260419-03377,2026-04-19 07:58:45,1,00003553,622300355300,3,0,3,450.0,400.0,1350.0,0.0,1350.0,1200.0,150.0
TRX-20260419-03019,2026-04-19 08:27:52,2,00003592,622300359200,4,0,4,4.5,3.0,18.0,0.0,18.0,12.0,6.0
TRX-20260419-01416,2026-04-19 08:43:22,2,00003611,622300361100,5,0,5,28.0,22.0,140.0,0.0,140.0,110.0,30.0
TRX-20260419-00435,2026-04-19 09:02:30,1,00003613,622300361300,5,0,5,105.0,85.0,525.0,0.0,525.0,425.0,100.0
TRX-20260419-04110,2026-04-19 09:10:02,3,00003594,622300359400,1,1,0,195.0,160.0,195.0,195.0,0.0,0.0,0.0
TRX-20260419-01693,2026-04-19 09:42:16,2,00003563,622300356300,3,3,0,12.0,9.0,36.0,36.0,0.0,0.0,0.0
TRX-20260419-04069,2026-04-19 10:02:22,1,00003573,622300357300,4,0,4,88.0,75.0,352.0,0.0,352.0,300.0,52.0
TRX-20260419-02230,2026-04-19 10:11:11,2,00003591,622300359100,4,0,4,7.0,5.0,28.0,0.0,28.0,20.0,8.0
TRX-20260419-04569,2026-04-19 10:30:40,1,00003570,622300357000,3,0,3,20.0,16.0,60.0,0.0,60.0,48.0,12.0
TRX-20260419-02680,2026-04-19 11:17:36,1,00003596,622300359600,5,0,5,120.0,95.0,600.0,0.0,600.0,475.0,125.0
TRX-20260419-00231,2026-04-19 11:42:48,2,00003577,622300357724,2,0,2,1482.0,1200.0,2964.0,0.0,2964.0,2400.0,564.0
TRX-20260419-00317,2026-04-19 11:47:47,1,00003559,622300355900,3,0,3,28.0,22.0,84.0,0.0,84.0,66.0,18.0
TRX-20260419-01572,2026-04-19 11:59:31,5,00003583,622300358300,5,0,5,5.5,4.0,27.5,0.0,27.5,20.0,7.5
TRX-20260419-01227,2026-04-19 12:42:11,5,00003570,622300357000,1,0,1,20.0,16.0,20.0,0.0,20.0,16.0,4.0
TRX-20260419-02841,2026-04-19 12:44:45,2,00003608,622300360800,5,1,4,78.0,60.0,390.0,78.0,312.0,240.0,72.0
TRX-20260419-01364,2026-04-19 12:51:22,1,00003563,622300356300,2,0,2,12.0,9.0,24.0,0.0,24.0,18.0,6.0
TRX-20260419-02150,2026-04-19 12:53:49,3,00003610,622300361000,4,1,3,75.0,60.0,300.0,75.0,225.0,180.0,45.0
TRX-20260419-00645,2026-04-19 14:15:03,3,00003598,622300359800,4,0,4,245.0,210.0,980.0,0.0,980.0,840.0,140.0
TRX-20260419-04599,2026-04-19 14:15:42,2,00003586,622300358600,2,0,2,55.0,45.0,110.0,0.0,110.0,90.0,20.0
TRX-20260419-02671,2026-04-19 14:49:14,5,00003568,622300356800,5,0,5,105.0,85.0,525.0,0.0,525.0,425.0,100.0
TRX-20260419-03605,2026-04-19 15:50:47,3,00003580,622300358000,4,0,4,38.0,30.0,152.0,0.0,152.0,120.0,32.0
TRX-20260419-00424,2026-04-19 16:26:37,5,00003588,622300358800,4,0,4,95.0,75.0,380.0,0.0,380.0,300.0,80.0
TRX-20260419-02402,2026-04-19 16:54:31,4,00003607,622300360712,1,0,1,1425.0,1140.0,1425.0,0.0,1425.0,1140.0,285.0
TRX-20260419-02061,2026-04-19 17:05:23,1,00003606,622300360600,3,3,0,85.0,65.0,255.0,255.0,0.0,0.0,0.0
TRX-20260419-03550,2026-04-19 17:21:40,2,00003558,622300355800,1,0,1,8.0,6.5,8.0,0.0,8.0,6.5,1.5
TRX-20260419-04072,2026-04-19 17:26:29,1,00003596,622300359600,2,0,2,120.0,95.0,240.0,0.0,240.0,190.0,50.0
TRX-20260419-03355,2026-04-19 18:00:29,1,00003605,622300360500,5,0,5,58.0,45.0,290.0,0.0,290.0,225.0,65.0
TRX-20260419-00169,2026-04-19 18:08:35,4,00003583,622300358300,4,0,4,5.5,4.0,22.0,0.0,22.0,16.0,6.0
TRX-20260419-03501,2026-04-19 18:29:44,2,00003602,622300360200,1,0,1,45.0,35.0,45.0,0.0,45.0,35.0,10.0
TRX-20260419-01103,2026-04-19 18:40:56,1,00003578,622300357800,4,0,4,45.0,35.0,180.0,0.0,180.0,140.0,40.0
TRX-20260419-04387,2026-04-19 18:43:48,1,00003574,622300357400,5,0,5,155.0,135.0,775.0,0.0,775.0,675.0,100.0
TRX-20260419-02451,2026-04-19 18:57:55,4,00003552,622300355200,1,0,1,420.0,380.0,420.0,0.0,420.0,380.0,40.0
TRX-20260419-04116,2026-04-19 18:57:58,1,00003553,622300355300,4,0,4,450.0,400.0,1800.0,0.0,1800.0,1600.0,200.0
TRX-20260419-02058,2026-04-19 19:37:11,5,00003564,622300356424,2,0,2,456.0,384.0,912.0,0.0,912.0,768.0,144.0
TRX-20260419-02339,2026-04-19 19:39:54,1,00003577,622300357700,5,0,5,65.0,50.0,325.0,0.0,325.0,250.0,75.0
TRX-20260419-03018,2026-04-19 20:41:36,1,00003562,622300356200,5,0,5,60.0,50.0,300.0,0.0,300.0,250.0,50.0
TRX-20260419-02227,2026-04-19 20:58:31,1,00003573,622300357300,5,0,5,88.0,75.0,440.0,0.0,440.0,375.0,65.0
TRX-20260419-03399,2026-04-19 21:19:23,2,00003567,622300356724,1,0,1,775.2,696.0,775.2,0.0,775.2,696.0,79.2
TRX-20260419-04966,2026-04-19 22:23:26,1,00003566,622300356600,1,1,0,180.0,150.0,180.0,180.0,0.0,0.0,0.0
TRX-20260419-01728,2026-04-19 22:39:59,1,00003593,622300359300,2,0,2,18.0,14.0,36.0,0.0,36.0,28.0,8.0
TRX-20260419-04742,2026-04-19 23:29:34,3,00003564,622300356400,2,0,2,20.0,16.0,40.0,0.0,40.0,32.0,8.0
TRX-20260419-03949,2026-04-19 23:54:20,1,00003599,622300359900,4,0,4,380.0,320.0,1520.0,0.0,1520.0,1280.0,240.0
TRX-20260420-01326,2026-04-20 00:36:53,2,00003596,622300359600,3,0,3,120.0,95.0,360.0,0.0,360.0,285.0,75.0
TRX-20260420-00194,2026-04-20 00:38:15,1,00003596,622300359600,2,0,2,120.0,95.0,240.0,0.0,240.0,190.0,50.0
TRX-20260420-04378,2026-04-20 00:48:57,2,00003565,622300356500,3,0,3,38.0,32.0,114.0,0.0,114.0,96.0,18.0
TRX-20260420-04644,2026-04-20 01:17:58,1,00003560,622300356000,4,0,4,135.0,110.0,540.0,0.0,540.0,440.0,100.0
TRX-20260420-03163,2026-04-20 01:44:30,2,00003561,622300356100,5,0,5,42.0,35.0,210.0,0.0,210.0,175.0,35.0
TRX-20260420-03432,2026-04-20 01:51:41,3,00003603,622300360306,1,0,1,199.5,168.0,199.5,0.0,199.5,168.0,31.5
TRX-20260420-02255,2026-04-20 01:59:06,1,00003575,622300357500,3,0,3,55.0,45.0,165.0,0.0,165.0,135.0,30.0
TRX-20260420-03956,2026-04-20 02:06:26,2,00003568,622300356800,4,0,4,105.0,85.0,420.0,0.0,420.0,340.0,80.0
TRX-20260420-04760,2026-04-20 02:32:47,2,00003598,622300359812,1,0,1,2793.0,2520.0,2793.0,0.0,2793.0,2520.0,273.0
TRX-20260420-01692,2026-04-20 02:39:15,1,00003579,622300357900,5,0,5,110.0,85.0,550.0,0.0,550.0,425.0,125.0
TRX-20260420-01014,2026-04-20 02:40:57,1,00003605,622300360500,5,4,1,58.0,45.0,290.0,232.0,58.0,45.0,13.0
TRX-20260420-03849,2026-04-20 02:50:59,4,00003591,622300359112,2,0,2,79.8,60.0,159.6,0.0,159.6,120.0,39.6
TRX-20260420-00128,2026-04-20 03:40:01,1,00003596,622300359600,3,0,3,120.0,95.0,360.0,0.0,360.0,285.0,75.0
TRX-20260420-03315,2026-04-20 03:51:00,1,00003558,622300355800,5,0,5,8.0,6.5,40.0,0.0,40.0,32.5,7.5
TRX-20260420-03878,2026-04-20 04:01:30,2,00003606,622300360600,5,0,5,85.0,65.0,425.0,0.0,425.0,325.0,100.0
TRX-20260420-04788,2026-04-20 04:14:59,3,00003584,622300358400,4,0,4,26.0,20.0,104.0,0.0,104.0,80.0,24.0
TRX-20260420-01475,2026-04-20 04:27:10,1,00003602,622300360212,2,0,2,513.0,420.0,1026.0,0.0,1026.0,840.0,186.0
TRX-20260420-04458,2026-04-20 04:46:39,1,00003558,622300355800,4,0,4,8.0,6.5,32.0,0.0,32.0,26.0,6.0
TRX-20260420-01492,2026-04-20 04:57:44,1,00003589,622300358900,2,2,0,10.0,8.0,20.0,20.0,0.0,0.0,0.0
TRX-20260420-03015,2026-04-20 05:41:17,3,00003567,622300356700,5,2,3,34.0,29.0,170.0,68.0,102.0,87.0,15.0
TRX-20260420-04837,2026-04-20 05:56:51,4,00003599,622300359900,1,0,1,380.0,320.0,380.0,0.0,380.0,320.0,60.0
TRX-20260420-03083,2026-04-20 06:46:28,4,00003560,622300356000,2,0,2,135.0,110.0,270.0,0.0,270.0,220.0,50.0
TRX-20260420-02073,2026-04-20 06:50:17,1,00003561,622300356100,5,0,5,42.0,35.0,210.0,0.0,210.0,175.0,35.0
TRX-20260420-03940,2026-04-20 06:53:01,3,00003580,622300358006,1,0,1,216.6,180.0,216.6,0.0,216.6,180.0,36.6
TRX-20260420-01116,2026-04-20 07:19:54,2,00003590,622300359006,1,0,1,131.1,108.0,131.1,0.0,131.1,108.0,23.1
TRX-20260420-00909,2026-04-20 07:23:50,2,00003584,622300358400,5,2,3,26.0,20.0,130.0,52.0,78.0,60.0,18.0
TRX-20260420-04356,2026-04-20 07:42:48,2,00003601,622300360100,1,0,1,205.0,175.0,205.0,0.0,205.0,175.0,30.0
TRX-20260420-03011,2026-04-20 07:46:44,3,00003555,622300355500,2,0,2,480.0,420.0,960.0,0.0,960.0,840.0,120.0
TRX-20260420-04453,2026-04-20 07:51:13,3,00003554,622300355400,3,0,3,435.0,390.0,1305.0,0.0,1305.0,1170.0,135.0
TRX-20260420-00521,2026-04-20 08:12:01,4,00003590,622300359000,3,0,3,23.0,18.0,69.0,0.0,69.0,54.0,15.0
TRX-20260420-03092,2026-04-20 08:43:40,4,00003594,622300359406,2,0,2,1111.5,960.0,2223.0,0.0,2223.0,1920.0,303.0
TRX-20260420-00880,2026-04-20 09:37:16,2,00003606,622300360600,4,0,4,85.0,65.0,340.0,0.0,340.0,260.0,80.0
TRX-20260420-00465,2026-04-20 09:57:31,1,00003600,622300360000,3,0,3,135.0,110.0,405.0,0.0,405.0,330.0,75.0
TRX-20260420-01125,2026-04-20 10:01:53,5,00003579,622300357900,2,0,2,110.0,85.0,220.0,0.0,220.0,170.0,50.0
TRX-20260420-02160,2026-04-20 10:26:51,4,00003597,622300359700,4,0,4,160.0,130.0,640.0,0.0,640.0,520.0,120.0
TRX-20260420-01318,2026-04-20 11:13:46,1,00003612,622300361200,4,0,4,16.0,12.0,64.0,0.0,64.0,48.0,16.0
TRX-20260420-00854,2026-04-20 11:28:17,3,00003601,622300360100,1,0,1,205.0,175.0,205.0,0.0,205.0,175.0,30.0
TRX-20260420-02871,2026-04-20 11:28:51,4,00003612,622300361200,4,0,4,16.0,12.0,64.0,0.0,64.0,48.0,16.0
TRX-20260420-01398,2026-04-20 12:32:49,1,00003566,622300356600,5,0,5,180.0,150.0,900.0,0.0,900.0,750.0,150.0
TRX-20260420-02573,2026-04-20 13:44:10,1,00003590,622300359000,1,0,1,23.0,18.0,23.0,0.0,23.0,18.0,5.0
TRX-20260420-01057,2026-04-20 14:04:49,3,00003610,622300361000,3,0,3,75.0,60.0,225.0,0.0,225.0,180.0,45.0
TRX-20260420-03134,2026-04-20 14:29:21,2,00003591,622300359112,1,0,1,79.8,60.0,79.8,0.0,79.8,60.0,19.8
TRX-20260420-04209,2026-04-20 16:33:26,2,00003581,622300358100,3,0,3,32.0,25.0,96.0,0.0,96.0,75.0,21.0
TRX-20260420-04574,2026-04-20 16:37:38,3,00003597,622300359700,2,0,2,160.0,130.0,320.0,0.0,320.0,260.0,60.0
TRX-20260420-03741,2026-04-20 17:37:23,1,00003575,622300357500,5,0,5,55.0,45.0,275.0,0.0,275.0,225.0,50.0
TRX-20260420-04128,2026-04-20 17:43:39,1,00003579,622300357900,5,0,5,110.0,85.0,550.0,0.0,550.0,425.0,125.0
TRX-20260420-02531,2026-04-20 17:49:43,3,00003560,622300356000,4,0,4,135.0,110.0,540.0,0.0,540.0,440.0,100.0
TRX-20260420-02373,2026-04-20 19:02:00,2,00003612,622300361200,5,0,5,16.0,12.0,80.0,0.0,80.0,60.0,20.0
TRX-20260420-01129,2026-04-20 19:04:27,1,00003578,622300357800,5,0,5,45.0,35.0,225.0,0.0,225.0,175.0,50.0
TRX-20260420-04499,2026-04-20 19:18:08,1,00003566,622300356600,1,0,1,180.0,150.0,180.0,0.0,180.0,150.0,30.0
TRX-20260420-01204,2026-04-20 19:55:31,3,00003613,622300361300,5,0,5,105.0,85.0,525.0,0.0,525.0,425.0,100.0
TRX-20260420-01214,2026-04-20 19:56:33,4,00003599,622300359900,3,0,3,380.0,320.0,1140.0,0.0,1140.0,960.0,180.0
TRX-20260420-03770,2026-04-20 19:58:11,3,00003560,622300356000,3,0,3,135.0,110.0,405.0,0.0,405.0,330.0,75.0
TRX-20260420-04801,2026-04-20 20:04:53,2,00003558,622300355800,3,0,3,8.0,6.5,24.0,0.0,24.0,19.5,4.5
TRX-20260420-01025,2026-04-20 22:33:09,1,00003609,622300360900,1,0,1,110.0,85.0,110.0,0.0,110.0,85.0,25.0
TRX-20260420-01921,2026-04-20 22:50:08,3,00003607,622300360700,3,0,3,125.0,95.0,375.0,0.0,375.0,285.0,90.0
TRX-20260420-02331,2026-04-20 23:10:48,5,00003602,622300360200,5,0,5,45.0,35.0,225.0,0.0,225.0,175.0,50.0
TRX-20260420-03694,2026-04-20 23:15:38,3,00003598,622300359800,5,0,5,245.0,210.0,1225.0,0.0,1225.0,1050.0,175.0
TRX-20260420-02251,2026-04-20 23:44:42,4,00003609,622300360900,1,0,1,110.0,85.0,110.0,0.0,110.0,85.0,25.0
TRX-20260421-04346,2026-04-21 00:02:26,2,00003603,622300360306,2,0,2,199.5,168.0,399.0,0.0,399.0,336.0,63.0
TRX-20260421-01720,2026-04-21 00:35:49,3,00003571,622300357100,5,0,5,17.5,14.0,87.5,0.0,87.5,70.0,17.5
TRX-20260421-02731,2026-04-21 00:49:58,1,00003609,622300360924,1,0,1,2508.0,2040.0,2508.0,0.0,2508.0,2040.0,468.0
TRX-20260421-03995,2026-04-21 01:03:29,1,00003582,622300358200,3,0,3,28.0,22.0,84.0,0.0,84.0,66.0,18.0
TRX-20260421-03857,2026-04-21 01:15:07,1,00003563,622300356312,2,0,2,136.8,108.0,273.6,0.0,273.6,216.0,57.6
TRX-20260421-01873,2026-04-21 01:16:31,1,00003585,622300358500,1,0,1,220.0,180.0,220.0,0.0,220.0,180.0,40.0
TRX-20260421-04911,2026-04-21 02:12:30,1,00003562,622300356200,5,0,5,60.0,50.0,300.0,0.0,300.0,250.0,50.0
TRX-20260421-01456,2026-04-21 02:31:44,2,00003613,622300361300,3,0,3,105.0,85.0,315.0,0.0,315.0,255.0,60.0
TRX-20260421-01776,2026-04-21 02:46:14,2,00003598,622300359800,1,1,0,245.0,210.0,245.0,245.0,0.0,0.0,0.0
TRX-20260421-01270,2026-04-21 03:21:59,3,00003580,622300358000,3,0,3,38.0,30.0,114.0,0.0,114.0,90.0,24.0
TRX-20260421-01545,2026-04-21 03:43:15,1,00003608,622300360800,5,0,5,78.0,60.0,390.0,0.0,390.0,300.0,90.0
TRX-20260421-04561,2026-04-21 04:12:38,4,00003588,622300358800,2,0,2,95.0,75.0,190.0,0.0,190.0,150.0,40.0
TRX-20260421-01513,2026-04-21 04:13:50,2,00003573,622300357300,5,0,5,88.0,75.0,440.0,0.0,440.0,375.0,65.0
TRX-20260421-04568,2026-04-21 04:58:11,2,00003611,622300361100,4,0,4,28.0,22.0,112.0,0.0,112.0,88.0,24.0
TRX-20260421-03822,2026-04-21 05:20:43,1,00003552,622300355200,4,0,4,420.0,380.0,1680.0,0.0,1680.0,1520.0,160.0
TRX-20260421-02845,2026-04-21 05:32:01,3,00003577,622300357700,3,0,3,65.0,50.0,195.0,0.0,195.0,150.0,45.0
TRX-20260421-03251,2026-04-21 05:49:26,3,00003598,622300359800,4,0,4,245.0,210.0,980.0,0.0,980.0,840.0,140.0
TRX-20260421-02350,2026-04-21 06:59:04,1,00003571,622300357100,4,0,4,17.5,14.0,70.0,0.0,70.0,56.0,14.0
TRX-20260421-01651,2026-04-21 07:54:22,4,00003564,622300356400,2,0,2,20.0,16.0,40.0,0.0,40.0,32.0,8.0
TRX-20260421-02781,2026-04-21 09:01:05,3,00003554,622300355400,5,0,5,435.0,390.0,2175.0,0.0,2175.0,1950.0,225.0
TRX-20260421-04017,2026-04-21 09:25:40,1,00003554,622300355400,2,0,2,435.0,390.0,870.0,0.0,870.0,780.0,90.0
TRX-20260421-02631,2026-04-21 09:34:32,2,00003589,622300358912,1,0,1,114.0,96.0,114.0,0.0,114.0,96.0,18.0
TRX-20260421-03608,2026-04-21 10:35:59,3,00003554,622300355400,3,0,3,435.0,390.0,1305.0,0.0,1305.0,1170.0,135.0
TRX-20260421-03522,2026-04-21 10:50:11,2,00003612,622300361200,2,0,2,16.0,12.0,32.0,0.0,32.0,24.0,8.0
TRX-20260421-01911,2026-04-21 10:50:25,1,00003563,622300356300,2,0,2,12.0,9.0,24.0,0.0,24.0,18.0,6.0
TRX-20260421-00116,2026-04-21 11:32:24,2,00003599,622300359900,3,0,3,380.0,320.0,1140.0,0.0,1140.0,960.0,180.0
TRX-20260421-01856,2026-04-21 11:33:39,5,00003605,622300360500,4,0,4,58.0,45.0,232.0,0.0,232.0,180.0,52.0
TRX-20260421-02238,2026-04-21 11:51:43,1,00003552,622300355200,2,0,2,420.0,380.0,840.0,0.0,840.0,760.0,80.0
TRX-20260421-01491,2026-04-21 12:38:00,5,00003556,622300355600,2,0,2,7.0,5.5,14.0,0.0,14.0,11.0,3.0
TRX-20260421-01061,2026-04-21 13:29:15,1,00003600,622300360000,4,0,4,135.0,110.0,540.0,0.0,540.0,440.0,100.0
TRX-20260421-00602,2026-04-21 14:26:42,5,00003599,622300359900,2,0,2,380.0,320.0,760.0,0.0,760.0,640.0,120.0
TRX-20260421-01861,2026-04-21 14:34:44,1,00003552,622300355200,1,0,1,420.0,380.0,420.0,0.0,420.0,380.0,40.0
TRX-20260421-00605,2026-04-21 15:07:49,1,00003604,622300360400,4,0,4,50.0,40.0,200.0,0.0,200.0,160.0,40.0
TRX-20260421-03915,2026-04-21 15:37:10,5,00003581,622300358100,3,0,3,32.0,25.0,96.0,0.0,96.0,75.0,21.0
TRX-20260421-02362,2026-04-21 15:42:37,1,00003605,622300360506,1,0,1,330.6,270.0,330.6,0.0,330.6,270.0,60.6
TRX-20260421-04755,2026-04-21 16:02:28,1,00003565,622300356500,3,3,0,38.0,32.0,114.0,114.0,0.0,0.0,0.0
TRX-20260421-03280,2026-04-21 16:22:04,1,00003576,622300357600,2,0,2,245.0,210.0,490.0,0.0,490.0,420.0,70.0
TRX-20260421-02924,2026-04-21 17:39:41,1,00003565,622300356512,1,0,1,433.2,384.0,433.2,0.0,433.2,384.0,49.2
TRX-20260421-04520,2026-04-21 17:50:27,2,00003593,622300359300,3,0,3,18.0,14.0,54.0,0.0,54.0,42.0,12.0
TRX-20260421-00576,2026-04-21 18:15:52,2,00003575,622300357500,4,0,4,55.0,45.0,220.0,0.0,220.0,180.0,40.0
TRX-20260421-02600,2026-04-21 18:51:28,1,00003596,622300359600,1,0,1,120.0,95.0,120.0,0.0,120.0,95.0,25.0
TRX-20260421-04859,2026-04-21 20:12:21,4,00003606,622300360600,1,1,0,85.0,65.0,85.0,85.0,0.0,0.0,0.0
TRX-20260421-01084,2026-04-21 20:46:10,3,00003586,622300358600,3,0,3,55.0,45.0,165.0,0.0,165.0,135.0,30.0
TRX-20260421-00385,2026-04-21 21:12:57,2,00003587,622300358700,4,0,4,135.0,110.0,540.0,0.0,540.0,440.0,100.0
TRX-20260421-00874,2026-04-21 21:22:20,1,00003608,622300360824,2,0,2,1778.4,1440.0,3556.8,0.0,3556.8,2880.0,676.8
TRX-20260421-00696,2026-04-21 22:16:50,2,00003611,622300361100,1,0,1,28.0,22.0,28.0,0.0,28.0,22.0,6.0
TRX-20260421-04111,2026-04-21 22:26:58,1,00003578,622300357800,3,0,3,45.0,35.0,135.0,0.0,135.0,105.0,30.0
TRX-20260421-00404,2026-04-21 22:28:47,2,00003595,622300359500,5,0,5,110.0,85.0,550.0,0.0,550.0,425.0,125.0
TRX-20260421-04967,2026-04-21 23:02:44,1,00003556,622300355600,5,0,5,7.0,5.5,35.0,0.0,35.0,27.5,7.5
TRX-20260421-03263,2026-04-21 23:50:38,3,00003600,622300360000,5,0,5,135.0,110.0,675.0,0.0,675.0,550.0,125.0
TRX-20260422-00835,2026-04-22 00:23:24,1,00003556,622300355600,1,0,1,7.0,5.5,7.0,0.0,7.0,5.5,1.5
TRX-20260422-03882,2026-04-22 00:26:06,2,00003597,622300359700,2,0,2,160.0,130.0,320.0,0.0,320.0,260.0,60.0
TRX-20260422-01347,2026-04-22 00:55:54,2,00003593,622300359300,4,0,4,18.0,14.0,72.0,0.0,72.0,56.0,16.0
TRX-20260422-03138,2026-04-22 01:35:47,3,00003609,622300360900,5,0,5,110.0,85.0,550.0,0.0,550.0,425.0,125.0
TRX-20260422-04109,2026-04-22 01:42:10,2,00003561,622300356100,5,0,5,42.0,35.0,210.0,0.0,210.0,175.0,35.0
TRX-20260422-04591,2026-04-22 02:03:07,1,00003580,622300358000,4,0,4,38.0,30.0,152.0,0.0,152.0,120.0,32.0
TRX-20260422-00377,2026-04-22 02:09:21,3,00003586,622300358600,5,0,5,55.0,45.0,275.0,0.0,275.0,225.0,50.0
TRX-20260422-02168,2026-04-22 02:12:23,5,00003600,622300360000,5,0,5,135.0,110.0,675.0,0.0,675.0,550.0,125.0
TRX-20260422-04214,2026-04-22 03:00:09,1,00003576,622300357600,4,0,4,245.0,210.0,980.0,0.0,980.0,840.0,140.0
TRX-20260422-04426,2026-04-22 03:27:11,3,00003581,622300358100,4,2,2,32.0,25.0,128.0,64.0,64.0,50.0,14.0
TRX-20260422-01065,2026-04-22 03:28:26,1,00003593,622300359300,3,0,3,18.0,14.0,54.0,0.0,54.0,42.0,12.0
TRX-20260422-02267,2026-04-22 03:55:17,4,00003588,622300358800,3,0,3,95.0,75.0,285.0,0.0,285.0,225.0,60.0
TRX-20260422-01707,2026-04-22 04:25:57,2,00003612,622300361212,2,1,1,182.4,144.0,364.8,182.4,182.4,144.0,38.4
TRX-20260422-01029,2026-04-22 04:37:36,2,00003593,622300359300,4,0,4,18.0,14.0,72.0,0.0,72.0,56.0,16.0
TRX-20260422-02552,2026-04-22 04:44:46,3,00003603,622300360300,2,0,2,35.0,28.0,70.0,0.0,70.0,56.0,14.0
TRX-20260422-02989,2026-04-22 05:41:04,5,00003602,622300360200,5,0,5,45.0,35.0,225.0,0.0,225.0,175.0,50.0
TRX-20260422-01119,2026-04-22 05:50:20,1,00003612,622300361200,1,0,1,16.0,12.0,16.0,0.0,16.0,12.0,4.0
TRX-20260422-01568,2026-04-22 06:22:29,5,00003596,622300359600,3,0,3,120.0,95.0,360.0,0.0,360.0,285.0,75.0
TRX-20260422-00101,2026-04-22 06:43:57,3,00003561,622300356100,4,0,4,42.0,35.0,168.0,0.0,168.0,140.0,28.0
TRX-20260422-03923,2026-04-22 07:21:19,4,00003608,622300360800,4,1,3,78.0,60.0,312.0,78.0,234.0,180.0,54.0
TRX-20260422-03287,2026-04-22 07:33:05,3,00003575,622300357500,3,0,3,55.0,45.0,165.0,0.0,165.0,135.0,30.0
TRX-20260422-03170,2026-04-22 08:13:22,2,00003598,622300359800,5,0,5,245.0,210.0,1225.0,0.0,1225.0,1050.0,175.0
TRX-20260422-04467,2026-04-22 09:00:10,2,00003603,622300360300,5,0,5,35.0,28.0,175.0,0.0,175.0,140.0,35.0
TRX-20260422-04084,2026-04-22 09:27:09,4,00003573,622300357300,2,0,2,88.0,75.0,176.0,0.0,176.0,150.0,26.0
TRX-20260422-03024,2026-04-22 09:30:57,1,00003582,622300358200,2,0,2,28.0,22.0,56.0,0.0,56.0,44.0,12.0
TRX-20260422-00614,2026-04-22 09:35:57,1,00003586,622300358600,4,0,4,55.0,45.0,220.0,0.0,220.0,180.0,40.0
TRX-20260422-04094,2026-04-22 11:33:22,3,00003575,622300357500,1,0,1,55.0,45.0,55.0,0.0,55.0,45.0,10.0
TRX-20260422-03795,2026-04-22 11:49:53,3,00003603,622300360306,2,0,2,199.5,168.0,399.0,0.0,399.0,336.0,63.0
TRX-20260422-02798,2026-04-22 11:53:25,4,00003582,622300358200,2,0,2,28.0,22.0,56.0,0.0,56.0,44.0,12.0
TRX-20260422-01315,2026-04-22 12:13:39,1,00003580,622300358000,5,0,5,38.0,30.0,190.0,0.0,190.0,150.0,40.0
TRX-20260422-02793,2026-04-22 13:12:22,3,00003571,622300357100,2,0,2,17.5,14.0,35.0,0.0,35.0,28.0,7.0
TRX-20260422-00818,2026-04-22 14:16:45,2,00003606,622300360600,4,0,4,85.0,65.0,340.0,0.0,340.0,260.0,80.0
TRX-20260422-03267,2026-04-22 14:43:28,2,00003611,622300361124,1,0,1,638.4,528.0,638.4,0.0,638.4,528.0,110.4
TRX-20260422-03030,2026-04-22 15:01:31,1,00003612,622300361200,5,0,5,16.0,12.0,80.0,0.0,80.0,60.0,20.0
TRX-20260422-04402,2026-04-22 16:21:57,2,00003573,622300357300,3,0,3,88.0,75.0,264.0,0.0,264.0,225.0,39.0
TRX-20260422-00004,2026-04-22 17:47:11,3,00003604,622300360400,3,0,3,50.0,40.0,150.0,0.0,150.0,120.0,30.0
TRX-20260422-04484,2026-04-22 17:58:30,1,00003604,622300360400,1,0,1,50.0,40.0,50.0,0.0,50.0,40.0,10.0
TRX-20260422-00044,2026-04-22 18:27:33,2,00003568,622300356824,2,0,2,2394.0,2040.0,4788.0,0.0,4788.0,4080.0,708.0
TRX-20260422-01051,2026-04-22 18:52:26,3,00003581,622300358100,2,0,2,32.0,25.0,64.0,0.0,64.0,50.0,14.0
TRX-20260422-00056,2026-04-22 19:09:07,2,00003612,622300361200,2,0,2,16.0,12.0,32.0,0.0,32.0,24.0,8.0
TRX-20260422-02289,2026-04-22 19:21:29,2,00003597,622300359700,5,0,5,160.0,130.0,800.0,0.0,800.0,650.0,150.0
TRX-20260422-01236,2026-04-22 19:43:06,5,00003582,622300358200,2,0,2,28.0,22.0,56.0,0.0,56.0,44.0,12.0
TRX-20260422-03192,2026-04-22 20:23:42,3,00003593,622300359300,1,0,1,18.0,14.0,18.0,0.0,18.0,14.0,4.0
TRX-20260422-03347,2026-04-22 20:26:43,1,00003557,622300355700,4,0,4,7.0,5.5,28.0,0.0,28.0,22.0,6.0
TRX-20260422-03531,2026-04-22 20:32:02,2,00003604,622300360400,3,2,1,50.0,40.0,150.0,100.0,50.0,40.0,10.0
TRX-20260422-03150,2026-04-22 21:26:53,1,00003596,622300359600,5,0,5,120.0,95.0,600.0,0.0,600.0,475.0,125.0
TRX-20260422-01577,2026-04-22 22:29:39,2,00003592,622300359224,2,0,2,102.6,72.0,205.2,0.0,205.2,144.0,61.2
TRX-20260422-00310,2026-04-22 22:57:59,1,00003595,622300359500,5,0,5,110.0,85.0,550.0,0.0,550.0,425.0,125.0
TRX-20260422-04757,2026-04-22 23:00:48,1,00003573,622300357300,3,0,3,88.0,75.0,264.0,0.0,264.0,225.0,39.0
TRX-20260422-01880,2026-04-22 23:21:35,2,00003568,622300356800,1,0,1,105.0,85.0,105.0,0.0,105.0,85.0,20.0
TRX-20260422-04639,2026-04-22 23:28:58,2,00003612,622300361200,1,0,1,16.0,12.0,16.0,0.0,16.0,12.0,4.0
TRX-20260423-02594,2026-04-23 00:05:12,3,00003601,622300360100,4,0,4,205.0,175.0,820.0,0.0,820.0,700.0,120.0
TRX-20260423-03438,2026-04-23 00:08:28,2,00003562,622300356200,2,0,2,60.0,50.0,120.0,0.0,120.0,100.0,20.0
TRX-20260423-03939,2026-04-23 00:13:52,5,00003584,622300358400,3,0,3,26.0,20.0,78.0,0.0,78.0,60.0,18.0
TRX-20260423-00906,2026-04-23 00:26:01,5,00003605,622300360506,1,1,0,330.6,270.0,330.6,330.6,0.0,0.0,0.0
TRX-20260423-04036,2026-04-23 00:35:49,2,00003613,622300361300,4,0,4,105.0,85.0,420.0,0.0,420.0,340.0,80.0
TRX-20260423-00230,2026-04-23 01:33:29,2,00003611,622300361100,2,0,2,28.0,22.0,56.0,0.0,56.0,44.0,12.0
TRX-20260423-02851,2026-04-23 02:13:29,1,00003613,622300361324,2,0,2,2394.0,2040.0,4788.0,0.0,4788.0,4080.0,708.0
TRX-20260423-01667,2026-04-23 02:16:54,3,00003561,622300356124,1,0,1,957.6,840.0,957.6,0.0,957.6,840.0,117.6
TRX-20260423-02863,2026-04-23 02:41:21,3,00003599,622300359900,2,0,2,380.0,320.0,760.0,0.0,760.0,640.0,120.0
TRX-20260423-02537,2026-04-23 03:08:03,5,00003586,622300358600,1,1,0,55.0,45.0,55.0,55.0,0.0,0.0,0.0
TRX-20260423-02986,2026-04-23 03:18:28,1,00003601,622300360100,5,0,5,205.0,175.0,1025.0,0.0,1025.0,875.0,150.0
TRX-20260423-02599,2026-04-23 03:44:00,4,00003574,622300357400,3,0,3,155.0,135.0,465.0,0.0,465.0,405.0,60.0
TRX-20260423-04435,2026-04-23 03:44:01,1,00003581,622300358100,2,0,2,32.0,25.0,64.0,0.0,64.0,50.0,14.0
TRX-20260423-04973,2026-04-23 05:15:07,5,00003562,622300356200,5,0,5,60.0,50.0,300.0,0.0,300.0,250.0,50.0
TRX-20260423-03205,2026-04-23 05:42:40,4,00003563,622300356300,1,0,1,12.0,9.0,12.0,0.0,12.0,9.0,3.0
TRX-20260423-01102,2026-04-23 06:13:47,4,00003566,622300356600,3,0,3,180.0,150.0,540.0,0.0,540.0,450.0,90.0
TRX-20260423-01316,2026-04-23 06:15:45,1,00003575,622300357500,4,0,4,55.0,45.0,220.0,0.0,220.0,180.0,40.0
TRX-20260423-03112,2026-04-23 06:34:36,4,00003562,622300356206,1,0,1,342.0,300.0,342.0,0.0,342.0,300.0,42.0
TRX-20260423-00958,2026-04-23 06:43:01,1,00003570,622300357000,3,0,3,20.0,16.0,60.0,0.0,60.0,48.0,12.0
TRX-20260423-04020,2026-04-23 09:04:31,1,00003587,622300358700,2,0,2,135.0,110.0,270.0,0.0,270.0,220.0,50.0
TRX-20260423-03861,2026-04-23 09:14:20,1,00003561,622300356100,3,0,3,42.0,35.0,126.0,0.0,126.0,105.0,21.0
TRX-20260423-03388,2026-04-23 09:29:08,2,00003593,622300359300,2,0,2,18.0,14.0,36.0,0.0,36.0,28.0,8.0
TRX-20260423-02805,2026-04-23 09:29:11,2,00003582,622300358200,2,0,2,28.0,22.0,56.0,0.0,56.0,44.0,12.0
TRX-20260423-03924,2026-04-23 10:01:59,4,00003557,622300355700,1,0,1,7.0,5.5,7.0,0.0,7.0,5.5,1.5
TRX-20260423-00134,2026-04-23 10:17:37,1,00003592,622300359200,3,0,3,4.5,3.0,13.5,0.0,13.5,9.0,4.5
TRX-20260423-04254,2026-04-23 10:29:06,1,00003553,622300355300,2,0,2,450.0,400.0,900.0,0.0,900.0,800.0,100.0
TRX-20260423-03893,2026-04-23 11:22:26,1,00003566,622300356600,4,0,4,180.0,150.0,720.0,0.0,720.0,600.0,120.0
TRX-20260423-01548,2026-04-23 11:36:51,2,00003579,622300357900,5,0,5,110.0,85.0,550.0,0.0,550.0,425.0,125.0
TRX-20260423-02462,2026-04-23 11:45:21,3,00003556,622300355600,3,1,2,7.0,5.5,21.0,7.0,14.0,11.0,3.0
TRX-20260423-00415,2026-04-23 12:08:56,2,00003595,622300359500,2,0,2,110.0,85.0,220.0,0.0,220.0,170.0,50.0
TRX-20260423-04614,2026-04-23 12:35:38,1,00003573,622300357300,2,0,2,88.0,75.0,176.0,0.0,176.0,150.0,26.0
TRX-20260423-04835,2026-04-23 12:50:42,2,00003562,622300356200,5,0,5,60.0,50.0,300.0,0.0,300.0,250.0,50.0
TRX-20260423-03871,2026-04-23 12:50:53,4,00003590,622300359000,2,0,2,23.0,18.0,46.0,0.0,46.0,36.0,10.0
TRX-20260423-03731,2026-04-23 13:01:09,2,00003566,622300356606,1,0,1,1026.0,900.0,1026.0,0.0,1026.0,900.0,126.0
TRX-20260423-03809,2026-04-23 13:02:36,1,00003576,622300357600,1,1,0,245.0,210.0,245.0,245.0,0.0,0.0,0.0
TRX-20260423-01485,2026-04-23 13:35:37,3,00003583,622300358300,1,0,1,5.5,4.0,5.5,0.0,5.5,4.0,1.5
TRX-20260423-01363,2026-04-23 13:52:31,4,00003566,622300356600,4,0,4,180.0,150.0,720.0,0.0,720.0,600.0,120.0
TRX-20260423-01669,2026-04-23 14:06:59,5,00003590,622300359000,2,0,2,23.0,18.0,46.0,0.0,46.0,36.0,10.0
TRX-20260423-01760,2026-04-23 14:31:55,2,00003582,622300358200,2,0,2,28.0,22.0,56.0,0.0,56.0,44.0,12.0
TRX-20260423-00703,2026-04-23 15:50:52,2,00003589,622300358900,5,0,5,10.0,8.0,50.0,0.0,50.0,40.0,10.0
TRX-20260423-02193,2026-04-23 16:23:59,1,00003607,622300360700,4,0,4,125.0,95.0,500.0,0.0,500.0,380.0,120.0
TRX-20260423-04150,2026-04-23 17:19:19,3,00003607,622300360700,5,5,0,125.0,95.0,625.0,625.0,0.0,0.0,0.0
TRX-20260423-04937,2026-04-23 17:57:16,1,00003587,622300358700,2,0,2,135.0,110.0,270.0,0.0,270.0,220.0,50.0
TRX-20260423-04132,2026-04-23 18:15:43,1,00003573,622300357300,2,0,2,88.0,75.0,176.0,0.0,176.0,150.0,26.0
TRX-20260423-00558,2026-04-23 18:19:09,3,00003582,622300358200,5,0,5,28.0,22.0,140.0,0.0,140.0,110.0,30.0
TRX-20260423-02544,2026-04-23 19:17:40,2,00003607,622300360700,3,0,3,125.0,95.0,375.0,0.0,375.0,285.0,90.0
TRX-20260423-03901,2026-04-23 20:26:00,3,00003577,622300357700,1,0,1,65.0,50.0,65.0,0.0,65.0,50.0,15.0
TRX-20260423-00356,2026-04-23 21:16:56,2,00003596,622300359600,3,0,3,120.0,95.0,360.0,0.0,360.0,285.0,75.0
TRX-20260423-00702,2026-04-23 21:23:19,2,00003564,622300356400,3,0,3,20.0,16.0,60.0,0.0,60.0,48.0,12.0
TRX-20260423-03060,2026-04-23 21:23:27,5,00003587,622300358700,3,1,2,135.0,110.0,405.0,135.0,270.0,220.0,50.0
TRX-20260423-02849,2026-04-23 21:26:33,1,00003598,622300359800,5,0,5,245.0,210.0,1225.0,0.0,1225.0,1050.0,175.0
TRX-20260423-03378,2026-04-23 21:55:14,3,00003558,622300355800,1,0,1,8.0,6.5,8.0,0.0,8.0,6.5,1.5
TRX-20260423-03968,2026-04-23 22:24:53,2,00003613,622300361300,2,0,2,105.0,85.0,210.0,0.0,210.0,170.0,40.0
TRX-20260423-00262,2026-04-23 22:55:42,5,00003613,622300361300,5,0,5,105.0,85.0,525.0,0.0,525.0,425.0,100.0
TRX-20260423-04808,2026-04-23 23:19:32,2,00003568,622300356800,1,0,1,105.0,85.0,105.0,0.0,105.0,85.0,20.0
TRX-20260423-02543,2026-04-23 23:25:05,4,00003588,622300358800,1,0,1,95.0,75.0,95.0,0.0,95.0,75.0,20.0
TRX-20260423-02645,2026-04-23 23:46:16,2,00003603,622300360300,2,0,2,35.0,28.0,70.0,0.0,70.0,56.0,14.0
TRX-20260423-02772,2026-04-23 23:53:42,1,00003594,622300359406,2,0,2,1111.5,960.0,2223.0,0.0,2223.0,1920.0,303.0
TRX-20260424-03508,2026-04-24 00:06:18,4,00003571,622300357100,2,0,2,17.5,14.0,35.0,0.0,35.0,28.0,7.0
TRX-20260424-04769,2026-04-24 00:16:20,2,00003560,622300356000,4,0,4,135.0,110.0,540.0,0.0,540.0,440.0,100.0
TRX-20260424-01252,2026-04-24 00:25:10,5,00003581,622300358100,4,0,4,32.0,25.0,128.0,0.0,128.0,100.0,28.0
TRX-20260424-03404,2026-04-24 00:51:57,3,00003589,622300358900,3,0,3,10.0,8.0,30.0,0.0,30.0,24.0,6.0
TRX-20260424-01016,2026-04-24 00:52:45,1,00003584,622300358400,4,0,4,26.0,20.0,104.0,0.0,104.0,80.0,24.0
TRX-20260424-00519,2026-04-24 01:15:21,3,00003565,622300356500,1,1,0,38.0,32.0,38.0,38.0,0.0,0.0,0.0
TRX-20260424-00211,2026-04-24 01:25:10,2,00003586,622300358600,3,2,1,55.0,45.0,165.0,110.0,55.0,45.0,10.0
TRX-20260424-01690,2026-04-24 02:02:00,1,00003604,622300360400,4,0,4,50.0,40.0,200.0,0.0,200.0,160.0,40.0
TRX-20260424-01993,2026-04-24 02:03:43,4,00003586,622300358600,3,0,3,55.0,45.0,165.0,0.0,165.0,135.0,30.0
TRX-20260424-04019,2026-04-24 03:04:00,3,00003558,622300355800,1,0,1,8.0,6.5,8.0,0.0,8.0,6.5,1.5
TRX-20260424-03661,2026-04-24 03:11:06,5,00003581,622300358100,2,0,2,32.0,25.0,64.0,0.0,64.0,50.0,14.0
TRX-20260424-00934,2026-04-24 04:20:42,2,00003557,622300355700,2,0,2,7.0,5.5,14.0,0.0,14.0,11.0,3.0
TRX-20260424-04908,2026-04-24 06:34:33,1,00003568,622300356800,1,1,0,105.0,85.0,105.0,105.0,0.0,0.0,0.0
TRX-20260424-01287,2026-04-24 09:28:27,1,00003567,622300356700,5,0,5,34.0,29.0,170.0,0.0,170.0,145.0,25.0
TRX-20260424-03573,2026-04-24 09:46:29,1,00003565,622300356500,2,0,2,38.0,32.0,76.0,0.0,76.0,64.0,12.0
TRX-20260424-03664,2026-04-24 09:52:04,1,00003554,622300355400,4,0,4,435.0,390.0,1740.0,0.0,1740.0,1560.0,180.0
TRX-20260424-03620,2026-04-24 09:58:55,1,00003561,622300356100,4,0,4,42.0,35.0,168.0,0.0,168.0,140.0,28.0
TRX-20260424-04759,2026-04-24 10:12:18,1,00003594,622300359406,2,0,2,1111.5,960.0,2223.0,0.0,2223.0,1920.0,303.0
TRX-20260424-03890,2026-04-24 11:37:08,1,00003569,622300356900,4,0,4,14.0,11.0,56.0,0.0,56.0,44.0,12.0
TRX-20260424-04476,2026-04-24 11:41:56,2,00003557,622300355700,1,0,1,7.0,5.5,7.0,0.0,7.0,5.5,1.5
TRX-20260424-02037,2026-04-24 11:53:07,2,00003603,622300360300,5,0,5,35.0,28.0,175.0,0.0,175.0,140.0,35.0
TRX-20260424-03842,2026-04-24 12:23:05,2,00003599,622300359900,4,0,4,380.0,320.0,1520.0,0.0,1520.0,1280.0,240.0
TRX-20260424-01574,2026-04-24 12:34:13,5,00003552,622300355200,1,0,1,420.0,380.0,420.0,0.0,420.0,380.0,40.0
TRX-20260424-02154,2026-04-24 13:08:06,1,00003576,622300357600,5,0,5,245.0,210.0,1225.0,0.0,1225.0,1050.0,175.0
TRX-20260424-01884,2026-04-24 13:16:57,1,00003556,622300355624,1,0,1,159.6,132.0,159.6,0.0,159.6,132.0,27.6
TRX-20260424-04854,2026-04-24 13:47:58,1,00003553,622300355300,2,0,2,450.0,400.0,900.0,0.0,900.0,800.0,100.0
TRX-20260424-02956,2026-04-24 14:03:12,1,00003560,622300356000,1,1,0,135.0,110.0,135.0,135.0,0.0,0.0,0.0
TRX-20260424-01481,2026-04-24 14:28:47,4,00003610,622300361000,4,0,4,75.0,60.0,300.0,0.0,300.0,240.0,60.0
TRX-20260424-02999,2026-04-24 14:30:27,2,00003605,622300360500,5,0,5,58.0,45.0,290.0,0.0,290.0,225.0,65.0
TRX-20260424-03258,2026-04-24 14:33:03,1,00003557,622300355700,5,0,5,7.0,5.5,35.0,0.0,35.0,27.5,7.5
TRX-20260424-02536,2026-04-24 15:24:19,1,00003593,622300359300,2,0,2,18.0,14.0,36.0,0.0,36.0,28.0,8.0
TRX-20260424-03298,2026-04-24 15:26:02,1,00003559,622300355906,2,0,2,159.6,132.0,319.2,0.0,319.2,264.0,55.2
TRX-20260424-04383,2026-04-24 16:36:08,4,00003560,622300356000,4,0,4,135.0,110.0,540.0,0.0,540.0,440.0,100.0
TRX-20260424-03139,2026-04-24 16:58:12,1,00003552,622300355200,3,0,3,420.0,380.0,1260.0,0.0,1260.0,1140.0,120.0
TRX-20260424-04820,2026-04-24 17:36:28,5,00003610,622300361006,1,0,1,427.5,360.0,427.5,0.0,427.5,360.0,67.5
TRX-20260424-02129,2026-04-24 19:11:41,1,00003601,622300360100,5,3,2,205.0,175.0,1025.0,615.0,410.0,350.0,60.0
TRX-20260424-02378,2026-04-24 19:15:07,1,00003591,622300359100,3,0,3,7.0,5.0,21.0,0.0,21.0,15.0,6.0
TRX-20260424-04083,2026-04-24 19:15:46,2,00003587,622300358700,4,0,4,135.0,110.0,540.0,0.0,540.0,440.0,100.0
TRX-20260424-01839,2026-04-24 19:15:56,2,00003575,622300357500,2,0,2,55.0,45.0,110.0,0.0,110.0,90.0,20.0
TRX-20260424-04192,2026-04-24 19:19:37,5,00003568,622300356800,2,0,2,105.0,85.0,210.0,0.0,210.0,170.0,40.0
TRX-20260424-04700,2026-04-24 20:40:14,4,00003558,622300355800,3,0,3,8.0,6.5,24.0,0.0,24.0,19.5,4.5
TRX-20260424-02767,2026-04-24 22:15:42,4,00003579,622300357900,1,0,1,110.0,85.0,110.0,0.0,110.0,85.0,25.0
TRX-20260424-02732,2026-04-24 22:32:08,3,00003559,622300355900,4,0,4,28.0,22.0,112.0,0.0,112.0,88.0,24.0
TRX-20260424-04044,2026-04-24 22:37:19,1,00003575,622300357500,4,0,4,55.0,45.0,220.0,0.0,220.0,180.0,40.0
TRX-20260424-01858,2026-04-24 23:20:52,1,00003611,622300361100,2,0,2,28.0,22.0,56.0,0.0,56.0,44.0,12.0
TRX-20260425-04540,2026-04-25 00:06:05,4,00003583,622300358300,4,0,4,5.5,4.0,22.0,0.0,22.0,16.0,6.0
TRX-20260425-00992,2026-04-25 00:12:24,1,00003592,622300359200,1,0,1,4.5,3.0,4.5,0.0,4.5,3.0,1.5
TRX-20260425-02097,2026-04-25 00:51:51,3,00003590,622300359000,1,0,1,23.0,18.0,23.0,0.0,23.0,18.0,5.0
TRX-20260425-03333,2026-04-25 01:16:01,4,00003552,622300355200,5,0,5,420.0,380.0,2100.0,0.0,2100.0,1900.0,200.0
TRX-20260425-01070,2026-04-25 01:49:09,1,00003577,622300357700,5,0,5,65.0,50.0,325.0,0.0,325.0,250.0,75.0
TRX-20260425-03062,2026-04-25 02:02:16,4,00003594,622300359400,4,0,4,195.0,160.0,780.0,0.0,780.0,640.0,140.0
TRX-20260425-00861,2026-04-25 02:08:28,2,00003557,622300355700,1,1,0,7.0,5.5,7.0,7.0,0.0,0.0,0.0
TRX-20260425-02674,2026-04-25 03:01:19,1,00003554,622300355400,4,0,4,435.0,390.0,1740.0,0.0,1740.0,1560.0,180.0
TRX-20260425-02605,2026-04-25 03:18:03,3,00003563,622300356300,1,0,1,12.0,9.0,12.0,0.0,12.0,9.0,3.0
TRX-20260425-01755,2026-04-25 03:28:07,3,00003570,622300357000,2,0,2,20.0,16.0,40.0,0.0,40.0,32.0,8.0
TRX-20260425-02586,2026-04-25 04:07:20,2,00003593,622300359300,1,0,1,18.0,14.0,18.0,0.0,18.0,14.0,4.0
TRX-20260425-02810,2026-04-25 04:19:32,1,00003572,622300357200,3,0,3,23.0,18.0,69.0,0.0,69.0,54.0,15.0
TRX-20260425-00115,2026-04-25 04:26:58,2,00003606,622300360600,4,0,4,85.0,65.0,340.0,0.0,340.0,260.0,80.0
TRX-20260425-01149,2026-04-25 04:44:44,2,00003576,622300357606,2,0,2,1396.5,1260.0,2793.0,0.0,2793.0,2520.0,273.0
TRX-20260425-01671,2026-04-25 06:04:01,3,00003561,622300356100,1,0,1,42.0,35.0,42.0,0.0,42.0,35.0,7.0
TRX-20260425-04987,2026-04-25 06:04:24,5,00003557,622300355700,2,0,2,7.0,5.5,14.0,0.0,14.0,11.0,3.0
TRX-20260425-02807,2026-04-25 06:29:30,1,00003576,622300357600,4,0,4,245.0,210.0,980.0,0.0,980.0,840.0,140.0
TRX-20260425-00587,2026-04-25 06:43:20,3,00003597,622300359700,5,1,4,160.0,130.0,800.0,160.0,640.0,520.0,120.0
TRX-20260425-02079,2026-04-25 06:48:35,1,00003568,622300356800,3,1,2,105.0,85.0,315.0,105.0,210.0,170.0,40.0
TRX-20260425-02514,2026-04-25 07:43:57,1,00003557,622300355700,4,0,4,7.0,5.5,28.0,0.0,28.0,22.0,6.0
TRX-20260425-04494,2026-04-25 07:55:44,1,00003569,622300356900,2,0,2,14.0,11.0,28.0,0.0,28.0,22.0,6.0
TRX-20260425-01863,2026-04-25 09:08:31,4,00003567,622300356700,5,0,5,34.0,29.0,170.0,0.0,170.0,145.0,25.0
TRX-20260425-04092,2026-04-25 09:14:21,3,00003590,622300359000,4,0,4,23.0,18.0,92.0,0.0,92.0,72.0,20.0
TRX-20260425-03771,2026-04-25 09:18:48,2,00003605,622300360500,3,0,3,58.0,45.0,174.0,0.0,174.0,135.0,39.0
TRX-20260425-04636,2026-04-25 10:00:06,1,00003595,622300359500,3,0,3,110.0,85.0,330.0,0.0,330.0,255.0,75.0
TRX-20260425-01983,2026-04-25 10:53:15,3,00003605,622300360500,1,0,1,58.0,45.0,58.0,0.0,58.0,45.0,13.0
TRX-20260425-03900,2026-04-25 10:55:32,3,00003592,622300359224,1,1,0,102.6,72.0,102.6,102.6,0.0,0.0,0.0
TRX-20260425-04334,2026-04-25 10:55:59,2,00003602,622300360200,1,0,1,45.0,35.0,45.0,0.0,45.0,35.0,10.0
TRX-20260425-01080,2026-04-25 10:57:46,3,00003590,622300359000,1,0,1,23.0,18.0,23.0,0.0,23.0,18.0,5.0
TRX-20260425-01913,2026-04-25 11:38:36,3,00003571,622300357100,2,0,2,17.5,14.0,35.0,0.0,35.0,28.0,7.0
TRX-20260425-02927,2026-04-25 12:25:55,2,00003575,622300357500,5,0,5,55.0,45.0,275.0,0.0,275.0,225.0,50.0
TRX-20260425-02684,2026-04-25 12:34:22,1,00003578,622300357800,1,0,1,45.0,35.0,45.0,0.0,45.0,35.0,10.0
TRX-20260425-04140,2026-04-25 13:48:23,2,00003589,622300358900,1,1,0,10.0,8.0,10.0,10.0,0.0,0.0,0.0
TRX-20260425-01875,2026-04-25 13:50:06,3,00003574,622300357400,2,0,2,155.0,135.0,310.0,0.0,310.0,270.0,40.0
TRX-20260425-01586,2026-04-25 14:06:17,1,00003593,622300359300,5,0,5,18.0,14.0,90.0,0.0,90.0,70.0,20.0
TRX-20260425-04386,2026-04-25 15:00:12,4,00003563,622300356300,1,0,1,12.0,9.0,12.0,0.0,12.0,9.0,3.0
TRX-20260425-03172,2026-04-25 15:18:52,1,00003612,622300361200,4,0,4,16.0,12.0,64.0,0.0,64.0,48.0,16.0
TRX-20260425-03495,2026-04-25 15:22:38,3,00003555,622300355500,4,0,4,480.0,420.0,1920.0,0.0,1920.0,1680.0,240.0
TRX-20260425-01967,2026-04-25 15:41:38,2,00003580,622300358000,5,0,5,38.0,30.0,190.0,0.0,190.0,150.0,40.0
TRX-20260425-00613,2026-04-25 15:54:00,3,00003589,622300358900,5,0,5,10.0,8.0,50.0,0.0,50.0,40.0,10.0
TRX-20260425-04735,2026-04-25 16:25:36,4,00003596,622300359600,1,0,1,120.0,95.0,120.0,0.0,120.0,95.0,25.0
TRX-20260425-03249,2026-04-25 16:39:13,1,00003559,622300355900,1,0,1,28.0,22.0,28.0,0.0,28.0,22.0,6.0
TRX-20260425-02132,2026-04-25 16:45:37,1,00003559,622300355900,3,0,3,28.0,22.0,84.0,0.0,84.0,66.0,18.0
TRX-20260425-02349,2026-04-25 16:50:45,5,00003608,622300360800,2,0,2,78.0,60.0,156.0,0.0,156.0,120.0,36.0
TRX-20260425-03392,2026-04-25 17:05:16,1,00003577,622300357700,2,0,2,65.0,50.0,130.0,0.0,130.0,100.0,30.0
TRX-20260425-03064,2026-04-25 17:05:38,5,00003595,622300359500,2,0,2,110.0,85.0,220.0,0.0,220.0,170.0,50.0
TRX-20260425-01565,2026-04-25 17:37:46,4,00003554,622300355400,3,3,0,435.0,390.0,1305.0,1305.0,0.0,0.0,0.0
TRX-20260425-00295,2026-04-25 18:42:49,2,00003578,622300357800,2,2,0,45.0,35.0,90.0,90.0,0.0,0.0,0.0
TRX-20260425-02670,2026-04-25 18:49:15,1,00003609,622300360924,1,0,1,2508.0,2040.0,2508.0,0.0,2508.0,2040.0,468.0
TRX-20260425-01310,2026-04-25 19:37:48,2,00003583,622300358300,2,0,2,5.5,4.0,11.0,0.0,11.0,8.0,3.0
TRX-20260425-01451,2026-04-25 19:39:19,3,00003577,622300357700,3,0,3,65.0,50.0,195.0,0.0,195.0,150.0,45.0
TRX-20260425-04734,2026-04-25 19:41:23,3,00003598,622300359800,2,0,2,245.0,210.0,490.0,0.0,490.0,420.0,70.0
TRX-20260425-01773,2026-04-25 20:00:28,2,00003554,622300355400,2,0,2,435.0,390.0,870.0,0.0,870.0,780.0,90.0
TRX-20260425-01887,2026-04-25 20:06:17,2,00003586,622300358600,3,0,3,55.0,45.0,165.0,0.0,165.0,135.0,30.0
TRX-20260425-03565,2026-04-25 20:30:35,1,00003611,622300361100,2,0,2,28.0,22.0,56.0,0.0,56.0,44.0,12.0
TRX-20260425-04716,2026-04-25 20:46:11,1,00003557,622300355700,4,0,4,7.0,5.5,28.0,0.0,28.0,22.0,6.0
TRX-20260425-02525,2026-04-25 20:54:56,1,00003552,622300355200,5,0,5,420.0,380.0,2100.0,0.0,2100.0,1900.0,200.0
TRX-20260425-01950,2026-04-25 21:20:17,5,00003594,622300359400,3,0,3,195.0,160.0,585.0,0.0,585.0,480.0,105.0
TRX-20260425-02589,2026-04-25 21:35:45,1,00003586,622300358600,3,0,3,55.0,45.0,165.0,0.0,165.0,135.0,30.0
TRX-20260425-03454,2026-04-25 21:44:13,1,00003593,622300359300,1,0,1,18.0,14.0,18.0,0.0,18.0,14.0,4.0
TRX-20260425-01908,2026-04-25 22:20:15,1,00003602,622300360200,3,0,3,45.0,35.0,135.0,0.0,135.0,105.0,30.0
TRX-20260425-00024,2026-04-25 22:40:56,5,00003567,622300356700,4,0,4,34.0,29.0,136.0,0.0,136.0,116.0,20.0
TRX-20260425-04635,2026-04-25 22:45:33,1,00003575,622300357500,3,0,3,55.0,45.0,165.0,0.0,165.0,135.0,30.0
TRX-20260425-03621,2026-04-25 23:35:12,1,00003560,622300356000,1,0,1,135.0,110.0,135.0,0.0,135.0,110.0,25.0
TRX-20260426-01112,2026-04-26 00:11:31,4,00003570,622300357000,1,0,1,20.0,16.0,20.0,0.0,20.0,16.0,4.0
TRX-20260426-04650,2026-04-26 00:44:11,2,00003590,622300359000,4,0,4,23.0,18.0,92.0,0.0,92.0,72.0,20.0
TRX-20260426-02307,2026-04-26 00:51:56,5,00003611,622300361100,1,0,1,28.0,22.0,28.0,0.0,28.0,22.0,6.0
TRX-20260426-02271,2026-04-26 00:53:15,4,00003564,622300356400,2,0,2,20.0,16.0,40.0,0.0,40.0,32.0,8.0
TRX-20260426-00161,2026-04-26 01:10:33,4,00003575,622300357500,3,0,3,55.0,45.0,165.0,0.0,165.0,135.0,30.0
TRX-20260426-04179,2026-04-26 01:44:43,3,00003564,622300356400,3,0,3,20.0,16.0,60.0,0.0,60.0,48.0,12.0
TRX-20260426-03252,2026-04-26 01:59:18,3,00003608,622300360800,3,0,3,78.0,60.0,234.0,0.0,234.0,180.0,54.0
TRX-20260426-02305,2026-04-26 03:11:34,3,00003599,622300359900,2,0,2,380.0,320.0,760.0,0.0,760.0,640.0,120.0
TRX-20260426-00221,2026-04-26 03:58:29,2,00003573,622300357300,1,0,1,88.0,75.0,88.0,0.0,88.0,75.0,13.0
TRX-20260426-02996,2026-04-26 04:00:51,2,00003575,622300357500,3,2,1,55.0,45.0,165.0,110.0,55.0,45.0,10.0
TRX-20260426-00532,2026-04-26 04:01:21,1,00003612,622300361200,2,0,2,16.0,12.0,32.0,0.0,32.0,24.0,8.0
TRX-20260426-01501,2026-04-26 04:03:10,2,00003601,622300360100,5,2,3,205.0,175.0,1025.0,410.0,615.0,525.0,90.0
TRX-20260426-02366,2026-04-26 04:19:32,1,00003602,622300360200,5,4,1,45.0,35.0,225.0,180.0,45.0,35.0,10.0
TRX-20260426-03244,2026-04-26 04:55:27,3,00003558,622300355800,3,0,3,8.0,6.5,24.0,0.0,24.0,19.5,4.5
TRX-20260426-03970,2026-04-26 05:17:29,2,00003563,622300356300,3,0,3,12.0,9.0,36.0,0.0,36.0,27.0,9.0
TRX-20260426-02876,2026-04-26 05:20:45,3,00003553,622300355300,4,0,4,450.0,400.0,1800.0,0.0,1800.0,1600.0,200.0
TRX-20260426-04142,2026-04-26 06:27:26,1,00003591,622300359100,4,0,4,7.0,5.0,28.0,0.0,28.0,20.0,8.0
TRX-20260426-01826,2026-04-26 06:41:24,2,00003589,622300358900,2,0,2,10.0,8.0,20.0,0.0,20.0,16.0,4.0
TRX-20260426-01245,2026-04-26 07:02:15,1,00003594,622300359400,4,0,4,195.0,160.0,780.0,0.0,780.0,640.0,140.0
TRX-20260426-04454,2026-04-26 07:13:05,1,00003568,622300356800,4,0,4,105.0,85.0,420.0,0.0,420.0,340.0,80.0
TRX-20260426-04805,2026-04-26 07:29:56,2,00003564,622300356424,1,0,1,456.0,384.0,456.0,0.0,456.0,384.0,72.0
TRX-20260426-01296,2026-04-26 07:57:49,1,00003613,622300361300,3,3,0,105.0,85.0,315.0,315.0,0.0,0.0,0.0
TRX-20260426-01699,2026-04-26 08:05:01,2,00003569,622300356900,5,0,5,14.0,11.0,70.0,0.0,70.0,55.0,15.0
TRX-20260426-04713,2026-04-26 08:12:13,3,00003560,622300356000,4,0,4,135.0,110.0,540.0,0.0,540.0,440.0,100.0
TRX-20260426-01482,2026-04-26 08:20:38,5,00003561,622300356100,3,0,3,42.0,35.0,126.0,0.0,126.0,105.0,21.0
TRX-20260426-04913,2026-04-26 08:34:36,2,00003580,622300358000,4,0,4,38.0,30.0,152.0,0.0,152.0,120.0,32.0
TRX-20260426-00761,2026-04-26 08:40:03,3,00003586,622300358600,3,2,1,55.0,45.0,165.0,110.0,55.0,45.0,10.0
TRX-20260426-02864,2026-04-26 08:56:50,2,00003603,622300360300,4,0,4,35.0,28.0,140.0,0.0,140.0,112.0,28.0
TRX-20260426-04598,2026-04-26 09:29:32,4,00003593,622300359300,2,0,2,18.0,14.0,36.0,0.0,36.0,28.0,8.0
TRX-20260426-04404,2026-04-26 10:10:01,2,00003571,622300357124,2,0,2,399.0,336.0,798.0,0.0,798.0,672.0,126.0
TRX-20260426-02396,2026-04-26 11:03:56,3,00003562,622300356200,5,0,5,60.0,50.0,300.0,0.0,300.0,250.0,50.0
TRX-20260426-04146,2026-04-26 11:35:44,4,00003559,622300355900,4,0,4,28.0,22.0,112.0,0.0,112.0,88.0,24.0
TRX-20260426-00831,2026-04-26 11:43:14,5,00003585,622300358512,2,0,2,2508.0,2160.0,5016.0,0.0,5016.0,4320.0,696.0
TRX-20260426-02962,2026-04-26 12:45:50,3,00003604,622300360400,3,0,3,50.0,40.0,150.0,0.0,150.0,120.0,30.0
TRX-20260426-03209,2026-04-26 12:59:26,1,00003606,622300360600,3,0,3,85.0,65.0,255.0,0.0,255.0,195.0,60.0
TRX-20260426-00010,2026-04-26 13:00:22,1,00003608,622300360800,1,0,1,78.0,60.0,78.0,0.0,78.0,60.0,18.0
TRX-20260426-01283,2026-04-26 13:15:33,5,00003590,622300359000,2,0,2,23.0,18.0,46.0,0.0,46.0,36.0,10.0
TRX-20260426-02246,2026-04-26 13:39:45,1,00003561,622300356100,1,0,1,42.0,35.0,42.0,0.0,42.0,35.0,7.0
TRX-20260426-02173,2026-04-26 13:51:07,2,00003566,622300356600,5,0,5,180.0,150.0,900.0,0.0,900.0,750.0,150.0
TRX-20260426-00821,2026-04-26 14:35:48,1,00003601,622300360100,3,1,2,205.0,175.0,615.0,205.0,410.0,350.0,60.0
TRX-20260426-01597,2026-04-26 15:31:41,2,00003574,622300357400,5,0,5,155.0,135.0,775.0,0.0,775.0,675.0,100.0
TRX-20260426-01022,2026-04-26 15:54:57,1,00003563,622300356300,2,0,2,12.0,9.0,24.0,0.0,24.0,18.0,6.0
TRX-20260426-01195,2026-04-26 16:40:24,5,00003566,622300356600,1,0,1,180.0,150.0,180.0,0.0,180.0,150.0,30.0
TRX-20260426-04703,2026-04-26 16:44:28,5,00003578,622300357800,1,0,1,45.0,35.0,45.0,0.0,45.0,35.0,10.0
TRX-20260426-02765,2026-04-26 16:45:02,4,00003554,622300355400,5,0,5,435.0,390.0,2175.0,0.0,2175.0,1950.0,225.0
TRX-20260426-02538,2026-04-26 17:45:23,1,00003565,622300356500,1,0,1,38.0,32.0,38.0,0.0,38.0,32.0,6.0
TRX-20260426-03352,2026-04-26 19:14:55,1,00003585,622300358500,2,0,2,220.0,180.0,440.0,0.0,440.0,360.0,80.0
TRX-20260426-04246,2026-04-26 20:23:39,1,00003599,622300359900,3,0,3,380.0,320.0,1140.0,0.0,1140.0,960.0,180.0
TRX-20260426-03604,2026-04-26 20:25:12,1,00003595,622300359524,2,0,2,2508.0,2040.0,5016.0,0.0,5016.0,4080.0,936.0
TRX-20260426-00834,2026-04-26 20:31:08,2,00003592,622300359200,3,0,3,4.5,3.0,13.5,0.0,13.5,9.0,4.5
TRX-20260426-00739,2026-04-26 20:32:56,3,00003587,622300358700,4,0,4,135.0,110.0,540.0,0.0,540.0,440.0,100.0
TRX-20260426-01729,2026-04-26 20:40:51,1,00003574,622300357400,1,0,1,155.0,135.0,155.0,0.0,155.0,135.0,20.0
TRX-20260426-00399,2026-04-26 20:42:41,5,00003575,622300357500,2,0,2,55.0,45.0,110.0,0.0,110.0,90.0,20.0
TRX-20260426-02332,2026-04-26 20:54:09,3,00003608,622300360800,2,0,2,78.0,60.0,156.0,0.0,156.0,120.0,36.0
TRX-20260426-03400,2026-04-26 21:01:27,2,00003587,622300358700,5,0,5,135.0,110.0,675.0,0.0,675.0,550.0,125.0
TRX-20260426-04546,2026-04-26 21:09:39,1,00003606,622300360600,3,0,3,85.0,65.0,255.0,0.0,255.0,195.0,60.0
TRX-20260426-02474,2026-04-26 21:28:48,3,00003589,622300358900,3,0,3,10.0,8.0,30.0,0.0,30.0,24.0,6.0
TRX-20260426-03642,2026-04-26 21:40:08,4,00003596,622300359600,1,0,1,120.0,95.0,120.0,0.0,120.0,95.0,25.0
TRX-20260426-02475,2026-04-26 22:26:12,1,00003607,622300360700,1,0,1,125.0,95.0,125.0,0.0,125.0,95.0,30.0
TRX-20260426-01886,2026-04-26 22:46:34,1,00003598,622300359800,3,0,3,245.0,210.0,735.0,0.0,735.0,630.0,105.0
TRX-20260426-04940,2026-04-26 23:35:26,2,00003594,622300359400,1,0,1,195.0,160.0,195.0,0.0,195.0,160.0,35.0
TRX-20260426-04556,2026-04-26 23:43:14,1,00003564,622300356400,2,0,2,20.0,16.0,40.0,0.0,40.0,32.0,8.0
TRX-20260427-01600,2026-04-27 00:44:24,2,00003566,622300356600,1,0,1,180.0,150.0,180.0,0.0,180.0,150.0,30.0
TRX-20260427-01986,2026-04-27 00:47:03,2,00003583,622300358300,4,0,4,5.5,4.0,22.0,0.0,22.0,16.0,6.0
TRX-20260427-01403,2026-04-27 01:41:08,2,00003574,622300357400,3,0,3,155.0,135.0,465.0,0.0,465.0,405.0,60.0
TRX-20260427-01672,2026-04-27 02:06:01,1,00003558,622300355800,4,0,4,8.0,6.5,32.0,0.0,32.0,26.0,6.0
TRX-20260427-00939,2026-04-27 03:07:02,2,00003597,622300359700,3,0,3,160.0,130.0,480.0,0.0,480.0,390.0,90.0
TRX-20260427-03319,2026-04-27 03:48:31,3,00003594,622300359406,1,0,1,1111.5,960.0,1111.5,0.0,1111.5,960.0,151.5
TRX-20260427-01161,2026-04-27 03:54:52,3,00003605,622300360500,2,0,2,58.0,45.0,116.0,0.0,116.0,90.0,26.0
TRX-20260427-01184,2026-04-27 04:05:38,1,00003571,622300357124,2,0,2,399.0,336.0,798.0,0.0,798.0,672.0,126.0
TRX-20260427-04207,2026-04-27 04:17:19,1,00003580,622300358000,2,0,2,38.0,30.0,76.0,0.0,76.0,60.0,16.0
TRX-20260427-04670,2026-04-27 04:24:03,2,00003575,622300357500,4,0,4,55.0,45.0,220.0,0.0,220.0,180.0,40.0
TRX-20260427-02388,2026-04-27 05:02:00,1,00003557,622300355700,2,0,2,7.0,5.5,14.0,0.0,14.0,11.0,3.0
TRX-20260427-01979,2026-04-27 06:05:11,3,00003561,622300356124,2,2,0,957.6,840.0,1915.2,1915.2,0.0,0.0,0.0
TRX-20260427-03194,2026-04-27 07:10:15,1,00003562,622300356200,2,0,2,60.0,50.0,120.0,0.0,120.0,100.0,20.0
TRX-20260427-02170,2026-04-27 07:14:53,1,00003563,622300356300,4,0,4,12.0,9.0,48.0,0.0,48.0,36.0,12.0
TRX-20260427-01649,2026-04-27 07:16:03,2,00003578,622300357800,3,2,1,45.0,35.0,135.0,90.0,45.0,35.0,10.0
TRX-20260427-01207,2026-04-27 07:16:05,1,00003592,622300359200,3,0,3,4.5,3.0,13.5,0.0,13.5,9.0,4.5
TRX-20260427-02603,2026-04-27 09:23:27,1,00003574,622300357400,3,0,3,155.0,135.0,465.0,0.0,465.0,405.0,60.0
TRX-20260427-01237,2026-04-27 09:23:59,3,00003607,622300360700,5,0,5,125.0,95.0,625.0,0.0,625.0,475.0,150.0
TRX-20260427-00166,2026-04-27 09:41:14,2,00003571,622300357100,5,0,5,17.5,14.0,87.5,0.0,87.5,70.0,17.5
TRX-20260427-02993,2026-04-27 10:36:08,1,00003580,622300358000,5,0,5,38.0,30.0,190.0,0.0,190.0,150.0,40.0
TRX-20260427-01133,2026-04-27 10:50:12,1,00003563,622300356300,3,0,3,12.0,9.0,36.0,0.0,36.0,27.0,9.0
TRX-20260427-01771,2026-04-27 11:11:40,1,00003590,622300359000,2,0,2,23.0,18.0,46.0,0.0,46.0,36.0,10.0
TRX-20260427-04096,2026-04-27 11:13:18,2,00003595,622300359500,2,0,2,110.0,85.0,220.0,0.0,220.0,170.0,50.0
TRX-20260427-00697,2026-04-27 11:16:00,5,00003576,622300357600,1,1,0,245.0,210.0,245.0,245.0,0.0,0.0,0.0
TRX-20260427-00361,2026-04-27 11:49:29,4,00003559,622300355900,2,0,2,28.0,22.0,56.0,0.0,56.0,44.0,12.0
TRX-20260427-04290,2026-04-27 11:49:57,1,00003573,622300357300,4,0,4,88.0,75.0,352.0,0.0,352.0,300.0,52.0
TRX-20260427-03337,2026-04-27 12:06:12,2,00003612,622300361200,5,0,5,16.0,12.0,80.0,0.0,80.0,60.0,20.0
TRX-20260427-01094,2026-04-27 12:26:00,2,00003574,622300357400,4,0,4,155.0,135.0,620.0,0.0,620.0,540.0,80.0
TRX-20260427-00852,2026-04-27 13:02:36,2,00003565,622300356500,3,0,3,38.0,32.0,114.0,0.0,114.0,96.0,18.0
TRX-20260427-00555,2026-04-27 13:06:02,1,00003570,622300357000,2,0,2,20.0,16.0,40.0,0.0,40.0,32.0,8.0
TRX-20260427-01566,2026-04-27 13:16:46,1,00003601,622300360100,4,0,4,205.0,175.0,820.0,0.0,820.0,700.0,120.0
TRX-20260427-01028,2026-04-27 13:30:13,5,00003554,622300355400,4,0,4,435.0,390.0,1740.0,0.0,1740.0,1560.0,180.0
TRX-20260427-01733,2026-04-27 13:44:58,3,00003599,622300359900,5,0,5,380.0,320.0,1900.0,0.0,1900.0,1600.0,300.0
TRX-20260427-03224,2026-04-27 14:00:31,3,00003578,622300357800,2,0,2,45.0,35.0,90.0,0.0,90.0,70.0,20.0
TRX-20260427-04897,2026-04-27 14:39:16,1,00003603,622300360300,4,0,4,35.0,28.0,140.0,0.0,140.0,112.0,28.0
TRX-20260427-00756,2026-04-27 15:47:59,4,00003595,622300359500,1,0,1,110.0,85.0,110.0,0.0,110.0,85.0,25.0
TRX-20260427-04433,2026-04-27 16:50:55,2,00003576,622300357600,1,1,0,245.0,210.0,245.0,245.0,0.0,0.0,0.0
TRX-20260427-00362,2026-04-27 16:59:39,1,00003587,622300358700,5,0,5,135.0,110.0,675.0,0.0,675.0,550.0,125.0
TRX-20260427-03034,2026-04-27 17:03:24,3,00003571,622300357100,2,0,2,17.5,14.0,35.0,0.0,35.0,28.0,7.0
TRX-20260427-04233,2026-04-27 17:07:14,1,00003580,622300358000,4,0,4,38.0,30.0,152.0,0.0,152.0,120.0,32.0
TRX-20260427-02440,2026-04-27 17:45:43,4,00003601,622300360100,4,0,4,205.0,175.0,820.0,0.0,820.0,700.0,120.0
TRX-20260427-01533,2026-04-27 17:50:01,1,00003577,622300357700,2,0,2,65.0,50.0,130.0,0.0,130.0,100.0,30.0
TRX-20260427-01546,2026-04-27 18:04:19,4,00003600,622300360000,5,0,5,135.0,110.0,675.0,0.0,675.0,550.0,125.0
TRX-20260427-04259,2026-04-27 18:32:27,3,00003579,622300357912,2,0,2,1254.0,1020.0,2508.0,0.0,2508.0,2040.0,468.0
TRX-20260427-00433,2026-04-27 18:50:01,3,00003607,622300360700,1,0,1,125.0,95.0,125.0,0.0,125.0,95.0,30.0
TRX-20260427-02335,2026-04-27 19:23:27,1,00003578,622300357800,1,0,1,45.0,35.0,45.0,0.0,45.0,35.0,10.0
TRX-20260427-01652,2026-04-27 19:33:20,5,00003565,622300356500,4,0,4,38.0,32.0,152.0,0.0,152.0,128.0,24.0
TRX-20260427-01948,2026-04-27 21:25:18,2,00003589,622300358900,2,0,2,10.0,8.0,20.0,0.0,20.0,16.0,4.0
TRX-20260427-04758,2026-04-27 21:29:30,1,00003567,622300356700,5,0,5,34.0,29.0,170.0,0.0,170.0,145.0,25.0
TRX-20260427-03688,2026-04-27 21:50:56,2,00003576,622300357600,2,0,2,245.0,210.0,490.0,0.0,490.0,420.0,70.0
TRX-20260427-03276,2026-04-27 23:24:13,2,00003603,622300360300,4,0,4,35.0,28.0,140.0,0.0,140.0,112.0,28.0
TRX-20260427-02124,2026-04-27 23:50:51,4,00003611,622300361100,2,0,2,28.0,22.0,56.0,0.0,56.0,44.0,12.0
TRX-20260428-04050,2026-04-28 00:55:51,2,00003613,622300361324,2,0,2,2394.0,2040.0,4788.0,0.0,4788.0,4080.0,708.0
TRX-20260428-00236,2026-04-28 02:05:16,2,00003564,622300356400,1,0,1,20.0,16.0,20.0,0.0,20.0,16.0,4.0
TRX-20260428-04638,2026-04-28 02:11:05,3,00003573,622300357300,5,0,5,88.0,75.0,440.0,0.0,440.0,375.0,65.0
TRX-20260428-02045,2026-04-28 02:34:01,3,00003568,622300356800,1,0,1,105.0,85.0,105.0,0.0,105.0,85.0,20.0
TRX-20260428-02590,2026-04-28 02:35:10,5,00003580,622300358000,2,0,2,38.0,30.0,76.0,0.0,76.0,60.0,16.0
TRX-20260428-00315,2026-04-28 02:42:25,3,00003564,622300356424,1,0,1,456.0,384.0,456.0,0.0,456.0,384.0,72.0
TRX-20260428-00232,2026-04-28 02:48:55,4,00003570,622300357000,1,0,1,20.0,16.0,20.0,0.0,20.0,16.0,4.0
TRX-20260428-00256,2026-04-28 03:45:34,4,00003553,622300355300,3,0,3,450.0,400.0,1350.0,0.0,1350.0,1200.0,150.0
TRX-20260428-01789,2026-04-28 03:52:03,1,00003573,622300357300,4,0,4,88.0,75.0,352.0,0.0,352.0,300.0,52.0
TRX-20260428-04795,2026-04-28 03:56:19,5,00003580,622300358006,2,2,0,216.6,180.0,433.2,433.2,0.0,0.0,0.0
TRX-20260428-00922,2026-04-28 03:59:46,1,00003613,622300361300,2,0,2,105.0,85.0,210.0,0.0,210.0,170.0,40.0
TRX-20260428-02922,2026-04-28 04:08:40,1,00003602,622300360200,5,0,5,45.0,35.0,225.0,0.0,225.0,175.0,50.0
TRX-20260428-00708,2026-04-28 04:30:55,2,00003570,622300357000,1,1,0,20.0,16.0,20.0,20.0,0.0,0.0,0.0
TRX-20260428-01629,2026-04-28 04:31:07,2,00003611,622300361100,3,0,3,28.0,22.0,84.0,0.0,84.0,66.0,18.0
TRX-20260428-04319,2026-04-28 04:39:18,1,00003588,622300358800,4,0,4,95.0,75.0,380.0,0.0,380.0,300.0,80.0
TRX-20260428-03610,2026-04-28 05:00:36,2,00003601,622300360100,2,0,2,205.0,175.0,410.0,0.0,410.0,350.0,60.0
TRX-20260428-01829,2026-04-28 05:11:32,3,00003576,622300357600,2,0,2,245.0,210.0,490.0,0.0,490.0,420.0,70.0
TRX-20260428-04090,2026-04-28 05:20:57,1,00003598,622300359800,2,0,2,245.0,210.0,490.0,0.0,490.0,420.0,70.0
TRX-20260428-02055,2026-04-28 06:40:17,1,00003571,622300357100,5,0,5,17.5,14.0,87.5,0.0,87.5,70.0,17.5
TRX-20260428-02405,2026-04-28 07:43:18,2,00003587,622300358700,2,0,2,135.0,110.0,270.0,0.0,270.0,220.0,50.0
TRX-20260428-00182,2026-04-28 08:29:45,5,00003584,622300358400,2,0,2,26.0,20.0,52.0,0.0,52.0,40.0,12.0
TRX-20260428-03826,2026-04-28 09:15:17,5,00003562,622300356200,3,0,3,60.0,50.0,180.0,0.0,180.0,150.0,30.0
TRX-20260428-01280,2026-04-28 09:16:00,1,00003589,622300358900,5,0,5,10.0,8.0,50.0,0.0,50.0,40.0,10.0
TRX-20260428-00201,2026-04-28 11:05:12,1,00003575,622300357500,3,0,3,55.0,45.0,165.0,0.0,165.0,135.0,30.0
TRX-20260428-02862,2026-04-28 11:06:26,3,00003595,622300359500,5,0,5,110.0,85.0,550.0,0.0,550.0,425.0,125.0
TRX-20260428-04566,2026-04-28 11:13:52,1,00003599,622300359900,3,0,3,380.0,320.0,1140.0,0.0,1140.0,960.0,180.0
TRX-20260428-04671,2026-04-28 11:42:03,2,00003566,622300356600,1,0,1,180.0,150.0,180.0,0.0,180.0,150.0,30.0
TRX-20260428-03304,2026-04-28 11:46:19,5,00003606,622300360600,1,0,1,85.0,65.0,85.0,0.0,85.0,65.0,20.0
TRX-20260428-03177,2026-04-28 12:10:19,2,00003562,622300356200,4,0,4,60.0,50.0,240.0,0.0,240.0,200.0,40.0
TRX-20260428-02071,2026-04-28 12:22:51,1,00003603,622300360300,4,0,4,35.0,28.0,140.0,0.0,140.0,112.0,28.0
TRX-20260428-04188,2026-04-28 13:42:05,3,00003564,622300356400,4,0,4,20.0,16.0,80.0,0.0,80.0,64.0,16.0
TRX-20260428-00879,2026-04-28 14:00:20,1,00003556,622300355600,4,0,4,7.0,5.5,28.0,0.0,28.0,22.0,6.0
TRX-20260428-02237,2026-04-28 14:28:57,3,00003605,622300360500,5,0,5,58.0,45.0,290.0,0.0,290.0,225.0,65.0
TRX-20260428-03598,2026-04-28 14:56:43,1,00003589,622300358900,5,0,5,10.0,8.0,50.0,0.0,50.0,40.0,10.0
TRX-20260428-02976,2026-04-28 15:05:18,3,00003557,622300355700,3,0,3,7.0,5.5,21.0,0.0,21.0,16.5,4.5
TRX-20260428-02676,2026-04-28 15:29:59,2,00003575,622300357500,4,0,4,55.0,45.0,220.0,0.0,220.0,180.0,40.0
TRX-20260428-03143,2026-04-28 16:08:05,3,00003598,622300359800,1,1,0,245.0,210.0,245.0,245.0,0.0,0.0,0.0
TRX-20260428-01797,2026-04-28 16:43:37,3,00003570,622300357000,3,0,3,20.0,16.0,60.0,0.0,60.0,48.0,12.0
TRX-20260428-03459,2026-04-28 16:47:28,1,00003556,622300355600,4,0,4,7.0,5.5,28.0,0.0,28.0,22.0,6.0
TRX-20260428-04171,2026-04-28 17:01:46,2,00003581,622300358100,1,0,1,32.0,25.0,32.0,0.0,32.0,25.0,7.0
TRX-20260428-00436,2026-04-28 19:25:47,1,00003611,622300361100,5,0,5,28.0,22.0,140.0,0.0,140.0,110.0,30.0
TRX-20260428-00418,2026-04-28 19:30:36,1,00003589,622300358900,3,0,3,10.0,8.0,30.0,0.0,30.0,24.0,6.0
TRX-20260428-03132,2026-04-28 19:50:54,5,00003565,622300356500,5,0,5,38.0,32.0,190.0,0.0,190.0,160.0,30.0
TRX-20260428-04502,2026-04-28 19:51:09,5,00003563,622300356300,1,0,1,12.0,9.0,12.0,0.0,12.0,9.0,3.0
TRX-20260428-00046,2026-04-28 19:59:59,5,00003569,622300356900,3,0,3,14.0,11.0,42.0,0.0,42.0,33.0,9.0
TRX-20260428-02794,2026-04-28 20:35:45,1,00003581,622300358100,4,0,4,32.0,25.0,128.0,0.0,128.0,100.0,28.0
TRX-20260428-03616,2026-04-28 20:40:43,2,00003590,622300359000,5,0,5,23.0,18.0,115.0,0.0,115.0,90.0,25.0
TRX-20260428-01181,2026-04-28 23:14:56,2,00003594,622300359400,4,0,4,195.0,160.0,780.0,0.0,780.0,640.0,140.0
TRX-20260428-04374,2026-04-28 23:19:11,1,00003594,622300359400,3,0,3,195.0,160.0,585.0,0.0,585.0,480.0,105.0
TRX-20260429-03555,2026-04-29 00:47:19,3,00003605,622300360500,2,0,2,58.0,45.0,116.0,0.0,116.0,90.0,26.0
TRX-20260429-01815,2026-04-29 00:49:06,2,00003591,622300359100,2,0,2,7.0,5.0,14.0,0.0,14.0,10.0,4.0
TRX-20260429-03328,2026-04-29 00:49:40,1,00003567,622300356700,4,0,4,34.0,29.0,136.0,0.0,136.0,116.0,20.0
TRX-20260429-03181,2026-04-29 01:19:14,1,00003562,622300356200,5,0,5,60.0,50.0,300.0,0.0,300.0,250.0,50.0
TRX-20260429-04450,2026-04-29 01:25:01,1,00003579,622300357900,3,0,3,110.0,85.0,330.0,0.0,330.0,255.0,75.0
TRX-20260429-02562,2026-04-29 01:44:18,1,00003566,622300356600,5,0,5,180.0,150.0,900.0,0.0,900.0,750.0,150.0
TRX-20260429-04616,2026-04-29 04:38:22,4,00003554,622300355400,2,0,2,435.0,390.0,870.0,0.0,870.0,780.0,90.0
TRX-20260429-04004,2026-04-29 04:45:57,3,00003553,622300355300,1,0,1,450.0,400.0,450.0,0.0,450.0,400.0,50.0
TRX-20260429-00260,2026-04-29 06:45:36,3,00003580,622300358000,1,0,1,38.0,30.0,38.0,0.0,38.0,30.0,8.0
TRX-20260429-01426,2026-04-29 06:50:10,2,00003563,622300356300,2,0,2,12.0,9.0,24.0,0.0,24.0,18.0,6.0
TRX-20260429-02892,2026-04-29 07:05:20,5,00003552,622300355200,5,0,5,420.0,380.0,2100.0,0.0,2100.0,1900.0,200.0
TRX-20260429-01801,2026-04-29 08:11:03,5,00003589,622300358900,1,0,1,10.0,8.0,10.0,0.0,10.0,8.0,2.0
TRX-20260429-01580,2026-04-29 08:13:13,3,00003586,622300358600,1,0,1,55.0,45.0,55.0,0.0,55.0,45.0,10.0
TRX-20260429-01290,2026-04-29 08:52:56,3,00003609,622300360900,2,0,2,110.0,85.0,220.0,0.0,220.0,170.0,50.0
TRX-20260429-02386,2026-04-29 08:54:02,2,00003584,622300358400,1,0,1,26.0,20.0,26.0,0.0,26.0,20.0,6.0
TRX-20260429-04247,2026-04-29 09:19:31,2,00003579,622300357900,3,0,3,110.0,85.0,330.0,0.0,330.0,255.0,75.0
TRX-20260429-04076,2026-04-29 09:19:52,2,00003564,622300356400,5,0,5,20.0,16.0,100.0,0.0,100.0,80.0,20.0
TRX-20260429-03650,2026-04-29 09:27:50,1,00003612,622300361200,5,0,5,16.0,12.0,80.0,0.0,80.0,60.0,20.0
TRX-20260429-00229,2026-04-29 09:30:43,1,00003596,622300359600,4,0,4,120.0,95.0,480.0,0.0,480.0,380.0,100.0
TRX-20260429-00815,2026-04-29 09:31:46,4,00003561,622300356100,1,1,0,42.0,35.0,42.0,42.0,0.0,0.0,0.0
TRX-20260429-03487,2026-04-29 10:30:01,1,00003575,622300357500,3,0,3,55.0,45.0,165.0,0.0,165.0,135.0,30.0
TRX-20260429-04938,2026-04-29 10:52:37,2,00003607,622300360700,1,0,1,125.0,95.0,125.0,0.0,125.0,95.0,30.0
TRX-20260429-03043,2026-04-29 11:06:33,1,00003577,622300357700,4,0,4,65.0,50.0,260.0,0.0,260.0,200.0,60.0
TRX-20260429-02090,2026-04-29 12:06:07,4,00003562,622300356200,5,0,5,60.0,50.0,300.0,0.0,300.0,250.0,50.0
TRX-20260429-04422,2026-04-29 12:41:58,1,00003563,622300356300,2,0,2,12.0,9.0,24.0,0.0,24.0,18.0,6.0
TRX-20260429-04692,2026-04-29 12:53:38,1,00003594,622300359400,5,0,5,195.0,160.0,975.0,0.0,975.0,800.0,175.0
TRX-20260429-04981,2026-04-29 13:22:02,2,00003557,622300355700,1,0,1,7.0,5.5,7.0,0.0,7.0,5.5,1.5
TRX-20260429-00087,2026-04-29 13:35:40,3,00003589,622300358900,5,0,5,10.0,8.0,50.0,0.0,50.0,40.0,10.0
TRX-20260429-00244,2026-04-29 13:38:58,3,00003557,622300355700,4,4,0,7.0,5.5,28.0,28.0,0.0,0.0,0.0
TRX-20260429-04398,2026-04-29 13:50:55,1,00003609,622300360900,4,0,4,110.0,85.0,440.0,0.0,440.0,340.0,100.0
TRX-20260429-03365,2026-04-29 14:14:52,5,00003571,622300357100,4,0,4,17.5,14.0,70.0,0.0,70.0,56.0,14.0
TRX-20260429-03040,2026-04-29 14:46:29,5,00003554,622300355400,1,0,1,435.0,390.0,435.0,0.0,435.0,390.0,45.0
TRX-20260429-02314,2026-04-29 15:10:23,1,00003607,622300360700,2,0,2,125.0,95.0,250.0,0.0,250.0,190.0,60.0
TRX-20260429-00268,2026-04-29 15:10:54,1,00003570,622300357000,5,0,5,20.0,16.0,100.0,0.0,100.0,80.0,20.0
TRX-20260429-02404,2026-04-29 15:11:53,1,00003578,622300357800,3,0,3,45.0,35.0,135.0,0.0,135.0,105.0,30.0
TRX-20260429-01802,2026-04-29 15:31:08,3,00003567,622300356700,4,0,4,34.0,29.0,136.0,0.0,136.0,116.0,20.0
TRX-20260429-00967,2026-04-29 15:32:12,2,00003576,622300357600,4,0,4,245.0,210.0,980.0,0.0,980.0,840.0,140.0
TRX-20260429-04322,2026-04-29 15:43:13,1,00003559,622300355900,1,0,1,28.0,22.0,28.0,0.0,28.0,22.0,6.0
TRX-20260429-00471,2026-04-29 15:43:13,1,00003604,622300360400,4,0,4,50.0,40.0,200.0,0.0,200.0,160.0,40.0
TRX-20260429-03759,2026-04-29 15:45:35,1,00003565,622300356500,5,0,5,38.0,32.0,190.0,0.0,190.0,160.0,30.0
TRX-20260429-03248,2026-04-29 16:19:48,3,00003587,622300358700,4,0,4,135.0,110.0,540.0,0.0,540.0,440.0,100.0
TRX-20260429-02183,2026-04-29 16:40:42,4,00003563,622300356300,3,0,3,12.0,9.0,36.0,0.0,36.0,27.0,9.0
TRX-20260429-03932,2026-04-29 17:16:57,5,00003613,622300361300,1,0,1,105.0,85.0,105.0,0.0,105.0,85.0,20.0
TRX-20260429-04968,2026-04-29 18:08:18,2,00003557,622300355700,2,0,2,7.0,5.5,14.0,0.0,14.0,11.0,3.0
TRX-20260429-00155,2026-04-29 18:39:02,3,00003599,622300359900,3,0,3,380.0,320.0,1140.0,0.0,1140.0,960.0,180.0
TRX-20260429-01589,2026-04-29 18:47:00,1,00003554,622300355400,5,0,5,435.0,390.0,2175.0,0.0,2175.0,1950.0,225.0
TRX-20260429-00391,2026-04-29 19:01:21,2,00003613,622300361300,2,0,2,105.0,85.0,210.0,0.0,210.0,170.0,40.0
TRX-20260429-03234,2026-04-29 19:56:21,1,00003586,622300358600,5,0,5,55.0,45.0,275.0,0.0,275.0,225.0,50.0
TRX-20260429-02897,2026-04-29 20:00:17,1,00003602,622300360200,5,0,5,45.0,35.0,225.0,0.0,225.0,175.0,50.0
TRX-20260429-01113,2026-04-29 20:01:36,1,00003556,622300355600,2,2,0,7.0,5.5,14.0,14.0,0.0,0.0,0.0
TRX-20260429-04485,2026-04-29 20:22:45,1,00003601,622300360100,1,0,1,205.0,175.0,205.0,0.0,205.0,175.0,30.0
TRX-20260429-03071,2026-04-29 21:37:05,2,00003594,622300359400,3,0,3,195.0,160.0,585.0,0.0,585.0,480.0,105.0
TRX-20260429-03867,2026-04-29 22:17:52,2,00003573,622300357300,1,1,0,88.0,75.0,88.0,88.0,0.0,0.0,0.0
TRX-20260429-00819,2026-04-29 22:29:40,2,00003577,622300357700,5,0,5,65.0,50.0,325.0,0.0,325.0,250.0,75.0
TRX-20260429-00705,2026-04-29 22:43:40,1,00003575,622300357500,4,0,4,55.0,45.0,220.0,0.0,220.0,180.0,40.0
TRX-20260429-02363,2026-04-29 23:17:10,1,00003566,622300356600,4,0,4,180.0,150.0,720.0,0.0,720.0,600.0,120.0
TRX-20260429-00027,2026-04-29 23:33:51,1,00003579,622300357900,4,0,4,110.0,85.0,440.0,0.0,440.0,340.0,100.0
TRX-20260429-00414,2026-04-29 23:38:22,3,00003582,622300358200,5,0,5,28.0,22.0,140.0,0.0,140.0,110.0,30.0
TRX-20260430-03278,2026-04-30 00:19:55,3,00003593,622300359300,3,0,3,18.0,14.0,54.0,0.0,54.0,42.0,12.0
TRX-20260430-01747,2026-04-30 00:21:53,2,00003576,622300357606,1,0,1,1396.5,1260.0,1396.5,0.0,1396.5,1260.0,136.5
TRX-20260430-01281,2026-04-30 00:37:08,2,00003594,622300359400,1,0,1,195.0,160.0,195.0,0.0,195.0,160.0,35.0
TRX-20260430-03273,2026-04-30 00:47:31,2,00003601,622300360106,1,0,1,1168.5,1050.0,1168.5,0.0,1168.5,1050.0,118.5
TRX-20260430-01726,2026-04-30 01:22:24,5,00003574,622300357400,5,0,5,155.0,135.0,775.0,0.0,775.0,675.0,100.0
TRX-20260430-04081,2026-04-30 01:30:24,2,00003602,622300360200,5,0,5,45.0,35.0,225.0,0.0,225.0,175.0,50.0
TRX-20260430-01679,2026-04-30 01:35:53,1,00003590,622300359000,2,0,2,23.0,18.0,46.0,0.0,46.0,36.0,10.0
TRX-20260430-00168,2026-04-30 01:49:27,3,00003595,622300359500,5,0,5,110.0,85.0,550.0,0.0,550.0,425.0,125.0
TRX-20260430-04936,2026-04-30 02:00:06,2,00003602,622300360200,1,0,1,45.0,35.0,45.0,0.0,45.0,35.0,10.0
TRX-20260430-03612,2026-04-30 02:36:38,1,00003578,622300357800,2,0,2,45.0,35.0,90.0,0.0,90.0,70.0,20.0
TRX-20260430-03424,2026-04-30 03:22:08,3,00003599,622300359900,5,0,5,380.0,320.0,1900.0,0.0,1900.0,1600.0,300.0
TRX-20260430-01400,2026-04-30 03:32:55,2,00003561,622300356124,1,0,1,957.6,840.0,957.6,0.0,957.6,840.0,117.6
TRX-20260430-03636,2026-04-30 03:49:32,1,00003605,622300360500,5,0,5,58.0,45.0,290.0,0.0,290.0,225.0,65.0
TRX-20260430-03623,2026-04-30 03:56:26,2,00003613,622300361300,2,0,2,105.0,85.0,210.0,0.0,210.0,170.0,40.0
TRX-20260430-02180,2026-04-30 04:00:35,1,00003570,622300357000,1,1,0,20.0,16.0,20.0,20.0,0.0,0.0,0.0
TRX-20260430-04486,2026-04-30 04:04:36,5,00003605,622300360500,5,0,5,58.0,45.0,290.0,0.0,290.0,225.0,65.0
TRX-20260430-01024,2026-04-30 04:15:01,2,00003553,622300355300,3,0,3,450.0,400.0,1350.0,0.0,1350.0,1200.0,150.0
TRX-20260430-04744,2026-04-30 04:30:40,1,00003589,622300358900,1,0,1,10.0,8.0,10.0,0.0,10.0,8.0,2.0
TRX-20260430-03456,2026-04-30 04:32:48,3,00003584,622300358400,2,0,2,26.0,20.0,52.0,0.0,52.0,40.0,12.0
TRX-20260430-02512,2026-04-30 04:50:26,2,00003604,622300360400,2,0,2,50.0,40.0,100.0,0.0,100.0,80.0,20.0
TRX-20260430-02345,2026-04-30 05:09:35,1,00003570,622300357000,1,0,1,20.0,16.0,20.0,0.0,20.0,16.0,4.0
TRX-20260430-04905,2026-04-30 05:54:01,1,00003582,622300358200,4,0,4,28.0,22.0,112.0,0.0,112.0,88.0,24.0
TRX-20260430-01153,2026-04-30 06:32:49,5,00003592,622300359200,4,0,4,4.5,3.0,18.0,0.0,18.0,12.0,6.0
TRX-20260430-03714,2026-04-30 07:05:11,3,00003576,622300357600,5,0,5,245.0,210.0,1225.0,0.0,1225.0,1050.0,175.0
TRX-20260430-01156,2026-04-30 07:20:13,3,00003605,622300360506,2,0,2,330.6,270.0,661.2,0.0,661.2,540.0,121.2
TRX-20260430-00579,2026-04-30 07:29:07,1,00003605,622300360506,2,0,2,330.6,270.0,661.2,0.0,661.2,540.0,121.2
TRX-20260430-00534,2026-04-30 07:54:32,1,00003596,622300359600,2,0,2,120.0,95.0,240.0,0.0,240.0,190.0,50.0
TRX-20260430-00809,2026-04-30 08:05:15,4,00003570,622300357000,1,0,1,20.0,16.0,20.0,0.0,20.0,16.0,4.0
TRX-20260430-01450,2026-04-30 08:40:39,1,00003611,622300361100,2,0,2,28.0,22.0,56.0,0.0,56.0,44.0,12.0
TRX-20260430-04221,2026-04-30 08:55:25,1,00003581,622300358100,5,0,5,32.0,25.0,160.0,0.0,160.0,125.0,35.0
TRX-20260430-00304,2026-04-30 09:00:20,1,00003582,622300358200,1,0,1,28.0,22.0,28.0,0.0,28.0,22.0,6.0
TRX-20260430-00710,2026-04-30 09:51:48,1,00003584,622300358400,1,1,0,26.0,20.0,26.0,26.0,0.0,0.0,0.0
TRX-20260430-00125,2026-04-30 09:57:56,2,00003569,622300356900,2,0,2,14.0,11.0,28.0,0.0,28.0,22.0,6.0
TRX-20260430-03667,2026-04-30 10:05:05,1,00003566,622300356600,2,0,2,180.0,150.0,360.0,0.0,360.0,300.0,60.0
TRX-20260430-02846,2026-04-30 10:39:37,5,00003563,622300356312,1,0,1,136.8,108.0,136.8,0.0,136.8,108.0,28.8
TRX-20260430-01212,2026-04-30 11:15:07,5,00003558,622300355800,1,0,1,8.0,6.5,8.0,0.0,8.0,6.5,1.5
TRX-20260430-00245,2026-04-30 12:46:10,5,00003600,622300360000,5,0,5,135.0,110.0,675.0,0.0,675.0,550.0,125.0
TRX-20260430-02483,2026-04-30 12:54:36,1,00003581,622300358100,1,0,1,32.0,25.0,32.0,0.0,32.0,25.0,7.0
TRX-20260430-01879,2026-04-30 13:11:25,1,00003561,622300356100,3,0,3,42.0,35.0,126.0,0.0,126.0,105.0,21.0
TRX-20260430-03152,2026-04-30 13:13:57,1,00003589,622300358900,3,0,3,10.0,8.0,30.0,0.0,30.0,24.0,6.0
TRX-20260430-01203,2026-04-30 13:15:13,3,00003592,622300359200,5,2,3,4.5,3.0,22.5,9.0,13.5,9.0,4.5
TRX-20260430-04147,2026-04-30 13:49:37,2,00003607,622300360700,5,0,5,125.0,95.0,625.0,0.0,625.0,475.0,150.0
TRX-20260430-02397,2026-04-30 13:56:18,5,00003579,622300357900,2,1,1,110.0,85.0,220.0,110.0,110.0,85.0,25.0
TRX-20260430-04028,2026-04-30 14:21:34,1,00003566,622300356606,1,0,1,1026.0,900.0,1026.0,0.0,1026.0,900.0,126.0
TRX-20260430-04428,2026-04-30 15:28:31,2,00003576,622300357600,5,0,5,245.0,210.0,1225.0,0.0,1225.0,1050.0,175.0
TRX-20260430-00615,2026-04-30 16:15:15,1,00003583,622300358300,2,2,0,5.5,4.0,11.0,11.0,0.0,0.0,0.0
TRX-20260430-04241,2026-04-30 16:50:26,3,00003605,622300360500,5,0,5,58.0,45.0,290.0,0.0,290.0,225.0,65.0
TRX-20260430-04344,2026-04-30 17:04:55,1,00003596,622300359600,3,0,3,120.0,95.0,360.0,0.0,360.0,285.0,75.0
TRX-20260430-01464,2026-04-30 17:33:35,2,00003603,622300360300,5,0,5,35.0,28.0,175.0,0.0,175.0,140.0,35.0
TRX-20260430-04049,2026-04-30 17:51:55,1,00003562,622300356200,3,0,3,60.0,50.0,180.0,0.0,180.0,150.0,30.0
TRX-20260430-03505,2026-04-30 20:07:53,1,00003564,622300356400,1,0,1,20.0,16.0,20.0,0.0,20.0,16.0,4.0
TRX-20260430-02263,2026-04-30 20:12:26,2,00003605,622300360500,5,0,5,58.0,45.0,290.0,0.0,290.0,225.0,65.0
TRX-20260430-04531,2026-04-30 20:24:12,1,00003554,622300355400,5,0,5,435.0,390.0,2175.0,0.0,2175.0,1950.0,225.0
TRX-20260430-00031,2026-04-30 20:27:10,2,00003589,622300358900,3,0,3,10.0,8.0,30.0,0.0,30.0,24.0,6.0
TRX-20260430-01234,2026-04-30 21:01:43,1,00003567,622300356700,1,0,1,34.0,29.0,34.0,0.0,34.0,29.0,5.0
TRX-20260430-03965,2026-04-30 21:16:10,1,00003568,622300356800,2,1,1,105.0,85.0,210.0,105.0,105.0,85.0,20.0
TRX-20260430-02965,2026-04-30 21:18:39,5,00003612,622300361200,1,0,1,16.0,12.0,16.0,0.0,16.0,12.0,4.0
TRX-20260430-00990,2026-04-30 21:25:18,5,00003578,622300357800,4,0,4,45.0,35.0,180.0,0.0,180.0,140.0,40.0
TRX-20260430-00444,2026-04-30 22:11:41,2,00003597,622300359700,3,0,3,160.0,130.0,480.0,0.0,480.0,390.0,90.0
TRX-20260430-01647,2026-04-30 22:15:44,2,00003563,622300356300,4,0,4,12.0,9.0,48.0,0.0,48.0,36.0,12.0
TRX-20260430-03786,2026-04-30 22:22:42,1,00003558,622300355800,2,0,2,8.0,6.5,16.0,0.0,16.0,13.0,3.0
TRX-20260430-02806,2026-04-30 22:26:20,2,00003571,622300357100,1,0,1,17.5,14.0,17.5,0.0,17.5,14.0,3.5
TRX-20260430-00639,2026-04-30 22:28:40,2,00003561,622300356100,5,0,5,42.0,35.0,210.0,0.0,210.0,175.0,35.0
TRX-20260430-00420,2026-04-30 22:31:40,2,00003559,622300355900,5,0,5,28.0,22.0,140.0,0.0,140.0,110.0,30.0
TRX-20260430-03652,2026-04-30 23:26:32,5,00003559,622300355900,5,0,5,28.0,22.0,140.0,0.0,140.0,110.0,30.0
TRX-20260430-00989,2026-04-30 23:41:58,1,00003576,622300357600,2,0,2,245.0,210.0,490.0,0.0,490.0,420.0,70.0
TRX-20260430-01210,2026-04-30 23:52:46,2,00003574,622300357400,1,0,1,155.0,135.0,155.0,0.0,155.0,135.0,20.0
TRX-20260501-01121,2026-05-01 01:20:02,2,00003573,622300357300,5,0,5,88.0,75.0,440.0,0.0,440.0,375.0,65.0
TRX-20260501-04212,2026-05-01 01:22:24,1,00003576,622300357600,3,0,3,245.0,210.0,735.0,0.0,735.0,630.0,105.0
TRX-20260501-04071,2026-05-01 01:22:34,5,00003566,622300356606,1,0,1,1026.0,900.0,1026.0,0.0,1026.0,900.0,126.0
TRX-20260501-02278,2026-05-01 01:40:23,1,00003604,622300360400,3,0,3,50.0,40.0,150.0,0.0,150.0,120.0,30.0
TRX-20260501-04686,2026-05-01 01:43:57,2,00003581,622300358100,1,0,1,32.0,25.0,32.0,0.0,32.0,25.0,7.0
TRX-20260501-01075,2026-05-01 02:17:17,3,00003581,622300358100,4,0,4,32.0,25.0,128.0,0.0,128.0,100.0,28.0
TRX-20260501-03597,2026-05-01 03:02:21,2,00003573,622300357300,1,0,1,88.0,75.0,88.0,0.0,88.0,75.0,13.0
TRX-20260501-00252,2026-05-01 03:20:37,1,00003595,622300359524,2,0,2,2508.0,2040.0,5016.0,0.0,5016.0,4080.0,936.0
TRX-20260501-03702,2026-05-01 03:27:33,5,00003592,622300359200,5,0,5,4.5,3.0,22.5,0.0,22.5,15.0,7.5
TRX-20260501-02635,2026-05-01 03:29:56,4,00003582,622300358200,4,0,4,28.0,22.0,112.0,0.0,112.0,88.0,24.0
TRX-20260501-00286,2026-05-01 03:32:26,1,00003579,622300357900,5,0,5,110.0,85.0,550.0,0.0,550.0,425.0,125.0
TRX-20260501-04126,2026-05-01 03:56:20,2,00003602,622300360212,2,0,2,513.0,420.0,1026.0,0.0,1026.0,840.0,186.0
TRX-20260501-03336,2026-05-01 03:59:28,2,00003613,622300361300,4,0,4,105.0,85.0,420.0,0.0,420.0,340.0,80.0
TRX-20260501-00025,2026-05-01 04:04:14,4,00003596,622300359600,5,0,5,120.0,95.0,600.0,0.0,600.0,475.0,125.0
TRX-20260501-00982,2026-05-01 04:04:15,1,00003576,622300357600,5,0,5,245.0,210.0,1225.0,0.0,1225.0,1050.0,175.0
TRX-20260501-03261,2026-05-01 04:16:28,5,00003574,622300357400,5,0,5,155.0,135.0,775.0,0.0,775.0,675.0,100.0
TRX-20260501-02206,2026-05-01 04:31:50,1,00003584,622300358400,1,1,0,26.0,20.0,26.0,26.0,0.0,0.0,0.0
TRX-20260501-02971,2026-05-01 05:06:49,1,00003569,622300356900,2,0,2,14.0,11.0,28.0,0.0,28.0,22.0,6.0
TRX-20260501-01059,2026-05-01 05:22:20,1,00003579,622300357900,1,0,1,110.0,85.0,110.0,0.0,110.0,85.0,25.0
TRX-20260501-01160,2026-05-01 05:53:23,2,00003571,622300357100,5,0,5,17.5,14.0,87.5,0.0,87.5,70.0,17.5
TRX-20260501-02100,2026-05-01 05:53:25,1,00003586,622300358600,2,0,2,55.0,45.0,110.0,0.0,110.0,90.0,20.0
TRX-20260501-03994,2026-05-01 05:56:31,2,00003568,622300356800,2,0,2,105.0,85.0,210.0,0.0,210.0,170.0,40.0
TRX-20260501-04325,2026-05-01 06:34:56,1,00003608,622300360800,1,0,1,78.0,60.0,78.0,0.0,78.0,60.0,18.0
TRX-20260501-01098,2026-05-01 06:39:53,2,00003567,622300356700,1,0,1,34.0,29.0,34.0,0.0,34.0,29.0,5.0
TRX-20260501-04709,2026-05-01 07:07:27,1,00003579,622300357900,5,0,5,110.0,85.0,550.0,0.0,550.0,425.0,125.0
TRX-20260501-04248,2026-05-01 08:24:41,2,00003567,622300356700,1,0,1,34.0,29.0,34.0,0.0,34.0,29.0,5.0
TRX-20260501-02216,2026-05-01 08:40:53,3,00003612,622300361200,4,0,4,16.0,12.0,64.0,0.0,64.0,48.0,16.0
TRX-20260501-00058,2026-05-01 08:53:57,2,00003560,622300356000,2,0,2,135.0,110.0,270.0,0.0,270.0,220.0,50.0
TRX-20260501-04904,2026-05-01 10:51:35,1,00003566,622300356600,5,0,5,180.0,150.0,900.0,0.0,900.0,750.0,150.0
TRX-20260501-03391,2026-05-01 10:52:45,1,00003582,622300358200,5,0,5,28.0,22.0,140.0,0.0,140.0,110.0,30.0
TRX-20260501-04360,2026-05-01 11:06:31,5,00003600,622300360000,2,0,2,135.0,110.0,270.0,0.0,270.0,220.0,50.0
TRX-20260501-04102,2026-05-01 12:18:08,1,00003589,622300358900,3,0,3,10.0,8.0,30.0,0.0,30.0,24.0,6.0
TRX-20260501-01458,2026-05-01 12:37:38,1,00003557,622300355700,3,0,3,7.0,5.5,21.0,0.0,21.0,16.5,4.5
TRX-20260501-04313,2026-05-01 12:42:57,1,00003572,622300357200,3,0,3,23.0,18.0,69.0,0.0,69.0,54.0,15.0
TRX-20260501-03910,2026-05-01 14:33:36,1,00003579,622300357900,5,0,5,110.0,85.0,550.0,0.0,550.0,425.0,125.0
TRX-20260501-01409,2026-05-01 15:15:35,5,00003601,622300360100,3,0,3,205.0,175.0,615.0,0.0,615.0,525.0,90.0
TRX-20260501-01926,2026-05-01 15:48:09,2,00003585,622300358500,3,0,3,220.0,180.0,660.0,0.0,660.0,540.0,120.0
TRX-20260501-03979,2026-05-01 16:03:51,2,00003572,622300357200,1,0,1,23.0,18.0,23.0,0.0,23.0,18.0,5.0
TRX-20260501-04619,2026-05-01 16:24:33,5,00003569,622300356900,4,0,4,14.0,11.0,56.0,0.0,56.0,44.0,12.0
TRX-20260501-04594,2026-05-01 16:46:43,1,00003561,622300356100,4,0,4,42.0,35.0,168.0,0.0,168.0,140.0,28.0
TRX-20260501-01265,2026-05-01 16:49:52,2,00003571,622300357100,2,0,2,17.5,14.0,35.0,0.0,35.0,28.0,7.0
TRX-20260501-00509,2026-05-01 18:32:54,2,00003588,622300358800,3,3,0,95.0,75.0,285.0,285.0,0.0,0.0,0.0
TRX-20260501-03689,2026-05-01 19:20:09,1,00003570,622300357000,1,0,1,20.0,16.0,20.0,0.0,20.0,16.0,4.0
TRX-20260501-01819,2026-05-01 21:26:50,3,00003611,622300361100,4,0,4,28.0,22.0,112.0,0.0,112.0,88.0,24.0
TRX-20260501-01643,2026-05-01 22:37:48,5,00003597,622300359700,4,0,4,160.0,130.0,640.0,0.0,640.0,520.0,120.0
TRX-20260501-01336,2026-05-01 23:21:58,4,00003602,622300360200,3,0,3,45.0,35.0,135.0,0.0,135.0,105.0,30.0
TRX-20260501-00798,2026-05-01 23:54:39,2,00003587,622300358700,3,0,3,135.0,110.0,405.0,0.0,405.0,330.0,75.0
TRX-20260501-04688,2026-05-01 23:58:21,2,00003566,622300356600,2,2,0,180.0,150.0,360.0,360.0,0.0,0.0,0.0
TRX-20260502-03748,2026-05-02 00:02:12,5,00003580,622300358006,1,1,0,216.6,180.0,216.6,216.6,0.0,0.0,0.0
TRX-20260502-04645,2026-05-02 00:48:20,5,00003595,622300359500,4,0,4,110.0,85.0,440.0,0.0,440.0,340.0,100.0
TRX-20260502-00097,2026-05-02 01:46:20,2,00003600,622300360000,4,0,4,135.0,110.0,540.0,0.0,540.0,440.0,100.0
TRX-20260502-03543,2026-05-02 01:50:28,2,00003609,622300360900,5,0,5,110.0,85.0,550.0,0.0,550.0,425.0,125.0
TRX-20260502-00030,2026-05-02 02:53:51,1,00003558,622300355800,3,0,3,8.0,6.5,24.0,0.0,24.0,19.5,4.5
TRX-20260502-04488,2026-05-02 02:59:22,1,00003609,622300360900,4,0,4,110.0,85.0,440.0,0.0,440.0,340.0,100.0
TRX-20260502-00237,2026-05-02 03:28:37,1,00003573,622300357300,4,0,4,88.0,75.0,352.0,0.0,352.0,300.0,52.0
TRX-20260502-00683,2026-05-02 03:40:19,3,00003584,622300358400,5,0,5,26.0,20.0,130.0,0.0,130.0,100.0,30.0
TRX-20260502-01989,2026-05-02 03:57:20,5,00003574,622300357400,2,0,2,155.0,135.0,310.0,0.0,310.0,270.0,40.0
TRX-20260502-04864,2026-05-02 04:53:49,5,00003597,622300359700,3,0,3,160.0,130.0,480.0,0.0,480.0,390.0,90.0
TRX-20260502-00336,2026-05-02 05:41:11,2,00003552,622300355200,4,0,4,420.0,380.0,1680.0,0.0,1680.0,1520.0,160.0
TRX-20260502-02042,2026-05-02 06:14:05,2,00003554,622300355400,3,0,3,435.0,390.0,1305.0,0.0,1305.0,1170.0,135.0
TRX-20260502-03724,2026-05-02 06:24:21,4,00003566,622300356600,4,0,4,180.0,150.0,720.0,0.0,720.0,600.0,120.0
TRX-20260502-00820,2026-05-02 06:36:41,4,00003567,622300356700,4,0,4,34.0,29.0,136.0,0.0,136.0,116.0,20.0
TRX-20260502-03113,2026-05-02 06:44:55,1,00003561,622300356100,2,0,2,42.0,35.0,84.0,0.0,84.0,70.0,14.0
TRX-20260502-04761,2026-05-02 06:46:37,2,00003599,622300359900,2,0,2,380.0,320.0,760.0,0.0,760.0,640.0,120.0
TRX-20260502-04697,2026-05-02 09:02:05,1,00003610,622300361000,1,0,1,75.0,60.0,75.0,0.0,75.0,60.0,15.0
TRX-20260502-01991,2026-05-02 09:36:58,2,00003594,622300359400,1,0,1,195.0,160.0,195.0,0.0,195.0,160.0,35.0
TRX-20260502-01097,2026-05-02 09:41:43,1,00003581,622300358100,4,3,1,32.0,25.0,128.0,96.0,32.0,25.0,7.0
TRX-20260502-00228,2026-05-02 10:06:12,4,00003554,622300355400,4,0,4,435.0,390.0,1740.0,0.0,1740.0,1560.0,180.0
TRX-20260502-01462,2026-05-02 10:31:08,1,00003584,622300358400,1,0,1,26.0,20.0,26.0,0.0,26.0,20.0,6.0
TRX-20260502-03218,2026-05-02 10:35:23,5,00003568,622300356800,1,0,1,105.0,85.0,105.0,0.0,105.0,85.0,20.0
TRX-20260502-02372,2026-05-02 10:41:19,3,00003563,622300356300,1,0,1,12.0,9.0,12.0,0.0,12.0,9.0,3.0
TRX-20260502-03243,2026-05-02 11:38:47,5,00003554,622300355400,5,0,5,435.0,390.0,2175.0,0.0,2175.0,1950.0,225.0
TRX-20260502-01158,2026-05-02 12:02:33,1,00003612,622300361212,1,0,1,182.4,144.0,182.4,0.0,182.4,144.0,38.4
TRX-20260502-03764,2026-05-02 12:13:19,3,00003611,622300361100,2,2,0,28.0,22.0,56.0,56.0,0.0,0.0,0.0
TRX-20260502-02908,2026-05-02 13:04:18,3,00003587,622300358700,3,0,3,135.0,110.0,405.0,0.0,405.0,330.0,75.0
TRX-20260502-01367,2026-05-02 13:32:50,2,00003569,622300356900,4,0,4,14.0,11.0,56.0,0.0,56.0,44.0,12.0
TRX-20260502-02133,2026-05-02 14:00:26,1,00003602,622300360200,5,0,5,45.0,35.0,225.0,0.0,225.0,175.0,50.0
TRX-20260502-02432,2026-05-02 14:07:22,1,00003592,622300359200,3,0,3,4.5,3.0,13.5,0.0,13.5,9.0,4.5
TRX-20260502-03096,2026-05-02 15:14:28,2,00003564,622300356400,5,0,5,20.0,16.0,100.0,0.0,100.0,80.0,20.0
TRX-20260502-00259,2026-05-02 15:28:02,1,00003563,622300356300,5,0,5,12.0,9.0,60.0,0.0,60.0,45.0,15.0
TRX-20260502-02852,2026-05-02 16:09:42,2,00003598,622300359800,4,0,4,245.0,210.0,980.0,0.0,980.0,840.0,140.0
TRX-20260502-04781,2026-05-02 16:12:28,5,00003597,622300359700,2,0,2,160.0,130.0,320.0,0.0,320.0,260.0,60.0
TRX-20260502-00376,2026-05-02 16:15:09,2,00003577,622300357700,2,0,2,65.0,50.0,130.0,0.0,130.0,100.0,30.0
TRX-20260502-03773,2026-05-02 16:41:43,5,00003610,622300361000,4,0,4,75.0,60.0,300.0,0.0,300.0,240.0,60.0
TRX-20260502-04258,2026-05-02 16:44:15,1,00003577,622300357700,2,0,2,65.0,50.0,130.0,0.0,130.0,100.0,30.0
TRX-20260502-04456,2026-05-02 17:02:24,2,00003572,622300357200,3,0,3,23.0,18.0,69.0,0.0,69.0,54.0,15.0
TRX-20260502-03014,2026-05-02 17:06:00,1,00003552,622300355200,3,0,3,420.0,380.0,1260.0,0.0,1260.0,1140.0,120.0
TRX-20260502-00452,2026-05-02 17:36:57,2,00003555,622300355500,3,0,3,480.0,420.0,1440.0,0.0,1440.0,1260.0,180.0
TRX-20260502-00495,2026-05-02 17:54:18,1,00003564,622300356400,3,0,3,20.0,16.0,60.0,0.0,60.0,48.0,12.0
TRX-20260502-02034,2026-05-02 18:49:16,3,00003595,622300359524,2,0,2,2508.0,2040.0,5016.0,0.0,5016.0,4080.0,936.0
TRX-20260502-01222,2026-05-02 20:37:14,2,00003588,622300358800,2,0,2,95.0,75.0,190.0,0.0,190.0,150.0,40.0
TRX-20260502-04557,2026-05-02 20:49:11,1,00003571,622300357100,3,0,3,17.5,14.0,52.5,0.0,52.5,42.0,10.5
TRX-20260502-02019,2026-05-02 21:44:54,1,00003560,622300356000,3,0,3,135.0,110.0,405.0,0.0,405.0,330.0,75.0
TRX-20260502-01746,2026-05-02 22:09:19,1,00003593,622300359300,2,0,2,18.0,14.0,36.0,0.0,36.0,28.0,8.0
TRX-20260502-03524,2026-05-02 22:29:59,1,00003599,622300359900,3,0,3,380.0,320.0,1140.0,0.0,1140.0,960.0,180.0
TRX-20260502-02303,2026-05-02 22:49:18,3,00003609,622300360900,4,0,4,110.0,85.0,440.0,0.0,440.0,340.0,100.0
TRX-20260502-00214,2026-05-02 23:20:11,4,00003586,622300358600,1,0,1,55.0,45.0,55.0,0.0,55.0,45.0,10.0
TRX-20260502-02575,2026-05-02 23:46:07,1,00003566,622300356600,4,0,4,180.0,150.0,720.0,0.0,720.0,600.0,120.0
TRX-20260503-03511,2026-05-03 00:29:40,5,00003602,622300360212,2,0,2,513.0,420.0,1026.0,0.0,1026.0,840.0,186.0
TRX-20260503-00929,2026-05-03 01:37:33,3,00003596,622300359600,5,0,5,120.0,95.0,600.0,0.0,600.0,475.0,125.0
TRX-20260503-02391,2026-05-03 01:40:10,5,00003571,622300357100,2,0,2,17.5,14.0,35.0,0.0,35.0,28.0,7.0
TRX-20260503-02333,2026-05-03 02:23:08,3,00003554,622300355400,5,0,5,435.0,390.0,2175.0,0.0,2175.0,1950.0,225.0
TRX-20260503-03463,2026-05-03 02:52:09,4,00003606,622300360600,2,0,2,85.0,65.0,170.0,0.0,170.0,130.0,40.0
TRX-20260503-03860,2026-05-03 03:06:48,1,00003564,622300356400,1,0,1,20.0,16.0,20.0,0.0,20.0,16.0,4.0
TRX-20260503-01542,2026-05-03 03:41:02,3,00003581,622300358100,1,1,0,32.0,25.0,32.0,32.0,0.0,0.0,0.0
TRX-20260503-04867,2026-05-03 03:41:12,5,00003603,622300360300,1,1,0,35.0,28.0,35.0,35.0,0.0,0.0,0.0
TRX-20260503-02990,2026-05-03 04:14:21,2,00003552,622300355200,4,0,4,420.0,380.0,1680.0,0.0,1680.0,1520.0,160.0
TRX-20260503-00098,2026-05-03 04:41:10,4,00003603,622300360300,5,0,5,35.0,28.0,175.0,0.0,175.0,140.0,35.0
TRX-20260503-02646,2026-05-03 04:55:55,2,00003554,622300355400,3,0,3,435.0,390.0,1305.0,0.0,1305.0,1170.0,135.0
TRX-20260503-03802,2026-05-03 04:57:58,3,00003569,622300356900,4,0,4,14.0,11.0,56.0,0.0,56.0,44.0,12.0
TRX-20260503-04168,2026-05-03 05:05:16,5,00003587,622300358700,3,0,3,135.0,110.0,405.0,0.0,405.0,330.0,75.0
TRX-20260503-04113,2026-05-03 05:05:57,4,00003588,622300358800,1,0,1,95.0,75.0,95.0,0.0,95.0,75.0,20.0
TRX-20260503-00554,2026-05-03 05:29:15,2,00003605,622300360500,2,0,2,58.0,45.0,116.0,0.0,116.0,90.0,26.0
TRX-20260503-04893,2026-05-03 05:30:24,2,00003575,622300357500,3,0,3,55.0,45.0,165.0,0.0,165.0,135.0,30.0
TRX-20260503-03957,2026-05-03 05:37:02,1,00003609,622300360900,3,0,3,110.0,85.0,330.0,0.0,330.0,255.0,75.0
TRX-20260503-00077,2026-05-03 05:55:16,1,00003602,622300360200,2,0,2,45.0,35.0,90.0,0.0,90.0,70.0,20.0
TRX-20260503-00289,2026-05-03 06:02:05,3,00003568,622300356800,1,0,1,105.0,85.0,105.0,0.0,105.0,85.0,20.0
TRX-20260503-00595,2026-05-03 06:44:54,3,00003611,622300361100,2,0,2,28.0,22.0,56.0,0.0,56.0,44.0,12.0
TRX-20260503-04990,2026-05-03 06:47:50,5,00003566,622300356600,3,0,3,180.0,150.0,540.0,0.0,540.0,450.0,90.0
TRX-20260503-00127,2026-05-03 07:15:43,1,00003588,622300358800,1,0,1,95.0,75.0,95.0,0.0,95.0,75.0,20.0
TRX-20260503-04495,2026-05-03 07:17:37,1,00003602,622300360200,4,0,4,45.0,35.0,180.0,0.0,180.0,140.0,40.0
TRX-20260503-04817,2026-05-03 07:38:10,3,00003571,622300357124,1,0,1,399.0,336.0,399.0,0.0,399.0,336.0,63.0
TRX-20260503-01086,2026-05-03 08:33:40,3,00003565,622300356500,5,0,5,38.0,32.0,190.0,0.0,190.0,160.0,30.0
TRX-20260503-02078,2026-05-03 08:36:33,3,00003605,622300360500,3,0,3,58.0,45.0,174.0,0.0,174.0,135.0,39.0
TRX-20260503-04194,2026-05-03 09:22:27,2,00003585,622300358500,2,0,2,220.0,180.0,440.0,0.0,440.0,360.0,80.0
TRX-20260503-04633,2026-05-03 09:49:39,5,00003603,622300360300,4,0,4,35.0,28.0,140.0,0.0,140.0,112.0,28.0
TRX-20260503-03848,2026-05-03 10:25:47,1,00003562,622300356200,1,1,0,60.0,50.0,60.0,60.0,0.0,0.0,0.0
TRX-20260503-04045,2026-05-03 11:16:15,2,00003581,622300358100,3,0,3,32.0,25.0,96.0,0.0,96.0,75.0,21.0
TRX-20260503-04389,2026-05-03 11:43:18,2,00003570,622300357000,1,0,1,20.0,16.0,20.0,0.0,20.0,16.0,4.0
TRX-20260503-03161,2026-05-03 12:13:35,2,00003569,622300356900,5,0,5,14.0,11.0,70.0,0.0,70.0,55.0,15.0
TRX-20260503-00971,2026-05-03 12:28:18,2,00003595,622300359500,2,0,2,110.0,85.0,220.0,0.0,220.0,170.0,50.0
TRX-20260503-01074,2026-05-03 12:33:53,5,00003554,622300355400,5,0,5,435.0,390.0,2175.0,0.0,2175.0,1950.0,225.0
TRX-20260503-04337,2026-05-03 12:52:08,2,00003552,622300355200,2,0,2,420.0,380.0,840.0,0.0,840.0,760.0,80.0
TRX-20260503-02221,2026-05-03 13:57:59,5,00003592,622300359200,3,0,3,4.5,3.0,13.5,0.0,13.5,9.0,4.5
TRX-20260503-04853,2026-05-03 14:14:55,1,00003557,622300355700,5,0,5,7.0,5.5,35.0,0.0,35.0,27.5,7.5
TRX-20260503-04112,2026-05-03 14:50:09,3,00003576,622300357600,4,0,4,245.0,210.0,980.0,0.0,980.0,840.0,140.0
TRX-20260503-01687,2026-05-03 16:19:27,1,00003578,622300357800,2,0,2,45.0,35.0,90.0,0.0,90.0,70.0,20.0
TRX-20260503-01942,2026-05-03 16:20:24,2,00003574,622300357400,3,0,3,155.0,135.0,465.0,0.0,465.0,405.0,60.0
TRX-20260503-03038,2026-05-03 16:40:41,1,00003610,622300361000,1,0,1,75.0,60.0,75.0,0.0,75.0,60.0,15.0
TRX-20260503-03448,2026-05-03 16:43:42,2,00003557,622300355700,2,0,2,7.0,5.5,14.0,0.0,14.0,11.0,3.0
TRX-20260503-00810,2026-05-03 17:52:59,1,00003553,622300355300,5,0,5,450.0,400.0,2250.0,0.0,2250.0,2000.0,250.0
TRX-20260503-00878,2026-05-03 17:59:55,5,00003595,622300359500,2,0,2,110.0,85.0,220.0,0.0,220.0,170.0,50.0
TRX-20260503-00755,2026-05-03 18:42:02,3,00003567,622300356700,3,0,3,34.0,29.0,102.0,0.0,102.0,87.0,15.0
TRX-20260503-04328,2026-05-03 18:59:34,2,00003593,622300359300,1,0,1,18.0,14.0,18.0,0.0,18.0,14.0,4.0
TRX-20260503-04538,2026-05-03 19:23:14,4,00003558,622300355800,5,0,5,8.0,6.5,40.0,0.0,40.0,32.5,7.5
TRX-20260503-04224,2026-05-03 20:00:27,2,00003556,622300355600,5,0,5,7.0,5.5,35.0,0.0,35.0,27.5,7.5
TRX-20260503-04770,2026-05-03 20:08:52,5,00003592,622300359200,1,0,1,4.5,3.0,4.5,0.0,4.5,3.0,1.5
TRX-20260503-04934,2026-05-03 20:17:45,4,00003613,622300361324,2,0,2,2394.0,2040.0,4788.0,0.0,4788.0,4080.0,708.0
TRX-20260503-00794,2026-05-03 21:05:06,4,00003580,622300358006,1,1,0,216.6,180.0,216.6,216.6,0.0,0.0,0.0
TRX-20260503-01243,2026-05-03 22:05:39,1,00003589,622300358900,4,0,4,10.0,8.0,40.0,0.0,40.0,32.0,8.0
TRX-20260503-00524,2026-05-03 22:15:41,2,00003608,622300360800,1,0,1,78.0,60.0,78.0,0.0,78.0,60.0,18.0
TRX-20260503-02395,2026-05-03 23:23:48,1,00003562,622300356206,2,0,2,342.0,300.0,684.0,0.0,684.0,600.0,84.0
TRX-20260504-03025,2026-05-04 00:02:15,3,00003552,622300355200,3,0,3,420.0,380.0,1260.0,0.0,1260.0,1140.0,120.0
TRX-20260504-00185,2026-05-04 00:02:51,1,00003556,622300355600,3,0,3,7.0,5.5,21.0,0.0,21.0,16.5,4.5
TRX-20260504-00060,2026-05-04 00:27:57,5,00003571,622300357100,4,0,4,17.5,14.0,70.0,0.0,70.0,56.0,14.0
TRX-20260504-00191,2026-05-04 01:09:21,2,00003575,622300357500,2,0,2,55.0,45.0,110.0,0.0,110.0,90.0,20.0
TRX-20260504-04793,2026-05-04 02:12:27,3,00003606,622300360600,5,0,5,85.0,65.0,425.0,0.0,425.0,325.0,100.0
TRX-20260504-01909,2026-05-04 02:18:21,1,00003583,622300358324,2,0,2,125.4,96.0,250.8,0.0,250.8,192.0,58.8
TRX-20260504-04657,2026-05-04 03:49:46,1,00003582,622300358200,2,0,2,28.0,22.0,56.0,0.0,56.0,44.0,12.0
TRX-20260504-01612,2026-05-04 04:05:00,2,00003596,622300359600,5,0,5,120.0,95.0,600.0,0.0,600.0,475.0,125.0
TRX-20260504-03745,2026-05-04 04:11:37,2,00003579,622300357912,1,0,1,1254.0,1020.0,1254.0,0.0,1254.0,1020.0,234.0
TRX-20260504-01594,2026-05-04 04:43:36,1,00003567,622300356700,4,0,4,34.0,29.0,136.0,0.0,136.0,116.0,20.0
TRX-20260504-02046,2026-05-04 05:40:53,1,00003575,622300357500,4,0,4,55.0,45.0,220.0,0.0,220.0,180.0,40.0
TRX-20260504-02434,2026-05-04 06:06:14,2,00003595,622300359500,2,0,2,110.0,85.0,220.0,0.0,220.0,170.0,50.0
TRX-20260504-04791,2026-05-04 06:18:58,2,00003586,622300358600,2,1,1,55.0,45.0,110.0,55.0,55.0,45.0,10.0
TRX-20260504-03533,2026-05-04 06:31:26,1,00003567,622300356700,3,0,3,34.0,29.0,102.0,0.0,102.0,87.0,15.0
TRX-20260504-00271,2026-05-04 06:46:15,1,00003598,622300359800,5,0,5,245.0,210.0,1225.0,0.0,1225.0,1050.0,175.0
TRX-20260504-00432,2026-05-04 06:50:28,1,00003613,622300361300,4,0,4,105.0,85.0,420.0,0.0,420.0,340.0,80.0
TRX-20260504-02482,2026-05-04 08:08:32,1,00003552,622300355200,2,0,2,420.0,380.0,840.0,0.0,840.0,760.0,80.0
TRX-20260504-03195,2026-05-04 08:41:57,1,00003577,622300357700,1,0,1,65.0,50.0,65.0,0.0,65.0,50.0,15.0
TRX-20260504-01299,2026-05-04 10:56:44,5,00003592,622300359200,2,0,2,4.5,3.0,9.0,0.0,9.0,6.0,3.0
TRX-20260504-00994,2026-05-04 11:11:15,5,00003552,622300355200,3,0,3,420.0,380.0,1260.0,0.0,1260.0,1140.0,120.0
TRX-20260504-01004,2026-05-04 11:33:56,3,00003566,622300356600,5,0,5,180.0,150.0,900.0,0.0,900.0,750.0,150.0
TRX-20260504-04682,2026-05-04 12:04:33,2,00003585,622300358500,4,0,4,220.0,180.0,880.0,0.0,880.0,720.0,160.0
TRX-20260504-03147,2026-05-04 12:10:54,2,00003587,622300358700,2,0,2,135.0,110.0,270.0,0.0,270.0,220.0,50.0
TRX-20260504-04357,2026-05-04 12:33:22,2,00003579,622300357900,2,0,2,110.0,85.0,220.0,0.0,220.0,170.0,50.0
TRX-20260504-03614,2026-05-04 14:42:12,1,00003586,622300358600,3,0,3,55.0,45.0,165.0,0.0,165.0,135.0,30.0
TRX-20260504-03810,2026-05-04 14:57:49,3,00003571,622300357100,4,0,4,17.5,14.0,70.0,0.0,70.0,56.0,14.0
TRX-20260504-00431,2026-05-04 16:04:25,1,00003607,622300360700,2,2,0,125.0,95.0,250.0,250.0,0.0,0.0,0.0
TRX-20260504-00559,2026-05-04 16:55:39,5,00003570,622300357000,4,0,4,20.0,16.0,80.0,0.0,80.0,64.0,16.0
TRX-20260504-03539,2026-05-04 17:09:37,1,00003592,622300359200,1,0,1,4.5,3.0,4.5,0.0,4.5,3.0,1.5
TRX-20260504-00075,2026-05-04 17:11:22,3,00003558,622300355800,2,2,0,8.0,6.5,16.0,16.0,0.0,0.0,0.0
TRX-20260504-04148,2026-05-04 17:15:24,1,00003561,622300356100,3,0,3,42.0,35.0,126.0,0.0,126.0,105.0,21.0
TRX-20260504-04553,2026-05-04 17:36:01,2,00003573,622300357300,5,0,5,88.0,75.0,440.0,0.0,440.0,375.0,65.0
TRX-20260504-03775,2026-05-04 18:00:10,5,00003586,622300358600,3,0,3,55.0,45.0,165.0,0.0,165.0,135.0,30.0
TRX-20260504-04612,2026-05-04 18:06:15,5,00003579,622300357912,2,0,2,1254.0,1020.0,2508.0,0.0,2508.0,2040.0,468.0
TRX-20260504-02622,2026-05-04 18:36:56,1,00003580,622300358000,4,0,4,38.0,30.0,152.0,0.0,152.0,120.0,32.0
TRX-20260504-01033,2026-05-04 18:55:50,5,00003601,622300360100,3,0,3,205.0,175.0,615.0,0.0,615.0,525.0,90.0
TRX-20260504-01342,2026-05-04 18:59:26,2,00003586,622300358600,5,0,5,55.0,45.0,275.0,0.0,275.0,225.0,50.0
TRX-20260504-00526,2026-05-04 19:08:07,1,00003560,622300356000,4,0,4,135.0,110.0,540.0,0.0,540.0,440.0,100.0
TRX-20260504-03654,2026-05-04 19:25:00,5,00003574,622300357400,4,0,4,155.0,135.0,620.0,0.0,620.0,540.0,80.0
TRX-20260504-04302,2026-05-04 20:05:19,2,00003595,622300359524,2,0,2,2508.0,2040.0,5016.0,0.0,5016.0,4080.0,936.0
TRX-20260504-04766,2026-05-04 20:05:20,4,00003604,622300360400,1,0,1,50.0,40.0,50.0,0.0,50.0,40.0,10.0
TRX-20260504-01471,2026-05-04 20:33:08,1,00003588,622300358800,2,0,2,95.0,75.0,190.0,0.0,190.0,150.0,40.0
TRX-20260504-04691,2026-05-04 20:43:49,2,00003613,622300361300,1,0,1,105.0,85.0,105.0,0.0,105.0,85.0,20.0
TRX-20260504-01304,2026-05-04 20:48:48,2,00003606,622300360600,2,0,2,85.0,65.0,170.0,0.0,170.0,130.0,40.0
TRX-20260504-00562,2026-05-04 21:05:32,1,00003606,622300360600,1,0,1,85.0,65.0,85.0,0.0,85.0,65.0,20.0
TRX-20260504-01259,2026-05-04 21:07:36,2,00003568,622300356800,2,0,2,105.0,85.0,210.0,0.0,210.0,170.0,40.0
TRX-20260504-01838,2026-05-04 21:11:48,1,00003597,622300359700,4,0,4,160.0,130.0,640.0,0.0,640.0,520.0,120.0
TRX-20260504-01321,2026-05-04 21:14:48,4,00003613,622300361300,4,0,4,105.0,85.0,420.0,0.0,420.0,340.0,80.0
TRX-20260504-02580,2026-05-04 21:18:29,5,00003559,622300355900,4,0,4,28.0,22.0,112.0,0.0,112.0,88.0,24.0
TRX-20260504-03879,2026-05-04 21:54:41,2,00003569,622300356900,2,0,2,14.0,11.0,28.0,0.0,28.0,22.0,6.0
TRX-20260504-01938,2026-05-04 22:05:46,2,00003572,622300357200,2,0,2,23.0,18.0,46.0,0.0,46.0,36.0,10.0
TRX-20260504-00216,2026-05-04 22:11:19,1,00003582,622300358200,5,0,5,28.0,22.0,140.0,0.0,140.0,110.0,30.0
TRX-20260504-02695,2026-05-04 22:35:42,1,00003598,622300359812,1,0,1,2793.0,2520.0,2793.0,0.0,2793.0,2520.0,273.0
TRX-20260504-04008,2026-05-04 23:23:38,1,00003586,622300358600,2,0,2,55.0,45.0,110.0,0.0,110.0,90.0,20.0
TRX-20260504-04031,2026-05-04 23:31:30,3,00003585,622300358500,2,0,2,220.0,180.0,440.0,0.0,440.0,360.0,80.0
TRX-20260504-03751,2026-05-04 23:42:35,2,00003612,622300361200,3,2,1,16.0,12.0,48.0,32.0,16.0,12.0,4.0
TRX-20260505-04427,2026-05-05 00:13:25,3,00003603,622300360300,3,0,3,35.0,28.0,105.0,0.0,105.0,84.0,21.0
TRX-20260505-03669,2026-05-05 00:18:55,2,00003604,622300360400,3,0,3,50.0,40.0,150.0,0.0,150.0,120.0,30.0
TRX-20260505-01167,2026-05-05 00:32:18,1,00003558,622300355800,3,0,3,8.0,6.5,24.0,0.0,24.0,19.5,4.5
TRX-20260505-02296,2026-05-05 01:24:10,5,00003594,622300359400,1,0,1,195.0,160.0,195.0,0.0,195.0,160.0,35.0
TRX-20260505-02757,2026-05-05 03:23:25,1,00003606,622300360600,3,2,1,85.0,65.0,255.0,170.0,85.0,65.0,20.0
TRX-20260505-04831,2026-05-05 03:34:18,4,00003557,622300355700,4,0,4,7.0,5.5,28.0,0.0,28.0,22.0,6.0
TRX-20260505-03690,2026-05-05 04:08:09,4,00003593,622300359300,1,0,1,18.0,14.0,18.0,0.0,18.0,14.0,4.0
TRX-20260505-04473,2026-05-05 04:37:16,3,00003580,622300358000,2,0,2,38.0,30.0,76.0,0.0,76.0,60.0,16.0
TRX-20260505-03733,2026-05-05 04:52:00,1,00003608,622300360800,3,0,3,78.0,60.0,234.0,0.0,234.0,180.0,54.0
TRX-20260505-04860,2026-05-05 05:05:56,2,00003571,622300357100,3,0,3,17.5,14.0,52.5,0.0,52.5,42.0,10.5
TRX-20260505-00655,2026-05-05 05:35:03,1,00003590,622300359000,4,0,4,23.0,18.0,92.0,0.0,92.0,72.0,20.0
TRX-20260505-02650,2026-05-05 06:21:21,4,00003597,622300359700,5,0,5,160.0,130.0,800.0,0.0,800.0,650.0,150.0
TRX-20260505-03180,2026-05-05 06:59:21,1,00003584,622300358400,4,0,4,26.0,20.0,104.0,0.0,104.0,80.0,24.0
TRX-20260505-00641,2026-05-05 07:32:53,1,00003574,622300357400,3,0,3,155.0,135.0,465.0,0.0,465.0,405.0,60.0
TRX-20260505-04866,2026-05-05 08:08:49,2,00003560,622300356000,2,0,2,135.0,110.0,270.0,0.0,270.0,220.0,50.0
TRX-20260505-03291,2026-05-05 08:44:17,1,00003558,622300355800,2,0,2,8.0,6.5,16.0,0.0,16.0,13.0,3.0
TRX-20260505-04991,2026-05-05 08:58:56,4,00003602,622300360200,4,0,4,45.0,35.0,180.0,0.0,180.0,140.0,40.0
TRX-20260505-02715,2026-05-05 09:07:27,1,00003579,622300357900,3,0,3,110.0,85.0,330.0,0.0,330.0,255.0,75.0
TRX-20260505-02505,2026-05-05 10:07:21,5,00003613,622300361300,2,0,2,105.0,85.0,210.0,0.0,210.0,170.0,40.0
TRX-20260505-01361,2026-05-05 10:24:28,5,00003555,622300355500,5,0,5,480.0,420.0,2400.0,0.0,2400.0,2100.0,300.0
TRX-20260505-02492,2026-05-05 10:49:56,2,00003558,622300355824,2,0,2,182.4,156.0,364.8,0.0,364.8,312.0,52.8
TRX-20260505-04685,2026-05-05 11:17:18,5,00003558,622300355800,2,0,2,8.0,6.5,16.0,0.0,16.0,13.0,3.0
TRX-20260505-02568,2026-05-05 12:29:27,3,00003591,622300359100,3,0,3,7.0,5.0,21.0,0.0,21.0,15.0,6.0
TRX-20260505-04395,2026-05-05 13:21:20,4,00003611,622300361100,1,0,1,28.0,22.0,28.0,0.0,28.0,22.0,6.0
TRX-20260505-04600,2026-05-05 13:32:13,1,00003603,622300360300,3,0,3,35.0,28.0,105.0,0.0,105.0,84.0,21.0
TRX-20260505-04430,2026-05-05 13:41:01,2,00003601,622300360100,5,0,5,205.0,175.0,1025.0,0.0,1025.0,875.0,150.0
TRX-20260505-02811,2026-05-05 13:47:00,5,00003602,622300360200,4,0,4,45.0,35.0,180.0,0.0,180.0,140.0,40.0
TRX-20260505-04311,2026-05-05 14:39:58,1,00003578,622300357800,1,0,1,45.0,35.0,45.0,0.0,45.0,35.0,10.0
TRX-20260505-00121,2026-05-05 14:54:56,4,00003612,622300361200,4,0,4,16.0,12.0,64.0,0.0,64.0,48.0,16.0
TRX-20260505-02448,2026-05-05 15:34:47,1,00003605,622300360500,1,0,1,58.0,45.0,58.0,0.0,58.0,45.0,13.0
TRX-20260505-03225,2026-05-05 15:43:23,1,00003553,622300355300,4,4,0,450.0,400.0,1800.0,1800.0,0.0,0.0,0.0
TRX-20260505-01750,2026-05-05 15:43:59,2,00003585,622300358500,4,0,4,220.0,180.0,880.0,0.0,880.0,720.0,160.0
TRX-20260505-01905,2026-05-05 16:36:55,5,00003606,622300360600,3,0,3,85.0,65.0,255.0,0.0,255.0,195.0,60.0
TRX-20260505-02627,2026-05-05 16:43:41,2,00003580,622300358000,2,0,2,38.0,30.0,76.0,0.0,76.0,60.0,16.0
TRX-20260505-01449,2026-05-05 16:51:57,2,00003574,622300357400,5,0,5,155.0,135.0,775.0,0.0,775.0,675.0,100.0
TRX-20260505-04918,2026-05-05 17:11:42,3,00003602,622300360200,4,0,4,45.0,35.0,180.0,0.0,180.0,140.0,40.0
TRX-20260505-03941,2026-05-05 17:34:50,1,00003570,622300357000,1,0,1,20.0,16.0,20.0,0.0,20.0,16.0,4.0
TRX-20260505-04423,2026-05-05 18:34:51,1,00003562,622300356200,1,0,1,60.0,50.0,60.0,0.0,60.0,50.0,10.0
TRX-20260505-02887,2026-05-05 19:08:10,1,00003555,622300355500,4,0,4,480.0,420.0,1920.0,0.0,1920.0,1680.0,240.0
TRX-20260505-00160,2026-05-05 19:20:29,1,00003609,622300360900,5,0,5,110.0,85.0,550.0,0.0,550.0,425.0,125.0
TRX-20260505-04803,2026-05-05 19:26:31,3,00003560,622300356000,1,0,1,135.0,110.0,135.0,0.0,135.0,110.0,25.0
TRX-20260505-04584,2026-05-05 20:09:52,1,00003582,622300358200,1,0,1,28.0,22.0,28.0,0.0,28.0,22.0,6.0
TRX-20260505-03926,2026-05-05 20:15:52,1,00003579,622300357900,4,0,4,110.0,85.0,440.0,0.0,440.0,340.0,100.0
TRX-20260505-03892,2026-05-05 20:33:05,3,00003586,622300358600,4,0,4,55.0,45.0,220.0,0.0,220.0,180.0,40.0
TRX-20260505-01751,2026-05-05 20:34:55,1,00003586,622300358600,3,0,3,55.0,45.0,165.0,0.0,165.0,135.0,30.0
TRX-20260505-00016,2026-05-05 20:50:02,1,00003561,622300356100,5,0,5,42.0,35.0,210.0,0.0,210.0,175.0,35.0
TRX-20260505-00345,2026-05-05 21:06:55,1,00003597,622300359700,4,0,4,160.0,130.0,640.0,0.0,640.0,520.0,120.0
TRX-20260505-03662,2026-05-05 21:55:44,5,00003590,622300359000,5,0,5,23.0,18.0,115.0,0.0,115.0,90.0,25.0
TRX-20260505-01516,2026-05-05 22:21:22,1,00003557,622300355700,2,0,2,7.0,5.5,14.0,0.0,14.0,11.0,3.0
TRX-20260505-00768,2026-05-05 22:26:32,1,00003606,622300360600,4,0,4,85.0,65.0,340.0,0.0,340.0,260.0,80.0
TRX-20260505-02389,2026-05-05 23:05:49,5,00003561,622300356100,3,0,3,42.0,35.0,126.0,0.0,126.0,105.0,21.0
TRX-20260505-03380,2026-05-05 23:06:41,2,00003576,622300357600,1,0,1,245.0,210.0,245.0,0.0,245.0,210.0,35.0
TRX-20260505-02915,2026-05-05 23:15:03,1,00003582,622300358200,1,0,1,28.0,22.0,28.0,0.0,28.0,22.0,6.0
TRX-20260505-02433,2026-05-05 23:32:25,1,00003584,622300358400,2,0,2,26.0,20.0,52.0,0.0,52.0,40.0,12.0
TRX-20260505-03187,2026-05-05 23:38:49,2,00003611,622300361100,4,0,4,28.0,22.0,112.0,0.0,112.0,88.0,24.0
TRX-20260505-00640,2026-05-05 23:49:56,1,00003600,622300360000,3,0,3,135.0,110.0,405.0,0.0,405.0,330.0,75.0
TRX-20260506-00873,2026-05-06 00:06:18,5,00003563,622300356300,1,1,0,12.0,9.0,12.0,12.0,0.0,0.0,0.0
TRX-20260506-01249,2026-05-06 00:16:34,2,00003611,622300361100,3,0,3,28.0,22.0,84.0,0.0,84.0,66.0,18.0
TRX-20260506-02612,2026-05-06 01:18:40,3,00003574,622300357400,2,0,2,155.0,135.0,310.0,0.0,310.0,270.0,40.0
TRX-20260506-04986,2026-05-06 01:53:17,2,00003569,622300356900,4,0,4,14.0,11.0,56.0,0.0,56.0,44.0,12.0
TRX-20260506-00246,2026-05-06 02:34:49,1,00003569,622300356900,5,0,5,14.0,11.0,70.0,0.0,70.0,55.0,15.0
TRX-20260506-02687,2026-05-06 02:48:49,2,00003598,622300359800,3,0,3,245.0,210.0,735.0,0.0,735.0,630.0,105.0
TRX-20260506-00280,2026-05-06 02:57:38,3,00003586,622300358600,1,0,1,55.0,45.0,55.0,0.0,55.0,45.0,10.0
TRX-20260506-02685,2026-05-06 03:12:19,2,00003560,622300356000,3,0,3,135.0,110.0,405.0,0.0,405.0,330.0,75.0
TRX-20260506-02228,2026-05-06 03:17:44,1,00003559,622300355900,3,0,3,28.0,22.0,84.0,0.0,84.0,66.0,18.0
TRX-20260506-01903,2026-05-06 03:23:22,3,00003610,622300361006,1,0,1,427.5,360.0,427.5,0.0,427.5,360.0,67.5
TRX-20260506-04842,2026-05-06 03:38:00,4,00003586,622300358600,1,0,1,55.0,45.0,55.0,0.0,55.0,45.0,10.0
TRX-20260506-04052,2026-05-06 04:52:36,1,00003594,622300359400,1,0,1,195.0,160.0,195.0,0.0,195.0,160.0,35.0
TRX-20260506-03515,2026-05-06 05:07:07,1,00003558,622300355800,5,0,5,8.0,6.5,40.0,0.0,40.0,32.5,7.5
TRX-20260506-04228,2026-05-06 06:00:20,2,00003598,622300359812,2,0,2,2793.0,2520.0,5586.0,0.0,5586.0,5040.0,546.0
TRX-20260506-01003,2026-05-06 06:54:57,1,00003603,622300360300,5,0,5,35.0,28.0,175.0,0.0,175.0,140.0,35.0
TRX-20260506-01596,2026-05-06 07:09:33,5,00003582,622300358200,4,0,4,28.0,22.0,112.0,0.0,112.0,88.0,24.0
TRX-20260506-01799,2026-05-06 07:11:21,1,00003563,622300356300,5,0,5,12.0,9.0,60.0,0.0,60.0,45.0,15.0
TRX-20260506-02315,2026-05-06 08:42:15,2,00003613,622300361324,1,0,1,2394.0,2040.0,2394.0,0.0,2394.0,2040.0,354.0
TRX-20260506-03646,2026-05-06 09:00:38,1,00003552,622300355200,5,0,5,420.0,380.0,2100.0,0.0,2100.0,1900.0,200.0
TRX-20260506-02783,2026-05-06 09:45:24,5,00003609,622300360900,1,0,1,110.0,85.0,110.0,0.0,110.0,85.0,25.0
TRX-20260506-03474,2026-05-06 10:34:34,1,00003590,622300359000,3,0,3,23.0,18.0,69.0,0.0,69.0,54.0,15.0
TRX-20260506-02749,2026-05-06 11:41:41,1,00003590,622300359000,5,1,4,23.0,18.0,115.0,23.0,92.0,72.0,20.0
TRX-20260506-04421,2026-05-06 11:53:31,1,00003596,622300359600,5,0,5,120.0,95.0,600.0,0.0,600.0,475.0,125.0
TRX-20260506-04814,2026-05-06 12:49:48,2,00003587,622300358700,4,0,4,135.0,110.0,540.0,0.0,540.0,440.0,100.0
TRX-20260506-02948,2026-05-06 12:50:02,2,00003579,622300357900,1,0,1,110.0,85.0,110.0,0.0,110.0,85.0,25.0
TRX-20260506-02329,2026-05-06 13:23:14,1,00003571,622300357100,5,0,5,17.5,14.0,87.5,0.0,87.5,70.0,17.5
TRX-20260506-00313,2026-05-06 13:26:36,1,00003566,622300356600,1,0,1,180.0,150.0,180.0,0.0,180.0,150.0,30.0
TRX-20260506-04033,2026-05-06 14:44:30,5,00003607,622300360700,5,0,5,125.0,95.0,625.0,0.0,625.0,475.0,150.0
TRX-20260506-02467,2026-05-06 14:51:18,1,00003590,622300359000,3,0,3,23.0,18.0,69.0,0.0,69.0,54.0,15.0
TRX-20260506-01224,2026-05-06 14:56:03,1,00003584,622300358400,3,0,3,26.0,20.0,78.0,0.0,78.0,60.0,18.0
TRX-20260506-00403,2026-05-06 14:57:56,1,00003573,622300357300,3,0,3,88.0,75.0,264.0,0.0,264.0,225.0,39.0
TRX-20260506-04364,2026-05-06 16:04:56,5,00003580,622300358000,4,0,4,38.0,30.0,152.0,0.0,152.0,120.0,32.0
TRX-20260506-00951,2026-05-06 17:46:58,2,00003604,622300360400,4,0,4,50.0,40.0,200.0,0.0,200.0,160.0,40.0
TRX-20260506-03363,2026-05-06 18:22:30,1,00003557,622300355700,2,0,2,7.0,5.5,14.0,0.0,14.0,11.0,3.0
TRX-20260506-00754,2026-05-06 18:45:30,2,00003563,622300356300,5,0,5,12.0,9.0,60.0,0.0,60.0,45.0,15.0
TRX-20260506-02555,2026-05-06 20:04:49,3,00003596,622300359600,5,0,5,120.0,95.0,600.0,0.0,600.0,475.0,125.0
TRX-20260506-04719,2026-05-06 20:18:30,2,00003583,622300358300,4,3,1,5.5,4.0,22.0,16.5,5.5,4.0,1.5
TRX-20260506-02571,2026-05-06 20:23:06,3,00003603,622300360300,1,0,1,35.0,28.0,35.0,0.0,35.0,28.0,7.0
TRX-20260506-00409,2026-05-06 21:13:00,1,00003583,622300358300,2,0,2,5.5,4.0,11.0,0.0,11.0,8.0,3.0
TRX-20260506-01108,2026-05-06 22:12:31,2,00003601,622300360100,1,0,1,205.0,175.0,205.0,0.0,205.0,175.0,30.0
TRX-20260506-02115,2026-05-06 23:11:20,3,00003603,622300360306,1,0,1,199.5,168.0,199.5,0.0,199.5,168.0,31.5
TRX-20260506-01069,2026-05-06 23:20:39,1,00003586,622300358600,2,0,2,55.0,45.0,110.0,0.0,110.0,90.0,20.0
TRX-20260506-02826,2026-05-06 23:32:39,5,00003585,622300358500,4,0,4,220.0,180.0,880.0,0.0,880.0,720.0,160.0
TRX-20260507-01683,2026-05-07 00:12:11,5,00003564,622300356400,4,0,4,20.0,16.0,80.0,0.0,80.0,64.0,16.0
TRX-20260507-02554,2026-05-07 00:12:22,2,00003576,622300357600,3,2,1,245.0,210.0,735.0,490.0,245.0,210.0,35.0
TRX-20260507-04276,2026-05-07 00:30:54,5,00003576,622300357606,1,0,1,1396.5,1260.0,1396.5,0.0,1396.5,1260.0,136.5
TRX-20260507-00455,2026-05-07 01:03:58,1,00003558,622300355800,2,0,2,8.0,6.5,16.0,0.0,16.0,13.0,3.0
TRX-20260507-04794,2026-05-07 01:11:50,1,00003611,622300361100,3,0,3,28.0,22.0,84.0,0.0,84.0,66.0,18.0
TRX-20260507-04529,2026-05-07 01:17:03,2,00003585,622300358500,3,0,3,220.0,180.0,660.0,0.0,660.0,540.0,120.0
TRX-20260507-00298,2026-05-07 01:48:33,4,00003577,622300357700,5,0,5,65.0,50.0,325.0,0.0,325.0,250.0,75.0
TRX-20260507-02900,2026-05-07 01:50:19,1,00003584,622300358400,2,0,2,26.0,20.0,52.0,0.0,52.0,40.0,12.0
TRX-20260507-01385,2026-05-07 01:54:31,2,00003598,622300359800,2,0,2,245.0,210.0,490.0,0.0,490.0,420.0,70.0
TRX-20260507-00775,2026-05-07 02:30:01,3,00003554,622300355400,3,0,3,435.0,390.0,1305.0,0.0,1305.0,1170.0,135.0
TRX-20260507-03559,2026-05-07 03:11:22,2,00003556,622300355600,2,0,2,7.0,5.5,14.0,0.0,14.0,11.0,3.0
TRX-20260507-00743,2026-05-07 03:15:19,1,00003603,622300360300,2,1,1,35.0,28.0,70.0,35.0,35.0,28.0,7.0
TRX-20260507-04527,2026-05-07 03:16:02,3,00003575,622300357500,3,0,3,55.0,45.0,165.0,0.0,165.0,135.0,30.0
TRX-20260507-04935,2026-05-07 04:12:37,4,00003594,622300359400,2,0,2,195.0,160.0,390.0,0.0,390.0,320.0,70.0
TRX-20260507-01765,2026-05-07 04:48:12,3,00003563,622300356300,3,0,3,12.0,9.0,36.0,0.0,36.0,27.0,9.0
TRX-20260507-01715,2026-05-07 05:43:09,2,00003605,622300360500,2,0,2,58.0,45.0,116.0,0.0,116.0,90.0,26.0
TRX-20260507-03937,2026-05-07 05:44:07,5,00003559,622300355900,5,0,5,28.0,22.0,140.0,0.0,140.0,110.0,30.0
TRX-20260507-00573,2026-05-07 06:10:24,2,00003582,622300358200,4,0,4,28.0,22.0,112.0,0.0,112.0,88.0,24.0
TRX-20260507-01034,2026-05-07 06:17:05,1,00003559,622300355900,1,0,1,28.0,22.0,28.0,0.0,28.0,22.0,6.0
TRX-20260507-01538,2026-05-07 07:09:50,3,00003572,622300357200,3,0,3,23.0,18.0,69.0,0.0,69.0,54.0,15.0
TRX-20260507-00503,2026-05-07 07:10:17,2,00003607,622300360700,2,0,2,125.0,95.0,250.0,0.0,250.0,190.0,60.0
TRX-20260507-02148,2026-05-07 07:35:37,5,00003591,622300359100,4,0,4,7.0,5.0,28.0,0.0,28.0,20.0,8.0
TRX-20260507-00681,2026-05-07 08:04:20,5,00003606,622300360600,1,0,1,85.0,65.0,85.0,0.0,85.0,65.0,20.0
TRX-20260507-02291,2026-05-07 08:29:03,1,00003587,622300358706,2,0,2,769.5,660.0,1539.0,0.0,1539.0,1320.0,219.0
TRX-20260507-02387,2026-05-07 08:39:13,1,00003579,622300357900,5,0,5,110.0,85.0,550.0,0.0,550.0,425.0,125.0
TRX-20260507-02803,2026-05-07 08:41:20,1,00003595,622300359500,1,0,1,110.0,85.0,110.0,0.0,110.0,85.0,25.0
TRX-20260507-03990,2026-05-07 08:41:32,5,00003568,622300356800,5,0,5,105.0,85.0,525.0,0.0,525.0,425.0,100.0
TRX-20260507-00577,2026-05-07 08:48:40,1,00003569,622300356900,3,0,3,14.0,11.0,42.0,0.0,42.0,33.0,9.0
TRX-20260507-00329,2026-05-07 08:55:05,3,00003570,622300357000,3,0,3,20.0,16.0,60.0,0.0,60.0,48.0,12.0
TRX-20260507-01810,2026-05-07 09:05:10,1,00003579,622300357900,1,0,1,110.0,85.0,110.0,0.0,110.0,85.0,25.0
TRX-20260507-02569,2026-05-07 09:17:34,2,00003574,622300357400,4,0,4,155.0,135.0,620.0,0.0,620.0,540.0,80.0
TRX-20260507-00728,2026-05-07 09:40:37,5,00003604,622300360424,1,1,0,1140.0,960.0,1140.0,1140.0,0.0,0.0,0.0
TRX-20260507-03481,2026-05-07 10:13:56,1,00003586,622300358600,5,0,5,55.0,45.0,275.0,0.0,275.0,225.0,50.0
TRX-20260507-00652,2026-05-07 10:32:02,3,00003611,622300361100,2,0,2,28.0,22.0,56.0,0.0,56.0,44.0,12.0
TRX-20260507-03916,2026-05-07 10:46:56,3,00003578,622300357800,3,0,3,45.0,35.0,135.0,0.0,135.0,105.0,30.0
TRX-20260507-04496,2026-05-07 10:49:14,3,00003578,622300357806,1,0,1,256.5,210.0,256.5,0.0,256.5,210.0,46.5
TRX-20260507-03710,2026-05-07 11:38:38,1,00003559,622300355900,3,0,3,28.0,22.0,84.0,0.0,84.0,66.0,18.0
TRX-20260507-03593,2026-05-07 11:39:45,1,00003559,622300355900,5,0,5,28.0,22.0,140.0,0.0,140.0,110.0,30.0
TRX-20260507-00466,2026-05-07 12:21:35,2,00003606,622300360600,3,0,3,85.0,65.0,255.0,0.0,255.0,195.0,60.0
TRX-20260507-04048,2026-05-07 12:34:01,2,00003561,622300356100,4,0,4,42.0,35.0,168.0,0.0,168.0,140.0,28.0
TRX-20260507-03638,2026-05-07 13:01:02,3,00003577,622300357700,5,0,5,65.0,50.0,325.0,0.0,325.0,250.0,75.0
TRX-20260507-00871,2026-05-07 13:31:17,1,00003590,622300359000,2,0,2,23.0,18.0,46.0,0.0,46.0,36.0,10.0
TRX-20260507-03120,2026-05-07 14:07:43,1,00003552,622300355200,4,0,4,420.0,380.0,1680.0,0.0,1680.0,1520.0,160.0
TRX-20260507-03407,2026-05-07 14:12:44,5,00003560,622300356000,1,0,1,135.0,110.0,135.0,0.0,135.0,110.0,25.0
TRX-20260507-01268,2026-05-07 14:16:47,1,00003564,622300356400,3,0,3,20.0,16.0,60.0,0.0,60.0,48.0,12.0
TRX-20260507-00586,2026-05-07 14:31:02,1,00003599,622300359906,2,0,2,2166.0,1920.0,4332.0,0.0,4332.0,3840.0,492.0
TRX-20260507-03934,2026-05-07 14:36:07,4,00003571,622300357100,4,0,4,17.5,14.0,70.0,0.0,70.0,56.0,14.0
TRX-20260507-00358,2026-05-07 14:47:37,3,00003610,622300361000,4,0,4,75.0,60.0,300.0,0.0,300.0,240.0,60.0
TRX-20260507-02172,2026-05-07 15:02:35,2,00003587,622300358700,4,0,4,135.0,110.0,540.0,0.0,540.0,440.0,100.0
TRX-20260507-02942,2026-05-07 15:09:05,3,00003557,622300355700,1,1,0,7.0,5.5,7.0,7.0,0.0,0.0,0.0
TRX-20260507-03776,2026-05-07 16:52:54,1,00003554,622300355400,2,0,2,435.0,390.0,870.0,0.0,870.0,780.0,90.0
TRX-20260507-04291,2026-05-07 17:35:44,3,00003564,622300356400,1,0,1,20.0,16.0,20.0,0.0,20.0,16.0,4.0
TRX-20260507-04068,2026-05-07 17:46:45,1,00003556,622300355600,5,0,5,7.0,5.5,35.0,0.0,35.0,27.5,7.5
TRX-20260507-01494,2026-05-07 17:58:15,1,00003611,622300361124,1,0,1,638.4,528.0,638.4,0.0,638.4,528.0,110.4
TRX-20260507-01794,2026-05-07 18:19:35,2,00003584,622300358400,2,0,2,26.0,20.0,52.0,0.0,52.0,40.0,12.0
TRX-20260507-04193,2026-05-07 18:28:52,1,00003574,622300357400,5,0,5,155.0,135.0,775.0,0.0,775.0,675.0,100.0
TRX-20260507-01276,2026-05-07 19:15:02,2,00003574,622300357400,1,1,0,155.0,135.0,155.0,155.0,0.0,0.0,0.0
TRX-20260507-00292,2026-05-07 20:15:35,1,00003578,622300357800,3,0,3,45.0,35.0,135.0,0.0,135.0,105.0,30.0
TRX-20260507-04889,2026-05-07 20:48:19,2,00003557,622300355700,3,0,3,7.0,5.5,21.0,0.0,21.0,16.5,4.5
TRX-20260507-01146,2026-05-07 21:00:47,4,00003608,622300360800,5,0,5,78.0,60.0,390.0,0.0,390.0,300.0,90.0
TRX-20260507-04434,2026-05-07 21:19:56,1,00003598,622300359800,1,0,1,245.0,210.0,245.0,0.0,245.0,210.0,35.0
TRX-20260507-02620,2026-05-07 21:40:08,1,00003558,622300355800,4,2,2,8.0,6.5,32.0,16.0,16.0,13.0,3.0
TRX-20260507-01030,2026-05-07 21:53:22,1,00003597,622300359700,2,0,2,160.0,130.0,320.0,0.0,320.0,260.0,60.0
TRX-20260507-04586,2026-05-07 22:18:45,1,00003610,622300361000,2,1,1,75.0,60.0,150.0,75.0,75.0,60.0,15.0
TRX-20260507-02744,2026-05-07 22:48:05,5,00003588,622300358800,2,0,2,95.0,75.0,190.0,0.0,190.0,150.0,40.0
TRX-20260507-00469,2026-05-07 23:23:40,5,00003613,622300361300,4,0,4,105.0,85.0,420.0,0.0,420.0,340.0,80.0
TRX-20260507-04035,2026-05-07 23:27:48,4,00003591,622300359100,2,0,2,7.0,5.0,14.0,0.0,14.0,10.0,4.0
TRX-20260508-01759,2026-05-08 00:03:37,1,00003590,622300359006,1,0,1,131.1,108.0,131.1,0.0,131.1,108.0,23.1
TRX-20260508-02167,2026-05-08 00:13:18,1,00003604,622300360424,1,1,0,1140.0,960.0,1140.0,1140.0,0.0,0.0,0.0
TRX-20260508-03672,2026-05-08 00:30:45,1,00003591,622300359100,2,1,1,7.0,5.0,14.0,7.0,7.0,5.0,2.0
TRX-20260508-03906,2026-05-08 00:34:45,1,00003580,622300358000,5,0,5,38.0,30.0,190.0,0.0,190.0,150.0,40.0
TRX-20260508-00450,2026-05-08 01:37:26,3,00003598,622300359800,2,0,2,245.0,210.0,490.0,0.0,490.0,420.0,70.0
TRX-20260508-02470,2026-05-08 01:48:36,4,00003552,622300355200,3,0,3,420.0,380.0,1260.0,0.0,1260.0,1140.0,120.0
TRX-20260508-01961,2026-05-08 02:12:11,5,00003554,622300355400,5,0,5,435.0,390.0,2175.0,0.0,2175.0,1950.0,225.0
TRX-20260508-02416,2026-05-08 02:22:22,3,00003592,622300359200,5,0,5,4.5,3.0,22.5,0.0,22.5,15.0,7.5
TRX-20260508-04397,2026-05-08 02:52:21,5,00003556,622300355600,5,0,5,7.0,5.5,35.0,0.0,35.0,27.5,7.5
TRX-20260508-04873,2026-05-08 03:10:14,1,00003605,622300360506,2,0,2,330.6,270.0,661.2,0.0,661.2,540.0,121.2
TRX-20260508-03099,2026-05-08 03:12:04,1,00003571,622300357100,5,0,5,17.5,14.0,87.5,0.0,87.5,70.0,17.5
TRX-20260508-04900,2026-05-08 03:13:45,1,00003558,622300355800,4,0,4,8.0,6.5,32.0,0.0,32.0,26.0,6.0
TRX-20260508-03002,2026-05-08 03:23:16,5,00003609,622300360900,5,0,5,110.0,85.0,550.0,0.0,550.0,425.0,125.0
TRX-20260508-04321,2026-05-08 03:38:48,1,00003598,622300359800,3,0,3,245.0,210.0,735.0,0.0,735.0,630.0,105.0
TRX-20260508-00900,2026-05-08 03:44:05,1,00003583,622300358324,1,0,1,125.4,96.0,125.4,0.0,125.4,96.0,29.4
TRX-20260508-01894,2026-05-08 04:13:46,3,00003570,622300357000,5,0,5,20.0,16.0,100.0,0.0,100.0,80.0,20.0
TRX-20260508-01046,2026-05-08 04:53:31,5,00003564,622300356400,5,0,5,20.0,16.0,100.0,0.0,100.0,80.0,20.0
TRX-20260508-00148,2026-05-08 04:56:25,1,00003555,622300355500,2,0,2,480.0,420.0,960.0,0.0,960.0,840.0,120.0
TRX-20260508-03485,2026-05-08 05:31:44,5,00003575,622300357500,1,0,1,55.0,45.0,55.0,0.0,55.0,45.0,10.0
TRX-20260508-02848,2026-05-08 05:33:14,3,00003612,622300361212,2,0,2,182.4,144.0,364.8,0.0,364.8,288.0,76.8
TRX-20260508-03727,2026-05-08 05:37:56,3,00003588,622300358800,3,0,3,95.0,75.0,285.0,0.0,285.0,225.0,60.0
TRX-20260508-03874,2026-05-08 05:48:13,2,00003564,622300356400,3,0,3,20.0,16.0,60.0,0.0,60.0,48.0,12.0
TRX-20260508-01360,2026-05-08 05:57:28,1,00003595,622300359524,1,0,1,2508.0,2040.0,2508.0,0.0,2508.0,2040.0,468.0
TRX-20260508-00785,2026-05-08 06:26:10,1,00003586,622300358600,3,3,0,55.0,45.0,165.0,165.0,0.0,0.0,0.0
TRX-20260508-02978,2026-05-08 06:53:45,2,00003584,622300358400,2,0,2,26.0,20.0,52.0,0.0,52.0,40.0,12.0
TRX-20260508-04747,2026-05-08 07:03:12,3,00003584,622300358400,4,0,4,26.0,20.0,104.0,0.0,104.0,80.0,24.0
TRX-20260508-02560,2026-05-08 07:22:18,3,00003564,622300356400,2,0,2,20.0,16.0,40.0,0.0,40.0,32.0,8.0
TRX-20260508-02254,2026-05-08 07:32:00,2,00003555,622300355500,1,0,1,480.0,420.0,480.0,0.0,480.0,420.0,60.0
TRX-20260508-03812,2026-05-08 08:11:38,1,00003556,622300355600,5,0,5,7.0,5.5,35.0,0.0,35.0,27.5,7.5
TRX-20260508-01303,2026-05-08 08:38:59,2,00003556,622300355600,4,0,4,7.0,5.5,28.0,0.0,28.0,22.0,6.0
TRX-20260508-02941,2026-05-08 09:02:20,2,00003559,622300355900,2,0,2,28.0,22.0,56.0,0.0,56.0,44.0,12.0
TRX-20260508-02930,2026-05-08 09:17:21,2,00003569,622300356900,5,0,5,14.0,11.0,70.0,0.0,70.0,55.0,15.0
TRX-20260508-04091,2026-05-08 09:22:09,4,00003583,622300358300,3,0,3,5.5,4.0,16.5,0.0,16.5,12.0,4.5
TRX-20260508-01274,2026-05-08 09:25:11,2,00003603,622300360300,2,0,2,35.0,28.0,70.0,0.0,70.0,56.0,14.0
TRX-20260508-04405,2026-05-08 09:29:29,4,00003578,622300357800,4,0,4,45.0,35.0,180.0,0.0,180.0,140.0,40.0
TRX-20260508-00578,2026-05-08 10:35:29,1,00003582,622300358212,2,0,2,319.2,264.0,638.4,0.0,638.4,528.0,110.4
TRX-20260508-03331,2026-05-08 11:08:12,5,00003584,622300358400,5,0,5,26.0,20.0,130.0,0.0,130.0,100.0,30.0
TRX-20260508-01260,2026-05-08 12:18:37,2,00003585,622300358500,1,0,1,220.0,180.0,220.0,0.0,220.0,180.0,40.0
TRX-20260508-01137,2026-05-08 12:19:45,2,00003576,622300357600,5,0,5,245.0,210.0,1225.0,0.0,1225.0,1050.0,175.0
TRX-20260508-01169,2026-05-08 13:24:45,3,00003560,622300356000,5,0,5,135.0,110.0,675.0,0.0,675.0,550.0,125.0
TRX-20260508-02287,2026-05-08 13:26:48,4,00003585,622300358500,2,0,2,220.0,180.0,440.0,0.0,440.0,360.0,80.0
TRX-20260508-02109,2026-05-08 13:31:11,3,00003606,622300360600,5,0,5,85.0,65.0,425.0,0.0,425.0,325.0,100.0
TRX-20260508-04314,2026-05-08 13:40:35,1,00003613,622300361300,2,0,2,105.0,85.0,210.0,0.0,210.0,170.0,40.0
TRX-20260508-02011,2026-05-08 14:24:05,1,00003557,622300355700,4,0,4,7.0,5.5,28.0,0.0,28.0,22.0,6.0
TRX-20260508-00726,2026-05-08 14:24:29,1,00003612,622300361200,4,0,4,16.0,12.0,64.0,0.0,64.0,48.0,16.0
TRX-20260508-04134,2026-05-08 14:30:28,3,00003600,622300360000,3,0,3,135.0,110.0,405.0,0.0,405.0,330.0,75.0
TRX-20260508-02720,2026-05-08 14:48:00,3,00003600,622300360000,5,0,5,135.0,110.0,675.0,0.0,675.0,550.0,125.0
TRX-20260508-02753,2026-05-08 15:36:44,4,00003575,622300357500,4,0,4,55.0,45.0,220.0,0.0,220.0,180.0,40.0
TRX-20260508-00680,2026-05-08 16:41:04,4,00003569,622300356900,4,0,4,14.0,11.0,56.0,0.0,56.0,44.0,12.0
TRX-20260508-03189,2026-05-08 17:01:53,5,00003583,622300358300,1,1,0,5.5,4.0,5.5,5.5,0.0,0.0,0.0
TRX-20260508-00401,2026-05-08 17:17:16,2,00003605,622300360500,5,0,5,58.0,45.0,290.0,0.0,290.0,225.0,65.0
TRX-20260508-01805,2026-05-08 17:19:33,4,00003606,622300360600,2,2,0,85.0,65.0,170.0,170.0,0.0,0.0,0.0
TRX-20260508-04087,2026-05-08 17:28:07,3,00003596,622300359624,2,0,2,2736.0,2280.0,5472.0,0.0,5472.0,4560.0,912.0
TRX-20260508-00793,2026-05-08 18:15:52,3,00003596,622300359600,1,0,1,120.0,95.0,120.0,0.0,120.0,95.0,25.0
TRX-20260508-03220,2026-05-08 18:17:34,1,00003609,622300360900,4,0,4,110.0,85.0,440.0,0.0,440.0,340.0,100.0
TRX-20260508-01855,2026-05-08 18:26:51,3,00003570,622300357000,1,0,1,20.0,16.0,20.0,0.0,20.0,16.0,4.0
TRX-20260508-01427,2026-05-08 18:34:40,1,00003582,622300358200,5,0,5,28.0,22.0,140.0,0.0,140.0,110.0,30.0
TRX-20260508-00569,2026-05-08 19:01:02,4,00003555,622300355500,3,0,3,480.0,420.0,1440.0,0.0,1440.0,1260.0,180.0
TRX-20260508-00428,2026-05-08 20:02:59,1,00003606,622300360606,1,0,1,484.5,390.0,484.5,0.0,484.5,390.0,94.5
TRX-20260508-02808,2026-05-08 20:26:30,1,00003571,622300357100,5,0,5,17.5,14.0,87.5,0.0,87.5,70.0,17.5
TRX-20260508-02151,2026-05-08 21:40:01,2,00003589,622300358900,4,0,4,10.0,8.0,40.0,0.0,40.0,32.0,8.0
TRX-20260508-02601,2026-05-08 21:45:49,5,00003558,622300355800,1,0,1,8.0,6.5,8.0,0.0,8.0,6.5,1.5
TRX-20260508-04923,2026-05-08 22:04:56,1,00003591,622300359100,5,2,3,7.0,5.0,35.0,14.0,21.0,15.0,6.0
TRX-20260508-03368,2026-05-08 22:12:59,2,00003596,622300359600,3,0,3,120.0,95.0,360.0,0.0,360.0,285.0,75.0
TRX-20260508-03418,2026-05-08 22:21:21,3,00003605,622300360500,3,0,3,58.0,45.0,174.0,0.0,174.0,135.0,39.0
TRX-20260508-03178,2026-05-08 22:52:30,3,00003581,622300358100,4,0,4,32.0,25.0,128.0,0.0,128.0,100.0,28.0
TRX-20260508-01737,2026-05-08 23:30:23,4,00003580,622300358000,2,0,2,38.0,30.0,76.0,0.0,76.0,60.0,16.0
TRX-20260508-00619,2026-05-08 23:43:57,2,00003556,622300355600,5,0,5,7.0,5.5,35.0,0.0,35.0,27.5,7.5
TRX-20260508-03417,2026-05-08 23:48:16,3,00003588,622300358800,3,0,3,95.0,75.0,285.0,0.0,285.0,225.0,60.0
TRX-20260508-02403,2026-05-08 23:50:12,1,00003579,622300357900,5,0,5,110.0,85.0,550.0,0.0,550.0,425.0,125.0
TRX-20260509-03073,2026-05-09 00:26:59,1,00003589,622300358912,2,0,2,114.0,96.0,228.0,0.0,228.0,192.0,36.0
TRX-20260509-04089,2026-05-09 01:27:22,3,00003564,622300356400,4,0,4,20.0,16.0,80.0,0.0,80.0,64.0,16.0
TRX-20260509-01550,2026-05-09 02:02:32,1,00003571,622300357100,1,0,1,17.5,14.0,17.5,0.0,17.5,14.0,3.5
TRX-20260509-00130,2026-05-09 02:13:37,5,00003589,622300358900,5,0,5,10.0,8.0,50.0,0.0,50.0,40.0,10.0
TRX-20260509-00966,2026-05-09 02:34:01,1,00003558,622300355800,5,0,5,8.0,6.5,40.0,0.0,40.0,32.5,7.5
TRX-20260509-00261,2026-05-09 02:49:51,4,00003589,622300358900,5,0,5,10.0,8.0,50.0,0.0,50.0,40.0,10.0
TRX-20260509-03807,2026-05-09 04:01:58,1,00003613,622300361300,3,0,3,105.0,85.0,315.0,0.0,315.0,255.0,60.0
TRX-20260509-00887,2026-05-09 04:34:40,4,00003599,622300359900,5,0,5,380.0,320.0,1900.0,0.0,1900.0,1600.0,300.0
TRX-20260509-04796,2026-05-09 04:41:30,1,00003589,622300358900,4,0,4,10.0,8.0,40.0,0.0,40.0,32.0,8.0
TRX-20260509-04748,2026-05-09 05:04:45,4,00003600,622300360000,5,0,5,135.0,110.0,675.0,0.0,675.0,550.0,125.0
TRX-20260509-02493,2026-05-09 06:14:06,2,00003599,622300359900,4,1,3,380.0,320.0,1520.0,380.0,1140.0,960.0,180.0
TRX-20260509-03444,2026-05-09 06:23:20,3,00003571,622300357100,1,1,0,17.5,14.0,17.5,17.5,0.0,0.0,0.0
TRX-20260509-01615,2026-05-09 06:31:28,2,00003577,622300357700,4,4,0,65.0,50.0,260.0,260.0,0.0,0.0,0.0
TRX-20260509-04482,2026-05-09 06:37:38,1,00003556,622300355600,4,0,4,7.0,5.5,28.0,0.0,28.0,22.0,6.0
TRX-20260509-04732,2026-05-09 06:46:20,4,00003577,622300357700,1,0,1,65.0,50.0,65.0,0.0,65.0,50.0,15.0
TRX-20260509-03136,2026-05-09 07:01:24,2,00003559,622300355906,1,0,1,159.6,132.0,159.6,0.0,159.6,132.0,27.6
TRX-20260509-02364,2026-05-09 07:21:57,1,00003589,622300358900,3,0,3,10.0,8.0,30.0,0.0,30.0,24.0,6.0
TRX-20260509-04457,2026-05-09 07:35:33,1,00003604,622300360424,1,0,1,1140.0,960.0,1140.0,0.0,1140.0,960.0,180.0
TRX-20260509-02850,2026-05-09 07:42:21,1,00003599,622300359900,2,0,2,380.0,320.0,760.0,0.0,760.0,640.0,120.0
TRX-20260509-04138,2026-05-09 07:50:18,1,00003572,622300357200,2,0,2,23.0,18.0,46.0,0.0,46.0,36.0,10.0
TRX-20260509-04926,2026-05-09 07:52:47,1,00003581,622300358124,1,0,1,729.6,600.0,729.6,0.0,729.6,600.0,129.6
TRX-20260509-00078,2026-05-09 07:59:24,3,00003591,622300359100,4,0,4,7.0,5.0,28.0,0.0,28.0,20.0,8.0
TRX-20260509-01677,2026-05-09 08:08:51,2,00003577,622300357700,3,0,3,65.0,50.0,195.0,0.0,195.0,150.0,45.0
TRX-20260509-04664,2026-05-09 08:17:50,4,00003604,622300360400,4,0,4,50.0,40.0,200.0,0.0,200.0,160.0,40.0
TRX-20260509-03537,2026-05-09 08:21:58,3,00003587,622300358700,4,1,3,135.0,110.0,540.0,135.0,405.0,330.0,75.0
TRX-20260509-01717,2026-05-09 08:32:16,2,00003606,622300360600,1,1,0,85.0,65.0,85.0,85.0,0.0,0.0,0.0
TRX-20260509-00104,2026-05-09 10:08:14,1,00003612,622300361200,5,0,5,16.0,12.0,80.0,0.0,80.0,60.0,20.0
TRX-20260509-04380,2026-05-09 10:30:31,5,00003603,622300360300,2,2,0,35.0,28.0,70.0,70.0,0.0,0.0,0.0
TRX-20260509-03286,2026-05-09 10:50:10,1,00003577,622300357700,4,0,4,65.0,50.0,260.0,0.0,260.0,200.0,60.0
TRX-20260509-02202,2026-05-09 11:07:01,3,00003600,622300360024,2,0,2,3078.0,2640.0,6156.0,0.0,6156.0,5280.0,876.0
TRX-20260509-03588,2026-05-09 11:23:10,5,00003581,622300358100,1,0,1,32.0,25.0,32.0,0.0,32.0,25.0,7.0
TRX-20260509-03755,2026-05-09 11:28:19,1,00003587,622300358700,3,0,3,135.0,110.0,405.0,0.0,405.0,330.0,75.0
TRX-20260509-02565,2026-05-09 11:56:08,1,00003579,622300357900,3,0,3,110.0,85.0,330.0,0.0,330.0,255.0,75.0
TRX-20260509-04277,2026-05-09 12:25:33,3,00003571,622300357100,2,2,0,17.5,14.0,35.0,35.0,0.0,0.0,0.0
TRX-20260509-01831,2026-05-09 13:34:50,4,00003605,622300360500,2,0,2,58.0,45.0,116.0,0.0,116.0,90.0,26.0
TRX-20260509-04403,2026-05-09 13:41:38,3,00003576,622300357600,5,0,5,245.0,210.0,1225.0,0.0,1225.0,1050.0,175.0
TRX-20260509-02000,2026-05-09 13:53:14,1,00003603,622300360300,5,0,5,35.0,28.0,175.0,0.0,175.0,140.0,35.0
TRX-20260509-02769,2026-05-09 14:22:42,1,00003553,622300355300,5,0,5,450.0,400.0,2250.0,0.0,2250.0,2000.0,250.0
TRX-20260509-04216,2026-05-09 14:34:25,1,00003594,622300359400,1,0,1,195.0,160.0,195.0,0.0,195.0,160.0,35.0
TRX-20260509-03818,2026-05-09 14:40:31,3,00003600,622300360000,2,0,2,135.0,110.0,270.0,0.0,270.0,220.0,50.0
TRX-20260509-03126,2026-05-09 14:43:13,1,00003577,622300357700,1,0,1,65.0,50.0,65.0,0.0,65.0,50.0,15.0
TRX-20260509-02959,2026-05-09 14:53:54,3,00003558,622300355800,3,0,3,8.0,6.5,24.0,0.0,24.0,19.5,4.5
TRX-20260509-02027,2026-05-09 15:08:32,2,00003606,622300360600,2,0,2,85.0,65.0,170.0,0.0,170.0,130.0,40.0
TRX-20260509-01633,2026-05-09 15:46:54,1,00003570,622300357000,5,0,5,20.0,16.0,100.0,0.0,100.0,80.0,20.0
TRX-20260509-01226,2026-05-09 15:51:22,1,00003608,622300360824,2,0,2,1778.4,1440.0,3556.8,0.0,3556.8,2880.0,676.8
TRX-20260509-03788,2026-05-09 16:37:55,3,00003595,622300359500,2,0,2,110.0,85.0,220.0,0.0,220.0,170.0,50.0
TRX-20260509-02824,2026-05-09 16:40:34,1,00003554,622300355400,5,0,5,435.0,390.0,2175.0,0.0,2175.0,1950.0,225.0
TRX-20260509-04409,2026-05-09 16:44:03,2,00003559,622300355900,1,0,1,28.0,22.0,28.0,0.0,28.0,22.0,6.0
TRX-20260509-00071,2026-05-09 17:23:20,5,00003572,622300357200,1,0,1,23.0,18.0,23.0,0.0,23.0,18.0,5.0
TRX-20260509-00575,2026-05-09 18:10:53,1,00003610,622300361000,3,1,2,75.0,60.0,225.0,75.0,150.0,120.0,30.0
TRX-20260509-01781,2026-05-09 19:37:47,3,00003602,622300360212,1,0,1,513.0,420.0,513.0,0.0,513.0,420.0,93.0
TRX-20260509-03289,2026-05-09 20:35:05,2,00003605,622300360500,2,0,2,58.0,45.0,116.0,0.0,116.0,90.0,26.0
TRX-20260509-02675,2026-05-09 21:11:03,3,00003592,622300359200,1,0,1,4.5,3.0,4.5,0.0,4.5,3.0,1.5
TRX-20260509-03758,2026-05-09 21:47:26,2,00003612,622300361200,2,0,2,16.0,12.0,32.0,0.0,32.0,24.0,8.0
TRX-20260509-01774,2026-05-09 23:08:17,2,00003606,622300360600,5,0,5,85.0,65.0,425.0,0.0,425.0,325.0,100.0
TRX-20260509-04316,2026-05-09 23:12:47,1,00003579,622300357900,4,4,0,110.0,85.0,440.0,440.0,0.0,0.0,0.0
TRX-20260509-02911,2026-05-09 23:26:13,1,00003607,622300360700,1,0,1,125.0,95.0,125.0,0.0,125.0,95.0,30.0
TRX-20260509-00928,2026-05-09 23:51:57,1,00003613,622300361300,3,0,3,105.0,85.0,315.0,0.0,315.0,255.0,60.0
TRX-20260510-03369,2026-05-10 00:12:35,5,00003584,622300358400,2,0,2,26.0,20.0,52.0,0.0,52.0,40.0,12.0
TRX-20260510-00388,2026-05-10 00:27:25,4,00003608,622300360800,3,0,3,78.0,60.0,234.0,0.0,234.0,180.0,54.0
TRX-20260510-04437,2026-05-10 01:20:15,1,00003587,622300358700,5,0,5,135.0,110.0,675.0,0.0,675.0,550.0,125.0
TRX-20260510-03311,2026-05-10 01:23:02,4,00003588,622300358800,4,0,4,95.0,75.0,380.0,0.0,380.0,300.0,80.0
TRX-20260510-03541,2026-05-10 02:13:45,2,00003591,622300359100,3,0,3,7.0,5.0,21.0,0.0,21.0,15.0,6.0
TRX-20260510-01637,2026-05-10 02:17:33,5,00003588,622300358800,1,0,1,95.0,75.0,95.0,0.0,95.0,75.0,20.0
TRX-20260510-01987,2026-05-10 04:10:21,3,00003566,622300356600,2,0,2,180.0,150.0,360.0,0.0,360.0,300.0,60.0
TRX-20260510-03005,2026-05-10 05:50:10,1,00003581,622300358100,1,0,1,32.0,25.0,32.0,0.0,32.0,25.0,7.0
TRX-20260510-03503,2026-05-10 06:27:19,1,00003586,622300358600,5,0,5,55.0,45.0,275.0,0.0,275.0,225.0,50.0
TRX-20260510-03246,2026-05-10 07:02:01,2,00003611,622300361124,2,0,2,638.4,528.0,1276.8,0.0,1276.8,1056.0,220.8
TRX-20260510-03467,2026-05-10 08:10:28,2,00003561,622300356100,5,0,5,42.0,35.0,210.0,0.0,210.0,175.0,35.0
TRX-20260510-03497,2026-05-10 08:25:03,5,00003569,622300356900,1,0,1,14.0,11.0,14.0,0.0,14.0,11.0,3.0
TRX-20260510-00183,2026-05-10 08:41:29,5,00003569,622300356900,5,0,5,14.0,11.0,70.0,0.0,70.0,55.0,15.0
TRX-20260510-02074,2026-05-10 09:29:18,3,00003572,622300357206,2,0,2,131.1,108.0,262.2,0.0,262.2,216.0,46.2
TRX-20260510-00172,2026-05-10 12:15:32,2,00003596,622300359600,5,0,5,120.0,95.0,600.0,0.0,600.0,475.0,125.0
TRX-20260510-00822,2026-05-10 12:17:31,5,00003558,622300355800,2,0,2,8.0,6.5,16.0,0.0,16.0,13.0,3.0
TRX-20260510-01860,2026-05-10 12:40:06,2,00003597,622300359700,4,3,1,160.0,130.0,640.0,480.0,160.0,130.0,30.0
TRX-20260510-04832,2026-05-10 12:50:36,3,00003562,622300356200,4,3,1,60.0,50.0,240.0,180.0,60.0,50.0,10.0
TRX-20260510-00113,2026-05-10 13:54:56,3,00003591,622300359100,2,0,2,7.0,5.0,14.0,0.0,14.0,10.0,4.0
TRX-20260510-00498,2026-05-10 14:20:03,2,00003569,622300356900,2,0,2,14.0,11.0,28.0,0.0,28.0,22.0,6.0
TRX-20260510-03484,2026-05-10 15:05:29,2,00003601,622300360100,3,0,3,205.0,175.0,615.0,0.0,615.0,525.0,90.0
TRX-20260510-04067,2026-05-10 15:17:57,3,00003558,622300355800,3,0,3,8.0,6.5,24.0,0.0,24.0,19.5,4.5
TRX-20260510-04689,2026-05-10 15:53:53,4,00003591,622300359100,4,0,4,7.0,5.0,28.0,0.0,28.0,20.0,8.0
TRX-20260510-01539,2026-05-10 15:58:05,3,00003601,622300360100,1,0,1,205.0,175.0,205.0,0.0,205.0,175.0,30.0
TRX-20260510-03307,2026-05-10 16:17:00,3,00003596,622300359600,4,0,4,120.0,95.0,480.0,0.0,480.0,380.0,100.0
TRX-20260510-02234,2026-05-10 17:01:20,5,00003590,622300359000,3,0,3,23.0,18.0,69.0,0.0,69.0,54.0,15.0
TRX-20260510-03928,2026-05-10 17:10:42,1,00003594,622300359400,5,0,5,195.0,160.0,975.0,0.0,975.0,800.0,175.0
TRX-20260510-01349,2026-05-10 17:29:20,1,00003611,622300361100,2,0,2,28.0,22.0,56.0,0.0,56.0,44.0,12.0
TRX-20260510-04838,2026-05-10 17:58:17,3,00003555,622300355500,1,0,1,480.0,420.0,480.0,0.0,480.0,420.0,60.0
TRX-20260510-01944,2026-05-10 18:03:06,5,00003595,622300359500,3,0,3,110.0,85.0,330.0,0.0,330.0,255.0,75.0
TRX-20260510-02149,2026-05-10 18:28:56,1,00003600,622300360000,3,0,3,135.0,110.0,405.0,0.0,405.0,330.0,75.0
TRX-20260510-04234,2026-05-10 18:33:38,3,00003577,622300357724,1,0,1,1482.0,1200.0,1482.0,0.0,1482.0,1200.0,282.0
TRX-20260510-04470,2026-05-10 18:34:43,1,00003594,622300359400,2,0,2,195.0,160.0,390.0,0.0,390.0,320.0,70.0
TRX-20260510-02539,2026-05-10 18:53:17,5,00003565,622300356500,2,0,2,38.0,32.0,76.0,0.0,76.0,64.0,12.0
TRX-20260510-00267,2026-05-10 19:15:52,3,00003613,622300361300,4,0,4,105.0,85.0,420.0,0.0,420.0,340.0,80.0
TRX-20260510-01780,2026-05-10 19:28:10,2,00003561,622300356100,5,0,5,42.0,35.0,210.0,0.0,210.0,175.0,35.0
TRX-20260510-03870,2026-05-10 19:41:08,1,00003609,622300360900,5,0,5,110.0,85.0,550.0,0.0,550.0,425.0,125.0
TRX-20260510-03193,2026-05-10 19:41:35,3,00003580,622300358000,4,0,4,38.0,30.0,152.0,0.0,152.0,120.0,32.0
TRX-20260510-04342,2026-05-10 20:56:05,3,00003610,622300361006,1,0,1,427.5,360.0,427.5,0.0,427.5,360.0,67.5
TRX-20260510-03556,2026-05-10 21:07:32,4,00003559,622300355900,4,0,4,28.0,22.0,112.0,0.0,112.0,88.0,24.0
TRX-20260510-01713,2026-05-10 22:32:56,1,00003553,622300355300,2,0,2,450.0,400.0,900.0,0.0,900.0,800.0,100.0
TRX-20260510-02195,2026-05-10 23:12:21,3,00003556,622300355600,4,0,4,7.0,5.5,28.0,0.0,28.0,22.0,6.0
TRX-20260510-00891,2026-05-10 23:19:28,2,00003576,622300357600,5,0,5,245.0,210.0,1225.0,0.0,1225.0,1050.0,175.0
TRX-20260510-00538,2026-05-10 23:20:42,3,00003584,622300358400,1,0,1,26.0,20.0,26.0,0.0,26.0,20.0,6.0
TRX-20260510-04339,2026-05-10 23:36:13,2,00003605,622300360500,2,0,2,58.0,45.0,116.0,0.0,116.0,90.0,26.0
TRX-20260510-00328,2026-05-10 23:39:55,1,00003594,622300359400,3,0,3,195.0,160.0,585.0,0.0,585.0,480.0,105.0
TRX-20260510-00457,2026-05-10 23:52:46,3,00003585,622300358500,3,0,3,220.0,180.0,660.0,0.0,660.0,540.0,120.0
TRX-20260510-02866,2026-05-10 23:56:55,3,00003592,622300359200,1,0,1,4.5,3.0,4.5,0.0,4.5,3.0,1.5
TRX-20260511-01686,2026-05-11 00:25:46,1,00003572,622300357200,5,1,4,23.0,18.0,115.0,23.0,92.0,72.0,20.0
TRX-20260511-01197,2026-05-11 01:30:20,3,00003575,622300357500,5,0,5,55.0,45.0,275.0,0.0,275.0,225.0,50.0
TRX-20260511-00647,2026-05-11 01:34:47,3,00003553,622300355300,5,0,5,450.0,400.0,2250.0,0.0,2250.0,2000.0,250.0
TRX-20260511-02265,2026-05-11 02:09:10,2,00003567,622300356700,4,0,4,34.0,29.0,136.0,0.0,136.0,116.0,20.0
TRX-20260511-04393,2026-05-11 02:53:30,4,00003595,622300359500,3,0,3,110.0,85.0,330.0,0.0,330.0,255.0,75.0
TRX-20260511-00779,2026-05-11 03:21:13,1,00003575,622300357524,1,0,1,1254.0,1080.0,1254.0,0.0,1254.0,1080.0,174.0
TRX-20260511-04190,2026-05-11 04:33:35,2,00003559,622300355900,1,0,1,28.0,22.0,28.0,0.0,28.0,22.0,6.0
TRX-20260511-04170,2026-05-11 04:34:42,2,00003608,622300360824,2,0,2,1778.4,1440.0,3556.8,0.0,3556.8,2880.0,676.8
TRX-20260511-02081,2026-05-11 04:50:32,3,00003572,622300357200,3,0,3,23.0,18.0,69.0,0.0,69.0,54.0,15.0
TRX-20260511-01130,2026-05-11 05:55:05,1,00003556,622300355624,2,0,2,159.6,132.0,319.2,0.0,319.2,264.0,55.2
TRX-20260511-03140,2026-05-11 05:57:03,2,00003570,622300357006,1,0,1,114.0,96.0,114.0,0.0,114.0,96.0,18.0
TRX-20260511-04919,2026-05-11 06:23:43,2,00003602,622300360200,1,1,0,45.0,35.0,45.0,45.0,0.0,0.0,0.0
TRX-20260511-02535,2026-05-11 06:46:24,3,00003578,622300357800,5,0,5,45.0,35.0,225.0,0.0,225.0,175.0,50.0
TRX-20260511-03440,2026-05-11 07:01:00,1,00003574,622300357400,4,0,4,155.0,135.0,620.0,0.0,620.0,540.0,80.0
TRX-20260511-02979,2026-05-11 07:10:15,3,00003587,622300358700,3,0,3,135.0,110.0,405.0,0.0,405.0,330.0,75.0
TRX-20260511-00981,2026-05-11 08:14:19,4,00003602,622300360200,4,0,4,45.0,35.0,180.0,0.0,180.0,140.0,40.0
TRX-20260511-01704,2026-05-11 08:24:23,1,00003574,622300357400,2,0,2,155.0,135.0,310.0,0.0,310.0,270.0,40.0
TRX-20260511-00439,2026-05-11 08:51:40,5,00003599,622300359900,3,0,3,380.0,320.0,1140.0,0.0,1140.0,960.0,180.0
TRX-20260511-02926,2026-05-11 08:57:38,1,00003595,622300359500,2,0,2,110.0,85.0,220.0,0.0,220.0,170.0,50.0
TRX-20260511-00061,2026-05-11 09:13:02,3,00003611,622300361100,2,0,2,28.0,22.0,56.0,0.0,56.0,44.0,12.0
TRX-20260511-02691,2026-05-11 09:16:20,2,00003597,622300359700,3,0,3,160.0,130.0,480.0,0.0,480.0,390.0,90.0
TRX-20260511-04327,2026-05-11 09:17:06,1,00003611,622300361100,4,0,4,28.0,22.0,112.0,0.0,112.0,88.0,24.0
TRX-20260511-04461,2026-05-11 09:45:57,2,00003582,622300358200,5,0,5,28.0,22.0,140.0,0.0,140.0,110.0,30.0
TRX-20260511-00029,2026-05-11 09:59:31,2,00003562,622300356206,2,0,2,342.0,300.0,684.0,0.0,684.0,600.0,84.0
TRX-20260511-04711,2026-05-11 10:25:12,1,00003567,622300356700,2,0,2,34.0,29.0,68.0,0.0,68.0,58.0,10.0
TRX-20260511-02853,2026-05-11 10:46:21,1,00003588,622300358800,5,0,5,95.0,75.0,475.0,0.0,475.0,375.0,100.0
TRX-20260511-03106,2026-05-11 11:19:17,1,00003609,622300360900,4,0,4,110.0,85.0,440.0,0.0,440.0,340.0,100.0
TRX-20260511-04301,2026-05-11 11:30:39,1,00003600,622300360000,3,0,3,135.0,110.0,405.0,0.0,405.0,330.0,75.0
TRX-20260511-00188,2026-05-11 12:16:43,2,00003561,622300356100,3,0,3,42.0,35.0,126.0,0.0,126.0,105.0,21.0
TRX-20260511-00042,2026-05-11 12:40:49,3,00003601,622300360100,1,0,1,205.0,175.0,205.0,0.0,205.0,175.0,30.0
TRX-20260511-02231,2026-05-11 13:17:16,2,00003582,622300358200,2,0,2,28.0,22.0,56.0,0.0,56.0,44.0,12.0
TRX-20260511-04570,2026-05-11 13:25:28,1,00003586,622300358600,1,1,0,55.0,45.0,55.0,55.0,0.0,0.0,0.0
TRX-20260511-03125,2026-05-11 14:24:44,1,00003576,622300357600,4,0,4,245.0,210.0,980.0,0.0,980.0,840.0,140.0
TRX-20260511-04933,2026-05-11 14:32:09,4,00003588,622300358800,3,0,3,95.0,75.0,285.0,0.0,285.0,225.0,60.0
TRX-20260511-02125,2026-05-11 14:52:00,1,00003568,622300356800,3,0,3,105.0,85.0,315.0,0.0,315.0,255.0,60.0
TRX-20260511-02318,2026-05-11 14:53:49,1,00003596,622300359600,2,2,0,120.0,95.0,240.0,240.0,0.0,0.0,0.0
TRX-20260511-01592,2026-05-11 15:59:59,4,00003589,622300358900,4,0,4,10.0,8.0,40.0,0.0,40.0,32.0,8.0
TRX-20260511-03259,2026-05-11 16:21:10,3,00003594,622300359400,1,1,0,195.0,160.0,195.0,195.0,0.0,0.0,0.0
TRX-20260511-00197,2026-05-11 16:47:10,2,00003591,622300359100,1,1,0,7.0,5.0,7.0,7.0,0.0,0.0,0.0
TRX-20260511-03475,2026-05-11 16:55:18,5,00003569,622300356900,5,0,5,14.0,11.0,70.0,0.0,70.0,55.0,15.0
TRX-20260511-04323,2026-05-11 17:12:46,4,00003557,622300355700,2,0,2,7.0,5.5,14.0,0.0,14.0,11.0,3.0
TRX-20260511-01756,2026-05-11 17:34:23,1,00003586,622300358600,3,0,3,55.0,45.0,165.0,0.0,165.0,135.0,30.0
TRX-20260511-00646,2026-05-11 17:50:31,1,00003591,622300359112,1,0,1,79.8,60.0,79.8,0.0,79.8,60.0,19.8
TRX-20260511-02354,2026-05-11 17:52:34,3,00003596,622300359600,5,1,4,120.0,95.0,600.0,120.0,480.0,380.0,100.0
TRX-20260511-04668,2026-05-11 18:01:03,2,00003612,622300361200,5,3,2,16.0,12.0,80.0,48.0,32.0,24.0,8.0
TRX-20260511-04876,2026-05-11 20:12:04,1,00003598,622300359800,2,0,2,245.0,210.0,490.0,0.0,490.0,420.0,70.0
TRX-20260511-04037,2026-05-11 20:26:25,2,00003589,622300358912,2,0,2,114.0,96.0,228.0,0.0,228.0,192.0,36.0
TRX-20260511-00920,2026-05-11 21:16:06,1,00003583,622300358300,2,0,2,5.5,4.0,11.0,0.0,11.0,8.0,3.0
TRX-20260511-03576,2026-05-11 21:16:15,2,00003590,622300359006,1,0,1,131.1,108.0,131.1,0.0,131.1,108.0,23.1
TRX-20260511-02156,2026-05-11 21:35:14,1,00003601,622300360106,2,1,1,1168.5,1050.0,2337.0,1168.5,1168.5,1050.0,118.5
TRX-20260511-00617,2026-05-11 22:25:13,1,00003583,622300358300,2,0,2,5.5,4.0,11.0,0.0,11.0,8.0,3.0
TRX-20260511-01266,2026-05-11 22:32:39,1,00003556,622300355600,5,4,1,7.0,5.5,35.0,28.0,7.0,5.5,1.5
TRX-20260511-01090,2026-05-11 22:38:40,3,00003569,622300356900,1,0,1,14.0,11.0,14.0,0.0,14.0,11.0,3.0
TRX-20260511-03821,2026-05-11 22:40:45,2,00003573,622300357300,4,0,4,88.0,75.0,352.0,0.0,352.0,300.0,52.0
TRX-20260511-01925,2026-05-11 22:59:51,2,00003557,622300355700,1,0,1,7.0,5.5,7.0,0.0,7.0,5.5,1.5
TRX-20260511-04541,2026-05-11 23:23:48,3,00003591,622300359100,4,0,4,7.0,5.0,28.0,0.0,28.0,20.0,8.0
TRX-20260511-00944,2026-05-11 23:40:59,1,00003595,622300359500,4,0,4,110.0,85.0,440.0,0.0,440.0,340.0,100.0
TRX-20260511-01383,2026-05-11 23:44:07,1,00003559,622300355900,1,0,1,28.0,22.0,28.0,0.0,28.0,22.0,6.0
TRX-20260512-00079,2026-05-12 00:48:05,1,00003600,622300360000,5,0,5,135.0,110.0,675.0,0.0,675.0,550.0,125.0
TRX-20260512-03498,2026-05-12 01:04:28,3,00003605,622300360500,4,0,4,58.0,45.0,232.0,0.0,232.0,180.0,52.0
TRX-20260512-00975,2026-05-12 01:11:25,2,00003591,622300359100,3,1,2,7.0,5.0,21.0,7.0,14.0,10.0,4.0
TRX-20260512-01738,2026-05-12 01:40:58,2,00003606,622300360606,2,0,2,484.5,390.0,969.0,0.0,969.0,780.0,189.0
TRX-20260512-00568,2026-05-12 03:45:12,4,00003610,622300361000,4,0,4,75.0,60.0,300.0,0.0,300.0,240.0,60.0
TRX-20260512-00895,2026-05-12 04:09:17,1,00003567,622300356700,4,4,0,34.0,29.0,136.0,136.0,0.0,0.0,0.0
TRX-20260512-03978,2026-05-12 04:18:26,3,00003603,622300360306,2,0,2,199.5,168.0,399.0,0.0,399.0,336.0,63.0
TRX-20260512-01173,2026-05-12 05:02:27,5,00003563,622300356300,4,2,2,12.0,9.0,48.0,24.0,24.0,18.0,6.0
TRX-20260512-01841,2026-05-12 05:45:57,2,00003584,622300358400,5,0,5,26.0,20.0,130.0,0.0,130.0,100.0,30.0
TRX-20260512-00052,2026-05-12 06:04:45,4,00003581,622300358100,4,0,4,32.0,25.0,128.0,0.0,128.0,100.0,28.0
TRX-20260512-04874,2026-05-12 06:07:28,1,00003575,622300357500,4,0,4,55.0,45.0,220.0,0.0,220.0,180.0,40.0
TRX-20260512-03768,2026-05-12 06:32:34,3,00003589,622300358900,2,0,2,10.0,8.0,20.0,0.0,20.0,16.0,4.0
TRX-20260512-03104,2026-05-12 06:39:30,1,00003574,622300357400,5,0,5,155.0,135.0,775.0,0.0,775.0,675.0,100.0
TRX-20260512-02086,2026-05-12 06:47:54,2,00003597,622300359700,5,0,5,160.0,130.0,800.0,0.0,800.0,650.0,150.0
TRX-20260512-00354,2026-05-12 07:19:38,4,00003574,622300357400,1,0,1,155.0,135.0,155.0,0.0,155.0,135.0,20.0
TRX-20260512-00473,2026-05-12 08:05:44,1,00003571,622300357100,1,0,1,17.5,14.0,17.5,0.0,17.5,14.0,3.5
TRX-20260512-01223,2026-05-12 08:46:45,1,00003590,622300359000,4,0,4,23.0,18.0,92.0,0.0,92.0,72.0,20.0
TRX-20260512-04443,2026-05-12 09:06:11,2,00003563,622300356300,2,0,2,12.0,9.0,24.0,0.0,24.0,18.0,6.0
TRX-20260512-04949,2026-05-12 09:13:28,2,00003597,622300359700,5,0,5,160.0,130.0,800.0,0.0,800.0,650.0,150.0
TRX-20260512-03674,2026-05-12 09:13:47,4,00003558,622300355800,2,0,2,8.0,6.5,16.0,0.0,16.0,13.0,3.0
TRX-20260512-03728,2026-05-12 09:42:49,2,00003568,622300356800,4,0,4,105.0,85.0,420.0,0.0,420.0,340.0,80.0
TRX-20260512-00250,2026-05-12 10:22:49,4,00003580,622300358000,2,0,2,38.0,30.0,76.0,0.0,76.0,60.0,16.0
TRX-20260512-00112,2026-05-12 11:26:32,1,00003556,622300355600,1,0,1,7.0,5.5,7.0,0.0,7.0,5.5,1.5
TRX-20260512-04507,2026-05-12 11:49:22,3,00003599,622300359906,2,0,2,2166.0,1920.0,4332.0,0.0,4332.0,3840.0,492.0
TRX-20260512-03493,2026-05-12 12:07:43,1,00003580,622300358000,5,0,5,38.0,30.0,190.0,0.0,190.0,150.0,40.0
TRX-20260512-04809,2026-05-12 12:24:08,4,00003594,622300359400,2,0,2,195.0,160.0,390.0,0.0,390.0,320.0,70.0
TRX-20260512-03740,2026-05-12 12:27:02,5,00003580,622300358000,1,0,1,38.0,30.0,38.0,0.0,38.0,30.0,8.0
TRX-20260512-00380,2026-05-12 12:37:36,1,00003566,622300356600,2,0,2,180.0,150.0,360.0,0.0,360.0,300.0,60.0
TRX-20260512-00665,2026-05-12 12:41:39,3,00003578,622300357800,3,0,3,45.0,35.0,135.0,0.0,135.0,105.0,30.0
TRX-20260512-03268,2026-05-12 12:46:19,1,00003607,622300360712,1,0,1,1425.0,1140.0,1425.0,0.0,1425.0,1140.0,285.0
TRX-20260512-03829,2026-05-12 12:56:12,1,00003609,622300360900,1,0,1,110.0,85.0,110.0,0.0,110.0,85.0,25.0
TRX-20260512-01504,2026-05-12 13:28:35,1,00003568,622300356800,2,0,2,105.0,85.0,210.0,0.0,210.0,170.0,40.0
TRX-20260512-03169,2026-05-12 13:31:25,1,00003576,622300357600,1,0,1,245.0,210.0,245.0,0.0,245.0,210.0,35.0
TRX-20260512-02761,2026-05-12 13:48:11,4,00003585,622300358500,1,0,1,220.0,180.0,220.0,0.0,220.0,180.0,40.0
TRX-20260512-00477,2026-05-12 14:15:37,2,00003558,622300355800,5,0,5,8.0,6.5,40.0,0.0,40.0,32.5,7.5
TRX-20260512-03146,2026-05-12 14:33:15,5,00003582,622300358200,5,0,5,28.0,22.0,140.0,0.0,140.0,110.0,30.0
TRX-20260512-01088,2026-05-12 14:34:08,3,00003605,622300360500,1,0,1,58.0,45.0,58.0,0.0,58.0,45.0,13.0
TRX-20260512-03951,2026-05-12 15:13:13,2,00003603,622300360300,5,0,5,35.0,28.0,175.0,0.0,175.0,140.0,35.0
TRX-20260512-01977,2026-05-12 15:26:14,3,00003553,622300355300,2,0,2,450.0,400.0,900.0,0.0,900.0,800.0,100.0
TRX-20260512-01820,2026-05-12 16:29:26,5,00003585,622300358500,3,0,3,220.0,180.0,660.0,0.0,660.0,540.0,120.0
TRX-20260512-00094,2026-05-12 16:51:50,3,00003559,622300355906,1,0,1,159.6,132.0,159.6,0.0,159.6,132.0,27.6
TRX-20260512-02579,2026-05-12 16:52:42,4,00003558,622300355800,5,0,5,8.0,6.5,40.0,0.0,40.0,32.5,7.5
TRX-20260512-01150,2026-05-12 16:58:59,5,00003578,622300357800,3,0,3,45.0,35.0,135.0,0.0,135.0,105.0,30.0
TRX-20260512-03983,2026-05-12 17:00:43,2,00003585,622300358512,2,0,2,2508.0,2160.0,5016.0,0.0,5016.0,4320.0,696.0
TRX-20260512-04055,2026-05-12 17:10:57,2,00003562,622300356200,2,0,2,60.0,50.0,120.0,0.0,120.0,100.0,20.0
TRX-20260512-03534,2026-05-12 17:15:05,1,00003594,622300359400,1,0,1,195.0,160.0,195.0,0.0,195.0,160.0,35.0
TRX-20260512-02304,2026-05-12 17:36:49,2,00003557,622300355700,1,0,1,7.0,5.5,7.0,0.0,7.0,5.5,1.5
TRX-20260512-00827,2026-05-12 19:01:04,5,00003554,622300355400,1,0,1,435.0,390.0,435.0,0.0,435.0,390.0,45.0
TRX-20260512-03837,2026-05-12 20:03:00,1,00003559,622300355900,2,0,2,28.0,22.0,56.0,0.0,56.0,44.0,12.0
TRX-20260512-01191,2026-05-12 20:03:59,1,00003584,622300358400,2,0,2,26.0,20.0,52.0,0.0,52.0,40.0,12.0
TRX-20260512-01434,2026-05-12 20:39:07,4,00003591,622300359100,4,0,4,7.0,5.0,28.0,0.0,28.0,20.0,8.0
TRX-20260512-01798,2026-05-12 20:49:29,3,00003582,622300358200,5,0,5,28.0,22.0,140.0,0.0,140.0,110.0,30.0
TRX-20260512-02013,2026-05-12 21:01:51,4,00003582,622300358200,4,0,4,28.0,22.0,112.0,0.0,112.0,88.0,24.0
TRX-20260512-01719,2026-05-12 21:14:22,5,00003556,622300355600,4,0,4,7.0,5.5,28.0,0.0,28.0,22.0,6.0
TRX-20260512-04693,2026-05-12 22:32:47,2,00003577,622300357700,4,0,4,65.0,50.0,260.0,0.0,260.0,200.0,60.0
TRX-20260512-03784,2026-05-12 22:42:24,2,00003585,622300358512,1,0,1,2508.0,2160.0,2508.0,0.0,2508.0,2160.0,348.0
TRX-20260512-02663,2026-05-12 23:24:28,2,00003585,622300358500,2,0,2,220.0,180.0,440.0,0.0,440.0,360.0,80.0
TRX-20260512-02740,2026-05-12 23:46:25,2,00003603,622300360300,3,0,3,35.0,28.0,105.0,0.0,105.0,84.0,21.0
TRX-20260513-03006,2026-05-13 00:02:21,4,00003580,622300358000,5,0,5,38.0,30.0,190.0,0.0,190.0,150.0,40.0
TRX-20260513-00969,2026-05-13 00:04:36,1,00003597,622300359700,2,0,2,160.0,130.0,320.0,0.0,320.0,260.0,60.0
TRX-20260513-03563,2026-05-13 00:11:10,1,00003563,622300356300,3,0,3,12.0,9.0,36.0,0.0,36.0,27.0,9.0
TRX-20260513-02782,2026-05-13 00:14:36,1,00003600,622300360000,3,0,3,135.0,110.0,405.0,0.0,405.0,330.0,75.0
TRX-20260513-04506,2026-05-13 01:34:53,1,00003566,622300356600,2,0,2,180.0,150.0,360.0,0.0,360.0,300.0,60.0
TRX-20260513-03144,2026-05-13 02:09:46,1,00003594,622300359400,2,0,2,195.0,160.0,390.0,0.0,390.0,320.0,70.0
TRX-20260513-04745,2026-05-13 02:42:08,2,00003606,622300360600,2,0,2,85.0,65.0,170.0,0.0,170.0,130.0,40.0
TRX-20260513-01834,2026-05-13 02:48:03,1,00003596,622300359600,3,0,3,120.0,95.0,360.0,0.0,360.0,285.0,75.0
TRX-20260513-04367,2026-05-13 03:15:30,1,00003580,622300358000,2,0,2,38.0,30.0,76.0,0.0,76.0,60.0,16.0
TRX-20260513-00483,2026-05-13 03:46:29,2,00003588,622300358824,1,0,1,2166.0,1800.0,2166.0,0.0,2166.0,1800.0,366.0
TRX-20260513-04030,2026-05-13 04:33:00,2,00003603,622300360300,3,0,3,35.0,28.0,105.0,0.0,105.0,84.0,21.0
TRX-20260513-00053,2026-05-13 04:56:33,1,00003560,622300356000,3,0,3,135.0,110.0,405.0,0.0,405.0,330.0,75.0
TRX-20260513-03930,2026-05-13 05:03:48,3,00003584,622300358400,5,0,5,26.0,20.0,130.0,0.0,130.0,100.0,30.0
